method_name,line_number,file_name,to_static,reasoning
GenerateTestPackage,296,jellyfin-10.11.6/tests/Jellyfin.Server.Implementations.Tests/Plugins/PluginManagerTests.cs,True,Direct Analysis
GetTestSerializerOptions,312,jellyfin-10.11.6/tests/Jellyfin.Server.Implementations.Tests/Plugins/PluginManagerTests.cs,True,Direct Analysis
Setup,255,jellyfin-10.11.6/tests/Jellyfin.Server.Implementations.Tests/Localization/LocalizationManagerTests.cs,True,Direct Analysis
TestResolveChildren,53,jellyfin-10.11.6/tests/Jellyfin.Server.Implementations.Tests/Library/AudioResolverTests.cs,True,Direct Analysis
ValidateImages_Test,84,jellyfin-10.11.6/tests/Jellyfin.Providers.Tests/Manager/ItemImageProviderTests.cs,True,Direct Analysis
Test,37,jellyfin-10.11.6/tests/Jellyfin.Naming.Tests/Video/StubTests.cs,True,Direct Analysis
TestStackInfo,397,jellyfin-10.11.6/tests/Jellyfin.Naming.Tests/Video/StackTests.cs,True,Direct Analysis
GetChannelNumber,163,jellyfin-10.11.6/src/Jellyfin.LiveTv/TunerHosts/M3uParser.cs,True,Direct Analysis
GetFullChannelIdPrefix,64,jellyfin-10.11.6/src/Jellyfin.LiveTv/TunerHosts/M3UTunerHost.cs,True,Direct Analysis
StopTimer,147,jellyfin-10.11.6/src/Jellyfin.LiveTv/Timers/TimerManager.cs,True,Direct Analysis
GetDayPattern,360,jellyfin-10.11.6/src/Jellyfin.LiveTv/LiveTvDtoService.cs,True,Direct Analysis
GetInternalTimerId,410,jellyfin-10.11.6/src/Jellyfin.LiveTv/LiveTvDtoService.cs,True,Direct Analysis
GetInternalSeriesTimerId,417,jellyfin-10.11.6/src/Jellyfin.LiveTv/LiveTvDtoService.cs,True,Direct Analysis
IsProgramAlreadyInLibrary,961,jellyfin-10.11.6/src/Jellyfin.LiveTv/DefaultLiveTvService.cs,True,Direct Analysis
BuildSquareCollageBitmap,167,jellyfin-10.11.6/src/Jellyfin.Drawing.Skia/StripCollageBuilder.cs,True,Direct Analysis
MakeParent,36,jellyfin-10.11.6/tests/Jellyfin.Server.Implementations.Tests/Library/CoreResolutionIgnoreRuleTest.cs,True,Direct Analysis
GetStreamBuilder,573,jellyfin-10.11.6/tests/Jellyfin.Model.Tests/Dlna/StreamBuilderTests.cs,True,Direct Analysis
AddCollectionItems,782,jellyfin-10.11.6/MediaBrowser.XbmcMetadata/Savers/BaseNfoSaver.cs,True,Direct Analysis
GetOutputTrailerUrl,813,jellyfin-10.11.6/MediaBrowser.XbmcMetadata/Savers/BaseNfoSaver.cs,True,Direct Analysis
AddUserData,838,jellyfin-10.11.6/MediaBrowser.XbmcMetadata/Savers/BaseNfoSaver.cs,True,Direct Analysis
GetImagePathToSave,957,jellyfin-10.11.6/MediaBrowser.XbmcMetadata/Savers/BaseNfoSaver.cs,True,Direct Analysis
AddCustomTags,967,jellyfin-10.11.6/MediaBrowser.XbmcMetadata/Savers/BaseNfoSaver.cs,True,Direct Analysis
AddTracks,72,jellyfin-10.11.6/MediaBrowser.XbmcMetadata/Savers/AlbumNfoSaver.cs,True,Direct Analysis
ParseSetXml,117,jellyfin-10.11.6/MediaBrowser.XbmcMetadata/Parsers/MovieNfoParser.cs,True,Direct Analysis
ParseProviderLinks,229,jellyfin-10.11.6/MediaBrowser.XbmcMetadata/Parsers/BaseNfoParser.cs,True,Direct Analysis
FetchFromRatingNode,944,jellyfin-10.11.6/MediaBrowser.XbmcMetadata/Parsers/BaseNfoParser.cs,True,Direct Analysis
SaveIsVirtualItem,105,jellyfin-10.11.6/MediaBrowser.Providers/TV/SeasonMetadataService.cs,True,Direct Analysis
SetProviderId,43,jellyfin-10.11.6/MediaBrowser.Providers/Music/AudioMetadataService.cs,True,Direct Analysis
IsEligibleForChapterImageExtraction,72,jellyfin-10.11.6/Emby.Server.Implementations/Chapters/ChapterManager.cs,True,Direct Analysis
GetAverageDurationBetweenChapters,98,jellyfin-10.11.6/Emby.Server.Implementations/Chapters/ChapterManager.cs,True,Direct Analysis
GetSeriesTimersInternal,862,jellyfin-10.11.6/src/Jellyfin.LiveTv/LiveTvManager.cs,True,Direct Analysis
CreateUserInternalAsync,195,jellyfin-10.11.6/Jellyfin.Server.Implementations/Users/UserManager.cs,True,Direct Analysis
GetChapter,533,jellyfin-10.11.6/Jellyfin.Server/Migrations/Routines/MigrateLibraryDb.cs,True,Direct Analysis
GetPerson,572,jellyfin-10.11.6/Jellyfin.Server/Migrations/Routines/MigrateLibraryDb.cs,True,Direct Analysis
GetMediaStream,593,jellyfin-10.11.6/Jellyfin.Server/Migrations/Routines/MigrateLibraryDb.cs,True,Direct Analysis
GetMediaAttachment,811,jellyfin-10.11.6/Jellyfin.Server/Migrations/Routines/MigrateLibraryDb.cs,True,Direct Analysis
ApplyGroupingFilter,378,jellyfin-10.11.6/Jellyfin.Server.Implementations/Item/BaseItemRepository.cs,True,Direct Analysis
ApplyQueryPaging,441,jellyfin-10.11.6/Jellyfin.Server.Implementations/Item/BaseItemRepository.cs,True,Direct Analysis
PrepareItemQuery,470,jellyfin-10.11.6/Jellyfin.Server.Implementations/Item/BaseItemRepository.cs,True,Direct Analysis
NormalizeFormat,270,jellyfin-10.11.6/MediaBrowser.MediaEncoding/Probing/ProbeResultNormalizer.cs,True,Direct Analysis
ReadValueArray,492,jellyfin-10.11.6/MediaBrowser.MediaEncoding/Probing/ProbeResultNormalizer.cs,True,Direct Analysis
GetMediaAttachment,659,jellyfin-10.11.6/MediaBrowser.MediaEncoding/Probing/ProbeResultNormalizer.cs,True,Direct Analysis
Split,1419,jellyfin-10.11.6/MediaBrowser.MediaEncoding/Probing/ProbeResultNormalizer.cs,True,Direct Analysis
SplitDistinctArtists,1428,jellyfin-10.11.6/MediaBrowser.MediaEncoding/Probing/ProbeResultNormalizer.cs,True,Direct Analysis
SetArtistsFromSongs,128,jellyfin-10.11.6/MediaBrowser.Providers/Music/AlbumMetadataService.cs,True,Direct Analysis
SetProviderIdFromSongs,158,jellyfin-10.11.6/MediaBrowser.Providers/Music/AlbumMetadataService.cs,True,Direct Analysis
SetProviderId,183,jellyfin-10.11.6/MediaBrowser.Providers/Music/AlbumMetadataService.cs,True,Direct Analysis
EnsureWriteAccess,263,jellyfin-10.11.6/Emby.Server.Implementations/AppBase/BaseConfigurationManager.cs,True,Direct Analysis
Invoke,28,jellyfin-10.11.6/Jellyfin.Api/Middleware/QueryStringDecodingMiddleware.cs,True,Direct Analysis
Invoke,29,jellyfin-10.11.6/Jellyfin.Api/Middleware/WebSocketHandlerMiddleware.cs,True,Direct Analysis
IsInvalid,568,jellyfin-10.11.6/Emby.Server.Implementations/Library/Resolvers/Movies/MovieResolver.cs,True,Direct Analysis
GetChannelMediaSources,310,jellyfin-10.11.6/src/Jellyfin.LiveTv/LiveTvMediaSourceProvider.cs,True,Direct Analysis
TranslateQuery,78,jellyfin-10.11.6/Jellyfin.Server.Implementations/Item/MediaStreamRepository.cs,True,Direct Analysis
GetInstantMixFromGenreIds,88,jellyfin-10.11.6/Emby.Server.Implementations/Library/MusicManager.cs,True,Direct Analysis
GetMarkers,103,jellyfin-10.11.6/Emby.Server.Implementations/AppBase/BaseApplicationPaths.cs,True,Direct Analysis
ToMetadata,631,jellyfin-10.11.6/Emby.Server.Implementations/IO/ManagedFileSystem.cs,True,Direct Analysis
SortMediaSources,354,jellyfin-10.11.6/Jellyfin.Api/Helpers/MediaInfoHelper.cs,True,Direct Analysis
NormalizeMediaSourceContainer,465,jellyfin-10.11.6/Jellyfin.Api/Helpers/MediaInfoHelper.cs,True,Direct Analysis
FindMainAudioBookFile,139,jellyfin-10.11.6/Emby.Naming/AudioBook/AudioBookListResolver.cs,True,Direct Analysis
GetUrl,99,jellyfin-10.11.6/MediaBrowser.Providers/Plugins/StudioImages/StudiosImageProvider.cs,True,Direct Analysis
GetComparableName,160,jellyfin-10.11.6/MediaBrowser.Providers/Plugins/StudioImages/StudiosImageProvider.cs,True,Direct Analysis
GetAvailableImages,175,jellyfin-10.11.6/MediaBrowser.Providers/Plugins/StudioImages/StudiosImageProvider.cs,True,Direct Analysis
Compile,908,jellyfin-10.11.6/Emby.Naming/Common/NamingOptions.cs,True,Direct Analysis
CreateSingleImage,303,jellyfin-10.11.6/Emby.Server.Implementations/Images/BaseDynamicImageProvider.cs,True,Direct Analysis
Invoke,33,jellyfin-10.11.6/Jellyfin.Api/Middleware/ServerStartupMessageMiddleware.cs,True,Direct Analysis
GenerateCode,117,jellyfin-10.11.6/Emby.Server.Implementations/QuickConnect/QuickConnectManager.cs,True,Direct Analysis
GenerateSecureRandom,186,jellyfin-10.11.6/Emby.Server.Implementations/QuickConnect/QuickConnectManager.cs,True,Direct Analysis
ReadOld,56,jellyfin-10.11.6/Jellyfin.Server/Migrations/PreStartupRoutines/MigrateMusicBrainzTimeout.cs,True,Direct Analysis
WriteNew,63,jellyfin-10.11.6/Jellyfin.Server/Migrations/PreStartupRoutines/MigrateMusicBrainzTimeout.cs,True,Direct Analysis
AppendPlaylistVideoRangeField,364,jellyfin-10.11.6/Jellyfin.Api/Helpers/DynamicHlsHelper.cs,True,Direct Analysis
AppendPlaylistResolutionField,523,jellyfin-10.11.6/Jellyfin.Api/Helpers/DynamicHlsHelper.cs,True,Direct Analysis
AppendPlaylistFramerateField,540,jellyfin-10.11.6/Jellyfin.Api/Helpers/DynamicHlsHelper.cs,True,Direct Analysis
AddSubtitles,596,jellyfin-10.11.6/Jellyfin.Api/Helpers/DynamicHlsHelper.cs,True,Direct Analysis
AddTrickplay,641,jellyfin-10.11.6/Jellyfin.Api/Helpers/DynamicHlsHelper.cs,True,Direct Analysis
GetOutputVideoCodecLevel,674,jellyfin-10.11.6/Jellyfin.Api/Helpers/DynamicHlsHelper.cs,True,Direct Analysis
GetOutputVideoCodecProfile,719,jellyfin-10.11.6/Jellyfin.Api/Helpers/DynamicHlsHelper.cs,True,Direct Analysis
GetPlaylistAudioCodecs,753,jellyfin-10.11.6/Jellyfin.Api/Helpers/DynamicHlsHelper.cs,True,Direct Analysis
GetBitrateVariation,860,jellyfin-10.11.6/Jellyfin.Api/Helpers/DynamicHlsHelper.cs,True,Direct Analysis
ReplacePlaylistCodecsField,897,jellyfin-10.11.6/Jellyfin.Api/Helpers/DynamicHlsHelper.cs,True,Direct Analysis
RequiresSpecialCharacterHack,300,jellyfin-10.11.6/src/Jellyfin.Drawing.Skia/SkiaEncoder.cs,True,Direct Analysis
GetSpecialItemsLimit,129,jellyfin-10.11.6/MediaBrowser.Controller/Entities/UserViewBuilder.cs,True,Direct Analysis
ConvertToResult,241,jellyfin-10.11.6/MediaBrowser.Controller/Entities/UserViewBuilder.cs,True,Direct Analysis
GetTvNextUp,333,jellyfin-10.11.6/MediaBrowser.Controller/Entities/UserViewBuilder.cs,True,Direct Analysis
SetMusicVideoProperties,558,jellyfin-10.11.6/Emby.Server.Implementations/Dto/DtoService.cs,True,Direct Analysis
AttachStudios,713,jellyfin-10.11.6/Emby.Server.Implementations/Dto/DtoService.cs,True,Direct Analysis
AttachGenreItems,725,jellyfin-10.11.6/Emby.Server.Implementations/Dto/DtoService.cs,True,Direct Analysis
GetOption,210,jellyfin-10.11.6/MediaBrowser.Controller/MediaEncoding/BaseEncodingJobOptions.cs,True,Direct Analysis
AddSession,145,jellyfin-10.11.6/Emby.Server.Implementations/SyncPlay/Group.cs,True,Direct Analysis
CreateQueueItemsFromArray,505,jellyfin-10.11.6/MediaBrowser.Controller/SyncPlay/Queue/PlayQueueManager.cs,True,Direct Analysis
AddAlbums,71,jellyfin-10.11.6/MediaBrowser.XbmcMetadata/Savers/ArtistNfoSaver.cs,True,Direct Analysis
ParseLogLine,62,jellyfin-10.11.6/MediaBrowser.Controller/MediaEncoding/JobLogger.cs,True,Direct Analysis
GetItemsWithImageType,72,jellyfin-10.11.6/Emby.Server.Implementations/Library/SplashscreenPostScanTask.cs,True,Direct Analysis
SerializeToWriter,31,jellyfin-10.11.6/Emby.Server.Implementations/Serialization/MyXmlSerializer.cs,True,Direct Analysis
IsVulkanHwTonemapAvailable,376,jellyfin-10.11.6/MediaBrowser.Controller/MediaEncoding/EncodingHelper.cs,True,Direct Analysis
IsVideoToolboxTonemapAvailable,411,jellyfin-10.11.6/MediaBrowser.Controller/MediaEncoding/EncodingHelper.cs,True,Direct Analysis
IsVideoStreamHevcRext,427,jellyfin-10.11.6/MediaBrowser.Controller/MediaEncoding/EncodingHelper.cs,True,Direct Analysis
GetUserAgentParam,493,jellyfin-10.11.6/MediaBrowser.Controller/MediaEncoding/EncodingHelper.cs,True,Direct Analysis
GetRefererParam,508,jellyfin-10.11.6/MediaBrowser.Controller/MediaEncoding/EncodingHelper.cs,True,Direct Analysis
InferAudioCodec,655,jellyfin-10.11.6/MediaBrowser.Controller/MediaEncoding/EncodingHelper.cs,True,Direct Analysis
InferVideoCodec,679,jellyfin-10.11.6/MediaBrowser.Controller/MediaEncoding/EncodingHelper.cs,True,Direct Analysis
GetVideoProfileScore,707,jellyfin-10.11.6/MediaBrowser.Controller/MediaEncoding/EncodingHelper.cs,True,Direct Analysis
GetRkmppDeviceArgs,797,jellyfin-10.11.6/MediaBrowser.Controller/MediaEncoding/EncodingHelper.cs,True,Direct Analysis
GetVideoToolboxDeviceArgs,805,jellyfin-10.11.6/MediaBrowser.Controller/MediaEncoding/EncodingHelper.cs,True,Direct Analysis
GetCudaDeviceArgs,813,jellyfin-10.11.6/MediaBrowser.Controller/MediaEncoding/EncodingHelper.cs,True,Direct Analysis
GetVulkanDeviceArgs,827,jellyfin-10.11.6/MediaBrowser.Controller/MediaEncoding/EncodingHelper.cs,True,Direct Analysis
GetOpenclDeviceArgs,847,jellyfin-10.11.6/MediaBrowser.Controller/MediaEncoding/EncodingHelper.cs,True,Direct Analysis
GetD3d11vaDeviceArgs,867,jellyfin-10.11.6/MediaBrowser.Controller/MediaEncoding/EncodingHelper.cs,True,Direct Analysis
GetDrmDeviceArgs,907,jellyfin-10.11.6/MediaBrowser.Controller/MediaEncoding/EncodingHelper.cs,True,Direct Analysis
GetFilterHwDeviceArgs,943,jellyfin-10.11.6/MediaBrowser.Controller/MediaEncoding/EncodingHelper.cs,True,Direct Analysis
GetGraphicalSubCanvasSize,950,jellyfin-10.11.6/MediaBrowser.Controller/MediaEncoding/EncodingHelper.cs,True,Direct Analysis
GetFramerateParam,1878,jellyfin-10.11.6/MediaBrowser.Controller/MediaEncoding/EncodingHelper.cs,True,Direct Analysis
CanStreamCopyAudio,2499,jellyfin-10.11.6/MediaBrowser.Controller/MediaEncoding/EncodingHelper.cs,True,Direct Analysis
GetMinBitrate,2599,jellyfin-10.11.6/MediaBrowser.Controller/MediaEncoding/EncodingHelper.cs,True,Direct Analysis
GetAudioBitrateParam,2674,jellyfin-10.11.6/MediaBrowser.Controller/MediaEncoding/EncodingHelper.cs,True,Direct Analysis
GetOldTrickplayDirectory,107,jellyfin-10.11.6/Jellyfin.Server/Migrations/Routines/MoveTrickplayFiles.cs,True,Direct Analysis
GetNewOldTrickplayDirectory,114,jellyfin-10.11.6/Jellyfin.Server/Migrations/Routines/MoveTrickplayFiles.cs,True,Direct Analysis
GetCurrentImage,361,jellyfin-10.11.6/MediaBrowser.Providers/Manager/ImageSaver.cs,True,Direct Analysis
GetBackdropSaveFilename,568,jellyfin-10.11.6/MediaBrowser.Providers/Manager/ImageSaver.cs,True,Direct Analysis
GetSavePathForItemInMixedFolder,706,jellyfin-10.11.6/MediaBrowser.Providers/Manager/ImageSaver.cs,True,Direct Analysis
GetImageFilesFromFolder,55,jellyfin-10.11.6/MediaBrowser.LocalMetadata/Images/EpisodeLocalImageProvider.cs,True,Direct Analysis
FetchFromTaglinesNode,570,jellyfin-10.11.6/MediaBrowser.LocalMetadata/Parsers/BaseItemXmlParser.cs,True,Direct Analysis
FetchFromGenresNode,607,jellyfin-10.11.6/MediaBrowser.LocalMetadata/Parsers/BaseItemXmlParser.cs,True,Direct Analysis
FetchFromTagsNode,639,jellyfin-10.11.6/MediaBrowser.LocalMetadata/Parsers/BaseItemXmlParser.cs,True,Direct Analysis
FetchDataFromPersonsNode,680,jellyfin-10.11.6/MediaBrowser.LocalMetadata/Parsers/BaseItemXmlParser.cs,True,Direct Analysis
FetchDataFromTrailersNode,713,jellyfin-10.11.6/MediaBrowser.LocalMetadata/Parsers/BaseItemXmlParser.cs,True,Direct Analysis
FetchFromStudiosNode,750,jellyfin-10.11.6/MediaBrowser.LocalMetadata/Parsers/BaseItemXmlParser.cs,True,Direct Analysis
GetLinkedChild,787,jellyfin-10.11.6/MediaBrowser.LocalMetadata/Parsers/BaseItemXmlParser.cs,True,Direct Analysis
GetShare,832,jellyfin-10.11.6/MediaBrowser.LocalMetadata/Parsers/BaseItemXmlParser.cs,True,Direct Analysis
Set3DFormat,201,jellyfin-10.11.6/Emby.Server.Implementations/Library/Resolvers/BaseVideoResolver.cs,True,Direct Analysis
IsDvdDirectory,259,jellyfin-10.11.6/Emby.Server.Implementations/Library/Resolvers/BaseVideoResolver.cs,True,Direct Analysis
IsDvdFile,274,jellyfin-10.11.6/Emby.Server.Implementations/Library/Resolvers/BaseVideoResolver.cs,True,Direct Analysis
IsBluRayDirectory,284,jellyfin-10.11.6/Emby.Server.Implementations/Library/Resolvers/BaseVideoResolver.cs,True,Direct Analysis
AddVideoStream,102,jellyfin-10.11.6/MediaBrowser.MediaEncoding/BdInfo/BdInfoExaminer.cs,True,Direct Analysis
AddAudioStream,132,jellyfin-10.11.6/MediaBrowser.MediaEncoding/BdInfo/BdInfoExaminer.cs,True,Direct Analysis
AddSubtitleStream,161,jellyfin-10.11.6/MediaBrowser.MediaEncoding/BdInfo/BdInfoExaminer.cs,True,Direct Analysis
SplitWithCustomDelimiter,479,jellyfin-10.11.6/MediaBrowser.Providers/MediaInfo/AudioFileProber.cs,True,Direct Analysis
TryGetAdditionalFieldWithFallback,573,jellyfin-10.11.6/MediaBrowser.Providers/MediaInfo/AudioFileProber.cs,True,Direct Analysis
ContainsImages,354,jellyfin-10.11.6/MediaBrowser.Providers/Manager/ItemImageProvider.cs,True,Direct Analysis
UpdateReplaceImages,417,jellyfin-10.11.6/MediaBrowser.Providers/Manager/ItemImageProvider.cs,True,Direct Analysis
UpdateMultiImages,532,jellyfin-10.11.6/MediaBrowser.Providers/Manager/ItemImageProvider.cs,True,Direct Analysis
EnableImageStub,620,jellyfin-10.11.6/MediaBrowser.Providers/Manager/ItemImageProvider.cs,True,Direct Analysis
SaveImageStub,652,jellyfin-10.11.6/MediaBrowser.Providers/Manager/ItemImageProvider.cs,True,Direct Analysis
GetOptimalVideoStream,230,jellyfin-10.11.6/MediaBrowser.Model/Dlna/StreamBuilder.cs,True,Direct Analysis
GetOption,865,jellyfin-10.11.6/MediaBrowser.Model/Dlna/StreamInfo.cs,True,Direct Analysis
NormalizeStrmLine,255,jellyfin-10.11.6/MediaBrowser.Providers/MediaInfo/ProbeProvider.cs,True,Direct Analysis
FetchShortcutInfo,263,jellyfin-10.11.6/MediaBrowser.Providers/MediaInfo/ProbeProvider.cs,True,Direct Analysis
UpdatePremiereDate,509,jellyfin-10.11.6/MediaBrowser.Providers/Manager/MetadataService.cs,True,Direct Analysis
UpdateGenres,547,jellyfin-10.11.6/MediaBrowser.Providers/Manager/MetadataService.cs,True,Direct Analysis
UpdateStudios,568,jellyfin-10.11.6/MediaBrowser.Providers/Manager/MetadataService.cs,True,Direct Analysis
UpdateOfficialRating,589,jellyfin-10.11.6/MediaBrowser.Providers/Manager/MetadataService.cs,True,Direct Analysis
MergeNewData,945,jellyfin-10.11.6/MediaBrowser.Providers/Manager/MetadataService.cs,True,Direct Analysis
GetAudioImagePath,110,jellyfin-10.11.6/MediaBrowser.Providers/MediaInfo/AudioImageProvider.cs,True,Direct Analysis
GetMediaInfo,314,jellyfin-10.11.6/MediaBrowser.Providers/MediaInfo/MediaInfoResolver.cs,True,Direct Analysis
MergeMetadata,337,jellyfin-10.11.6/MediaBrowser.Providers/MediaInfo/MediaInfoResolver.cs,True,Direct Analysis
Fetch_Valid_Success,45,jellyfin-10.11.6/tests/Jellyfin.XbmcMetadata.Tests/Parsers/SeasonNfoProviderTests.cs,False,Direct Analysis
Fetch_WithNullItem_ThrowsArgumentException,75,jellyfin-10.11.6/tests/Jellyfin.XbmcMetadata.Tests/Parsers/SeasonNfoProviderTests.cs,False,Direct Analysis
Fetch_NullResult_ThrowsArgumentException,83,jellyfin-10.11.6/tests/Jellyfin.XbmcMetadata.Tests/Parsers/SeasonNfoProviderTests.cs,False,Direct Analysis
Fetch_Valid_Succes,45,jellyfin-10.11.6/tests/Jellyfin.XbmcMetadata.Tests/Parsers/MusicVideoNfoParserTests.cs,False,Direct Analysis
Fetch_WithNullItem_ThrowsArgumentException,62,jellyfin-10.11.6/tests/Jellyfin.XbmcMetadata.Tests/Parsers/MusicVideoNfoParserTests.cs,False,Direct Analysis
Fetch_NullResult_ThrowsArgumentException,70,jellyfin-10.11.6/tests/Jellyfin.XbmcMetadata.Tests/Parsers/MusicVideoNfoParserTests.cs,False,Direct Analysis
Fetch_Valid_Success,49,jellyfin-10.11.6/tests/Jellyfin.XbmcMetadata.Tests/Parsers/MusicArtistNfoParserTests.cs,False,Direct Analysis
Fetch_WithNullItem_ThrowsArgumentException,68,jellyfin-10.11.6/tests/Jellyfin.XbmcMetadata.Tests/Parsers/MusicArtistNfoParserTests.cs,False,Direct Analysis
Fetch_NullResult_ThrowsArgumentException,76,jellyfin-10.11.6/tests/Jellyfin.XbmcMetadata.Tests/Parsers/MusicArtistNfoParserTests.cs,False,Direct Analysis
Fetch_Valid_Success,83,jellyfin-10.11.6/tests/Jellyfin.XbmcMetadata.Tests/Parsers/MovieNfoParserTests.cs,False,Direct Analysis
Parse_UrlFile_Success,200,jellyfin-10.11.6/tests/Jellyfin.XbmcMetadata.Tests/Parsers/MovieNfoParserTests.cs,False,Direct Analysis
Parse_GivenFileWithFanartTag_Success,214,jellyfin-10.11.6/tests/Jellyfin.XbmcMetadata.Tests/Parsers/MovieNfoParserTests.cs,False,Direct Analysis
Parse_RadarrUrlFile_Success,228,jellyfin-10.11.6/tests/Jellyfin.XbmcMetadata.Tests/Parsers/MovieNfoParserTests.cs,False,Direct Analysis
Fetch_WithNullItem_ThrowsArgumentException,243,jellyfin-10.11.6/tests/Jellyfin.XbmcMetadata.Tests/Parsers/MovieNfoParserTests.cs,False,Direct Analysis
Fetch_NullResult_ThrowsArgumentException,251,jellyfin-10.11.6/tests/Jellyfin.XbmcMetadata.Tests/Parsers/MovieNfoParserTests.cs,False,Direct Analysis
Parsing_Fields_With_Escaped_Xml_Special_Characters_Success,262,jellyfin-10.11.6/tests/Jellyfin.XbmcMetadata.Tests/Parsers/MovieNfoParserTests.cs,False,Direct Analysis
Parse_TmdbcolUniqueId_NormalizedToTmdbCollection,280,jellyfin-10.11.6/tests/Jellyfin.XbmcMetadata.Tests/Parsers/MovieNfoParserTests.cs,False,Direct Analysis
Movie_DVD_Success,45,jellyfin-10.11.6/tests/Jellyfin.XbmcMetadata.Tests/Location/MovieNfoLocationTests.cs,False,Direct Analysis
GetPages,28,jellyfin-10.11.6/tests/Jellyfin.Server.Integration.Tests/TestPlugin.cs,False,Direct Analysis
GetSpec_ReturnsCorrectResponse,22,jellyfin-10.11.6/tests/Jellyfin.Server.Integration.Tests/OpenApiSpecTests.cs,False,Direct Analysis
RobotsDotTxtRedirects,18,jellyfin-10.11.6/tests/Jellyfin.Server.Integration.Tests/Middleware/RobotsRedirectionMiddlewareTests.cs,False,Direct Analysis
DeleteAlternateSources_NonexistentItemId_NotFound,19,jellyfin-10.11.6/tests/Jellyfin.Server.Integration.Tests/Controllers/VideosControllerTests.cs,False,Direct Analysis
GetRootFolder_NonexistentUserId_NotFound,26,jellyfin-10.11.6/tests/Jellyfin.Server.Integration.Tests/Controllers/UserLibraryControllerTests.cs,False,Direct Analysis
GetRootFolder_UserId_Valid,36,jellyfin-10.11.6/tests/Jellyfin.Server.Integration.Tests/Controllers/UserLibraryControllerTests.cs,False,Direct Analysis
GetItem_NonexistentUserId_NotFound,50,jellyfin-10.11.6/tests/Jellyfin.Server.Integration.Tests/Controllers/UserLibraryControllerTests.cs,False,Direct Analysis
GetItem_NonexistentItemId_NotFound,67,jellyfin-10.11.6/tests/Jellyfin.Server.Integration.Tests/Controllers/UserLibraryControllerTests.cs,False,Direct Analysis
GetItem_UserIdAndItemId_Valid,79,jellyfin-10.11.6/tests/Jellyfin.Server.Integration.Tests/Controllers/UserLibraryControllerTests.cs,False,Direct Analysis
GetIntros_UserIdAndItemId_Valid,94,jellyfin-10.11.6/tests/Jellyfin.Server.Integration.Tests/Controllers/UserLibraryControllerTests.cs,False,Direct Analysis
LocalTrailersAndSpecialFeatures_UserIdAndItemId_Valid,111,jellyfin-10.11.6/tests/Jellyfin.Server.Integration.Tests/Controllers/UserLibraryControllerTests.cs,False,Direct Analysis
Configuration_EditConfig_Success,28,jellyfin-10.11.6/tests/Jellyfin.Server.Integration.Tests/Controllers/StartupControllerTests.cs,False,Direct Analysis
User_DefaultUser_NameWithoutPassword,56,jellyfin-10.11.6/tests/Jellyfin.Server.Integration.Tests/Controllers/StartupControllerTests.cs,False,Direct Analysis
User_EditUser_Success,73,jellyfin-10.11.6/tests/Jellyfin.Server.Integration.Tests/Controllers/StartupControllerTests.cs,False,Direct Analysis
CompleteWizard_Success,98,jellyfin-10.11.6/tests/Jellyfin.Server.Integration.Tests/Controllers/StartupControllerTests.cs,False,Direct Analysis
GetFirstUser_CompleteWizard_Unauthorized,108,jellyfin-10.11.6/tests/Jellyfin.Server.Integration.Tests/Controllers/StartupControllerTests.cs,False,Direct Analysis
GetPerson_DoesntExist_NotFound,18,jellyfin-10.11.6/tests/Jellyfin.Server.Integration.Tests/Controllers/PersonsControllerTests.cs,False,Direct Analysis
RenameVirtualFolder_WhiteSpaceName_ReturnsBadRequest,26,jellyfin-10.11.6/tests/Jellyfin.Server.Integration.Tests/Controllers/MediaStructureControllerTests.cs,False,Direct Analysis
RenameVirtualFolder_WhiteSpaceNewName_ReturnsBadRequest,38,jellyfin-10.11.6/tests/Jellyfin.Server.Integration.Tests/Controllers/MediaStructureControllerTests.cs,False,Direct Analysis
RenameVirtualFolder_NameDoesntExist_ReturnsNotFound,50,jellyfin-10.11.6/tests/Jellyfin.Server.Integration.Tests/Controllers/MediaStructureControllerTests.cs,False,Direct Analysis
AddMediaPath_PathDoesntExist_ReturnsNotFound,62,jellyfin-10.11.6/tests/Jellyfin.Server.Integration.Tests/Controllers/MediaStructureControllerTests.cs,False,Direct Analysis
UpdateMediaPath_WhiteSpaceName_ReturnsBadRequest,79,jellyfin-10.11.6/tests/Jellyfin.Server.Integration.Tests/Controllers/MediaStructureControllerTests.cs,False,Direct Analysis
RemoveMediaPath_WhiteSpaceName_ReturnsBadRequest,96,jellyfin-10.11.6/tests/Jellyfin.Server.Integration.Tests/Controllers/MediaStructureControllerTests.cs,False,Direct Analysis
RemoveMediaPath_PathDoesntExist_ReturnsNotFound,107,jellyfin-10.11.6/tests/Jellyfin.Server.Integration.Tests/Controllers/MediaStructureControllerTests.cs,False,Direct Analysis
BitrateTest_Default_Ok,20,jellyfin-10.11.6/tests/Jellyfin.Server.Integration.Tests/Controllers/MediaInfoControllerTests.cs,False,Direct Analysis
BitrateTest_WithValidParam_Ok,34,jellyfin-10.11.6/tests/Jellyfin.Server.Integration.Tests/Controllers/MediaInfoControllerTests.cs,False,Direct Analysis
BitrateTest_InvalidValue_BadRequest,51,jellyfin-10.11.6/tests/Jellyfin.Server.Integration.Tests/Controllers/MediaInfoControllerTests.cs,False,Direct Analysis
GetItems_NoApiKeyOrUserId_Success,26,jellyfin-10.11.6/tests/Jellyfin.Server.Integration.Tests/Controllers/ItemsControllerTests.cs,False,Direct Analysis
GetUserItems_NonexistentUserId_NotFound,38,jellyfin-10.11.6/tests/Jellyfin.Server.Integration.Tests/Controllers/ItemsControllerTests.cs,False,Direct Analysis
GetItems_UserId_Ok,51,jellyfin-10.11.6/tests/Jellyfin.Server.Integration.Tests/Controllers/ItemsControllerTests.cs,False,Direct Analysis
TestUrlDecoding,21,jellyfin-10.11.6/tests/Jellyfin.Server.Integration.Tests/Controllers/EncoderController.cs,False,Direct Analysis
TestUrlArrayDecoding,41,jellyfin-10.11.6/tests/Jellyfin.Server.Integration.Tests/Controllers/EncoderController.cs,False,Direct Analysis
GetDashboardConfigurationPage_NonExistingPage_NotFound,26,jellyfin-10.11.6/tests/Jellyfin.Server.Integration.Tests/Controllers/DashboardControllerTests.cs,False,Direct Analysis
GetDashboardConfigurationPage_ExistingPage_CorrectPage,36,jellyfin-10.11.6/tests/Jellyfin.Server.Integration.Tests/Controllers/DashboardControllerTests.cs,False,Direct Analysis
GetDashboardConfigurationPage_BrokenPage_NotFound,49,jellyfin-10.11.6/tests/Jellyfin.Server.Integration.Tests/Controllers/DashboardControllerTests.cs,False,Direct Analysis
GetConfigurationPages_NoParams_AllConfigurationPages,59,jellyfin-10.11.6/tests/Jellyfin.Server.Integration.Tests/Controllers/DashboardControllerTests.cs,False,Direct Analysis
GetConfigurationPages_True_MainMenuConfigurationPages,73,jellyfin-10.11.6/tests/Jellyfin.Server.Integration.Tests/Controllers/DashboardControllerTests.cs,False,Direct Analysis
ActivityLog_GetEntries_Ok,19,jellyfin-10.11.6/tests/Jellyfin.Server.Integration.Tests/Controllers/ActivityLogControllerTests.cs,False,Direct Analysis
GetPackages_Valid_Success,49,jellyfin-10.11.6/tests/Jellyfin.Server.Implementations.Tests/Updates/InstallationManagerTests.cs,False,Direct Analysis
FilterPackages_NameOnly_Success,60,jellyfin-10.11.6/tests/Jellyfin.Server.Implementations.Tests/Updates/InstallationManagerTests.cs,False,Direct Analysis
FilterPackages_GuidOnly_Success,72,jellyfin-10.11.6/tests/Jellyfin.Server.Implementations.Tests/Updates/InstallationManagerTests.cs,False,Direct Analysis
InstallPackage_InvalidChecksum_ThrowsInvalidDataException,84,jellyfin-10.11.6/tests/Jellyfin.Server.Implementations.Tests/Updates/InstallationManagerTests.cs,False,Direct Analysis
InstallPackage_Valid_Success,97,jellyfin-10.11.6/tests/Jellyfin.Server.Implementations.Tests/Updates/InstallationManagerTests.cs,False,Direct Analysis
EnumParse_GivenValidBaseItemType_ReturnsEnumValue,35,jellyfin-10.11.6/tests/Jellyfin.Server.Implementations.Tests/TypedBaseItem/BaseItemKindTests.cs,False,Direct Analysis
GetBaseItemKind_WhenCalledAfterDefaultCtor_DoesNotThrow,43,jellyfin-10.11.6/tests/Jellyfin.Server.Implementations.Tests/TypedBaseItem/BaseItemKindTests.cs,False,Direct Analysis
PremiereDateCompareTest,15,jellyfin-10.11.6/tests/Jellyfin.Server.Implementations.Tests/Sorting/PremiereDateComparerTests.cs,False,Direct Analysis
Compare_GivenNull_ThrowsArgumentNullException,23,jellyfin-10.11.6/tests/Jellyfin.Server.Implementations.Tests/Sorting/IndexNumberComparerTests.cs,False,Direct Analysis
Compare_ValidIndices_SortsExpected,35,jellyfin-10.11.6/tests/Jellyfin.Server.Implementations.Tests/Sorting/IndexNumberComparerTests.cs,False,Direct Analysis
Compare_GivenNull_ThrowsArgumentNullException,16,jellyfin-10.11.6/tests/Jellyfin.Server.Implementations.Tests/Sorting/AiredEpisodeOrderComparerTests.cs,False,Direct Analysis
AiredEpisodeOrderCompareTest,23,jellyfin-10.11.6/tests/Jellyfin.Server.Implementations.Tests/Sorting/AiredEpisodeOrderComparerTests.cs,False,Direct Analysis
GetAuthorizationToken_Should_ThrowException,24,jellyfin-10.11.6/tests/Jellyfin.Server.Implementations.Tests/SessionManager/SessionManagerTests.cs,False,Direct Analysis
AuthenticateNewSessionInternal_Should_ThrowException,51,jellyfin-10.11.6/tests/Jellyfin.Server.Implementations.Tests/SessionManager/SessionManagerTests.cs,False,Direct Analysis
SaveManifest_RoundTrip_Success,40,jellyfin-10.11.6/tests/Jellyfin.Server.Implementations.Tests/Plugins/PluginManagerTests.cs,False,Direct Analysis
Constructor_DiscoversSafePluginAssembly_Status_Active,76,jellyfin-10.11.6/tests/Jellyfin.Server.Implementations.Tests/Plugins/PluginManagerTests.cs,False,Direct Analysis
Constructor_DiscoversUnsafePluginAssembly_Status_Malfunctioned,127,jellyfin-10.11.6/tests/Jellyfin.Server.Implementations.Tests/Plugins/PluginManagerTests.cs,False,Direct Analysis
PopulateManifest_ExistingMetafilePlugin_PopulatesMissingFields,162,jellyfin-10.11.6/tests/Jellyfin.Server.Implementations.Tests/Plugins/PluginManagerTests.cs,False,Direct Analysis
PopulateManifest_NoMetafile_PreservesManifest,209,jellyfin-10.11.6/tests/Jellyfin.Server.Implementations.Tests/Plugins/PluginManagerTests.cs,False,Direct Analysis
PopulateManifest_ExistingMetafileMismatchedIds_Status_Malfunctioned,243,jellyfin-10.11.6/tests/Jellyfin.Server.Implementations.Tests/Plugins/PluginManagerTests.cs,False,Direct Analysis
PopulateManifest_ExistingMetafileMismatchedVersions_Updates_Version,270,jellyfin-10.11.6/tests/Jellyfin.Server.Implementations.Tests/Plugins/PluginManagerTests.cs,False,Direct Analysis
DetermineAdjustedIndexMoveToFirstPositionNoPriorInAllList,9,jellyfin-10.11.6/tests/Jellyfin.Server.Implementations.Tests/Playlists/PlaylistManagerTests.cs,False,Direct Analysis
DetermineAdjustedIndexPriorInMiddleOfAllList,20,jellyfin-10.11.6/tests/Jellyfin.Server.Implementations.Tests/Playlists/PlaylistManagerTests.cs,False,Direct Analysis
DetermineAdjustedIndexMoveMiddleOfPlaylist,31,jellyfin-10.11.6/tests/Jellyfin.Server.Implementations.Tests/Playlists/PlaylistManagerTests.cs,False,Direct Analysis
GetCountries_All_Success,17,jellyfin-10.11.6/tests/Jellyfin.Server.Implementations.Tests/Localization/LocalizationManagerTests.cs,False,Direct Analysis
GetCultures_All_Success,35,jellyfin-10.11.6/tests/Jellyfin.Server.Implementations.Tests/Localization/LocalizationManagerTests.cs,False,Direct Analysis
TryGetISO6392TFromB_Success,56,jellyfin-10.11.6/tests/Jellyfin.Server.Implementations.Tests/Localization/LocalizationManagerTests.cs,False,Direct Analysis
FindLanguageInfo_Valid_Success,84,jellyfin-10.11.6/tests/Jellyfin.Server.Implementations.Tests/Localization/LocalizationManagerTests.cs,False,Direct Analysis
GetParentalRatings_Default_Success,103,jellyfin-10.11.6/tests/Jellyfin.Server.Implementations.Tests/Localization/LocalizationManagerTests.cs,False,Direct Analysis
GetParentalRatings_ConfiguredCountryCode_Success,120,jellyfin-10.11.6/tests/Jellyfin.Server.Implementations.Tests/Localization/LocalizationManagerTests.cs,False,Direct Analysis
GetRatingLevel_GivenValidString_Success,148,jellyfin-10.11.6/tests/Jellyfin.Server.Implementations.Tests/Localization/LocalizationManagerTests.cs,False,Direct Analysis
GetRatingLevel_GivenValidAge_Success,168,jellyfin-10.11.6/tests/Jellyfin.Server.Implementations.Tests/Localization/LocalizationManagerTests.cs,False,Direct Analysis
GetRatingLevel_GivenUnratedString_Success,179,jellyfin-10.11.6/tests/Jellyfin.Server.Implementations.Tests/Localization/LocalizationManagerTests.cs,False,Direct Analysis
GetRatingLevel_Split_Success,195,jellyfin-10.11.6/tests/Jellyfin.Server.Implementations.Tests/Localization/LocalizationManagerTests.cs,False,Direct Analysis
GetRatingScore_FallbackPrioritizesUS_Success,210,jellyfin-10.11.6/tests/Jellyfin.Server.Implementations.Tests/Localization/LocalizationManagerTests.cs,False,Direct Analysis
GetLocalizedString_Valid_Success,228,jellyfin-10.11.6/tests/Jellyfin.Server.Implementations.Tests/Localization/LocalizationManagerTests.cs,False,Direct Analysis
GetLocalizedString_Invalid_Success,241,jellyfin-10.11.6/tests/Jellyfin.Server.Implementations.Tests/Localization/LocalizationManagerTests.cs,False,Direct Analysis
GetAttributeValue_ValidArgs_Correct,39,jellyfin-10.11.6/tests/Jellyfin.Server.Implementations.Tests/Library/PathExtensionsTests.cs,False,Direct Analysis
GetAttributeValue_EmptyString_ThrowsArgumentException,48,jellyfin-10.11.6/tests/Jellyfin.Server.Implementations.Tests/Library/PathExtensionsTests.cs,False,Direct Analysis
TryReplaceSubPath_ValidArgs_Correct,62,jellyfin-10.11.6/tests/Jellyfin.Server.Implementations.Tests/Library/PathExtensionsTests.cs,False,Direct Analysis
TryReplaceSubPath_InvalidInput_ReturnsFalseAndNull,78,jellyfin-10.11.6/tests/Jellyfin.Server.Implementations.Tests/Library/PathExtensionsTests.cs,False,Direct Analysis
NormalizePath_SpecifyingSeparator_Normalizes,92,jellyfin-10.11.6/tests/Jellyfin.Server.Implementations.Tests/Library/PathExtensionsTests.cs,False,Direct Analysis
NormalizePath_NoArgs_UsesDirectorySeparatorChar,101,jellyfin-10.11.6/tests/Jellyfin.Server.Implementations.Tests/Library/PathExtensionsTests.cs,False,Direct Analysis
NormalizePath_OutVar_Correct,112,jellyfin-10.11.6/tests/Jellyfin.Server.Implementations.Tests/Library/PathExtensionsTests.cs,False,Direct Analysis
NormalizePath_SpecifyInvalidSeparator_ThrowsException,121,jellyfin-10.11.6/tests/Jellyfin.Server.Implementations.Tests/Library/PathExtensionsTests.cs,False,Direct Analysis
Resolve_GivenLocalAlternateVersion_ResolvesToVideo,19,jellyfin-10.11.6/tests/Jellyfin.Server.Implementations.Tests/Library/MovieResolverTests.cs,False,Direct Analysis
CheckIgnoreRules_ReturnsExpectedResult,60,jellyfin-10.11.6/tests/Jellyfin.Server.Implementations.Tests/Library/DotIgnoreIgnoreRuleTest.cs,False,Direct Analysis
CheckIgnoreRules_WithWindowsPaths_NormalizesBackslashes,67,jellyfin-10.11.6/tests/Jellyfin.Server.Implementations.Tests/Library/DotIgnoreIgnoreRuleTest.cs,False,Direct Analysis
CheckIgnoreRules_WithWindowsPaths_WithoutNormalization_DoesNotMatch,76,jellyfin-10.11.6/tests/Jellyfin.Server.Implementations.Tests/Library/DotIgnoreIgnoreRuleTest.cs,False,Direct Analysis
ShouldReturnMappedOrderForSortingByPremierDate,13,jellyfin-10.11.6/tests/Jellyfin.Server.Implementations.Tests/Item/OrderMapperTests.cs,False,Direct Analysis
MoveDirectoryInternal,38,jellyfin-10.11.6/tests/Jellyfin.Server.Implementations.Tests/IO/ManagedFileSystemTests.cs,False,Direct Analysis
MakeAbsolutePathCorrectlyHandlesRelativeFilePathsOnUnixLike,65,jellyfin-10.11.6/tests/Jellyfin.Server.Implementations.Tests/IO/ManagedFileSystemTests.cs,False,Direct Analysis
MakeAbsolutePathCorrectlyHandlesRelativeFilePathsOnWindows,81,jellyfin-10.11.6/tests/Jellyfin.Server.Implementations.Tests/IO/ManagedFileSystemTests.cs,False,Direct Analysis
GetValidFilename_ReturnsValidFilename,98,jellyfin-10.11.6/tests/Jellyfin.Server.Implementations.Tests/IO/ManagedFileSystemTests.cs,False,Direct Analysis
GetFileInfo_DanglingSymlink_ExistsFalse,104,jellyfin-10.11.6/tests/Jellyfin.Server.Implementations.Tests/IO/ManagedFileSystemTests.cs,False,Direct Analysis
DeserializeWebSocketMessage_SingleSegment_Success,14,jellyfin-10.11.6/tests/Jellyfin.Server.Implementations.Tests/HttpServer/WebSocketConnectionTests.cs,False,Direct Analysis
DeserializeWebSocketMessage_MultipleSegments_Success,23,jellyfin-10.11.6/tests/Jellyfin.Server.Implementations.Tests/HttpServer/WebSocketConnectionTests.cs,False,Direct Analysis
DeserializeWebSocketMessage_ValidPartial_Success,35,jellyfin-10.11.6/tests/Jellyfin.Server.Implementations.Tests/HttpServer/WebSocketConnectionTests.cs,False,Direct Analysis
DeserializeWebSocketMessage_Partial_ThrowJsonException,44,jellyfin-10.11.6/tests/Jellyfin.Server.Implementations.Tests/HttpServer/WebSocketConnectionTests.cs,False,Direct Analysis
Deserialize_Omdb_Response_Not_Available_Success,21,jellyfin-10.11.6/tests/Jellyfin.Providers.Tests/Omdb/JsonOmdbConverterTests.cs,False,Direct Analysis
Deserialization_To_Nullable_Int_Should_Be_Null,34,jellyfin-10.11.6/tests/Jellyfin.Providers.Tests/Omdb/JsonOmdbConverterTests.cs,False,Direct Analysis
Deserialize_NullableInt_Success,43,jellyfin-10.11.6/tests/Jellyfin.Providers.Tests/Omdb/JsonOmdbConverterTests.cs,False,Direct Analysis
Deserialization_To_Nullable_String_Should_Be_Null,52,jellyfin-10.11.6/tests/Jellyfin.Providers.Tests/Omdb/JsonOmdbConverterTests.cs,False,Direct Analysis
Deserialize_Normal_String_Success,60,jellyfin-10.11.6/tests/Jellyfin.Providers.Tests/Omdb/JsonOmdbConverterTests.cs,False,Direct Analysis
Roundtrip_Valid_Success,67,jellyfin-10.11.6/tests/Jellyfin.Providers.Tests/Omdb/JsonOmdbConverterTests.cs,False,Direct Analysis
GetImage_UnsupportedInput_ReturnsNoImage,37,jellyfin-10.11.6/tests/Jellyfin.Providers.Tests/MediaInfo/VideoImageProviderTests.cs,False,Direct Analysis
GetImage_DefaultVideoStreams_ReturnsCorrectStreamImage,50,jellyfin-10.11.6/tests/Jellyfin.Providers.Tests/MediaInfo/VideoImageProviderTests.cs,False,Direct Analysis
GetImage_TimeSpan_SelectsCorrectTime,83,jellyfin-10.11.6/tests/Jellyfin.Providers.Tests/MediaInfo/VideoImageProviderTests.cs,False,Direct Analysis
GetExternalStreams_MixedFilenames_PicksSubtitles,67,jellyfin-10.11.6/tests/Jellyfin.Providers.Tests/MediaInfo/SubtitleResolverTests.cs,False,Direct Analysis
GetExternalFiles_BadProtocol_ReturnsNoSubtitles,78,jellyfin-10.11.6/tests/Jellyfin.Providers.Tests/MediaInfo/MediaInfoResolverTests.cs,False,Direct Analysis
GetExternalFiles_MissingDirectory_DirectoryNotQueried,97,jellyfin-10.11.6/tests/Jellyfin.Providers.Tests/MediaInfo/MediaInfoResolverTests.cs,False,Direct Analysis
GetExternalFiles_NameMatching_MatchesAndParsesToken,142,jellyfin-10.11.6/tests/Jellyfin.Providers.Tests/MediaInfo/MediaInfoResolverTests.cs,False,Direct Analysis
GetExternalFiles_NameMatching_RejectsNonMatches,167,jellyfin-10.11.6/tests/Jellyfin.Providers.Tests/MediaInfo/MediaInfoResolverTests.cs,False,Direct Analysis
GetExternalStreams_BadPaths_ReturnsNoSubtitles,185,jellyfin-10.11.6/tests/Jellyfin.Providers.Tests/MediaInfo/MediaInfoResolverTests.cs,False,Direct Analysis
GetExternalStreams_MergeMetadata_HandlesOverridesCorrectly,278,jellyfin-10.11.6/tests/Jellyfin.Providers.Tests/MediaInfo/MediaInfoResolverTests.cs,False,Direct Analysis
GetExternalStreams_StreamIndex_HandlesFilesAndContainers,328,jellyfin-10.11.6/tests/Jellyfin.Providers.Tests/MediaInfo/MediaInfoResolverTests.cs,False,Direct Analysis
CreateDummyChapters_InvalidRuntime_ThrowsArgumentException,36,jellyfin-10.11.6/tests/Jellyfin.Providers.Tests/MediaInfo/FFProbeVideoInfoTests.cs,False,Direct Analysis
CreateDummyChapters_ValidRuntime_CorrectChaptersCount,52,jellyfin-10.11.6/tests/Jellyfin.Providers.Tests/MediaInfo/FFProbeVideoInfoTests.cs,False,Direct Analysis
GetExternalStreams_MixedFilenames_PicksAudio,67,jellyfin-10.11.6/tests/Jellyfin.Providers.Tests/MediaInfo/AudioResolverTests.cs,False,Direct Analysis
Resolve_AudiobookDirectory_SingleResult,24,jellyfin-10.11.6/tests/Jellyfin.Server.Implementations.Tests/Library/AudioResolverTests.cs,False,Direct Analysis
Resolve_AudiobookDirectory_NoResult,47,jellyfin-10.11.6/tests/Jellyfin.Server.Implementations.Tests/Library/AudioResolverTests.cs,False,Direct Analysis
MergeBaseItemData_MergeMetadataSettings_MergesWhenSet,21,jellyfin-10.11.6/tests/Jellyfin.Providers.Tests/Manager/MetadataServiceTests.cs,False,Direct Analysis
MergeBaseItemData_StringField_ReplacesAppropriately,89,jellyfin-10.11.6/tests/Jellyfin.Providers.Tests/Manager/MetadataServiceTests.cs,False,Direct Analysis
MergeBaseItemData_StringArrayField_ReplacesAppropriately,117,jellyfin-10.11.6/tests/Jellyfin.Providers.Tests/Manager/MetadataServiceTests.cs,False,Direct Analysis
MergeBaseItemData_SimpleField_ReplacesAppropriately,152,jellyfin-10.11.6/tests/Jellyfin.Providers.Tests/Manager/MetadataServiceTests.cs,False,Direct Analysis
MergeBaseItemData_MergeTrailers_ReplacesAppropriately,174,jellyfin-10.11.6/tests/Jellyfin.Providers.Tests/Manager/MetadataServiceTests.cs,False,Direct Analysis
MergeBaseItemData_ProviderIds_MergesAppropriately,203,jellyfin-10.11.6/tests/Jellyfin.Providers.Tests/Manager/MetadataServiceTests.cs,False,Direct Analysis
MergeBaseItemData_MergePeople_MergesAppropriately,237,jellyfin-10.11.6/tests/Jellyfin.Providers.Tests/Manager/MetadataServiceTests.cs,False,Direct Analysis
ValidateImages_PhotoEmptyProviders_NoChange,37,jellyfin-10.11.6/tests/Jellyfin.Providers.Tests/Manager/ItemImageProviderTests.cs,False,Direct Analysis
ValidateImages_EmptyItemEmptyProviders_NoChange,46,jellyfin-10.11.6/tests/Jellyfin.Providers.Tests/Manager/ItemImageProviderTests.cs,False,Direct Analysis
ValidateImages_EmptyItemAndPopulatedProviders_AddsImages,65,jellyfin-10.11.6/tests/Jellyfin.Providers.Tests/Manager/ItemImageProviderTests.cs,False,Direct Analysis
ValidateImages_PopulatedItemWithGoodPathsAndEmptyProviders_NoChange,72,jellyfin-10.11.6/tests/Jellyfin.Providers.Tests/Manager/ItemImageProviderTests.cs,False,Direct Analysis
ValidateImages_PopulatedItemWithBadPathsAndEmptyProviders_RemovesImage,79,jellyfin-10.11.6/tests/Jellyfin.Providers.Tests/Manager/ItemImageProviderTests.cs,False,Direct Analysis
MergeImages_EmptyItemNewImagesEmpty_NoChange,98,jellyfin-10.11.6/tests/Jellyfin.Providers.Tests/Manager/ItemImageProviderTests.cs,False,Direct Analysis
MergeImages_PopulatedItemWithGoodPathsAndPopulatedNewImages_AddsUpdatesImages,108,jellyfin-10.11.6/tests/Jellyfin.Providers.Tests/Manager/ItemImageProviderTests.cs,False,Direct Analysis
MergeImages_PopulatedItemWithGoodPathsAndSameNewImages_ResetIfTimeChanges,135,jellyfin-10.11.6/tests/Jellyfin.Providers.Tests/Manager/ItemImageProviderTests.cs,False,Direct Analysis
RemoveImages_DeletesImages_WhenFound,183,jellyfin-10.11.6/tests/Jellyfin.Providers.Tests/Manager/ItemImageProviderTests.cs,False,Direct Analysis
RefreshImages_PopulatedItemPopulatedProviderDynamic_UpdatesImagesIfForced,213,jellyfin-10.11.6/tests/Jellyfin.Providers.Tests/Manager/ItemImageProviderTests.cs,False,Direct Analysis
RefreshImages_EmptyItemPopulatedProviderDynamic_AddsImages,265,jellyfin-10.11.6/tests/Jellyfin.Providers.Tests/Manager/ItemImageProviderTests.cs,False,Direct Analysis
RefreshImages_PopulatedItemPopulatedProviderRemote_UpdatesImagesIfForced,318,jellyfin-10.11.6/tests/Jellyfin.Providers.Tests/Manager/ItemImageProviderTests.cs,False,Direct Analysis
RefreshImages_NonStubItemPopulatedProviderRemote_DownloadsIfNecessary,373,jellyfin-10.11.6/tests/Jellyfin.Providers.Tests/Manager/ItemImageProviderTests.cs,False,Direct Analysis
RefreshImages_EmptyItemPopulatedProviderRemoteExtras_LimitsImages,436,jellyfin-10.11.6/tests/Jellyfin.Providers.Tests/Manager/ItemImageProviderTests.cs,False,Direct Analysis
RefreshImages_PopulatedItemEmptyProviderRemoteFullRefresh_DoesntClearImages,480,jellyfin-10.11.6/tests/Jellyfin.Providers.Tests/Manager/ItemImageProviderTests.cs,False,Direct Analysis
RefreshImages_ProviderRemote_FiltersByWidth,508,jellyfin-10.11.6/tests/Jellyfin.Providers.Tests/Manager/ItemImageProviderTests.cs,False,Direct Analysis
TestStackAndExtras,15,jellyfin-10.11.6/tests/Jellyfin.Naming.Tests/Video/VideoListResolverTests.cs,False,Direct Analysis
TestWithMetadata,69,jellyfin-10.11.6/tests/Jellyfin.Naming.Tests/Video/VideoListResolverTests.cs,False,Direct Analysis
TestWithExtra,85,jellyfin-10.11.6/tests/Jellyfin.Naming.Tests/Video/VideoListResolverTests.cs,False,Direct Analysis
TestVariationWithFolderName,103,jellyfin-10.11.6/tests/Jellyfin.Naming.Tests/Video/VideoListResolverTests.cs,False,Direct Analysis
TestTrailer2,121,jellyfin-10.11.6/tests/Jellyfin.Naming.Tests/Video/VideoListResolverTests.cs,False,Direct Analysis
Resolve_SameNameAndYear_ReturnsSingleItem,141,jellyfin-10.11.6/tests/Jellyfin.Naming.Tests/Video/VideoListResolverTests.cs,False,Direct Analysis
Resolve_TrailerMatchesFolderName_ReturnsSingleItem,161,jellyfin-10.11.6/tests/Jellyfin.Naming.Tests/Video/VideoListResolverTests.cs,False,Direct Analysis
TestSeparateFiles,179,jellyfin-10.11.6/tests/Jellyfin.Naming.Tests/Video/VideoListResolverTests.cs,False,Direct Analysis
TestMultiDisc,199,jellyfin-10.11.6/tests/Jellyfin.Naming.Tests/Video/VideoListResolverTests.cs,False,Direct Analysis
TestPoundSign,215,jellyfin-10.11.6/tests/Jellyfin.Naming.Tests/Video/VideoListResolverTests.cs,False,Direct Analysis
TestStackedWithTrailer,232,jellyfin-10.11.6/tests/Jellyfin.Naming.Tests/Video/VideoListResolverTests.cs,False,Direct Analysis
TestExtrasByFolderName,253,jellyfin-10.11.6/tests/Jellyfin.Naming.Tests/Video/VideoListResolverTests.cs,False,Direct Analysis
TestDoubleTags,275,jellyfin-10.11.6/tests/Jellyfin.Naming.Tests/Video/VideoListResolverTests.cs,False,Direct Analysis
TestArgumentOutOfRangeException,293,jellyfin-10.11.6/tests/Jellyfin.Naming.Tests/Video/VideoListResolverTests.cs,False,Direct Analysis
TestColony,308,jellyfin-10.11.6/tests/Jellyfin.Naming.Tests/Video/VideoListResolverTests.cs,False,Direct Analysis
TestFourSisters,323,jellyfin-10.11.6/tests/Jellyfin.Naming.Tests/Video/VideoListResolverTests.cs,False,Direct Analysis
TestFourRooms,341,jellyfin-10.11.6/tests/Jellyfin.Naming.Tests/Video/VideoListResolverTests.cs,False,Direct Analysis
TestMovieTrailer,357,jellyfin-10.11.6/tests/Jellyfin.Naming.Tests/Video/VideoListResolverTests.cs,False,Direct Analysis
Resolve_TrailerInTrailersFolder_ReturnsCorrectExtraType,375,jellyfin-10.11.6/tests/Jellyfin.Naming.Tests/Video/VideoListResolverTests.cs,False,Direct Analysis
TestSubfolders,393,jellyfin-10.11.6/tests/Jellyfin.Naming.Tests/Video/VideoListResolverTests.cs,False,Direct Analysis
TestDirectoryStack,411,jellyfin-10.11.6/tests/Jellyfin.Naming.Tests/Video/VideoListResolverTests.cs,False,Direct Analysis
TestStubs,12,jellyfin-10.11.6/tests/Jellyfin.Naming.Tests/Video/StubTests.cs,False,Direct Analysis
TestStubName,30,jellyfin-10.11.6/tests/Jellyfin.Naming.Tests/Video/StubTests.cs,False,Direct Analysis
TestSimpleStack,14,jellyfin-10.11.6/tests/Jellyfin.Naming.Tests/Video/StackTests.cs,False,Direct Analysis
TestFalsePositives,32,jellyfin-10.11.6/tests/Jellyfin.Naming.Tests/Video/StackTests.cs,False,Direct Analysis
TestFalsePositives2,46,jellyfin-10.11.6/tests/Jellyfin.Naming.Tests/Video/StackTests.cs,False,Direct Analysis
TestFalsePositives3,60,jellyfin-10.11.6/tests/Jellyfin.Naming.Tests/Video/StackTests.cs,False,Direct Analysis
TestFalsePositives4,74,jellyfin-10.11.6/tests/Jellyfin.Naming.Tests/Video/StackTests.cs,False,Direct Analysis
TestFalsePositives5,88,jellyfin-10.11.6/tests/Jellyfin.Naming.Tests/Video/StackTests.cs,False,Direct Analysis
TestFalsePositives6,101,jellyfin-10.11.6/tests/Jellyfin.Naming.Tests/Video/StackTests.cs,False,Direct Analysis
TestStackName,116,jellyfin-10.11.6/tests/Jellyfin.Naming.Tests/Video/StackTests.cs,False,Direct Analysis
ResolveFiles_GivenPartInMiddleOfName_ReturnsNoStack,131,jellyfin-10.11.6/tests/Jellyfin.Naming.Tests/Video/StackTests.cs,False,Direct Analysis
ResolveFiles_FileNamesWithMissingPartType_ReturnsNoStack,148,jellyfin-10.11.6/tests/Jellyfin.Naming.Tests/Video/StackTests.cs,False,Direct Analysis
TestSimpleStackWithNumericName,165,jellyfin-10.11.6/tests/Jellyfin.Naming.Tests/Video/StackTests.cs,False,Direct Analysis
TestMixedExpressionsNotAllowed,183,jellyfin-10.11.6/tests/Jellyfin.Naming.Tests/Video/StackTests.cs,False,Direct Analysis
TestDualStacks,201,jellyfin-10.11.6/tests/Jellyfin.Naming.Tests/Video/StackTests.cs,False,Direct Analysis
TestDirectories,224,jellyfin-10.11.6/tests/Jellyfin.Naming.Tests/Video/StackTests.cs,False,Direct Analysis
TestMissingParttype,239,jellyfin-10.11.6/tests/Jellyfin.Naming.Tests/Video/StackTests.cs,False,Direct Analysis
TestFailSequence,256,jellyfin-10.11.6/tests/Jellyfin.Naming.Tests/Video/StackTests.cs,False,Direct Analysis
TestMixedExpressions,277,jellyfin-10.11.6/tests/Jellyfin.Naming.Tests/Video/StackTests.cs,False,Direct Analysis
TestAlphaLimitOfFour,307,jellyfin-10.11.6/tests/Jellyfin.Naming.Tests/Video/StackTests.cs,False,Direct Analysis
TestMixed,329,jellyfin-10.11.6/tests/Jellyfin.Naming.Tests/Video/StackTests.cs,False,Direct Analysis
TestNamesWithoutParts,348,jellyfin-10.11.6/tests/Jellyfin.Naming.Tests/Video/StackTests.cs,False,Direct Analysis
TestNumbersAppearingBeforePartNumber,366,jellyfin-10.11.6/tests/Jellyfin.Naming.Tests/Video/StackTests.cs,False,Direct Analysis
TestMultiDiscs,382,jellyfin-10.11.6/tests/Jellyfin.Naming.Tests/Video/StackTests.cs,False,Direct Analysis
TestMultiEdition1,14,jellyfin-10.11.6/tests/Jellyfin.Naming.Tests/Video/MultiVersionTests.cs,False,Direct Analysis
TestMultiEdition2,33,jellyfin-10.11.6/tests/Jellyfin.Naming.Tests/Video/MultiVersionTests.cs,False,Direct Analysis
TestMultiEdition3,53,jellyfin-10.11.6/tests/Jellyfin.Naming.Tests/Video/MultiVersionTests.cs,False,Direct Analysis
TestLetterFolders,70,jellyfin-10.11.6/tests/Jellyfin.Naming.Tests/Video/MultiVersionTests.cs,False,Direct Analysis
TestMultiVersionLimit,92,jellyfin-10.11.6/tests/Jellyfin.Naming.Tests/Video/MultiVersionTests.cs,False,Direct Analysis
TestMultiVersionLimit2,115,jellyfin-10.11.6/tests/Jellyfin.Naming.Tests/Video/MultiVersionTests.cs,False,Direct Analysis
TestMultiVersion3,139,jellyfin-10.11.6/tests/Jellyfin.Naming.Tests/Video/MultiVersionTests.cs,False,Direct Analysis
TestMultiVersion4,159,jellyfin-10.11.6/tests/Jellyfin.Naming.Tests/Video/MultiVersionTests.cs,False,Direct Analysis
TestMultiVersion5,181,jellyfin-10.11.6/tests/Jellyfin.Naming.Tests/Video/MultiVersionTests.cs,False,Direct Analysis
TestMultiVersion6,210,jellyfin-10.11.6/tests/Jellyfin.Naming.Tests/Video/MultiVersionTests.cs,False,Direct Analysis
TestMultiVersion7,239,jellyfin-10.11.6/tests/Jellyfin.Naming.Tests/Video/MultiVersionTests.cs,False,Direct Analysis
TestMultiVersion8,255,jellyfin-10.11.6/tests/Jellyfin.Naming.Tests/Video/MultiVersionTests.cs,False,Direct Analysis
TestMultiVersion9,277,jellyfin-10.11.6/tests/Jellyfin.Naming.Tests/Video/MultiVersionTests.cs,False,Direct Analysis
TestMultiVersion10,299,jellyfin-10.11.6/tests/Jellyfin.Naming.Tests/Video/MultiVersionTests.cs,False,Direct Analysis
TestMultiVersion11,316,jellyfin-10.11.6/tests/Jellyfin.Naming.Tests/Video/MultiVersionTests.cs,False,Direct Analysis
TestMultiVersion12,333,jellyfin-10.11.6/tests/Jellyfin.Naming.Tests/Video/MultiVersionTests.cs,False,Direct Analysis
TestMultiVersion13,360,jellyfin-10.11.6/tests/Jellyfin.Naming.Tests/Video/MultiVersionTests.cs,False,Direct Analysis
Resolve_GivenFolderNameWithBracketsAndHyphens_GroupsBasedOnFolderName,399,jellyfin-10.11.6/tests/Jellyfin.Naming.Tests/Video/MultiVersionTests.cs,False,Direct Analysis
Resolve_GivenUnclosedBrackets_DoesNotGroup,416,jellyfin-10.11.6/tests/Jellyfin.Naming.Tests/Video/MultiVersionTests.cs,False,Direct Analysis
TestEmptyList,432,jellyfin-10.11.6/tests/Jellyfin.Naming.Tests/Video/MultiVersionTests.cs,False,Direct Analysis
TestKodiFormat3D,12,jellyfin-10.11.6/tests/Jellyfin.Naming.Tests/Video/Format3DTests.cs,False,Direct Analysis
Test3DName,23,jellyfin-10.11.6/tests/Jellyfin.Naming.Tests/Video/Format3DTests.cs,False,Direct Analysis
TestExpandedFormat3D,32,jellyfin-10.11.6/tests/Jellyfin.Naming.Tests/Video/Format3DTests.cs,False,Direct Analysis
Test,58,jellyfin-10.11.6/tests/Jellyfin.Naming.Tests/Video/Format3DTests.cs,False,Direct Analysis
GetAssembliesWithPartsInternal,36,jellyfin-10.11.6/tests/Jellyfin.Server.Integration.Tests/TestAppHost.cs,False,Direct Analysis
TestKodiExtras,20,jellyfin-10.11.6/tests/Jellyfin.Naming.Tests/Video/ExtraTests.cs,False,Direct Analysis
TestExpandedExtras,32,jellyfin-10.11.6/tests/Jellyfin.Naming.Tests/Video/ExtraTests.cs,False,Direct Analysis
TestDirectoriesAudioExtras,58,jellyfin-10.11.6/tests/Jellyfin.Naming.Tests/Video/ExtraTests.cs,False,Direct Analysis
TestDirectoriesVideoExtras,79,jellyfin-10.11.6/tests/Jellyfin.Naming.Tests/Video/ExtraTests.cs,False,Direct Analysis
TestNonExtraDirectories,90,jellyfin-10.11.6/tests/Jellyfin.Naming.Tests/Video/ExtraTests.cs,False,Direct Analysis
TestTopLevelDirectoriesWithAudioExtraNames,100,jellyfin-10.11.6/tests/Jellyfin.Naming.Tests/Video/ExtraTests.cs,False,Direct Analysis
TestTopLevelDirectoriesWithVideoExtraNames,121,jellyfin-10.11.6/tests/Jellyfin.Naming.Tests/Video/ExtraTests.cs,False,Direct Analysis
TestSample,129,jellyfin-10.11.6/tests/Jellyfin.Naming.Tests/Video/ExtraTests.cs,False,Direct Analysis
TestSuffixPartOfTitle,139,jellyfin-10.11.6/tests/Jellyfin.Naming.Tests/Video/ExtraTests.cs,False,Direct Analysis
Test,145,jellyfin-10.11.6/tests/Jellyfin.Naming.Tests/Video/ExtraTests.cs,False,Direct Analysis
TestWithLibraryRoot,152,jellyfin-10.11.6/tests/Jellyfin.Naming.Tests/Video/ExtraTests.cs,False,Direct Analysis
TestExtraInfo_InvalidRuleType,159,jellyfin-10.11.6/tests/Jellyfin.Naming.Tests/Video/ExtraTests.cs,False,Direct Analysis
CleanStringTest_NeedsCleaning_Success,33,jellyfin-10.11.6/tests/Jellyfin.Naming.Tests/Video/CleanStringTests.cs,False,Direct Analysis
CleanStringTest_DoesntNeedCleaning_False,47,jellyfin-10.11.6/tests/Jellyfin.Naming.Tests/Video/CleanStringTests.cs,False,Direct Analysis
CleanDateTimeTest,56,jellyfin-10.11.6/tests/Jellyfin.Naming.Tests/Video/CleanDateTimeTests.cs,False,Direct Analysis
TestSimple,31,jellyfin-10.11.6/tests/Jellyfin.Naming.Tests/TV/SimpleEpisodeTests.cs,False,Direct Analysis
SeriesResolverResolveTest,22,jellyfin-10.11.6/tests/Jellyfin.Naming.Tests/TV/SeriesResolverTests.cs,False,Direct Analysis
GetSeasonNumberFromPathTest,78,jellyfin-10.11.6/tests/Jellyfin.Naming.Tests/TV/SeasonPathParserTests.cs,False,Direct Analysis
ParseEpisodesCorrectly,40,jellyfin-10.11.6/tests/Jellyfin.Naming.Tests/TV/EpisodePathParserTest.cs,False,Direct Analysis
EpisodePathParserTest_DifferentExpressionsParameters,53,jellyfin-10.11.6/tests/Jellyfin.Naming.Tests/TV/EpisodePathParserTest.cs,False,Direct Analysis
EpisodePathParserTest_FalsePositivePixelRate,62,jellyfin-10.11.6/tests/Jellyfin.Naming.Tests/TV/EpisodePathParserTest.cs,False,Direct Analysis
EpisodeResolverTest_WrongExtension,71,jellyfin-10.11.6/tests/Jellyfin.Naming.Tests/TV/EpisodePathParserTest.cs,False,Direct Analysis
EpisodeResolverTest_WrongExtensionStub,78,jellyfin-10.11.6/tests/Jellyfin.Naming.Tests/TV/EpisodePathParserTest.cs,False,Direct Analysis
EpisodePathParserTest_EmptyDateParsers,90,jellyfin-10.11.6/tests/Jellyfin.Naming.Tests/TV/EpisodePathParserTest.cs,False,Direct Analysis
GetEpisodeNumberFromFileTest,88,jellyfin-10.11.6/tests/Jellyfin.Naming.Tests/TV/EpisodeNumberTests.cs,False,Direct Analysis
GetEpisodeNumberFromFileTest,19,jellyfin-10.11.6/tests/Jellyfin.Naming.Tests/TV/AbsoluteEpisodeNumberTests.cs,False,Direct Analysis
ParseFile_AudioExtensionsNotMatched_ReturnsNull,41,jellyfin-10.11.6/tests/Jellyfin.Naming.Tests/ExternalFiles/ExternalPathParserTests.cs,False,Direct Analysis
ParseFile_AudioExtensionsMatched_ReturnsPath,53,jellyfin-10.11.6/tests/Jellyfin.Naming.Tests/ExternalFiles/ExternalPathParserTests.cs,False,Direct Analysis
ParseFile_SubtitleExtensionsNotMatched_ReturnsNull,67,jellyfin-10.11.6/tests/Jellyfin.Naming.Tests/ExternalFiles/ExternalPathParserTests.cs,False,Direct Analysis
ParseFile_SubtitleExtensionsMatched_ReturnsPath,78,jellyfin-10.11.6/tests/Jellyfin.Naming.Tests/ExternalFiles/ExternalPathParserTests.cs,False,Direct Analysis
ParseFile_ExtraTokens_ParseToValues,108,jellyfin-10.11.6/tests/Jellyfin.Naming.Tests/ExternalFiles/ExternalPathParserTests.cs,False,Direct Analysis
TestNamingOptionsCompile,9,jellyfin-10.11.6/tests/Jellyfin.Naming.Tests/Common/NamingOptionsTest.cs,False,Direct Analysis
TestNamingOptionsEpisodeExpressions,18,jellyfin-10.11.6/tests/Jellyfin.Naming.Tests/Common/NamingOptionsTest.cs,False,Direct Analysis
TestStackAndExtras,15,jellyfin-10.11.6/tests/Jellyfin.Naming.Tests/AudioBook/AudioBookListResolverTests.cs,False,Direct Analysis
TestAlternativeVersions,72,jellyfin-10.11.6/tests/Jellyfin.Naming.Tests/AudioBook/AudioBookListResolverTests.cs,False,Direct Analysis
TestNameYearExtraction,120,jellyfin-10.11.6/tests/Jellyfin.Naming.Tests/AudioBook/AudioBookListResolverTests.cs,False,Direct Analysis
TestWithMetadata,186,jellyfin-10.11.6/tests/Jellyfin.Naming.Tests/AudioBook/AudioBookListResolverTests.cs,False,Direct Analysis
TestWithExtra,206,jellyfin-10.11.6/tests/Jellyfin.Naming.Tests/AudioBook/AudioBookListResolverTests.cs,False,Direct Analysis
TestWithoutFolder,226,jellyfin-10.11.6/tests/Jellyfin.Naming.Tests/AudioBook/AudioBookListResolverTests.cs,False,Direct Analysis
TestEmpty,245,jellyfin-10.11.6/tests/Jellyfin.Naming.Tests/AudioBook/AudioBookListResolverTests.cs,False,Direct Analysis
GetResolver,260,jellyfin-10.11.6/tests/Jellyfin.Naming.Tests/AudioBook/AudioBookListResolverTests.cs,False,Direct Analysis
Get_DisplayTitle_should_return_valid_title,116,jellyfin-10.11.6/tests/Jellyfin.Model.Tests/Entities/MediaStreamTests.cs,False,Direct Analysis
GetResolutionText_Valid,195,jellyfin-10.11.6/tests/Jellyfin.Model.Tests/Entities/MediaStreamTests.cs,False,Direct Analysis
ContainsContainer_EmptyContainerProfile_ReturnsTrue,16,jellyfin-10.11.6/tests/Jellyfin.Model.Tests/Dlna/ContainerHelperTests.cs,False,Direct Analysis
ContainsContainer_InList_ReturnsTrue,26,jellyfin-10.11.6/tests/Jellyfin.Model.Tests/Dlna/ContainerHelperTests.cs,False,Direct Analysis
ContainsContainer_NotInList_ReturnsFalse,40,jellyfin-10.11.6/tests/Jellyfin.Model.Tests/Dlna/ContainerHelperTests.cs,False,Direct Analysis
ContainsContainer_InList_ReturnsTrue_SpanVersion,55,jellyfin-10.11.6/tests/Jellyfin.Model.Tests/Dlna/ContainerHelperTests.cs,False,Direct Analysis
GetReadableFile_Valid_Success,96,jellyfin-10.11.6/tests/Jellyfin.MediaEncoding.Tests/Subtitles/SubtitleEncoderTests.cs,False,Direct Analysis
Parse_MultipleDialogues_Success,19,jellyfin-10.11.6/tests/Jellyfin.MediaEncoding.Tests/Subtitles/SsaParserTests.cs,False,Direct Analysis
Parse_Valid_Success,73,jellyfin-10.11.6/tests/Jellyfin.MediaEncoding.Tests/Subtitles/SsaParserTests.cs,False,Direct Analysis
Parse_Valid_Success,13,jellyfin-10.11.6/tests/Jellyfin.MediaEncoding.Tests/Subtitles/SrtParserTests.cs,False,Direct Analysis
Parse_EmptyNewlineBetweenText_Success,34,jellyfin-10.11.6/tests/Jellyfin.MediaEncoding.Tests/Subtitles/SrtParserTests.cs,False,Direct Analysis
Parse_Valid_Success,13,jellyfin-10.11.6/tests/Jellyfin.MediaEncoding.Tests/Subtitles/AssParserTests.cs,False,Direct Analysis
GetExtraArguments_Forwards_UserAgent,18,jellyfin-10.11.6/tests/Jellyfin.MediaEncoding.Tests/Probing/ProbeExternalSourcesTests.cs,False,Direct Analysis
ParseStream_Valid_Success,12,jellyfin-10.11.6/tests/Jellyfin.MediaEncoding.Keyframes.Tests/FfProbe/FfProbeKeyframeExtractorTests.cs,False,Direct Analysis
DeleteListingsProvider_DeletesProvider,32,jellyfin-10.11.6/tests/Jellyfin.LiveTv.Tests/Listings/ListingsManagerTests.cs,False,Direct Analysis
GetModelInfo_Valid_Success,48,jellyfin-10.11.6/tests/Jellyfin.LiveTv.Tests/HdHomerunHostTests.cs,False,Direct Analysis
GetModelInfo_Legacy_Success,68,jellyfin-10.11.6/tests/Jellyfin.LiveTv.Tests/HdHomerunHostTests.cs,False,Direct Analysis
GetModelInfo_EmptyUrl_ArgumentException,88,jellyfin-10.11.6/tests/Jellyfin.LiveTv.Tests/HdHomerunHostTests.cs,False,Direct Analysis
GetLineup_Valid_Success,99,jellyfin-10.11.6/tests/Jellyfin.LiveTv.Tests/HdHomerunHostTests.cs,False,Direct Analysis
GetLineup_Legacy_Success,116,jellyfin-10.11.6/tests/Jellyfin.LiveTv.Tests/HdHomerunHostTests.cs,False,Direct Analysis
GetLineup_ImportFavoritesOnly_Success,128,jellyfin-10.11.6/tests/Jellyfin.LiveTv.Tests/HdHomerunHostTests.cs,False,Direct Analysis
TryGetTunerHostInfo_Valid_Success,146,jellyfin-10.11.6/tests/Jellyfin.LiveTv.Tests/HdHomerunHostTests.cs,False,Direct Analysis
Deserialize_Version_Success,19,jellyfin-10.11.6/tests/Jellyfin.Extensions.Tests/Json/Converters/JsonVersionConverterTests.cs,False,Direct Analysis
Serialize_Version_Success,28,jellyfin-10.11.6/tests/Jellyfin.Extensions.Tests/Json/Converters/JsonVersionConverterTests.cs,False,Direct Analysis
Deserialize_Enum_Direct,21,jellyfin-10.11.6/tests/Jellyfin.Extensions.Tests/Json/Converters/JsonDefaultStringEnumConverterTests.cs,False,Direct Analysis
Deserialize_Enum,37,jellyfin-10.11.6/tests/Jellyfin.Extensions.Tests/Json/Converters/JsonDefaultStringEnumConverterTests.cs,False,Direct Analysis
Deserialize_Enum_Nullable,57,jellyfin-10.11.6/tests/Jellyfin.Extensions.Tests/Json/Converters/JsonDefaultStringEnumConverterTests.cs,False,Direct Analysis
Enum_RoundTrip,74,jellyfin-10.11.6/tests/Jellyfin.Extensions.Tests/Json/Converters/JsonDefaultStringEnumConverterTests.cs,False,Direct Analysis
Enum_RoundTrip_Nullable,93,jellyfin-10.11.6/tests/Jellyfin.Extensions.Tests/Json/Converters/JsonDefaultStringEnumConverterTests.cs,False,Direct Analysis
Deserialize_String_Valid_Success,21,jellyfin-10.11.6/tests/Jellyfin.Extensions.Tests/Json/Converters/JsonCommaDelimitedIReadOnlyListTests.cs,False,Direct Analysis
Deserialize_String_Space_Valid_Success,33,jellyfin-10.11.6/tests/Jellyfin.Extensions.Tests/Json/Converters/JsonCommaDelimitedIReadOnlyListTests.cs,False,Direct Analysis
Deserialize_GenericCommandType_Valid_Success,45,jellyfin-10.11.6/tests/Jellyfin.Extensions.Tests/Json/Converters/JsonCommaDelimitedIReadOnlyListTests.cs,False,Direct Analysis
Deserialize_GenericCommandType_Space_Valid_Success,57,jellyfin-10.11.6/tests/Jellyfin.Extensions.Tests/Json/Converters/JsonCommaDelimitedIReadOnlyListTests.cs,False,Direct Analysis
Deserialize_String_Array_Valid_Success,69,jellyfin-10.11.6/tests/Jellyfin.Extensions.Tests/Json/Converters/JsonCommaDelimitedIReadOnlyListTests.cs,False,Direct Analysis
Deserialize_GenericCommandType_Array_Valid_Success,81,jellyfin-10.11.6/tests/Jellyfin.Extensions.Tests/Json/Converters/JsonCommaDelimitedIReadOnlyListTests.cs,False,Direct Analysis
Serialize_GenericCommandType_IReadOnlyList_Valid_Success,93,jellyfin-10.11.6/tests/Jellyfin.Extensions.Tests/Json/Converters/JsonCommaDelimitedIReadOnlyListTests.cs,False,Direct Analysis
Deserialize_String_Null_Success,24,jellyfin-10.11.6/tests/Jellyfin.Extensions.Tests/Json/Converters/JsonCommaDelimitedCollectionTests.cs,False,Direct Analysis
Deserialize_Empty_Success,31,jellyfin-10.11.6/tests/Jellyfin.Extensions.Tests/Json/Converters/JsonCommaDelimitedCollectionTests.cs,False,Direct Analysis
Deserialize_EmptyList_Success,43,jellyfin-10.11.6/tests/Jellyfin.Extensions.Tests/Json/Converters/JsonCommaDelimitedCollectionTests.cs,False,Direct Analysis
Deserialize_EmptyIReadOnlyList_Success,54,jellyfin-10.11.6/tests/Jellyfin.Extensions.Tests/Json/Converters/JsonCommaDelimitedCollectionTests.cs,False,Direct Analysis
Deserialize_String_Valid_Success,66,jellyfin-10.11.6/tests/Jellyfin.Extensions.Tests/Json/Converters/JsonCommaDelimitedCollectionTests.cs,False,Direct Analysis
Deserialize_StringList_Valid_Success,78,jellyfin-10.11.6/tests/Jellyfin.Extensions.Tests/Json/Converters/JsonCommaDelimitedCollectionTests.cs,False,Direct Analysis
Deserialize_String_Space_Valid_Success,89,jellyfin-10.11.6/tests/Jellyfin.Extensions.Tests/Json/Converters/JsonCommaDelimitedCollectionTests.cs,False,Direct Analysis
Deserialize_GenericCommandType_Valid_Success,101,jellyfin-10.11.6/tests/Jellyfin.Extensions.Tests/Json/Converters/JsonCommaDelimitedCollectionTests.cs,False,Direct Analysis
Deserialize_GenericCommandType_EmptyEntry_Success,113,jellyfin-10.11.6/tests/Jellyfin.Extensions.Tests/Json/Converters/JsonCommaDelimitedCollectionTests.cs,False,Direct Analysis
Deserialize_GenericCommandType_Invalid_Success,125,jellyfin-10.11.6/tests/Jellyfin.Extensions.Tests/Json/Converters/JsonCommaDelimitedCollectionTests.cs,False,Direct Analysis
Deserialize_GenericCommandType_Space_Valid_Success,137,jellyfin-10.11.6/tests/Jellyfin.Extensions.Tests/Json/Converters/JsonCommaDelimitedCollectionTests.cs,False,Direct Analysis
Deserialize_String_Array_Valid_Success,149,jellyfin-10.11.6/tests/Jellyfin.Extensions.Tests/Json/Converters/JsonCommaDelimitedCollectionTests.cs,False,Direct Analysis
Deserialize_GenericCommandType_Array_Valid_Success,161,jellyfin-10.11.6/tests/Jellyfin.Extensions.Tests/Json/Converters/JsonCommaDelimitedCollectionTests.cs,False,Direct Analysis
Serialize_GenericCommandType_ReadOnlyArray_Valid_Success,173,jellyfin-10.11.6/tests/Jellyfin.Extensions.Tests/Json/Converters/JsonCommaDelimitedCollectionTests.cs,False,Direct Analysis
Serialize_GenericCommandType_ImmutableArrayArray_Valid_Success,185,jellyfin-10.11.6/tests/Jellyfin.Extensions.Tests/Json/Converters/JsonCommaDelimitedCollectionTests.cs,False,Direct Analysis
Serialize_GenericCommandType_List_Valid_Success,197,jellyfin-10.11.6/tests/Jellyfin.Extensions.Tests/Json/Converters/JsonCommaDelimitedCollectionTests.cs,False,Direct Analysis
Deserialize_Number_Valid_Success,26,jellyfin-10.11.6/tests/Jellyfin.Extensions.Tests/Json/Converters/JsonBoolNumberTests.cs,False,Direct Analysis
Serialize_Bool_Success,35,jellyfin-10.11.6/tests/Jellyfin.Extensions.Tests/Json/Converters/JsonBoolNumberTests.cs,False,Direct Analysis
AlphanumericComparatorTest,27,jellyfin-10.11.6/tests/Jellyfin.Extensions.Tests/AlphanumericComparatorTests.cs,False,Direct Analysis
GetMediaSourceName_Valid,24,jellyfin-10.11.6/tests/Jellyfin.Controller.Tests/Entities/BaseItemTests.cs,False,Direct Analysis
GetFileSystemEntries_GivenPathsWithDifferentCasing_CachesAll,53,jellyfin-10.11.6/tests/Jellyfin.Controller.Tests/DirectoryServiceTests.cs,False,Direct Analysis
GetFiles_GivenPathsWithDifferentCasing_ReturnsCorrectFiles,68,jellyfin-10.11.6/tests/Jellyfin.Controller.Tests/DirectoryServiceTests.cs,False,Direct Analysis
GetDirectories_GivenPathsWithDifferentCasing_ReturnsCorrectDirectories,83,jellyfin-10.11.6/tests/Jellyfin.Controller.Tests/DirectoryServiceTests.cs,False,Direct Analysis
GetFile_GivenFilePathsWithDifferentCasing_ReturnsCorrectFile,98,jellyfin-10.11.6/tests/Jellyfin.Controller.Tests/DirectoryServiceTests.cs,False,Direct Analysis
GetDirectory_GivenFilePathsWithDifferentCasing_ReturnsCorrectDirectory,129,jellyfin-10.11.6/tests/Jellyfin.Controller.Tests/DirectoryServiceTests.cs,False,Direct Analysis
GetFile_GivenCachedPath_ReturnsCachedFile,162,jellyfin-10.11.6/tests/Jellyfin.Controller.Tests/DirectoryServiceTests.cs,False,Direct Analysis
GetFilePaths_GivenCachedFilePathWithoutClear_ReturnsOnlyCachedPaths,189,jellyfin-10.11.6/tests/Jellyfin.Controller.Tests/DirectoryServiceTests.cs,False,Direct Analysis
GetFilePaths_GivenCachedFilePathWithClear_ReturnsNewPaths,221,jellyfin-10.11.6/tests/Jellyfin.Controller.Tests/DirectoryServiceTests.cs,False,Direct Analysis
IsMetadataFetcherEnabled_ChecksOptions_ReturnsExpected,19,jellyfin-10.11.6/tests/Jellyfin.Controller.Tests/BaseItemManagerTests.cs,False,Direct Analysis
IsImageFetcherEnabled_ChecksOptions_ReturnsExpected,52,jellyfin-10.11.6/tests/Jellyfin.Controller.Tests/BaseItemManagerTests.cs,False,Direct Analysis
BindModelAsync_CorrectlyBindsValidPipeDelimitedStringArrayQuery,18,jellyfin-10.11.6/tests/Jellyfin.Api.Tests/ModelBinders/PipeDelimitedCollectionModelBinderTests.cs,False,Direct Analysis
BindModelAsync_CorrectlyBindsValidDelimitedIntArrayQuery,43,jellyfin-10.11.6/tests/Jellyfin.Api.Tests/ModelBinders/PipeDelimitedCollectionModelBinderTests.cs,False,Direct Analysis
BindModelAsync_CorrectlyBindsValidPipeDelimitedEnumArrayQuery,68,jellyfin-10.11.6/tests/Jellyfin.Api.Tests/ModelBinders/PipeDelimitedCollectionModelBinderTests.cs,False,Direct Analysis
BindModelAsync_CorrectlyBindsValidPipeDelimitedEnumArrayQueryWithDoublePipes,93,jellyfin-10.11.6/tests/Jellyfin.Api.Tests/ModelBinders/PipeDelimitedCollectionModelBinderTests.cs,False,Direct Analysis
BindModelAsync_CorrectlyBindsValidEnumArrayQuery,118,jellyfin-10.11.6/tests/Jellyfin.Api.Tests/ModelBinders/PipeDelimitedCollectionModelBinderTests.cs,False,Direct Analysis
BindModelAsync_CorrectlyBindsEmptyEnumArrayQuery,148,jellyfin-10.11.6/tests/Jellyfin.Api.Tests/ModelBinders/PipeDelimitedCollectionModelBinderTests.cs,False,Direct Analysis
BindModelAsync_EnumArrayQuery_BindValidOnly,176,jellyfin-10.11.6/tests/Jellyfin.Api.Tests/ModelBinders/PipeDelimitedCollectionModelBinderTests.cs,False,Direct Analysis
BindModelAsync_EnumArrayQuery_BindValidOnly_2,201,jellyfin-10.11.6/tests/Jellyfin.Api.Tests/ModelBinders/PipeDelimitedCollectionModelBinderTests.cs,False,Direct Analysis
ShouldAllowScheduleCorrectly,47,jellyfin-10.11.6/tests/Jellyfin.Api.Tests/Auth/IgnoreSchedulePolicy/IgnoreScheduleHandlerTests.cs,False,Direct Analysis
ShouldSucceedOnUser,44,jellyfin-10.11.6/tests/Jellyfin.Api.Tests/Auth/DefaultAuthorizationPolicy/DefaultAuthorizationHandlerTests.cs,False,Direct Analysis
ShouldSucceedOnApiKey,59,jellyfin-10.11.6/tests/Jellyfin.Api.Tests/Auth/DefaultAuthorizationPolicy/DefaultAuthorizationHandlerTests.cs,False,Direct Analysis
GetParts_ValidAuthHeader_Success,86,jellyfin-10.11.6/tests/Jellyfin.Api.Tests/Auth/DefaultAuthorizationPolicy/DefaultAuthorizationHandlerTests.cs,False,Direct Analysis
HandleAuthenticateAsyncShouldProvideNoResultOnAuthenticationException,73,jellyfin-10.11.6/tests/Jellyfin.Api.Tests/Auth/CustomAuthenticationHandlerTests.cs,False,Direct Analysis
HandleAuthenticateAsyncShouldSucceedWithUser,89,jellyfin-10.11.6/tests/Jellyfin.Api.Tests/Auth/CustomAuthenticationHandlerTests.cs,False,Direct Analysis
HandleAuthenticateAsyncShouldAssignNameClaim,99,jellyfin-10.11.6/tests/Jellyfin.Api.Tests/Auth/CustomAuthenticationHandlerTests.cs,False,Direct Analysis
HandleAuthenticateAsyncShouldAssignRoleClaim,111,jellyfin-10.11.6/tests/Jellyfin.Api.Tests/Auth/CustomAuthenticationHandlerTests.cs,False,Direct Analysis
HandleAuthenticateAsyncShouldAssignTicketCorrectScheme,122,jellyfin-10.11.6/tests/Jellyfin.Api.Tests/Auth/CustomAuthenticationHandlerTests.cs,False,Direct Analysis
SetupUser,130,jellyfin-10.11.6/tests/Jellyfin.Api.Tests/Auth/CustomAuthenticationHandlerTests.cs,False,Direct Analysis
AllowFixtureCircularDependencies,148,jellyfin-10.11.6/tests/Jellyfin.Api.Tests/Auth/CustomAuthenticationHandlerTests.cs,False,Direct Analysis
Dispose,138,jellyfin-10.11.6/src/Jellyfin.Networking/Manager/NetworkManager.cs,False,Direct Analysis
OnNetworkAvailabilityChanged,149,jellyfin-10.11.6/src/Jellyfin.Networking/Manager/NetworkManager.cs,False,Direct Analysis
OnNetworkAddressChanged,160,jellyfin-10.11.6/src/Jellyfin.Networking/Manager/NetworkManager.cs,False,Direct Analysis
HandleNetworkChange,169,jellyfin-10.11.6/src/Jellyfin.Networking/Manager/NetworkManager.cs,False,Direct Analysis
OnNetworkChange,185,jellyfin-10.11.6/src/Jellyfin.Networking/Manager/NetworkManager.cs,False,Direct Analysis
InitializeInterfaces,214,jellyfin-10.11.6/src/Jellyfin.Networking/Manager/NetworkManager.cs,False,Direct Analysis
InitializeLan,310,jellyfin-10.11.6/src/Jellyfin.Networking/Manager/NetworkManager.cs,False,Direct Analysis
EnforceBindSettings,356,jellyfin-10.11.6/src/Jellyfin.Networking/Manager/NetworkManager.cs,False,Direct Analysis
InitializeRemote,435,jellyfin-10.11.6/src/Jellyfin.Networking/Manager/NetworkManager.cs,False,Direct Analysis
InitializeOverrides,473,jellyfin-10.11.6/src/Jellyfin.Networking/Manager/NetworkManager.cs,False,Direct Analysis
ConfigurationUpdated,589,jellyfin-10.11.6/src/Jellyfin.Networking/Manager/NetworkManager.cs,False,Direct Analysis
UpdateSettings,602,jellyfin-10.11.6/src/Jellyfin.Networking/Manager/NetworkManager.cs,False,Direct Analysis
Dispose,656,jellyfin-10.11.6/src/Jellyfin.Networking/Manager/NetworkManager.cs,False,Direct Analysis
TryParseInterface,672,jellyfin-10.11.6/src/Jellyfin.Networking/Manager/NetworkManager.cs,False,Direct Analysis
ShouldAllowServerAccess,693,jellyfin-10.11.6/src/Jellyfin.Networking/Manager/NetworkManager.cs,False,Direct Analysis
GetLoopbacks,732,jellyfin-10.11.6/src/Jellyfin.Networking/Manager/NetworkManager.cs,False,Direct Analysis
GetAllBindInterfaces,754,jellyfin-10.11.6/src/Jellyfin.Networking/Manager/NetworkManager.cs,False,Direct Analysis
GetBindAddress,809,jellyfin-10.11.6/src/Jellyfin.Networking/Manager/NetworkManager.cs,False,Direct Analysis
GetBindAddress,821,jellyfin-10.11.6/src/Jellyfin.Networking/Manager/NetworkManager.cs,False,Direct Analysis
GetBindAddress,830,jellyfin-10.11.6/src/Jellyfin.Networking/Manager/NetworkManager.cs,False,Direct Analysis
GetInternalBindAddresses,910,jellyfin-10.11.6/src/Jellyfin.Networking/Manager/NetworkManager.cs,False,Direct Analysis
IsInLocalNetwork,919,jellyfin-10.11.6/src/Jellyfin.Networking/Manager/NetworkManager.cs,False,Direct Analysis
IsInLocalNetwork,942,jellyfin-10.11.6/src/Jellyfin.Networking/Manager/NetworkManager.cs,False,Direct Analysis
CheckIfLanAndNotExcluded,967,jellyfin-10.11.6/src/Jellyfin.Networking/Manager/NetworkManager.cs,False,Direct Analysis
MatchesPublishedServerUrl,995,jellyfin-10.11.6/src/Jellyfin.Networking/Manager/NetworkManager.cs,False,Direct Analysis
MatchesBindInterface,1065,jellyfin-10.11.6/src/Jellyfin.Networking/Manager/NetworkManager.cs,False,Direct Analysis
MatchesExternalInterface,1134,jellyfin-10.11.6/src/Jellyfin.Networking/Manager/NetworkManager.cs,False,Direct Analysis
PrintNetworkInformation,1169,jellyfin-10.11.6/src/Jellyfin.Networking/Manager/NetworkManager.cs,False,Direct Analysis
ExecuteAsync,52,jellyfin-10.11.6/src/Jellyfin.Networking/AutoDiscoveryHost.cs,False,Direct Analysis
ListenForAutoDiscoveryMessage,63,jellyfin-10.11.6/src/Jellyfin.Networking/AutoDiscoveryHost.cs,False,Direct Analysis
RespondToV2Message,98,jellyfin-10.11.6/src/Jellyfin.Networking/AutoDiscoveryHost.cs,False,Direct Analysis
ExecuteAsync,53,jellyfin-10.11.6/src/Jellyfin.MediaEncoding.Hls/ScheduledTasks/KeyframeExtractionScheduledTask.cs,False,Direct Analysis
CreateMainPlaylist,34,jellyfin-10.11.6/src/Jellyfin.MediaEncoding.Hls/Playlist/DynamicHlsPlaylistGenerator.cs,False,Direct Analysis
TryExtractKeyframes,109,jellyfin-10.11.6/src/Jellyfin.MediaEncoding.Hls/Playlist/DynamicHlsPlaylistGenerator.cs,False,Direct Analysis
SaveTunerHost,61,jellyfin-10.11.6/src/Jellyfin.LiveTv/TunerHosts/TunerHostManager.cs,False,Direct Analysis
DiscoverTuners,103,jellyfin-10.11.6/src/Jellyfin.LiveTv/TunerHosts/TunerHostManager.cs,False,Direct Analysis
ScanForTunerDeviceChanges,124,jellyfin-10.11.6/src/Jellyfin.LiveTv/TunerHosts/TunerHostManager.cs,False,Direct Analysis
ScanForTunerDeviceChanges,132,jellyfin-10.11.6/src/Jellyfin.LiveTv/TunerHosts/TunerHostManager.cs,False,Direct Analysis
DiscoverDevices,154,jellyfin-10.11.6/src/Jellyfin.LiveTv/TunerHosts/TunerHostManager.cs,False,Direct Analysis
Open,44,jellyfin-10.11.6/src/Jellyfin.LiveTv/TunerHosts/SharedHttpStream.cs,False,Direct Analysis
StartStreaming,77,jellyfin-10.11.6/src/Jellyfin.LiveTv/TunerHosts/SharedHttpStream.cs,False,Direct Analysis
Resolve,129,jellyfin-10.11.6/src/Jellyfin.LiveTv/TunerHosts/SharedHttpStream.cs,False,Direct Analysis
GetListingsStream,48,jellyfin-10.11.6/src/Jellyfin.LiveTv/TunerHosts/M3uParser.cs,False,Direct Analysis
GetChannelsAsync,72,jellyfin-10.11.6/src/Jellyfin.LiveTv/TunerHosts/M3uParser.cs,False,Direct Analysis
GetChannelsInternal,69,jellyfin-10.11.6/src/Jellyfin.LiveTv/TunerHosts/M3UTunerHost.cs,False,Direct Analysis
GetChannelStream,78,jellyfin-10.11.6/src/Jellyfin.LiveTv/TunerHosts/M3UTunerHost.cs,False,Direct Analysis
Validate,132,jellyfin-10.11.6/src/Jellyfin.LiveTv/TunerHosts/M3UTunerHost.cs,False,Direct Analysis
GetChannelStreamMediaSources,139,jellyfin-10.11.6/src/Jellyfin.LiveTv/TunerHosts/M3UTunerHost.cs,False,Direct Analysis
CreateMediaSourceInfo,144,jellyfin-10.11.6/src/Jellyfin.LiveTv/TunerHosts/M3UTunerHost.cs,False,Direct Analysis
DiscoverDevices,213,jellyfin-10.11.6/src/Jellyfin.LiveTv/TunerHosts/M3UTunerHost.cs,False,Direct Analysis
GetCommands,27,jellyfin-10.11.6/src/Jellyfin.LiveTv/TunerHosts/HdHomerun/LegacyHdHomerunChannelCommands.cs,False,Direct Analysis
GetLineup,73,jellyfin-10.11.6/src/Jellyfin.LiveTv/TunerHosts/HdHomerun/HdHomerunHost.cs,False,Direct Analysis
GetChannelsInternal,87,jellyfin-10.11.6/src/Jellyfin.LiveTv/TunerHosts/HdHomerun/HdHomerunHost.cs,False,Direct Analysis
GetModelInfo,107,jellyfin-10.11.6/src/Jellyfin.LiveTv/TunerHosts/HdHomerun/HdHomerunHost.cs,False,Direct Analysis
GetMediaSource,187,jellyfin-10.11.6/src/Jellyfin.LiveTv/TunerHosts/HdHomerun/HdHomerunHost.cs,False,Direct Analysis
GetChannelStreamMediaSources,345,jellyfin-10.11.6/src/Jellyfin.LiveTv/TunerHosts/HdHomerun/HdHomerunHost.cs,False,Direct Analysis
GetChannelStream,385,jellyfin-10.11.6/src/Jellyfin.LiveTv/TunerHosts/HdHomerun/HdHomerunHost.cs,False,Direct Analysis
Validate,456,jellyfin-10.11.6/src/Jellyfin.LiveTv/TunerHosts/HdHomerun/HdHomerunHost.cs,False,Direct Analysis
DiscoverDevices,481,jellyfin-10.11.6/src/Jellyfin.LiveTv/TunerHosts/HdHomerun/HdHomerunHost.cs,False,Direct Analysis
TryGetTunerHostInfo,535,jellyfin-10.11.6/src/Jellyfin.LiveTv/TunerHosts/HdHomerun/HdHomerunHost.cs,False,Direct Analysis
GetCommands,19,jellyfin-10.11.6/src/Jellyfin.LiveTv/TunerHosts/HdHomerun/HdHomerunChannelCommands.cs,False,Direct Analysis
GetChannels,50,jellyfin-10.11.6/src/Jellyfin.LiveTv/TunerHosts/BaseTunerHost.cs,False,Direct Analysis
GetTunerHosts,70,jellyfin-10.11.6/src/Jellyfin.LiveTv/TunerHosts/BaseTunerHost.cs,False,Direct Analysis
GetChannels,77,jellyfin-10.11.6/src/Jellyfin.LiveTv/TunerHosts/BaseTunerHost.cs,False,Direct Analysis
Deserialize_String_Valid_Success,23,jellyfin-10.11.6/tests/Jellyfin.Extensions.Tests/Json/Converters/JsonStringConverterTests.cs,False,Direct Analysis
Deserialize_Int32asInt32_Valid_Success,30,jellyfin-10.11.6/tests/Jellyfin.Extensions.Tests/Json/Converters/JsonStringConverterTests.cs,False,Direct Analysis
StopTimers,42,jellyfin-10.11.6/src/Jellyfin.LiveTv/Timers/TimerManager.cs,False,Direct Analysis
Delete,52,jellyfin-10.11.6/src/Jellyfin.LiveTv/Timers/TimerManager.cs,False,Direct Analysis
Update,58,jellyfin-10.11.6/src/Jellyfin.LiveTv/Timers/TimerManager.cs,False,Direct Analysis
AddOrUpdate,75,jellyfin-10.11.6/src/Jellyfin.LiveTv/Timers/TimerManager.cs,False,Direct Analysis
Add,81,jellyfin-10.11.6/src/Jellyfin.LiveTv/Timers/TimerManager.cs,False,Direct Analysis
AddOrUpdateSystemTimer,89,jellyfin-10.11.6/src/Jellyfin.LiveTv/Timers/TimerManager.cs,False,Direct Analysis
StartTimer,111,jellyfin-10.11.6/src/Jellyfin.LiveTv/Timers/TimerManager.cs,False,Direct Analysis
TimerCallback,155,jellyfin-10.11.6/src/Jellyfin.LiveTv/Timers/TimerManager.cs,False,Direct Analysis
Add,22,jellyfin-10.11.6/src/Jellyfin.LiveTv/Timers/SeriesTimerManager.cs,False,Direct Analysis
EnsureLoaded,38,jellyfin-10.11.6/src/Jellyfin.LiveTv/Timers/ItemDataProvider.cs,False,Direct Analysis
SaveList,70,jellyfin-10.11.6/src/Jellyfin.LiveTv/Timers/ItemDataProvider.cs,False,Direct Analysis
GetAll,77,jellyfin-10.11.6/src/Jellyfin.LiveTv/Timers/ItemDataProvider.cs,False,Direct Analysis
Update,86,jellyfin-10.11.6/src/Jellyfin.LiveTv/Timers/ItemDataProvider.cs,False,Direct Analysis
Add,106,jellyfin-10.11.6/src/Jellyfin.LiveTv/Timers/ItemDataProvider.cs,False,Direct Analysis
AddOrUpdate,125,jellyfin-10.11.6/src/Jellyfin.LiveTv/Timers/ItemDataProvider.cs,False,Direct Analysis
Delete,145,jellyfin-10.11.6/src/Jellyfin.LiveTv/Timers/ItemDataProvider.cs,False,Direct Analysis
GetActiveRecordingInfo,123,jellyfin-10.11.6/src/Jellyfin.LiveTv/Recordings/RecordingsManager.cs,False,Direct Analysis
GetRecordingFolders,143,jellyfin-10.11.6/src/Jellyfin.LiveTv/Recordings/RecordingsManager.cs,False,Direct Analysis
CreateRecordingFolders,182,jellyfin-10.11.6/src/Jellyfin.LiveTv/Recordings/RecordingsManager.cs,False,Direct Analysis
RemovePathFromLibraryAsync,248,jellyfin-10.11.6/src/Jellyfin.LiveTv/Recordings/RecordingsManager.cs,False,Direct Analysis
CancelRecording,294,jellyfin-10.11.6/src/Jellyfin.LiveTv/Recordings/RecordingsManager.cs,False,Direct Analysis
RecordStream,304,jellyfin-10.11.6/src/Jellyfin.LiveTv/Recordings/RecordingsManager.cs,False,Direct Analysis
Dispose,428,jellyfin-10.11.6/src/Jellyfin.LiveTv/Recordings/RecordingsManager.cs,False,Direct Analysis
OnNamedConfigurationUpdated,445,jellyfin-10.11.6/src/Jellyfin.LiveTv/Recordings/RecordingsManager.cs,False,Direct Analysis
FetchInternetMetadata,453,jellyfin-10.11.6/src/Jellyfin.LiveTv/Recordings/RecordingsManager.cs,False,Direct Analysis
GetRecordingPath,476,jellyfin-10.11.6/src/Jellyfin.LiveTv/Recordings/RecordingsManager.cs,False,Direct Analysis
DeleteFileIfEmpty,587,jellyfin-10.11.6/src/Jellyfin.LiveTv/Recordings/RecordingsManager.cs,False,Direct Analysis
TriggerRefresh,604,jellyfin-10.11.6/src/Jellyfin.LiveTv/Recordings/RecordingsManager.cs,False,Direct Analysis
GetAffectedBaseItem,629,jellyfin-10.11.6/src/Jellyfin.LiveTv/Recordings/RecordingsManager.cs,False,Direct Analysis
EnforceKeepUpTo,653,jellyfin-10.11.6/src/Jellyfin.LiveTv/Recordings/RecordingsManager.cs,False,Direct Analysis
DeleteLibraryItemsForTimers,730,jellyfin-10.11.6/src/Jellyfin.LiveTv/Recordings/RecordingsManager.cs,False,Direct Analysis
DeleteLibraryItemForTimer,750,jellyfin-10.11.6/src/Jellyfin.LiveTv/Recordings/RecordingsManager.cs,False,Direct Analysis
EnsureFileUnique,771,jellyfin-10.11.6/src/Jellyfin.LiveTv/Recordings/RecordingsManager.cs,False,Direct Analysis
GetRecorder,791,jellyfin-10.11.6/src/Jellyfin.LiveTv/Recordings/RecordingsManager.cs,False,Direct Analysis
PostProcessRecording,803,jellyfin-10.11.6/src/Jellyfin.LiveTv/Recordings/RecordingsManager.cs,False,Direct Analysis
GetLogFile_FileDoesNotExist_ReturnsNotFound,16,jellyfin-10.11.6/tests/Jellyfin.Api.Tests/Controllers/SystemControllerTests.cs,False,Direct Analysis
StartAsync,29,jellyfin-10.11.6/src/Jellyfin.LiveTv/Recordings/RecordingsHost.cs,False,Direct Analysis
StartAsync,47,jellyfin-10.11.6/src/Jellyfin.LiveTv/Recordings/RecordingNotifier.cs,False,Direct Analysis
StopAsync,58,jellyfin-10.11.6/src/Jellyfin.LiveTv/Recordings/RecordingNotifier.cs,False,Direct Analysis
SendMessage,80,jellyfin-10.11.6/src/Jellyfin.LiveTv/Recordings/RecordingNotifier.cs,False,Direct Analysis
SaveRecordingMetadata,57,jellyfin-10.11.6/src/Jellyfin.LiveTv/Recordings/RecordingsMetadataManager.cs,False,Direct Analysis
GetTimerInfoDto,52,jellyfin-10.11.6/src/Jellyfin.LiveTv/LiveTvDtoService.cs,False,Direct Analysis
GetSeriesTimerInfoDto,115,jellyfin-10.11.6/src/Jellyfin.LiveTv/LiveTvDtoService.cs,False,Direct Analysis
FillImages,161,jellyfin-10.11.6/src/Jellyfin.LiveTv/LiveTvDtoService.cs,False,Direct Analysis
FillImages,255,jellyfin-10.11.6/src/Jellyfin.LiveTv/LiveTvDtoService.cs,False,Direct Analysis
GetImageTag,389,jellyfin-10.11.6/src/Jellyfin.LiveTv/LiveTvDtoService.cs,False,Direct Analysis
GetInternalChannelId,403,jellyfin-10.11.6/src/Jellyfin.LiveTv/LiveTvDtoService.cs,False,Direct Analysis
GetInternalProgramId,424,jellyfin-10.11.6/src/Jellyfin.LiveTv/LiveTvDtoService.cs,False,Direct Analysis
GetTimerInfo,431,jellyfin-10.11.6/src/Jellyfin.LiveTv/LiveTvDtoService.cs,False,Direct Analysis
GetSeriesTimerInfo,493,jellyfin-10.11.6/src/Jellyfin.LiveTv/LiveTvDtoService.cs,False,Direct Analysis
GetLanguage,50,jellyfin-10.11.6/src/Jellyfin.LiveTv/Listings/XmlTvListingsProvider.cs,False,Direct Analysis
GetXml,60,jellyfin-10.11.6/src/Jellyfin.LiveTv/Listings/XmlTvListingsProvider.cs,False,Direct Analysis
UnzipIfNeededAndCopy,104,jellyfin-10.11.6/src/Jellyfin.LiveTv/Listings/XmlTvListingsProvider.cs,False,Direct Analysis
Deserialize_Valid_Success,19,jellyfin-10.11.6/tests/Jellyfin.Extensions.Tests/Json/Converters/JsonGuidConverterTests.cs,False,Direct Analysis
Deserialize_ValidDashed_Success,26,jellyfin-10.11.6/tests/Jellyfin.Extensions.Tests/Json/Converters/JsonGuidConverterTests.cs,False,Direct Analysis
Roundtrip_Valid_Success,33,jellyfin-10.11.6/tests/Jellyfin.Extensions.Tests/Json/Converters/JsonGuidConverterTests.cs,False,Direct Analysis
Deserialize_Null_EmptyGuid,41,jellyfin-10.11.6/tests/Jellyfin.Extensions.Tests/Json/Converters/JsonGuidConverterTests.cs,False,Direct Analysis
Serialize_EmptyGuid_EmptyGuid,47,jellyfin-10.11.6/tests/Jellyfin.Extensions.Tests/Json/Converters/JsonGuidConverterTests.cs,False,Direct Analysis
Serialize_Valid_NoDash_Success,53,jellyfin-10.11.6/tests/Jellyfin.Extensions.Tests/Json/Converters/JsonGuidConverterTests.cs,False,Direct Analysis
Serialize_Nullable_Success,61,jellyfin-10.11.6/tests/Jellyfin.Extensions.Tests/Json/Converters/JsonGuidConverterTests.cs,False,Direct Analysis
GetProgramsAsync,77,jellyfin-10.11.6/src/Jellyfin.LiveTv/Listings/SchedulesDirect.cs,False,Direct Analysis
GetProgram,223,jellyfin-10.11.6/src/Jellyfin.LiveTv/Listings/SchedulesDirect.cs,False,Direct Analysis
GetImageForPrograms,449,jellyfin-10.11.6/src/Jellyfin.LiveTv/Listings/SchedulesDirect.cs,False,Direct Analysis
GetHeadends,489,jellyfin-10.11.6/src/Jellyfin.LiveTv/Listings/SchedulesDirect.cs,False,Direct Analysis
GetToken,533,jellyfin-10.11.6/src/Jellyfin.LiveTv/Listings/SchedulesDirect.cs,False,Direct Analysis
Request,593,jellyfin-10.11.6/src/Jellyfin.LiveTv/Listings/SchedulesDirect.cs,False,Direct Analysis
GetTokenInternal,631,jellyfin-10.11.6/src/Jellyfin.LiveTv/Listings/SchedulesDirect.cs,False,Direct Analysis
AddLineupToAccount,655,jellyfin-10.11.6/src/Jellyfin.LiveTv/Listings/SchedulesDirect.cs,False,Direct Analysis
HasLineup,679,jellyfin-10.11.6/src/Jellyfin.LiveTv/Listings/SchedulesDirect.cs,False,Direct Analysis
Validate,709,jellyfin-10.11.6/src/Jellyfin.LiveTv/Listings/SchedulesDirect.cs,False,Direct Analysis
GetLineups,730,jellyfin-10.11.6/src/Jellyfin.LiveTv/Listings/SchedulesDirect.cs,False,Direct Analysis
GetChannels,735,jellyfin-10.11.6/src/Jellyfin.LiveTv/Listings/SchedulesDirect.cs,False,Direct Analysis
Dispose,789,jellyfin-10.11.6/src/Jellyfin.LiveTv/Listings/SchedulesDirect.cs,False,Direct Analysis
Dispose,799,jellyfin-10.11.6/src/Jellyfin.LiveTv/Listings/SchedulesDirect.cs,False,Direct Analysis
CopyToAsync,14,jellyfin-10.11.6/src/Jellyfin.LiveTv/IO/StreamHelper.cs,False,Direct Analysis
CopyToAsync,39,jellyfin-10.11.6/src/Jellyfin.LiveTv/IO/StreamHelper.cs,False,Direct Analysis
CopyUntilCancelled,84,jellyfin-10.11.6/src/Jellyfin.LiveTv/IO/StreamHelper.cs,False,Direct Analysis
GetOutputPath,56,jellyfin-10.11.6/src/Jellyfin.LiveTv/IO/EncodedRecorder.cs,False,Direct Analysis
Record,61,jellyfin-10.11.6/src/Jellyfin.LiveTv/IO/EncodedRecorder.cs,False,Direct Analysis
RecordFromFile,72,jellyfin-10.11.6/src/Jellyfin.LiveTv/IO/EncodedRecorder.cs,False,Direct Analysis
GetCommandLineArgs,129,jellyfin-10.11.6/src/Jellyfin.LiveTv/IO/EncodedRecorder.cs,False,Direct Analysis
Stop,202,jellyfin-10.11.6/src/Jellyfin.LiveTv/IO/EncodedRecorder.cs,False,Direct Analysis
OnFfMpegProcessExited,257,jellyfin-10.11.6/src/Jellyfin.LiveTv/IO/EncodedRecorder.cs,False,Direct Analysis
StartStreamingLog,287,jellyfin-10.11.6/src/Jellyfin.LiveTv/IO/EncodedRecorder.cs,False,Direct Analysis
Dispose,309,jellyfin-10.11.6/src/Jellyfin.LiveTv/IO/EncodedRecorder.cs,False,Direct Analysis
Dispose,319,jellyfin-10.11.6/src/Jellyfin.LiveTv/IO/EncodedRecorder.cs,False,Direct Analysis
GetOutputPath,30,jellyfin-10.11.6/src/Jellyfin.LiveTv/IO/DirectRecorder.cs,False,Direct Analysis
Record,35,jellyfin-10.11.6/src/Jellyfin.LiveTv/IO/DirectRecorder.cs,False,Direct Analysis
RecordFromDirectStreamProvider,45,jellyfin-10.11.6/src/Jellyfin.LiveTv/IO/DirectRecorder.cs,False,Direct Analysis
RecordFromMediaSource,82,jellyfin-10.11.6/src/Jellyfin.LiveTv/IO/DirectRecorder.cs,False,Direct Analysis
Dispose,114,jellyfin-10.11.6/src/Jellyfin.LiveTv/IO/DirectRecorder.cs,False,Direct Analysis
GetDefaultTriggers,63,jellyfin-10.11.6/src/Jellyfin.LiveTv/Guide/RefreshGuideScheduledTask.cs,False,Direct Analysis
GetGuideInfo,82,jellyfin-10.11.6/src/Jellyfin.LiveTv/Guide/GuideManager.cs,False,Direct Analysis
RefreshGuide,95,jellyfin-10.11.6/src/Jellyfin.LiveTv/Guide/GuideManager.cs,False,Direct Analysis
GetGuideDays,161,jellyfin-10.11.6/src/Jellyfin.LiveTv/Guide/GuideManager.cs,False,Direct Analysis
RefreshChannelsInternal,170,jellyfin-10.11.6/src/Jellyfin.LiveTv/Guide/GuideManager.cs,False,Direct Analysis
CleanDatabase,331,jellyfin-10.11.6/src/Jellyfin.LiveTv/Guide/GuideManager.cs,False,Direct Analysis
GetChannel,375,jellyfin-10.11.6/src/Jellyfin.LiveTv/Guide/GuideManager.cs,False,Direct Analysis
RefreshTimers,88,jellyfin-10.11.6/src/Jellyfin.LiveTv/DefaultLiveTvService.cs,False,Direct Analysis
GetChannelsAsync,119,jellyfin-10.11.6/src/Jellyfin.LiveTv/DefaultLiveTvService.cs,False,Direct Analysis
GetChannelsAsync,142,jellyfin-10.11.6/src/Jellyfin.LiveTv/DefaultLiveTvService.cs,False,Direct Analysis
CancelSeriesTimerAsync,147,jellyfin-10.11.6/src/Jellyfin.LiveTv/DefaultLiveTvService.cs,False,Direct Analysis
CancelTimerInternal,168,jellyfin-10.11.6/src/Jellyfin.LiveTv/DefaultLiveTvService.cs,False,Direct Analysis
CancelTimerAsync,199,jellyfin-10.11.6/src/Jellyfin.LiveTv/DefaultLiveTvService.cs,False,Direct Analysis
CreateSeriesTimerAsync,205,jellyfin-10.11.6/src/Jellyfin.LiveTv/DefaultLiveTvService.cs,False,Direct Analysis
CreateTimerAsync,210,jellyfin-10.11.6/src/Jellyfin.LiveTv/DefaultLiveTvService.cs,False,Direct Analysis
CreateTimer,215,jellyfin-10.11.6/src/Jellyfin.LiveTv/DefaultLiveTvService.cs,False,Direct Analysis
CreateSeriesTimer,263,jellyfin-10.11.6/src/Jellyfin.LiveTv/DefaultLiveTvService.cs,False,Direct Analysis
UpdateSeriesTimerAsync,312,jellyfin-10.11.6/src/Jellyfin.LiveTv/DefaultLiveTvService.cs,False,Direct Analysis
UpdateTimerAsync,342,jellyfin-10.11.6/src/Jellyfin.LiveTv/DefaultLiveTvService.cs,False,Direct Analysis
GetTimersAsync,392,jellyfin-10.11.6/src/Jellyfin.LiveTv/DefaultLiveTvService.cs,False,Direct Analysis
GetNewTimerDefaultsAsync,405,jellyfin-10.11.6/src/Jellyfin.LiveTv/DefaultLiveTvService.cs,False,Direct Analysis
GetSeriesTimersAsync,443,jellyfin-10.11.6/src/Jellyfin.LiveTv/DefaultLiveTvService.cs,False,Direct Analysis
GetProgramsAsync,448,jellyfin-10.11.6/src/Jellyfin.LiveTv/DefaultLiveTvService.cs,False,Direct Analysis
GetChannelStream,457,jellyfin-10.11.6/src/Jellyfin.LiveTv/DefaultLiveTvService.cs,False,Direct Analysis
GetChannelStreamWithDirectStreamProvider,462,jellyfin-10.11.6/src/Jellyfin.LiveTv/DefaultLiveTvService.cs,False,Direct Analysis
GetChannelStreamMediaSources,504,jellyfin-10.11.6/src/Jellyfin.LiveTv/DefaultLiveTvService.cs,False,Direct Analysis
CloseLiveStream,530,jellyfin-10.11.6/src/Jellyfin.LiveTv/DefaultLiveTvService.cs,False,Direct Analysis
ResetTuner,535,jellyfin-10.11.6/src/Jellyfin.LiveTv/DefaultLiveTvService.cs,False,Direct Analysis
OnTimerManagerTimerFired,540,jellyfin-10.11.6/src/Jellyfin.LiveTv/DefaultLiveTvService.cs,False,Direct Analysis
GetLiveTvChannel,598,jellyfin-10.11.6/src/Jellyfin.LiveTv/DefaultLiveTvService.cs,False,Direct Analysis
GetProgramInfoFromCache,604,jellyfin-10.11.6/src/Jellyfin.LiveTv/DefaultLiveTvService.cs,False,Direct Analysis
GetProgramInfoFromCache,621,jellyfin-10.11.6/src/Jellyfin.LiveTv/DefaultLiveTvService.cs,False,Direct Analysis
HandleDuplicateShowIds,671,jellyfin-10.11.6/src/Jellyfin.LiveTv/DefaultLiveTvService.cs,False,Direct Analysis
UpdateTimersForSeriesTimer,709,jellyfin-10.11.6/src/Jellyfin.LiveTv/DefaultLiveTvService.cs,False,Direct Analysis
GetTimersForSeries,803,jellyfin-10.11.6/src/Jellyfin.LiveTv/DefaultLiveTvService.cs,False,Direct Analysis
CreateTimer,833,jellyfin-10.11.6/src/Jellyfin.LiveTv/DefaultLiveTvService.cs,False,Direct Analysis
CopyProgramInfoToTimerInfo,892,jellyfin-10.11.6/src/Jellyfin.LiveTv/DefaultLiveTvService.cs,False,Direct Analysis
GetConfigurations,13,jellyfin-10.11.6/src/Jellyfin.LiveTv/Configuration/LiveTvConfigurationFactory.cs,False,Direct Analysis
ExecuteAsync,64,jellyfin-10.11.6/src/Jellyfin.LiveTv/Channels/RefreshChannelsScheduledTask.cs,False,Direct Analysis
GetDefaultTriggers,75,jellyfin-10.11.6/src/Jellyfin.LiveTv/Channels/RefreshChannelsScheduledTask.cs,False,Direct Analysis
EnableMediaSourceDisplay,100,jellyfin-10.11.6/src/Jellyfin.LiveTv/Channels/ChannelManager.cs,False,Direct Analysis
CanDelete,109,jellyfin-10.11.6/src/Jellyfin.LiveTv/Channels/ChannelManager.cs,False,Direct Analysis
DeleteItem,118,jellyfin-10.11.6/src/Jellyfin.LiveTv/Channels/ChannelManager.cs,False,Direct Analysis
GetAllChannels,136,jellyfin-10.11.6/src/Jellyfin.LiveTv/Channels/ChannelManager.cs,False,Direct Analysis
GetChannelsInternalAsync,152,jellyfin-10.11.6/src/Jellyfin.LiveTv/Channels/ChannelManager.cs,False,Direct Analysis
GetChannelsAsync,265,jellyfin-10.11.6/src/Jellyfin.LiveTv/Channels/ChannelManager.cs,False,Direct Analysis
RefreshChannels,292,jellyfin-10.11.6/src/Jellyfin.LiveTv/Channels/ChannelManager.cs,False,Direct Analysis
GetSavedMediaSources,331,jellyfin-10.11.6/src/Jellyfin.LiveTv/Channels/ChannelManager.cs,False,Direct Analysis
SaveMediaSources,347,jellyfin-10.11.6/src/Jellyfin.LiveTv/Channels/ChannelManager.cs,False,Direct Analysis
GetStaticMediaSources,374,jellyfin-10.11.6/src/Jellyfin.LiveTv/Channels/ChannelManager.cs,False,Direct Analysis
GetChannelItemMediaSourcesInternal,411,jellyfin-10.11.6/src/Jellyfin.LiveTv/Channels/ChannelManager.cs,False,Direct Analysis
GetChannel,433,jellyfin-10.11.6/src/Jellyfin.LiveTv/Channels/ChannelManager.cs,False,Direct Analysis
GetChannel,522,jellyfin-10.11.6/src/Jellyfin.LiveTv/Channels/ChannelManager.cs,False,Direct Analysis
GetChannel,528,jellyfin-10.11.6/src/Jellyfin.LiveTv/Channels/ChannelManager.cs,False,Direct Analysis
GetAllChannelFeatures,534,jellyfin-10.11.6/src/Jellyfin.LiveTv/Channels/ChannelManager.cs,False,Direct Analysis
GetChannelFeatures,545,jellyfin-10.11.6/src/Jellyfin.LiveTv/Channels/ChannelManager.cs,False,Direct Analysis
GetChannelFeaturesDto,565,jellyfin-10.11.6/src/Jellyfin.LiveTv/Channels/ChannelManager.cs,False,Direct Analysis
GetInternalChannelId,586,jellyfin-10.11.6/src/Jellyfin.LiveTv/Channels/ChannelManager.cs,False,Direct Analysis
GetLatestChannelItems,594,jellyfin-10.11.6/src/Jellyfin.LiveTv/Channels/ChannelManager.cs,False,Direct Analysis
GetLatestChannelItemsInternal,612,jellyfin-10.11.6/src/Jellyfin.LiveTv/Channels/ChannelManager.cs,False,Direct Analysis
GetChannelItemsInternal,691,jellyfin-10.11.6/src/Jellyfin.LiveTv/Channels/ChannelManager.cs,False,Direct Analysis
GetChannelItems,764,jellyfin-10.11.6/src/Jellyfin.LiveTv/Channels/ChannelManager.cs,False,Direct Analysis
GetChannelItems,778,jellyfin-10.11.6/src/Jellyfin.LiveTv/Channels/ChannelManager.cs,False,Direct Analysis
GetMediaSources,30,jellyfin-10.11.6/src/Jellyfin.LiveTv/Channels/ChannelDynamicMediaSourceProvider.cs,False,Direct Analysis
OpenMediaSource,38,jellyfin-10.11.6/src/Jellyfin.LiveTv/Channels/ChannelDynamicMediaSourceProvider.cs,False,Direct Analysis
CanConvert,13,jellyfin-10.11.6/src/Jellyfin.Extensions/Json/Converters/JsonNullableStructConverterFactory.cs,False,Direct Analysis
CreateConverter,21,jellyfin-10.11.6/src/Jellyfin.Extensions/Json/Converters/JsonNullableStructConverterFactory.cs,False,Direct Analysis
Write,17,jellyfin-10.11.6/src/Jellyfin.Extensions/Json/Converters/JsonNullableGuidConverter.cs,False,Direct Analysis
Read,17,jellyfin-10.11.6/src/Jellyfin.Extensions/Json/Converters/JsonFlagEnumConverter.cs,False,Direct Analysis
Write,23,jellyfin-10.11.6/src/Jellyfin.Extensions/Json/Converters/JsonFlagEnumConverter.cs,False,Direct Analysis
CanConvert,17,jellyfin-10.11.6/src/Jellyfin.Extensions/Json/Converters/JsonDefaultStringEnumConverterFactory.cs,False,Direct Analysis
CreateConverter,24,jellyfin-10.11.6/src/Jellyfin.Extensions/Json/Converters/JsonDefaultStringEnumConverterFactory.cs,False,Direct Analysis
Read,28,jellyfin-10.11.6/src/Jellyfin.Extensions/Json/Converters/JsonDefaultStringEnumConverter.cs,False,Direct Analysis
Write,45,jellyfin-10.11.6/src/Jellyfin.Extensions/Json/Converters/JsonDefaultStringEnumConverter.cs,False,Direct Analysis
CanConvert,17,jellyfin-10.11.6/src/Jellyfin.Extensions/Json/Converters/JsonCommaDelimitedCollectionConverterFactory.cs,False,Direct Analysis
CreateConverter,25,jellyfin-10.11.6/src/Jellyfin.Extensions/Json/Converters/JsonCommaDelimitedCollectionConverterFactory.cs,False,Direct Analysis
SeriesStatusParserTest_Valid,16,jellyfin-10.11.6/tests/Jellyfin.Naming.Tests/TV/TvParserHelpersTest.cs,False,Direct Analysis
SeriesStatusParserTest_InValid,25,jellyfin-10.11.6/tests/Jellyfin.Naming.Tests/TV/TvParserHelpersTest.cs,False,Direct Analysis
Read,16,jellyfin-10.11.6/src/Jellyfin.Extensions/Json/Converters/JsonBoolStringConverter.cs,False,Direct Analysis
Test,20,jellyfin-10.11.6/tests/Jellyfin.Naming.Tests/TV/DailyEpisodeTests.cs,False,Direct Analysis
ProcessImage,119,jellyfin-10.11.6/src/Jellyfin.Drawing/ImageProcessor.cs,False,Direct Analysis
GetImageDimensions,357,jellyfin-10.11.6/src/Jellyfin.Drawing/ImageProcessor.cs,False,Direct Analysis
GetImageBlurHash,382,jellyfin-10.11.6/src/Jellyfin.Drawing/ImageProcessor.cs,False,Direct Analysis
GetImageBlurHash,389,jellyfin-10.11.6/src/Jellyfin.Drawing/ImageProcessor.cs,False,Direct Analysis
GetImageCacheTag,421,jellyfin-10.11.6/src/Jellyfin.Drawing/ImageProcessor.cs,False,Direct Analysis
GetImageCacheTag,432,jellyfin-10.11.6/src/Jellyfin.Drawing/ImageProcessor.cs,False,Direct Analysis
GetImageCacheTag,448,jellyfin-10.11.6/src/Jellyfin.Drawing/ImageProcessor.cs,False,Direct Analysis
CreateImageCollage,525,jellyfin-10.11.6/src/Jellyfin.Drawing/ImageProcessor.cs,False,Direct Analysis
Dispose,535,jellyfin-10.11.6/src/Jellyfin.Drawing/ImageProcessor.cs,False,Direct Analysis
BuildThumbCollageBitmap,97,jellyfin-10.11.6/src/Jellyfin.Drawing.Skia/StripCollageBuilder.cs,False,Direct Analysis
GenerateCollage,57,jellyfin-10.11.6/src/Jellyfin.Drawing.Skia/SplashscreenBuilder.cs,False,Direct Analysis
Transform3D,141,jellyfin-10.11.6/src/Jellyfin.Drawing.Skia/SplashscreenBuilder.cs,False,Direct Analysis
Initialise,43,jellyfin-10.11.6/src/Jellyfin.Database/Jellyfin.Database.Providers.Sqlite/SqliteDatabaseProvider.cs,False,Direct Analysis
RunScheduledOptimisation,99,jellyfin-10.11.6/src/Jellyfin.Database/Jellyfin.Database.Providers.Sqlite/SqliteDatabaseProvider.cs,False,Direct Analysis
OnModelCreating,113,jellyfin-10.11.6/src/Jellyfin.Database/Jellyfin.Database.Providers.Sqlite/SqliteDatabaseProvider.cs,False,Direct Analysis
RunShutdownTask,119,jellyfin-10.11.6/src/Jellyfin.Database/Jellyfin.Database.Providers.Sqlite/SqliteDatabaseProvider.cs,False,Direct Analysis
ConfigureConventions,137,jellyfin-10.11.6/src/Jellyfin.Database/Jellyfin.Database.Providers.Sqlite/SqliteDatabaseProvider.cs,False,Direct Analysis
MigrationBackupFast,143,jellyfin-10.11.6/src/Jellyfin.Database/Jellyfin.Database.Providers.Sqlite/SqliteDatabaseProvider.cs,False,Direct Analysis
RestoreBackupFast,156,jellyfin-10.11.6/src/Jellyfin.Database/Jellyfin.Database.Providers.Sqlite/SqliteDatabaseProvider.cs,False,Direct Analysis
DeleteBackup,174,jellyfin-10.11.6/src/Jellyfin.Database/Jellyfin.Database.Providers.Sqlite/SqliteDatabaseProvider.cs,False,Direct Analysis
PurgeDatabase,189,jellyfin-10.11.6/src/Jellyfin.Database/Jellyfin.Database.Providers.Sqlite/SqliteDatabaseProvider.cs,False,Direct Analysis
ConnectionOpened,52,jellyfin-10.11.6/src/Jellyfin.Database/Jellyfin.Database.Providers.Sqlite/PragmaConnectionInterceptor.cs,False,Direct Analysis
BuildCommandText,80,jellyfin-10.11.6/src/Jellyfin.Database/Jellyfin.Database.Providers.Sqlite/PragmaConnectionInterceptor.cs,False,Direct Analysis
BuildModel,15,jellyfin-10.11.6/src/Jellyfin.Database/Jellyfin.Database.Providers.Sqlite/Migrations/JellyfinDbModelSnapshot.cs,False,Direct Analysis
BuildTargetModel,18,jellyfin-10.11.6/src/Jellyfin.Database/Jellyfin.Database.Providers.Sqlite/Migrations/20250925203415_ExtendPeopleMapKey.Designer.cs,False,Direct Analysis
Up,11,jellyfin-10.11.6/src/Jellyfin.Database/Jellyfin.Database.Providers.Sqlite/Migrations/20250925203415_ExtendPeopleMapKey.cs,False,Direct Analysis
Down,34,jellyfin-10.11.6/src/Jellyfin.Database/Jellyfin.Database.Providers.Sqlite/Migrations/20250925203415_ExtendPeopleMapKey.cs,False,Direct Analysis
CanConvert,17,jellyfin-10.11.6/src/Jellyfin.Extensions/Json/Converters/JsonPipeDelimitedCollectionConverterFactory.cs,False,Direct Analysis
CreateConverter,25,jellyfin-10.11.6/src/Jellyfin.Extensions/Json/Converters/JsonPipeDelimitedCollectionConverterFactory.cs,False,Direct Analysis
BuildTargetModel,18,jellyfin-10.11.6/src/Jellyfin.Database/Jellyfin.Database.Providers.Sqlite/Migrations/20250714044826_ResetJournalMode.Designer.cs,False,Direct Analysis
Up,11,jellyfin-10.11.6/src/Jellyfin.Database/Jellyfin.Database.Providers.Sqlite/Migrations/20250714044826_ResetJournalMode.cs,False,Direct Analysis
Down,18,jellyfin-10.11.6/src/Jellyfin.Database/Jellyfin.Database.Providers.Sqlite/Migrations/20250714044826_ResetJournalMode.cs,False,Direct Analysis
BuildTargetModel,18,jellyfin-10.11.6/src/Jellyfin.Database/Jellyfin.Database.Providers.Sqlite/Migrations/20250622170802_BaseItemImageInfoDateModifiedNullable.Designer.cs,False,Direct Analysis
Up,12,jellyfin-10.11.6/src/Jellyfin.Database/Jellyfin.Database.Providers.Sqlite/Migrations/20250622170802_BaseItemImageInfoDateModifiedNullable.cs,False,Direct Analysis
Down,24,jellyfin-10.11.6/src/Jellyfin.Database/Jellyfin.Database.Providers.Sqlite/Migrations/20250622170802_BaseItemImageInfoDateModifiedNullable.cs,False,Direct Analysis
BuildTargetModel,18,jellyfin-10.11.6/src/Jellyfin.Database/Jellyfin.Database.Providers.Sqlite/Migrations/20250405075612_FixItemValuesIndices.Designer.cs,False,Direct Analysis
Up,11,jellyfin-10.11.6/src/Jellyfin.Database/Jellyfin.Database.Providers.Sqlite/Migrations/20250405075612_FixItemValuesIndices.cs,False,Direct Analysis
Down,30,jellyfin-10.11.6/src/Jellyfin.Database/Jellyfin.Database.Providers.Sqlite/Migrations/20250405075612_FixItemValuesIndices.cs,False,Direct Analysis
BuildTargetModel,18,jellyfin-10.11.6/src/Jellyfin.Database/Jellyfin.Database.Providers.Sqlite/Migrations/20250401142247_FixAncestors.Designer.cs,False,Direct Analysis
Up,11,jellyfin-10.11.6/src/Jellyfin.Database/Jellyfin.Database.Providers.Sqlite/Migrations/20250401142247_FixAncestors.cs,False,Direct Analysis
Down,16,jellyfin-10.11.6/src/Jellyfin.Database/Jellyfin.Database.Providers.Sqlite/Migrations/20250401142247_FixAncestors.cs,False,Direct Analysis
BuildTargetModel,18,jellyfin-10.11.6/src/Jellyfin.Database/Jellyfin.Database.Providers.Sqlite/Migrations/20250331182844_FixAttachmentMigration.Designer.cs,False,Direct Analysis
Up,11,jellyfin-10.11.6/src/Jellyfin.Database/Jellyfin.Database.Providers.Sqlite/Migrations/20250331182844_FixAttachmentMigration.cs,False,Direct Analysis
Down,23,jellyfin-10.11.6/src/Jellyfin.Database/Jellyfin.Database.Providers.Sqlite/Migrations/20250331182844_FixAttachmentMigration.cs,False,Direct Analysis
BuildTargetModel,18,jellyfin-10.11.6/src/Jellyfin.Database/Jellyfin.Database.Providers.Sqlite/Migrations/20250327171413_AddHdr10PlusFlag.Designer.cs,False,Direct Analysis
Up,11,jellyfin-10.11.6/src/Jellyfin.Database/Jellyfin.Database.Providers.Sqlite/Migrations/20250327171413_AddHdr10PlusFlag.cs,False,Direct Analysis
Down,21,jellyfin-10.11.6/src/Jellyfin.Database/Jellyfin.Database.Providers.Sqlite/Migrations/20250327171413_AddHdr10PlusFlag.cs,False,Direct Analysis
BuildTargetModel,18,jellyfin-10.11.6/src/Jellyfin.Database/Jellyfin.Database.Providers.Sqlite/Migrations/20250327101120_AddKeyframeData.Designer.cs,False,Direct Analysis
Up,12,jellyfin-10.11.6/src/Jellyfin.Database/Jellyfin.Database.Providers.Sqlite/Migrations/20250327101120_AddKeyframeData.cs,False,Direct Analysis
Down,35,jellyfin-10.11.6/src/Jellyfin.Database/Jellyfin.Database.Providers.Sqlite/Migrations/20250327101120_AddKeyframeData.cs,False,Direct Analysis
BuildTargetModel,18,jellyfin-10.11.6/src/Jellyfin.Database/Jellyfin.Database.Providers.Sqlite/Migrations/20250214031148_ChannelIdGuid.Designer.cs,False,Direct Analysis
Up,11,jellyfin-10.11.6/src/Jellyfin.Database/Jellyfin.Database.Providers.Sqlite/Migrations/20250214031148_ChannelIdGuid.cs,False,Direct Analysis
Down,17,jellyfin-10.11.6/src/Jellyfin.Database/Jellyfin.Database.Providers.Sqlite/Migrations/20250214031148_ChannelIdGuid.cs,False,Direct Analysis
BuildTargetModel,18,jellyfin-10.11.6/src/Jellyfin.Database/Jellyfin.Database.Providers.Sqlite/Migrations/20250204092455_MakeStartEndDateNullable.Designer.cs,False,Direct Analysis
Up,12,jellyfin-10.11.6/src/Jellyfin.Database/Jellyfin.Database.Providers.Sqlite/Migrations/20250204092455_MakeStartEndDateNullable.cs,False,Direct Analysis
Down,32,jellyfin-10.11.6/src/Jellyfin.Database/Jellyfin.Database.Providers.Sqlite/Migrations/20250204092455_MakeStartEndDateNullable.cs,False,Direct Analysis
BuildTargetModel,18,jellyfin-10.11.6/src/Jellyfin.Database/Jellyfin.Database.Providers.Sqlite/Migrations/20250202021306_FixedCollation.Designer.cs,False,Direct Analysis
Up,11,jellyfin-10.11.6/src/Jellyfin.Database/Jellyfin.Database.Providers.Sqlite/Migrations/20250202021306_FixedCollation.cs,False,Direct Analysis
Down,26,jellyfin-10.11.6/src/Jellyfin.Database/Jellyfin.Database.Providers.Sqlite/Migrations/20250202021306_FixedCollation.cs,False,Direct Analysis
BuildTargetModel,18,jellyfin-10.11.6/src/Jellyfin.Database/Jellyfin.Database.Providers.Sqlite/Migrations/20241113133548_EnforceUniqueItemValue.Designer.cs,False,Direct Analysis
Up,11,jellyfin-10.11.6/src/Jellyfin.Database/Jellyfin.Database.Providers.Sqlite/Migrations/20241113133548_EnforceUniqueItemValue.cs,False,Direct Analysis
Down,25,jellyfin-10.11.6/src/Jellyfin.Database/Jellyfin.Database.Providers.Sqlite/Migrations/20241113133548_EnforceUniqueItemValue.cs,False,Direct Analysis
BuildTargetModel,18,jellyfin-10.11.6/src/Jellyfin.Database/Jellyfin.Database.Providers.Sqlite/Migrations/20241112234144_FixMediaStreams2.Designer.cs,False,Direct Analysis
Up,11,jellyfin-10.11.6/src/Jellyfin.Database/Jellyfin.Database.Providers.Sqlite/Migrations/20241112234144_FixMediaStreams2.cs,False,Direct Analysis
Down,71,jellyfin-10.11.6/src/Jellyfin.Database/Jellyfin.Database.Providers.Sqlite/Migrations/20241112234144_FixMediaStreams2.cs,False,Direct Analysis
BuildTargetModel,18,jellyfin-10.11.6/src/Jellyfin.Database/Jellyfin.Database.Providers.Sqlite/Migrations/20241020103111_LibraryDbMigration.Designer.cs,False,Direct Analysis
Up,12,jellyfin-10.11.6/src/Jellyfin.Database/Jellyfin.Database.Providers.Sqlite/Migrations/20241020103111_LibraryDbMigration.cs,False,Direct Analysis
Down,594,jellyfin-10.11.6/src/Jellyfin.Database/Jellyfin.Database.Providers.Sqlite/Migrations/20241020103111_LibraryDbMigration.cs,False,Direct Analysis
BuildTargetModel,18,jellyfin-10.11.6/src/Jellyfin.Database/Jellyfin.Database.Providers.Sqlite/Migrations/20240729140605_AddMediaSegments.Designer.cs,False,Direct Analysis
Up,12,jellyfin-10.11.6/src/Jellyfin.Database/Jellyfin.Database.Providers.Sqlite/Migrations/20240729140605_AddMediaSegments.cs,False,Direct Analysis
Down,32,jellyfin-10.11.6/src/Jellyfin.Database/Jellyfin.Database.Providers.Sqlite/Migrations/20240729140605_AddMediaSegments.cs,False,Direct Analysis
BuildTargetModel,17,jellyfin-10.11.6/src/Jellyfin.Database/Jellyfin.Database.Providers.Sqlite/Migrations/20210814002109_AddDevices.Designer.cs,False,Direct Analysis
Up,10,jellyfin-10.11.6/src/Jellyfin.Database/Jellyfin.Database.Providers.Sqlite/Migrations/20210814002109_AddDevices.cs,False,Direct Analysis
Down,113,jellyfin-10.11.6/src/Jellyfin.Database/Jellyfin.Database.Providers.Sqlite/Migrations/20210814002109_AddDevices.cs,False,Direct Analysis
BuildTargetModel,16,jellyfin-10.11.6/src/Jellyfin.Database/Jellyfin.Database.Providers.Sqlite/Migrations/20210407110544_NullableCustomPrefValue.Designer.cs,False,Direct Analysis
Up,9,jellyfin-10.11.6/src/Jellyfin.Database/Jellyfin.Database.Providers.Sqlite/Migrations/20210407110544_NullableCustomPrefValue.cs,False,Direct Analysis
Down,21,jellyfin-10.11.6/src/Jellyfin.Database/Jellyfin.Database.Providers.Sqlite/Migrations/20210407110544_NullableCustomPrefValue.cs,False,Direct Analysis
BuildTargetModel,16,jellyfin-10.11.6/src/Jellyfin.Database/Jellyfin.Database.Providers.Sqlite/Migrations/20201204223655_AddCustomDisplayPreferences.Designer.cs,False,Direct Analysis
Up,10,jellyfin-10.11.6/src/Jellyfin.Database/Jellyfin.Database.Providers.Sqlite/Migrations/20201204223655_AddCustomDisplayPreferences.cs,False,Direct Analysis
Down,75,jellyfin-10.11.6/src/Jellyfin.Database/Jellyfin.Database.Providers.Sqlite/Migrations/20201204223655_AddCustomDisplayPreferences.cs,False,Direct Analysis
TestApplicationFolder,57,jellyfin-10.11.6/tests/Jellyfin.Server.Implementations.Tests/Library/CoreResolutionIgnoreRuleTest.cs,False,Direct Analysis
TestTopLevelDirectory,69,jellyfin-10.11.6/tests/Jellyfin.Server.Implementations.Tests/Library/CoreResolutionIgnoreRuleTest.cs,False,Direct Analysis
TestIgnorePatterns,81,jellyfin-10.11.6/tests/Jellyfin.Server.Implementations.Tests/Library/CoreResolutionIgnoreRuleTest.cs,False,Direct Analysis
TestExtrasTypesFolderNames,93,jellyfin-10.11.6/tests/Jellyfin.Server.Implementations.Tests/Library/CoreResolutionIgnoreRuleTest.cs,False,Direct Analysis
TestThemeSong,119,jellyfin-10.11.6/tests/Jellyfin.Server.Implementations.Tests/Library/CoreResolutionIgnoreRuleTest.cs,False,Direct Analysis
TryExtractKeyframes,43,jellyfin-10.11.6/src/Jellyfin.MediaEncoding.Hls/Cache/CacheDecorator.cs,False,Direct Analysis
BuildTargetModel,17,jellyfin-10.11.6/src/Jellyfin.Database/Jellyfin.Database.Providers.Sqlite/Migrations/20200905220533_FixDisplayPreferencesIndex.Designer.cs,False,Direct Analysis
Up,10,jellyfin-10.11.6/src/Jellyfin.Database/Jellyfin.Database.Providers.Sqlite/Migrations/20200905220533_FixDisplayPreferencesIndex.cs,False,Direct Analysis
Down,31,jellyfin-10.11.6/src/Jellyfin.Database/Jellyfin.Database.Providers.Sqlite/Migrations/20200905220533_FixDisplayPreferencesIndex.cs,False,Direct Analysis
BuildTargetModel,17,jellyfin-10.11.6/src/Jellyfin.Database/Jellyfin.Database.Providers.Sqlite/Migrations/20200728005145_AddDisplayPreferences.Designer.cs,False,Direct Analysis
Up,11,jellyfin-10.11.6/src/Jellyfin.Database/Jellyfin.Database.Providers.Sqlite/Migrations/20200728005145_AddDisplayPreferences.cs,False,Direct Analysis
Down,117,jellyfin-10.11.6/src/Jellyfin.Database/Jellyfin.Database.Providers.Sqlite/Migrations/20200728005145_AddDisplayPreferences.cs,False,Direct Analysis
BuildTargetModel,17,jellyfin-10.11.6/src/Jellyfin.Database/Jellyfin.Database.Providers.Sqlite/Migrations/20200613202153_AddUsers.Designer.cs,False,Direct Analysis
Up,11,jellyfin-10.11.6/src/Jellyfin.Database/Jellyfin.Database.Providers.Sqlite/Migrations/20200613202153_AddUsers.cs,False,Direct Analysis
Down,174,jellyfin-10.11.6/src/Jellyfin.Database/Jellyfin.Database.Providers.Sqlite/Migrations/20200613202153_AddUsers.cs,False,Direct Analysis
MusicGenres_FakeMusicGenre_NotFound,18,jellyfin-10.11.6/tests/Jellyfin.Server.Integration.Tests/Controllers/MusicGenreControllerTests.cs,False,Direct Analysis
TestNetworks,76,jellyfin-10.11.6/tests/Jellyfin.Server.Tests/ParseNetworkTests.cs,False,Direct Analysis
OnSaveChanges,38,jellyfin-10.11.6/src/Jellyfin.Database/Jellyfin.Database.Implementations/Locking/PessimisticLockBehavior.cs,False,Direct Analysis
Initialise,47,jellyfin-10.11.6/src/Jellyfin.Database/Jellyfin.Database.Implementations/Locking/PessimisticLockBehavior.cs,False,Direct Analysis
OnSaveChangesAsync,55,jellyfin-10.11.6/src/Jellyfin.Database/Jellyfin.Database.Implementations/Locking/PessimisticLockBehavior.cs,False,Direct Analysis
SeriesPathParserParseTest,21,jellyfin-10.11.6/tests/Jellyfin.Naming.Tests/TV/SeriesPathParserTest.cs,False,Direct Analysis
RetryHandle,65,jellyfin-10.11.6/src/Jellyfin.Database/Jellyfin.Database.Implementations/Locking/OptimisticLockBehavior.cs,False,Direct Analysis
Initialise,79,jellyfin-10.11.6/src/Jellyfin.Database/Jellyfin.Database.Implementations/Locking/OptimisticLockBehavior.cs,False,Direct Analysis
OnSaveChanges,87,jellyfin-10.11.6/src/Jellyfin.Database/Jellyfin.Database.Implementations/Locking/OptimisticLockBehavior.cs,False,Direct Analysis
OnSaveChangesAsync,93,jellyfin-10.11.6/src/Jellyfin.Database/Jellyfin.Database.Implementations/Locking/OptimisticLockBehavior.cs,False,Direct Analysis
Serialize_Transcode_Reason,22,jellyfin-10.11.6/tests/Jellyfin.Extensions.Tests/Json/Converters/JsonFlagEnumTests.cs,False,Direct Analysis
OnSavingChanges,335,jellyfin-10.11.6/src/Jellyfin.Database/Jellyfin.Database.Implementations/Entities/User.cs,False,Direct Analysis
OnSavingChanges,62,jellyfin-10.11.6/src/Jellyfin.Database/Jellyfin.Database.Implementations/Entities/Libraries/Release.cs,False,Direct Analysis
OnSavingChanges,54,jellyfin-10.11.6/src/Jellyfin.Database/Jellyfin.Database.Implementations/Entities/Libraries/Rating.cs,False,Direct Analysis
OnSavingChanges,63,jellyfin-10.11.6/src/Jellyfin.Database/Jellyfin.Database.Implementations/Entities/Permission.cs,False,Direct Analysis
CompareTo_Same_Success,9,jellyfin-10.11.6/tests/Jellyfin.Naming.Tests/AudioBook/AudioBookFileInfoTests.cs,False,Direct Analysis
CompareTo_Null_Success,16,jellyfin-10.11.6/tests/Jellyfin.Naming.Tests/AudioBook/AudioBookFileInfoTests.cs,False,Direct Analysis
CompareTo_Empty_Success,23,jellyfin-10.11.6/tests/Jellyfin.Naming.Tests/AudioBook/AudioBookFileInfoTests.cs,False,Direct Analysis
OnSavingChanges,58,jellyfin-10.11.6/src/Jellyfin.Database/Jellyfin.Database.Implementations/Entities/Libraries/MetadataProviderId.cs,False,Direct Analysis
OnSavingChanges,48,jellyfin-10.11.6/src/Jellyfin.Database/Jellyfin.Database.Implementations/Entities/Libraries/MetadataProvider.cs,False,Direct Analysis
OnSavingChanges,45,jellyfin-10.11.6/src/Jellyfin.Database/Jellyfin.Database.Implementations/Entities/Libraries/MediaFileStream.cs,False,Direct Analysis
Read,15,jellyfin-10.11.6/src/Jellyfin.Extensions/Json/Converters/JsonDateTimeConverter.cs,False,Direct Analysis
Write,21,jellyfin-10.11.6/src/Jellyfin.Extensions/Json/Converters/JsonDateTimeConverter.cs,False,Direct Analysis
OnSavingChanges,67,jellyfin-10.11.6/src/Jellyfin.Database/Jellyfin.Database.Implementations/Entities/Libraries/MediaFile.cs,False,Direct Analysis
OnSavingChanges,55,jellyfin-10.11.6/src/Jellyfin.Database/Jellyfin.Database.Implementations/Entities/Libraries/Library.cs,False,Direct Analysis
OnSavingChanges,136,jellyfin-10.11.6/src/Jellyfin.Database/Jellyfin.Database.Implementations/Entities/Libraries/ItemMetadata.cs,False,Direct Analysis
OnSavingChanges,59,jellyfin-10.11.6/src/Jellyfin.Database/Jellyfin.Database.Implementations/Entities/Libraries/CollectionItem.cs,False,Direct Analysis
OnSavingChanges,52,jellyfin-10.11.6/src/Jellyfin.Database/Jellyfin.Database.Implementations/Entities/Libraries/Collection.cs,False,Direct Analysis
BuildTargetModel,18,jellyfin-10.11.6/src/Jellyfin.Database/Jellyfin.Database.Providers.Sqlite/Migrations/20230526173516_RemoveEasyPassword.Designer.cs,False,Direct Analysis
Up,11,jellyfin-10.11.6/src/Jellyfin.Database/Jellyfin.Database.Providers.Sqlite/Migrations/20230526173516_RemoveEasyPassword.cs,False,Direct Analysis
Down,85,jellyfin-10.11.6/src/Jellyfin.Database/Jellyfin.Database.Providers.Sqlite/Migrations/20230526173516_RemoveEasyPassword.cs,False,Direct Analysis
OnSavingChanges,75,jellyfin-10.11.6/src/Jellyfin.Database/Jellyfin.Database.Implementations/Entities/Libraries/Chapter.cs,False,Direct Analysis
BuildTargetModel,18,jellyfin-10.11.6/src/Jellyfin.Database/Jellyfin.Database.Providers.Sqlite/Migrations/20240928082930_MarkSegmentProviderIdNonNullable.Designer.cs,False,Direct Analysis
Up,11,jellyfin-10.11.6/src/Jellyfin.Database/Jellyfin.Database.Providers.Sqlite/Migrations/20240928082930_MarkSegmentProviderIdNonNullable.cs,False,Direct Analysis
Down,25,jellyfin-10.11.6/src/Jellyfin.Database/Jellyfin.Database.Providers.Sqlite/Migrations/20240928082930_MarkSegmentProviderIdNonNullable.cs,False,Direct Analysis
WriteCustomElements,53,jellyfin-10.11.6/MediaBrowser.XbmcMetadata/Savers/SeriesNfoSaver.cs,False,Direct Analysis
GetTagsUsed,91,jellyfin-10.11.6/MediaBrowser.XbmcMetadata/Savers/SeriesNfoSaver.cs,False,Direct Analysis
WriteCustomElements,53,jellyfin-10.11.6/MediaBrowser.XbmcMetadata/Savers/EpisodeNfoSaver.cs,False,Direct Analysis
GetTagsUsed,112,jellyfin-10.11.6/MediaBrowser.XbmcMetadata/Savers/EpisodeNfoSaver.cs,False,Direct Analysis
GetTagsUsed,175,jellyfin-10.11.6/MediaBrowser.XbmcMetadata/Savers/BaseNfoSaver.cs,False,Direct Analysis
SaveAsync,188,jellyfin-10.11.6/MediaBrowser.XbmcMetadata/Savers/BaseNfoSaver.cs,False,Direct Analysis
SaveToFileAsync,204,jellyfin-10.11.6/MediaBrowser.XbmcMetadata/Savers/BaseNfoSaver.cs,False,Direct Analysis
SetHidden,233,jellyfin-10.11.6/MediaBrowser.XbmcMetadata/Savers/BaseNfoSaver.cs,False,Direct Analysis
Save,245,jellyfin-10.11.6/MediaBrowser.XbmcMetadata/Savers/BaseNfoSaver.cs,False,Direct Analysis
AddCommonNodes,432,jellyfin-10.11.6/MediaBrowser.XbmcMetadata/Savers/BaseNfoSaver.cs,False,Direct Analysis
WriteCustomElements,55,jellyfin-10.11.6/MediaBrowser.XbmcMetadata/Savers/AlbumNfoSaver.cs,False,Direct Analysis
GetTagsUsed,109,jellyfin-10.11.6/MediaBrowser.XbmcMetadata/Savers/AlbumNfoSaver.cs,False,Direct Analysis
Fetch,58,jellyfin-10.11.6/MediaBrowser.XbmcMetadata/Providers/SeriesNfoSeasonProvider.cs,False,Direct Analysis
GetXmlFile,64,jellyfin-10.11.6/MediaBrowser.XbmcMetadata/Providers/SeriesNfoSeasonProvider.cs,False,Direct Analysis
Fetch,54,jellyfin-10.11.6/MediaBrowser.XbmcMetadata/Providers/EpisodeNfoProvider.cs,False,Direct Analysis
GetXmlFile,60,jellyfin-10.11.6/MediaBrowser.XbmcMetadata/Providers/EpisodeNfoProvider.cs,False,Direct Analysis
Fetch,45,jellyfin-10.11.6/MediaBrowser.XbmcMetadata/Providers/BaseVideoNfoProvider.cs,False,Direct Analysis
GetXmlFile,60,jellyfin-10.11.6/MediaBrowser.XbmcMetadata/Providers/BaseVideoNfoProvider.cs,False,Direct Analysis
GetMetadata,28,jellyfin-10.11.6/MediaBrowser.XbmcMetadata/Providers/BaseNfoProvider.cs,False,Direct Analysis
HasChanged,67,jellyfin-10.11.6/MediaBrowser.XbmcMetadata/Providers/BaseNfoProvider.cs,False,Direct Analysis
Fetch,54,jellyfin-10.11.6/MediaBrowser.XbmcMetadata/Providers/ArtistNfoProvider.cs,False,Direct Analysis
FetchDataFromXmlNode,40,jellyfin-10.11.6/MediaBrowser.XbmcMetadata/Parsers/SeriesNfoSeasonParser.cs,False,Direct Analysis
FetchDataFromXmlNode,37,jellyfin-10.11.6/MediaBrowser.XbmcMetadata/Parsers/SeasonNfoParser.cs,False,Direct Analysis
FetchDataFromXmlNode,45,jellyfin-10.11.6/MediaBrowser.XbmcMetadata/Parsers/MovieNfoParser.cs,False,Direct Analysis
Fetch,41,jellyfin-10.11.6/MediaBrowser.XbmcMetadata/Parsers/EpisodeNfoParser.cs,False,Direct Analysis
FetchDataFromXmlNode,114,jellyfin-10.11.6/MediaBrowser.XbmcMetadata/Parsers/EpisodeNfoParser.cs,False,Direct Analysis
Fetch,88,jellyfin-10.11.6/MediaBrowser.XbmcMetadata/Parsers/BaseNfoParser.cs,False,Direct Analysis
Fetch,123,jellyfin-10.11.6/MediaBrowser.XbmcMetadata/Parsers/BaseNfoParser.cs,False,Direct Analysis
FetchDataFromXmlNode,263,jellyfin-10.11.6/MediaBrowser.XbmcMetadata/Parsers/BaseNfoParser.cs,False,Direct Analysis
FetchThumbNode,657,jellyfin-10.11.6/MediaBrowser.XbmcMetadata/Parsers/BaseNfoParser.cs,False,Direct Analysis
FetchFromVideoNode,793,jellyfin-10.11.6/MediaBrowser.XbmcMetadata/Parsers/BaseNfoParser.cs,False,Direct Analysis
FetchFromSubtitleNode,859,jellyfin-10.11.6/MediaBrowser.XbmcMetadata/Parsers/BaseNfoParser.cs,False,Direct Analysis
StartAsync,45,jellyfin-10.11.6/MediaBrowser.XbmcMetadata/NfoUserDataSaver.cs,False,Direct Analysis
StopAsync,52,jellyfin-10.11.6/MediaBrowser.XbmcMetadata/NfoUserDataSaver.cs,False,Direct Analysis
OnUserDataSaved,58,jellyfin-10.11.6/MediaBrowser.XbmcMetadata/NfoUserDataSaver.cs,False,Direct Analysis
HasChanged,54,jellyfin-10.11.6/MediaBrowser.Providers/Trickplay/TrickplayProvider.cs,False,Direct Analysis
FetchAsync,69,jellyfin-10.11.6/MediaBrowser.Providers/Trickplay/TrickplayProvider.cs,False,Direct Analysis
FetchAsync,75,jellyfin-10.11.6/MediaBrowser.Providers/Trickplay/TrickplayProvider.cs,False,Direct Analysis
FetchAsync,81,jellyfin-10.11.6/MediaBrowser.Providers/Trickplay/TrickplayProvider.cs,False,Direct Analysis
FetchAsync,87,jellyfin-10.11.6/MediaBrowser.Providers/Trickplay/TrickplayProvider.cs,False,Direct Analysis
FetchAsync,93,jellyfin-10.11.6/MediaBrowser.Providers/Trickplay/TrickplayProvider.cs,False,Direct Analysis
FetchInternal,98,jellyfin-10.11.6/MediaBrowser.Providers/Trickplay/TrickplayProvider.cs,False,Direct Analysis
ExecuteAsync,61,jellyfin-10.11.6/MediaBrowser.Providers/Trickplay/TrickplayMoveImagesTask.cs,False,Direct Analysis
GetDefaultTriggers,60,jellyfin-10.11.6/MediaBrowser.Providers/Trickplay/TrickplayImagesTask.cs,False,Direct Analysis
ExecuteAsync,73,jellyfin-10.11.6/MediaBrowser.Providers/Trickplay/TrickplayImagesTask.cs,False,Direct Analysis
BeforeSaveInternal,49,jellyfin-10.11.6/MediaBrowser.Providers/TV/SeasonMetadataService.cs,False,Direct Analysis
UpdateMetadataFromChildren,93,jellyfin-10.11.6/MediaBrowser.Providers/TV/SeasonMetadataService.cs,False,Direct Analysis
BeforeSaveInternal,43,jellyfin-10.11.6/MediaBrowser.Providers/TV/EpisodeMetadataService.cs,False,Direct Analysis
MergeData,86,jellyfin-10.11.6/MediaBrowser.Providers/TV/EpisodeMetadataService.cs,False,Direct Analysis
SearchSubtitles,60,jellyfin-10.11.6/MediaBrowser.Providers/Subtitles/SubtitleManager.cs,False,Direct Analysis
DownloadSubtitles,131,jellyfin-10.11.6/MediaBrowser.Providers/Subtitles/SubtitleManager.cs,False,Direct Analysis
DownloadSubtitles,139,jellyfin-10.11.6/MediaBrowser.Providers/Subtitles/SubtitleManager.cs,False,Direct Analysis
UploadSubtitle,172,jellyfin-10.11.6/MediaBrowser.Providers/Subtitles/SubtitleManager.cs,False,Direct Analysis
TrySaveSubtitle,178,jellyfin-10.11.6/MediaBrowser.Providers/Subtitles/SubtitleManager.cs,False,Direct Analysis
GetExternalUrls,21,jellyfin-10.11.6/MediaBrowser.Providers/Plugins/Tmdb/TmdbExternalUrlProvider.cs,False,Direct Analysis
Supports,43,jellyfin-10.11.6/MediaBrowser.Providers/Plugins/Tmdb/TV/TmdbSeriesImageProvider.cs,False,Direct Analysis
GetImages,58,jellyfin-10.11.6/MediaBrowser.Providers/Plugins/Tmdb/TV/TmdbSeriesImageProvider.cs,False,Direct Analysis
GetImageResponse,92,jellyfin-10.11.6/MediaBrowser.Providers/Plugins/Tmdb/TV/TmdbSeriesImageProvider.cs,False,Direct Analysis
GetSeasonNumberFromEpisodeFileTest,57,jellyfin-10.11.6/tests/Jellyfin.Naming.Tests/TV/SeasonNumberTests.cs,False,Direct Analysis
GetMetadata,42,jellyfin-10.11.6/MediaBrowser.Providers/Plugins/Tmdb/TV/TmdbSeasonProvider.cs,False,Direct Analysis
GetSearchResults,160,jellyfin-10.11.6/MediaBrowser.Providers/Plugins/Tmdb/TV/TmdbSeasonProvider.cs,False,Direct Analysis
GetImageResponse,166,jellyfin-10.11.6/MediaBrowser.Providers/Plugins/Tmdb/TV/TmdbSeasonProvider.cs,False,Direct Analysis
Supports,43,jellyfin-10.11.6/MediaBrowser.Providers/Plugins/Tmdb/TV/TmdbSeasonImageProvider.cs,False,Direct Analysis
GetSupportedImages,49,jellyfin-10.11.6/MediaBrowser.Providers/Plugins/Tmdb/TV/TmdbSeasonImageProvider.cs,False,Direct Analysis
GetImages,55,jellyfin-10.11.6/MediaBrowser.Providers/Plugins/Tmdb/TV/TmdbSeasonImageProvider.cs,False,Direct Analysis
GetImageResponse,84,jellyfin-10.11.6/MediaBrowser.Providers/Plugins/Tmdb/TV/TmdbSeasonImageProvider.cs,False,Direct Analysis
GetSearchResults,47,jellyfin-10.11.6/MediaBrowser.Providers/Plugins/Tmdb/TV/TmdbEpisodeProvider.cs,False,Direct Analysis
GetMetadata,81,jellyfin-10.11.6/MediaBrowser.Providers/Plugins/Tmdb/TV/TmdbEpisodeProvider.cs,False,Direct Analysis
GetImageResponse,317,jellyfin-10.11.6/MediaBrowser.Providers/Plugins/Tmdb/TV/TmdbEpisodeProvider.cs,False,Direct Analysis
OnSavingChanges,75,jellyfin-10.11.6/src/Jellyfin.Database/Jellyfin.Database.Implementations/Entities/Libraries/PersonRole.cs,False,Direct Analysis
Supports,42,jellyfin-10.11.6/MediaBrowser.Providers/Plugins/Tmdb/TV/TmdbEpisodeImageProvider.cs,False,Direct Analysis
GetSupportedImages,48,jellyfin-10.11.6/MediaBrowser.Providers/Plugins/Tmdb/TV/TmdbEpisodeImageProvider.cs,False,Direct Analysis
GetImages,54,jellyfin-10.11.6/MediaBrowser.Providers/Plugins/Tmdb/TV/TmdbEpisodeImageProvider.cs,False,Direct Analysis
GetImageResponse,91,jellyfin-10.11.6/MediaBrowser.Providers/Plugins/Tmdb/TV/TmdbEpisodeImageProvider.cs,False,Direct Analysis
GetSearchResults,38,jellyfin-10.11.6/MediaBrowser.Providers/Plugins/Tmdb/People/TmdbPersonProvider.cs,False,Direct Analysis
GetMetadata,86,jellyfin-10.11.6/MediaBrowser.Providers/Plugins/Tmdb/People/TmdbPersonProvider.cs,False,Direct Analysis
GetImageResponse,139,jellyfin-10.11.6/MediaBrowser.Providers/Plugins/Tmdb/People/TmdbPersonProvider.cs,False,Direct Analysis
Supports,41,jellyfin-10.11.6/MediaBrowser.Providers/Plugins/Tmdb/People/TmdbPersonImageProvider.cs,False,Direct Analysis
GetSupportedImages,47,jellyfin-10.11.6/MediaBrowser.Providers/Plugins/Tmdb/People/TmdbPersonImageProvider.cs,False,Direct Analysis
GetImages,53,jellyfin-10.11.6/MediaBrowser.Providers/Plugins/Tmdb/People/TmdbPersonImageProvider.cs,False,Direct Analysis
GetImageResponse,74,jellyfin-10.11.6/MediaBrowser.Providers/Plugins/Tmdb/People/TmdbPersonImageProvider.cs,False,Direct Analysis
Supports,23,jellyfin-10.11.6/MediaBrowser.Providers/Plugins/Tmdb/People/TmdbPersonExternalId.cs,False,Direct Analysis
GetSearchResults,54,jellyfin-10.11.6/MediaBrowser.Providers/Plugins/Tmdb/Movies/TmdbMovieProvider.cs,False,Direct Analysis
GetMetadata,146,jellyfin-10.11.6/MediaBrowser.Providers/Plugins/Tmdb/Movies/TmdbMovieProvider.cs,False,Direct Analysis
GetImageResponse,373,jellyfin-10.11.6/MediaBrowser.Providers/Plugins/Tmdb/Movies/TmdbMovieProvider.cs,False,Direct Analysis
GetSearchResults,43,jellyfin-10.11.6/MediaBrowser.Providers/Plugins/Tmdb/BoxSets/TmdbBoxSetProvider.cs,False,Direct Analysis
GetMetadata,94,jellyfin-10.11.6/MediaBrowser.Providers/Plugins/Tmdb/BoxSets/TmdbBoxSetProvider.cs,False,Direct Analysis
GetImageResponse,139,jellyfin-10.11.6/MediaBrowser.Providers/Plugins/Tmdb/BoxSets/TmdbBoxSetProvider.cs,False,Direct Analysis
Supports,43,jellyfin-10.11.6/MediaBrowser.Providers/Plugins/Tmdb/BoxSets/TmdbBoxSetImageProvider.cs,False,Direct Analysis
GetImages,57,jellyfin-10.11.6/MediaBrowser.Providers/Plugins/Tmdb/BoxSets/TmdbBoxSetImageProvider.cs,False,Direct Analysis
GetImageResponse,87,jellyfin-10.11.6/MediaBrowser.Providers/Plugins/Tmdb/BoxSets/TmdbBoxSetImageProvider.cs,False,Direct Analysis
TmdbClientConfiguration,36,jellyfin-10.11.6/MediaBrowser.Providers/Plugins/Tmdb/Api/TmdbController.cs,False,Direct Analysis
GetRootObject,232,jellyfin-10.11.6/MediaBrowser.Providers/Plugins/Omdb/OmdbProvider.cs,False,Direct Analysis
GetSeasonRootObject,242,jellyfin-10.11.6/MediaBrowser.Providers/Plugins/Omdb/OmdbProvider.cs,False,Direct Analysis
EnsureItemInfo,291,jellyfin-10.11.6/MediaBrowser.Providers/Plugins/Omdb/OmdbProvider.cs,False,Direct Analysis
EnsureSeasonInfo,333,jellyfin-10.11.6/MediaBrowser.Providers/Plugins/Omdb/OmdbProvider.cs,False,Direct Analysis
GetDataFilePath,376,jellyfin-10.11.6/MediaBrowser.Providers/Plugins/Omdb/OmdbProvider.cs,False,Direct Analysis
GetSeasonFilePath,387,jellyfin-10.11.6/MediaBrowser.Providers/Plugins/Omdb/OmdbProvider.cs,False,Direct Analysis
GetSearchResults,58,jellyfin-10.11.6/MediaBrowser.Providers/Plugins/Omdb/OmdbItemProvider.cs,False,Direct Analysis
GetSearchResults,63,jellyfin-10.11.6/MediaBrowser.Providers/Plugins/Omdb/OmdbItemProvider.cs,False,Direct Analysis
GetSearchResults,68,jellyfin-10.11.6/MediaBrowser.Providers/Plugins/Omdb/OmdbItemProvider.cs,False,Direct Analysis
GetSearchResults,73,jellyfin-10.11.6/MediaBrowser.Providers/Plugins/Omdb/OmdbItemProvider.cs,False,Direct Analysis
GetSearchResultsInternal,78,jellyfin-10.11.6/MediaBrowser.Providers/Plugins/Omdb/OmdbItemProvider.cs,False,Direct Analysis
GetMetadata,168,jellyfin-10.11.6/MediaBrowser.Providers/Plugins/Omdb/OmdbItemProvider.cs,False,Direct Analysis
GetMetadata,173,jellyfin-10.11.6/MediaBrowser.Providers/Plugins/Omdb/OmdbItemProvider.cs,False,Direct Analysis
GetMetadata,178,jellyfin-10.11.6/MediaBrowser.Providers/Plugins/Omdb/OmdbItemProvider.cs,False,Direct Analysis
ResultToMetadataResult,183,jellyfin-10.11.6/MediaBrowser.Providers/Plugins/Omdb/OmdbItemProvider.cs,False,Direct Analysis
GetResult,215,jellyfin-10.11.6/MediaBrowser.Providers/Plugins/Omdb/OmdbItemProvider.cs,False,Direct Analysis
GetImageResponse,249,jellyfin-10.11.6/MediaBrowser.Providers/Plugins/Omdb/OmdbItemProvider.cs,False,Direct Analysis
GetSupportedImages,39,jellyfin-10.11.6/MediaBrowser.Providers/Plugins/Omdb/OmdbImageProvider.cs,False,Direct Analysis
GetImages,44,jellyfin-10.11.6/MediaBrowser.Providers/Plugins/Omdb/OmdbImageProvider.cs,False,Direct Analysis
GetImageResponse,70,jellyfin-10.11.6/MediaBrowser.Providers/Plugins/Omdb/OmdbImageProvider.cs,False,Direct Analysis
Supports,75,jellyfin-10.11.6/MediaBrowser.Providers/Plugins/Omdb/OmdbImageProvider.cs,False,Direct Analysis
Read,14,jellyfin-10.11.6/MediaBrowser.Providers/Plugins/Omdb/JsonOmdbNotAvailableStringConverter.cs,False,Direct Analysis
Write,37,jellyfin-10.11.6/MediaBrowser.Providers/Plugins/Omdb/JsonOmdbNotAvailableStringConverter.cs,False,Direct Analysis
ReloadConfig,45,jellyfin-10.11.6/MediaBrowser.Providers/Plugins/MusicBrainz/MusicBrainzArtistProvider.cs,False,Direct Analysis
GetSearchResults,69,jellyfin-10.11.6/MediaBrowser.Providers/Plugins/MusicBrainz/MusicBrainzArtistProvider.cs,False,Direct Analysis
GetResultFromResponse,113,jellyfin-10.11.6/MediaBrowser.Providers/Plugins/MusicBrainz/MusicBrainzArtistProvider.cs,False,Direct Analysis
GetMetadata,129,jellyfin-10.11.6/MediaBrowser.Providers/Plugins/MusicBrainz/MusicBrainzArtistProvider.cs,False,Direct Analysis
GetImageResponse,163,jellyfin-10.11.6/MediaBrowser.Providers/Plugins/MusicBrainz/MusicBrainzArtistProvider.cs,False,Direct Analysis
Dispose,169,jellyfin-10.11.6/MediaBrowser.Providers/Plugins/MusicBrainz/MusicBrainzArtistProvider.cs,False,Direct Analysis
Dispose,179,jellyfin-10.11.6/MediaBrowser.Providers/Plugins/MusicBrainz/MusicBrainzArtistProvider.cs,False,Direct Analysis
GetExternalUrls,18,jellyfin-10.11.6/MediaBrowser.Providers/Plugins/MusicBrainz/MusicBrainzArtistExternalUrlProvider.cs,False,Direct Analysis
CanConvert,14,jellyfin-10.11.6/src/Jellyfin.Extensions/Json/Converters/JsonFlagEnumConverterFactory.cs,False,Direct Analysis
CreateConverter,20,jellyfin-10.11.6/src/Jellyfin.Extensions/Json/Converters/JsonFlagEnumConverterFactory.cs,False,Direct Analysis
ReloadConfig,48,jellyfin-10.11.6/MediaBrowser.Providers/Plugins/MusicBrainz/MusicBrainzAlbumProvider.cs,False,Direct Analysis
GetSearchResults,72,jellyfin-10.11.6/MediaBrowser.Providers/Plugins/MusicBrainz/MusicBrainzAlbumProvider.cs,False,Direct Analysis
GetReleaseGroupResult,131,jellyfin-10.11.6/MediaBrowser.Providers/Plugins/MusicBrainz/MusicBrainzAlbumProvider.cs,False,Direct Analysis
GetReleaseResult,146,jellyfin-10.11.6/MediaBrowser.Providers/Plugins/MusicBrainz/MusicBrainzAlbumProvider.cs,False,Direct Analysis
GetMetadata,192,jellyfin-10.11.6/MediaBrowser.Providers/Plugins/MusicBrainz/MusicBrainzAlbumProvider.cs,False,Direct Analysis
GetImageResponse,281,jellyfin-10.11.6/MediaBrowser.Providers/Plugins/MusicBrainz/MusicBrainzAlbumProvider.cs,False,Direct Analysis
Dispose,287,jellyfin-10.11.6/MediaBrowser.Providers/Plugins/MusicBrainz/MusicBrainzAlbumProvider.cs,False,Direct Analysis
Dispose,297,jellyfin-10.11.6/MediaBrowser.Providers/Plugins/MusicBrainz/MusicBrainzAlbumProvider.cs,False,Direct Analysis
GetExternalUrls,18,jellyfin-10.11.6/MediaBrowser.Providers/Plugins/MusicBrainz/MusicBrainzAlbumArtistExternalUrlProvider.cs,False,Direct Analysis
GetPages,32,jellyfin-10.11.6/MediaBrowser.Providers/Plugins/AudioDb/Plugin.cs,False,Direct Analysis
GetPages,56,jellyfin-10.11.6/MediaBrowser.Providers/Plugins/MusicBrainz/Plugin.cs,False,Direct Analysis
GetPages,32,jellyfin-10.11.6/MediaBrowser.Providers/Plugins/Omdb/Plugin.cs,False,Direct Analysis
GetPages,54,jellyfin-10.11.6/MediaBrowser.Providers/Plugins/StudioImages/Plugin.cs,False,Direct Analysis
GetPages,51,jellyfin-10.11.6/MediaBrowser.Providers/Plugins/Tmdb/Plugin.cs,False,Direct Analysis
GetSupportedImages,43,jellyfin-10.11.6/MediaBrowser.Providers/Plugins/AudioDb/AudioDbArtistImageProvider.cs,False,Direct Analysis
GetImages,55,jellyfin-10.11.6/MediaBrowser.Providers/Plugins/AudioDb/AudioDbArtistImageProvider.cs,False,Direct Analysis
GetExternalUrls,18,jellyfin-10.11.6/MediaBrowser.Providers/Plugins/AudioDb/AudioDbArtistExternalUrlProvider.cs,False,Direct Analysis
GetMetadata,60,jellyfin-10.11.6/MediaBrowser.Providers/Plugins/AudioDb/AudioDbAlbumProvider.cs,False,Direct Analysis
GetExternalUrls,18,jellyfin-10.11.6/MediaBrowser.Providers/Plugins/AudioDb/AudioDbAlbumExternalUrlProvider.cs,False,Direct Analysis
GetMetadata,54,jellyfin-10.11.6/MediaBrowser.Providers/Playlists/PlaylistItemsProvider.cs,False,Direct Analysis
GetItems,96,jellyfin-10.11.6/MediaBrowser.Providers/Playlists/PlaylistItemsProvider.cs,False,Direct Analysis
GetLinkedChild,176,jellyfin-10.11.6/MediaBrowser.Providers/Playlists/PlaylistItemsProvider.cs,False,Direct Analysis
TryGetPlaylistItemPath,190,jellyfin-10.11.6/MediaBrowser.Providers/Playlists/PlaylistItemsProvider.cs,False,Direct Analysis
HasChanged,212,jellyfin-10.11.6/MediaBrowser.Providers/Playlists/PlaylistItemsProvider.cs,False,Direct Analysis
ToUrl_Original,26,jellyfin-10.11.6/tests/Jellyfin.Model.Tests/Dlna/LegacyStreamInfo.cs,False,Direct Analysis
GetUrl,67,jellyfin-10.11.6/tests/Jellyfin.Model.Tests/Dlna/LegacyStreamInfo.cs,False,Direct Analysis
MergeData,44,jellyfin-10.11.6/MediaBrowser.Providers/Music/MusicVideoMetadataService.cs,False,Direct Analysis
MergeData,59,jellyfin-10.11.6/MediaBrowser.Providers/Music/AudioMetadataService.cs,False,Direct Analysis
SaveListingProvider,54,jellyfin-10.11.6/src/Jellyfin.LiveTv/Listings/ListingsManager.cs,False,Direct Analysis
DeleteListingsProvider,83,jellyfin-10.11.6/src/Jellyfin.LiveTv/Listings/ListingsManager.cs,False,Direct Analysis
GetLineups,94,jellyfin-10.11.6/src/Jellyfin.LiveTv/Listings/ListingsManager.cs,False,Direct Analysis
GetProgramsAsync,109,jellyfin-10.11.6/src/Jellyfin.LiveTv/Listings/ListingsManager.cs,False,Direct Analysis
AddProviderMetadata,167,jellyfin-10.11.6/src/Jellyfin.LiveTv/Listings/ListingsManager.cs,False,Direct Analysis
GetChannelMappingOptions,197,jellyfin-10.11.6/src/Jellyfin.LiveTv/Listings/ListingsManager.cs,False,Direct Analysis
SetChannelMapping,226,jellyfin-10.11.6/src/Jellyfin.LiveTv/Listings/ListingsManager.cs,False,Direct Analysis
GetEpgChannels,325,jellyfin-10.11.6/src/Jellyfin.LiveTv/Listings/ListingsManager.cs,False,Direct Analysis
GetChannelsForListingsProvider,441,jellyfin-10.11.6/src/Jellyfin.LiveTv/Listings/ListingsManager.cs,False,Direct Analysis
GetChildrenForMetadataUpdates,46,jellyfin-10.11.6/MediaBrowser.Providers/Music/ArtistMetadataService.cs,False,Direct Analysis
GetItemsWithImages,22,jellyfin-10.11.6/Emby.Server.Implementations/Images/MusicAlbumImageProvider.cs,False,Direct Analysis
FindSeriesSortName,40,jellyfin-10.11.6/MediaBrowser.Controller/Entities/Book.cs,False,Direct Analysis
FindSeriesName,45,jellyfin-10.11.6/MediaBrowser.Controller/Entities/Book.cs,False,Direct Analysis
FindSeriesPresentationUniqueKey,50,jellyfin-10.11.6/MediaBrowser.Controller/Entities/Book.cs,False,Direct Analysis
FindSeriesId,55,jellyfin-10.11.6/MediaBrowser.Controller/Entities/Book.cs,False,Direct Analysis
CanDownload,61,jellyfin-10.11.6/MediaBrowser.Controller/Entities/Book.cs,False,Direct Analysis
GetBlockUnratedType,67,jellyfin-10.11.6/MediaBrowser.Controller/Entities/Book.cs,False,Direct Analysis
GetLookupInfo,72,jellyfin-10.11.6/MediaBrowser.Controller/Entities/Book.cs,False,Direct Analysis
GetDefaultPrimaryImageAspectRatio,80,jellyfin-10.11.6/MediaBrowser.Controller/Entities/Audio/MusicArtist.cs,False,Direct Analysis
CanDelete,85,jellyfin-10.11.6/MediaBrowser.Controller/Entities/Audio/MusicArtist.cs,False,Direct Analysis
GetTaggedItems,90,jellyfin-10.11.6/MediaBrowser.Controller/Entities/Audio/MusicArtist.cs,False,Direct Analysis
GetChildCount,101,jellyfin-10.11.6/MediaBrowser.Controller/Entities/Audio/MusicArtist.cs,False,Direct Analysis
IsSaveLocalMetadataEnabled,106,jellyfin-10.11.6/MediaBrowser.Controller/Entities/Audio/MusicArtist.cs,False,Direct Analysis
ValidateChildrenInternal,116,jellyfin-10.11.6/MediaBrowser.Controller/Entities/Audio/MusicArtist.cs,False,Direct Analysis
GetUserDataKeys,127,jellyfin-10.11.6/MediaBrowser.Controller/Entities/Audio/MusicArtist.cs,False,Direct Analysis
CreatePresentationUniqueKey,152,jellyfin-10.11.6/MediaBrowser.Controller/Entities/Audio/MusicArtist.cs,False,Direct Analysis
GetBlockUnratedValue,157,jellyfin-10.11.6/MediaBrowser.Controller/Entities/Audio/MusicArtist.cs,False,Direct Analysis
GetBlockUnratedType,162,jellyfin-10.11.6/MediaBrowser.Controller/Entities/Audio/MusicArtist.cs,False,Direct Analysis
GetLookupInfo,167,jellyfin-10.11.6/MediaBrowser.Controller/Entities/Audio/MusicArtist.cs,False,Direct Analysis
GetRebasedPath,189,jellyfin-10.11.6/MediaBrowser.Controller/Entities/Audio/MusicArtist.cs,False,Direct Analysis
RequiresRefresh,194,jellyfin-10.11.6/MediaBrowser.Controller/Entities/Audio/MusicArtist.cs,False,Direct Analysis
BeforeMetadataRefresh,214,jellyfin-10.11.6/MediaBrowser.Controller/Entities/Audio/MusicArtist.cs,False,Direct Analysis
GetExternalUrls,18,jellyfin-10.11.6/MediaBrowser.Providers/Plugins/MusicBrainz/MusicBrainzReleaseGroupExternalUrlProvider.cs,False,Direct Analysis
OnEvent,27,jellyfin-10.11.6/Jellyfin.Server.Implementations/Events/Consumers/Updates/PluginUninstalledNotifier.cs,False,Direct Analysis
GetImageLimit,58,jellyfin-10.11.6/MediaBrowser.Controller/Dto/DtoOptions.cs,False,Direct Analysis
HasDefaultOptions,57,jellyfin-10.11.6/MediaBrowser.Controller/Drawing/ImageProcessingOptions.cs,False,Direct Analysis
HasDefaultOptions,66,jellyfin-10.11.6/MediaBrowser.Controller/Drawing/ImageProcessingOptions.cs,False,Direct Analysis
HasDefaultOptionsWithoutSize,108,jellyfin-10.11.6/MediaBrowser.Controller/Drawing/ImageProcessingOptions.cs,False,Direct Analysis
IsFormatSupported,119,jellyfin-10.11.6/MediaBrowser.Controller/Drawing/ImageProcessingOptions.cs,False,Direct Analysis
GetDefaultTriggers,60,jellyfin-10.11.6/Emby.Server.Implementations/ScheduledTasks/Tasks/PluginUpdateTask.cs,False,Direct Analysis
ExecuteAsync,75,jellyfin-10.11.6/Emby.Server.Implementations/ScheduledTasks/Tasks/PluginUpdateTask.cs,False,Direct Analysis
Publish,30,jellyfin-10.11.6/Jellyfin.Server.Implementations/Events/EventManager.cs,False,Direct Analysis
PublishAsync,37,jellyfin-10.11.6/Jellyfin.Server.Implementations/Events/EventManager.cs,False,Direct Analysis
PublishInternal,43,jellyfin-10.11.6/Jellyfin.Server.Implementations/Events/EventManager.cs,False,Direct Analysis
RunAsync,88,jellyfin-10.11.6/Jellyfin.Server/ServerSetupApp/SetupServer.cs,False,Direct Analysis
StopAsync,270,jellyfin-10.11.6/Jellyfin.Server/ServerSetupApp/SetupServer.cs,False,Direct Analysis
Dispose,283,jellyfin-10.11.6/Jellyfin.Server/ServerSetupApp/SetupServer.cs,False,Direct Analysis
ThrowIfDisposed,297,jellyfin-10.11.6/Jellyfin.Server/ServerSetupApp/SetupServer.cs,False,Direct Analysis
SoftStop,302,jellyfin-10.11.6/Jellyfin.Server/ServerSetupApp/SetupServer.cs,False,Direct Analysis
HandleRequirementAsync,26,jellyfin-10.11.6/Jellyfin.Api/Auth/FirstTimeSetupPolicy/FirstTimeSetupHandler.cs,False,Direct Analysis
GetCustomRatingForComparision,790,jellyfin-10.11.6/MediaBrowser.Controller/Entities/BaseItem.cs,False,Direct Analysis
GetDefaultPrimaryImageAspectRatio,810,jellyfin-10.11.6/MediaBrowser.Controller/Entities/BaseItem.cs,False,Direct Analysis
CreatePresentationUniqueKey,815,jellyfin-10.11.6/MediaBrowser.Controller/Entities/BaseItem.cs,False,Direct Analysis
CanDelete,820,jellyfin-10.11.6/MediaBrowser.Controller/Entities/BaseItem.cs,False,Direct Analysis
IsAuthorizedToDelete,830,jellyfin-10.11.6/MediaBrowser.Controller/Entities/BaseItem.cs,False,Direct Analysis
GetOwner,857,jellyfin-10.11.6/MediaBrowser.Controller/Entities/BaseItem.cs,False,Direct Analysis
CanDelete,868,jellyfin-10.11.6/MediaBrowser.Controller/Entities/BaseItem.cs,False,Direct Analysis
CanDownload,875,jellyfin-10.11.6/MediaBrowser.Controller/Entities/BaseItem.cs,False,Direct Analysis
IsAuthorizedToDownload,880,jellyfin-10.11.6/MediaBrowser.Controller/Entities/BaseItem.cs,False,Direct Analysis
ToString,891,jellyfin-10.11.6/MediaBrowser.Controller/Entities/BaseItem.cs,False,Direct Analysis
GetInternalMetadataPath,896,jellyfin-10.11.6/MediaBrowser.Controller/Entities/BaseItem.cs,False,Direct Analysis
GetInternalMetadataPath,903,jellyfin-10.11.6/MediaBrowser.Controller/Entities/BaseItem.cs,False,Direct Analysis
CreateSortName,919,jellyfin-10.11.6/MediaBrowser.Controller/Entities/BaseItem.cs,False,Direct Analysis
GetParent,1008,jellyfin-10.11.6/MediaBrowser.Controller/Entities/BaseItem.cs,False,Direct Analysis
GetMediaStreams,1070,jellyfin-10.11.6/MediaBrowser.Controller/Entities/BaseItem.cs,False,Direct Analysis
IsActiveRecording,1078,jellyfin-10.11.6/MediaBrowser.Controller/Entities/BaseItem.cs,False,Direct Analysis
GetMediaSources,1083,jellyfin-10.11.6/MediaBrowser.Controller/Entities/BaseItem.cs,False,Direct Analysis
GetAllItemsForMediaSources,1120,jellyfin-10.11.6/MediaBrowser.Controller/Entities/BaseItem.cs,False,Direct Analysis
GetVersionInfo,1125,jellyfin-10.11.6/MediaBrowser.Controller/Entities/BaseItem.cs,False,Direct Analysis
BuildTargetModel,17,jellyfin-10.11.6/src/Jellyfin.Database/Jellyfin.Database.Providers.Sqlite/Migrations/20210320181425_AddIndexesAndCollations.Designer.cs,False,Direct Analysis
Up,11,jellyfin-10.11.6/src/Jellyfin.Database/Jellyfin.Database.Providers.Sqlite/Migrations/20210320181425_AddIndexesAndCollations.cs,False,Direct Analysis
Down,131,jellyfin-10.11.6/src/Jellyfin.Database/Jellyfin.Database.Providers.Sqlite/Migrations/20210320181425_AddIndexesAndCollations.cs,False,Direct Analysis
GetUserDataKeys,37,jellyfin-10.11.6/MediaBrowser.Controller/Entities/Genre.cs,False,Direct Analysis
CreatePresentationUniqueKey,45,jellyfin-10.11.6/MediaBrowser.Controller/Entities/Genre.cs,False,Direct Analysis
GetDefaultPrimaryImageAspectRatio,50,jellyfin-10.11.6/MediaBrowser.Controller/Entities/Genre.cs,False,Direct Analysis
IsSaveLocalMetadataEnabled,55,jellyfin-10.11.6/MediaBrowser.Controller/Entities/Genre.cs,False,Direct Analysis
CanDelete,60,jellyfin-10.11.6/MediaBrowser.Controller/Entities/Genre.cs,False,Direct Analysis
GetTaggedItems,65,jellyfin-10.11.6/MediaBrowser.Controller/Entities/Genre.cs,False,Direct Analysis
GetRebasedPath,94,jellyfin-10.11.6/MediaBrowser.Controller/Entities/Genre.cs,False,Direct Analysis
RequiresRefresh,99,jellyfin-10.11.6/MediaBrowser.Controller/Entities/Genre.cs,False,Direct Analysis
BeforeMetadataRefresh,116,jellyfin-10.11.6/MediaBrowser.Controller/Entities/Genre.cs,False,Direct Analysis
OnSavingChanges,45,jellyfin-10.11.6/src/Jellyfin.Database/Jellyfin.Database.Implementations/Entities/Libraries/Genre.cs,False,Direct Analysis
IsVisible,26,jellyfin-10.11.6/MediaBrowser.Controller/Channels/Channel.cs,False,Direct Analysis
GetItemsInternal,48,jellyfin-10.11.6/MediaBrowser.Controller/Channels/Channel.cs,False,Direct Analysis
GetInternalMetadataPath,65,jellyfin-10.11.6/MediaBrowser.Controller/Channels/Channel.cs,False,Direct Analysis
CanDelete,75,jellyfin-10.11.6/MediaBrowser.Controller/Channels/Channel.cs,False,Direct Analysis
FetchDataFromXmlNode,44,jellyfin-10.11.6/MediaBrowser.XbmcMetadata/Parsers/SeriesNfoParser.cs,False,Direct Analysis
Get_NonexistentItemId_NotFound,32,jellyfin-10.11.6/tests/Jellyfin.Server.Integration.Tests/Controllers/LibraryControllerTests.cs,False,Direct Analysis
Delete_NonexistentItemId_Unauthorised,44,jellyfin-10.11.6/tests/Jellyfin.Server.Integration.Tests/Controllers/LibraryControllerTests.cs,False,Direct Analysis
Delete_NonexistentItemId_NotFound,55,jellyfin-10.11.6/tests/Jellyfin.Server.Integration.Tests/Controllers/LibraryControllerTests.cs,False,Direct Analysis
GetRemoteImages,66,jellyfin-10.11.6/Jellyfin.Api/Controllers/RemoteImageController.cs,False,Direct Analysis
GetRemoteImageProviders,131,jellyfin-10.11.6/Jellyfin.Api/Controllers/RemoteImageController.cs,False,Direct Analysis
DownloadRemoteImage,155,jellyfin-10.11.6/Jellyfin.Api/Controllers/RemoteImageController.cs,False,Direct Analysis
GetFullCachePath,178,jellyfin-10.11.6/Jellyfin.Api/Controllers/RemoteImageController.cs,False,Direct Analysis
GetCultures,37,jellyfin-10.11.6/Jellyfin.Api/Controllers/LocalizationController.cs,False,Direct Analysis
GetCountries,56,jellyfin-10.11.6/Jellyfin.Api/Controllers/LocalizationController.cs,False,Direct Analysis
GetParentalRatings,68,jellyfin-10.11.6/Jellyfin.Api/Controllers/LocalizationController.cs,False,Direct Analysis
GetLocalizationOptions,80,jellyfin-10.11.6/Jellyfin.Api/Controllers/LocalizationController.cs,False,Direct Analysis
GetPluginInfo,108,jellyfin-10.11.6/MediaBrowser.Common/Plugins/LocalPlugin.cs,False,Direct Analysis
Equals,117,jellyfin-10.11.6/MediaBrowser.Common/Plugins/LocalPlugin.cs,False,Direct Analysis
GetHashCode,123,jellyfin-10.11.6/MediaBrowser.Common/Plugins/LocalPlugin.cs,False,Direct Analysis
Equals,129,jellyfin-10.11.6/MediaBrowser.Common/Plugins/LocalPlugin.cs,False,Direct Analysis
BuildTargetModel,18,jellyfin-10.11.6/src/Jellyfin.Database/Jellyfin.Database.Providers.Sqlite/Migrations/20241112232041_fixMediaStreams.Designer.cs,False,Direct Analysis
Up,11,jellyfin-10.11.6/src/Jellyfin.Database/Jellyfin.Database.Providers.Sqlite/Migrations/20241112232041_fixMediaStreams.cs,False,Direct Analysis
Down,333,jellyfin-10.11.6/src/Jellyfin.Database/Jellyfin.Database.Providers.Sqlite/Migrations/20241112232041_fixMediaStreams.cs,False,Direct Analysis
GetConfigurations,15,jellyfin-10.11.6/MediaBrowser.Common/Net/NetworkConfigurationFactory.cs,False,Direct Analysis
MakeSanityCheckOrThrow,101,jellyfin-10.11.6/Emby.Server.Implementations/ServerApplicationPaths.cs,False,Direct Analysis
GetPluginInfo,61,jellyfin-10.11.6/MediaBrowser.Common/Plugins/BasePlugin.cs,False,Direct Analysis
OnUninstalling,76,jellyfin-10.11.6/MediaBrowser.Common/Plugins/BasePlugin.cs,False,Direct Analysis
SetAttributes,81,jellyfin-10.11.6/MediaBrowser.Common/Plugins/BasePlugin.cs,False,Direct Analysis
SetId,89,jellyfin-10.11.6/MediaBrowser.Common/Plugins/BasePlugin.cs,False,Direct Analysis
ContainsContainer,44,jellyfin-10.11.6/MediaBrowser.Model/Dlna/ContainerProfile.cs,False,Direct Analysis
BeginGroup,43,jellyfin-10.11.6/Jellyfin.Server/ServerSetupApp/StartupLogger.cs,False,Direct Analysis
With,49,jellyfin-10.11.6/Jellyfin.Server/ServerSetupApp/StartupLogger.cs,False,Direct Analysis
With,55,jellyfin-10.11.6/Jellyfin.Server/ServerSetupApp/StartupLogger.cs,False,Direct Analysis
BeginGroup,61,jellyfin-10.11.6/Jellyfin.Server/ServerSetupApp/StartupLogger.cs,False,Direct Analysis
AddToTopic,66,jellyfin-10.11.6/Jellyfin.Server/ServerSetupApp/StartupLogger.cs,False,Direct Analysis
Log,100,jellyfin-10.11.6/Jellyfin.Server/ServerSetupApp/StartupLogger.cs,False,Direct Analysis
Supports,82,jellyfin-10.11.6/MediaBrowser.LocalMetadata/Images/LocalImageProvider.cs,False,Direct Analysis
GetImages,131,jellyfin-10.11.6/MediaBrowser.LocalMetadata/Images/LocalImageProvider.cs,False,Direct Analysis
GetImages,161,jellyfin-10.11.6/MediaBrowser.LocalMetadata/Images/LocalImageProvider.cs,False,Direct Analysis
PopulateBackdropsFromExtraFanart,347,jellyfin-10.11.6/MediaBrowser.LocalMetadata/Images/LocalImageProvider.cs,False,Direct Analysis
Perform,29,jellyfin-10.11.6/Jellyfin.Server/Migrations/Routines/UpdateDefaultPluginRepository.cs,False,Direct Analysis
GetPackageInfo,47,jellyfin-10.11.6/Jellyfin.Api/Controllers/PackageController.cs,False,Direct Analysis
GetPackages,73,jellyfin-10.11.6/Jellyfin.Api/Controllers/PackageController.cs,False,Direct Analysis
InstallPackage,93,jellyfin-10.11.6/Jellyfin.Api/Controllers/PackageController.cs,False,Direct Analysis
CancelPackageInstallation,131,jellyfin-10.11.6/Jellyfin.Api/Controllers/PackageController.cs,False,Direct Analysis
GetRepositories,145,jellyfin-10.11.6/Jellyfin.Api/Controllers/PackageController.cs,False,Direct Analysis
SetRepositories,158,jellyfin-10.11.6/Jellyfin.Api/Controllers/PackageController.cs,False,Direct Analysis
Perform,31,jellyfin-10.11.6/Jellyfin.Server/Migrations/Routines/RemoveDuplicatePlaylistChildren.cs,False,Direct Analysis
Supports,24,jellyfin-10.11.6/MediaBrowser.Providers/Plugins/Tmdb/BoxSets/TmdbBoxSetExternalId.cs,False,Direct Analysis
GetYears,73,jellyfin-10.11.6/Jellyfin.Api/Controllers/YearsController.cs,False,Direct Analysis
GetYear,176,jellyfin-10.11.6/Jellyfin.Api/Controllers/YearsController.cs,False,Direct Analysis
GetAllItems,221,jellyfin-10.11.6/Jellyfin.Api/Controllers/YearsController.cs,False,Direct Analysis
PerformAsync,67,jellyfin-10.11.6/Jellyfin.Server/Migrations/Routines/MoveExtractedFiles.cs,False,Direct Analysis
MoveSubtitleAndAttachmentFiles,125,jellyfin-10.11.6/Jellyfin.Server/Migrations/Routines/MoveExtractedFiles.cs,False,Direct Analysis
GetOldAttachmentDataPath,206,jellyfin-10.11.6/Jellyfin.Server/Migrations/Routines/MoveExtractedFiles.cs,False,Direct Analysis
GetOldAttachmentCachePath,250,jellyfin-10.11.6/Jellyfin.Server/Migrations/Routines/MoveExtractedFiles.cs,False,Direct Analysis
GetOldSubtitleCachePath,266,jellyfin-10.11.6/Jellyfin.Server/Migrations/Routines/MoveExtractedFiles.cs,False,Direct Analysis
OnProcessExited,1357,jellyfin-10.11.6/MediaBrowser.MediaEncoding/Encoder/MediaEncoder.cs,False,Direct Analysis
DisposeProcess,1374,jellyfin-10.11.6/MediaBrowser.MediaEncoding/Encoder/MediaEncoder.cs,False,Direct Analysis
Dispose,1384,jellyfin-10.11.6/MediaBrowser.MediaEncoding/Encoder/MediaEncoder.cs,False,Direct Analysis
Dispose,1456,jellyfin-10.11.6/Jellyfin.Server/Migrations/Routines/MigrateLibraryDb.cs,False,Direct Analysis
BuildTargetModel,18,jellyfin-10.11.6/src/Jellyfin.Database/Jellyfin.Database.Providers.Sqlite/Migrations/20250609115616_DetachUserDataInsteadOfDelete.Designer.cs,False,Direct Analysis
Up,12,jellyfin-10.11.6/src/Jellyfin.Database/Jellyfin.Database.Providers.Sqlite/Migrations/20250609115616_DetachUserDataInsteadOfDelete.cs,False,Direct Analysis
Down,27,jellyfin-10.11.6/src/Jellyfin.Database/Jellyfin.Database.Providers.Sqlite/Migrations/20250609115616_DetachUserDataInsteadOfDelete.cs,False,Direct Analysis
Apply,16,jellyfin-10.11.6/MediaBrowser.Controller/SyncPlay/PlaybackRequests/UnpauseGroupRequest.cs,False,Direct Analysis
Dispose,1435,jellyfin-10.11.6/Jellyfin.Server/Migrations/Routines/MigrateLibraryDb.cs,False,Direct Analysis
Fetch_Valid_Success,51,jellyfin-10.11.6/tests/Jellyfin.XbmcMetadata.Tests/Parsers/EpisodeNfoProviderTests.cs,False,Direct Analysis
Fetch_Valid_MultiEpisode_Success,107,jellyfin-10.11.6/tests/Jellyfin.XbmcMetadata.Tests/Parsers/EpisodeNfoProviderTests.cs,False,Direct Analysis
Fetch_Valid_MultiEpisode_With_Missing_Tags_Success,127,jellyfin-10.11.6/tests/Jellyfin.XbmcMetadata.Tests/Parsers/EpisodeNfoProviderTests.cs,False,Direct Analysis
Parse_GivenFileWithThumbWithoutAspect_Success,151,jellyfin-10.11.6/tests/Jellyfin.XbmcMetadata.Tests/Parsers/EpisodeNfoProviderTests.cs,False,Direct Analysis
Fetch_WithNullItem_ThrowsArgumentException,165,jellyfin-10.11.6/tests/Jellyfin.XbmcMetadata.Tests/Parsers/EpisodeNfoProviderTests.cs,False,Direct Analysis
Fetch_NullResult_ThrowsArgumentException,173,jellyfin-10.11.6/tests/Jellyfin.XbmcMetadata.Tests/Parsers/EpisodeNfoProviderTests.cs,False,Direct Analysis
Perform,36,jellyfin-10.11.6/Jellyfin.Server/Migrations/Routines/FixPlaylistOwner.cs,False,Direct Analysis
CleanDatabase,49,jellyfin-10.11.6/src/Jellyfin.LiveTv/Channels/ChannelPostScanTask.cs,False,Direct Analysis
CleanChannel,67,jellyfin-10.11.6/src/Jellyfin.LiveTv/Channels/ChannelPostScanTask.cs,False,Direct Analysis
Perform,49,jellyfin-10.11.6/Jellyfin.Server/Migrations/Routines/CreateUserLoggingConfigFile.cs,False,Direct Analysis
ExistingConfigUnmodified,68,jellyfin-10.11.6/Jellyfin.Server/Migrations/Routines/CreateUserLoggingConfigFile.cs,False,Direct Analysis
PerformAsync,34,jellyfin-10.11.6/Jellyfin.Server/Migrations/Routines/CleanMusicArtist.cs,False,Direct Analysis
RefreshChapterImages,115,jellyfin-10.11.6/Emby.Server.Implementations/Chapters/ChapterManager.cs,False,Direct Analysis
SaveChapters,235,jellyfin-10.11.6/Emby.Server.Implementations/Chapters/ChapterManager.cs,False,Direct Analysis
GetChapter,243,jellyfin-10.11.6/Emby.Server.Implementations/Chapters/ChapterManager.cs,False,Direct Analysis
GetChapters,249,jellyfin-10.11.6/Emby.Server.Implementations/Chapters/ChapterManager.cs,False,Direct Analysis
DeleteChapterDataAsync,255,jellyfin-10.11.6/Emby.Server.Implementations/Chapters/ChapterManager.cs,False,Direct Analysis
GetSavedChapterImages,260,jellyfin-10.11.6/Emby.Server.Implementations/Chapters/ChapterManager.cs,False,Direct Analysis
DeleteDeadImages,278,jellyfin-10.11.6/Emby.Server.Implementations/Chapters/ChapterManager.cs,False,Direct Analysis
Perform,27,jellyfin-10.11.6/Jellyfin.Server/Migrations/Routines/AddDefaultCastReceivers.cs,False,Direct Analysis
Perform,32,jellyfin-10.11.6/Jellyfin.Server/Migrations/PreStartupRoutines/MigrateNetworkConfiguration.cs,False,Direct Analysis
Perform,33,jellyfin-10.11.6/Jellyfin.Server/Migrations/PreStartupRoutines/MigrateEncodingOptions.cs,False,Direct Analysis
HasChanged,47,jellyfin-10.11.6/Emby.Photos/PhotoProvider.cs,False,Direct Analysis
FetchAsync,59,jellyfin-10.11.6/Emby.Photos/PhotoProvider.cs,False,Direct Analysis
Apply,33,jellyfin-10.11.6/MediaBrowser.Controller/SyncPlay/PlaybackRequests/IgnoreWaitGroupRequest.cs,False,Direct Analysis
BuildTargetModel,19,jellyfin-10.11.6/src/Jellyfin.Database/Jellyfin.Database.Providers.Sqlite/Migrations/20221022080052_AddIndexActivityLogsDateCreated.Designer.cs,False,Direct Analysis
Up,11,jellyfin-10.11.6/src/Jellyfin.Database/Jellyfin.Database.Providers.Sqlite/Migrations/20221022080052_AddIndexActivityLogsDateCreated.cs,False,Direct Analysis
Down,20,jellyfin-10.11.6/src/Jellyfin.Database/Jellyfin.Database.Providers.Sqlite/Migrations/20221022080052_AddIndexActivityLogsDateCreated.cs,False,Direct Analysis
PerformAsync,453,jellyfin-10.11.6/Jellyfin.Server/Migrations/JellyfinMigrationService.cs,False,Direct Analysis
OnEmbyTvTimerCancelled,95,jellyfin-10.11.6/src/Jellyfin.LiveTv/LiveTvManager.cs,False,Direct Analysis
OnEmbyTvTimerCreated,102,jellyfin-10.11.6/src/Jellyfin.LiveTv/LiveTvManager.cs,False,Direct Analysis
GetInternalChannels,113,jellyfin-10.11.6/src/Jellyfin.LiveTv/LiveTvManager.cs,False,Direct Analysis
GetService,162,jellyfin-10.11.6/src/Jellyfin.LiveTv/LiveTvManager.cs,False,Direct Analysis
GetProgram,177,jellyfin-10.11.6/src/Jellyfin.LiveTv/LiveTvManager.cs,False,Direct Analysis
GetPrograms,193,jellyfin-10.11.6/src/Jellyfin.LiveTv/LiveTvManager.cs,False,Direct Analysis
GetRecommendedProgramsInternal,267,jellyfin-10.11.6/src/Jellyfin.LiveTv/LiveTvManager.cs,False,Direct Analysis
GetRecommendedProgramsAsync,319,jellyfin-10.11.6/src/Jellyfin.LiveTv/LiveTvManager.cs,False,Direct Analysis
GetRecommendationScore,336,jellyfin-10.11.6/src/Jellyfin.LiveTv/LiveTvManager.cs,False,Direct Analysis
AddRecordingInfo,377,jellyfin-10.11.6/src/Jellyfin.LiveTv/LiveTvManager.cs,False,Direct Analysis
AddInfoToProgramDto,535,jellyfin-10.11.6/src/Jellyfin.LiveTv/LiveTvManager.cs,False,Direct Analysis
AddInfoToRecordingDto,579,jellyfin-10.11.6/src/Jellyfin.LiveTv/LiveTvManager.cs,False,Direct Analysis
GetRecordingsAsync,638,jellyfin-10.11.6/src/Jellyfin.LiveTv/LiveTvManager.cs,False,Direct Analysis
GetTimersInternal,656,jellyfin-10.11.6/src/Jellyfin.LiveTv/LiveTvManager.cs,False,Direct Analysis
GetTimers,726,jellyfin-10.11.6/src/Jellyfin.LiveTv/LiveTvManager.cs,False,Direct Analysis
CancelTimer,808,jellyfin-10.11.6/src/Jellyfin.LiveTv/LiveTvManager.cs,False,Direct Analysis
CancelSeriesTimer,827,jellyfin-10.11.6/src/Jellyfin.LiveTv/LiveTvManager.cs,False,Direct Analysis
GetTimer,843,jellyfin-10.11.6/src/Jellyfin.LiveTv/LiveTvManager.cs,False,Direct Analysis
GetSeriesTimer,855,jellyfin-10.11.6/src/Jellyfin.LiveTv/LiveTvManager.cs,False,Direct Analysis
GetSeriesTimers,904,jellyfin-10.11.6/src/Jellyfin.LiveTv/LiveTvManager.cs,False,Direct Analysis
AddChannelInfo,954,jellyfin-10.11.6/src/Jellyfin.LiveTv/LiveTvManager.cs,False,Direct Analysis
GetNewTimerDefaultsInternal,1012,jellyfin-10.11.6/src/Jellyfin.LiveTv/LiveTvManager.cs,False,Direct Analysis
GetNewTimerDefaults,1071,jellyfin-10.11.6/src/Jellyfin.LiveTv/LiveTvManager.cs,False,Direct Analysis
GetNewTimerDefaults,1078,jellyfin-10.11.6/src/Jellyfin.LiveTv/LiveTvManager.cs,False,Direct Analysis
CreateTimer,1107,jellyfin-10.11.6/src/Jellyfin.LiveTv/LiveTvManager.cs,False,Direct Analysis
CreateSeriesTimer,1140,jellyfin-10.11.6/src/Jellyfin.LiveTv/LiveTvManager.cs,False,Direct Analysis
UpdateTimer,1168,jellyfin-10.11.6/src/Jellyfin.LiveTv/LiveTvManager.cs,False,Direct Analysis
UpdateSeriesTimer,1177,jellyfin-10.11.6/src/Jellyfin.LiveTv/LiveTvManager.cs,False,Direct Analysis
GetServiceInfos,1186,jellyfin-10.11.6/src/Jellyfin.LiveTv/LiveTvManager.cs,False,Direct Analysis
GetLiveTvInfo,1199,jellyfin-10.11.6/src/Jellyfin.LiveTv/LiveTvManager.cs,False,Direct Analysis
IsLiveTvEnabled,1216,jellyfin-10.11.6/src/Jellyfin.LiveTv/LiveTvManager.cs,False,Direct Analysis
GetEnabledUsers,1221,jellyfin-10.11.6/src/Jellyfin.LiveTv/LiveTvManager.cs,False,Direct Analysis
ResetTuner,1233,jellyfin-10.11.6/src/Jellyfin.LiveTv/LiveTvManager.cs,False,Direct Analysis
GetInternalLiveTvFolder,1258,jellyfin-10.11.6/src/Jellyfin.LiveTv/LiveTvManager.cs,False,Direct Analysis
GetRecordingFoldersAsync,1268,jellyfin-10.11.6/src/Jellyfin.LiveTv/LiveTvManager.cs,False,Direct Analysis
Parse,29,jellyfin-10.11.6/Emby.Naming/AudioBook/AudioBookFilePathParser.cs,False,Direct Analysis
ConvertSubtitles,68,jellyfin-10.11.6/MediaBrowser.MediaEncoding/Subtitles/SubtitleEncoder.cs,False,Direct Analysis
GetSubtitles,123,jellyfin-10.11.6/MediaBrowser.MediaEncoding/Subtitles/SubtitleEncoder.cs,False,Direct Analysis
GetSubtitleStream,168,jellyfin-10.11.6/MediaBrowser.MediaEncoding/Subtitles/SubtitleEncoder.cs,False,Direct Analysis
Supports,25,jellyfin-10.11.6/MediaBrowser.Providers/Movies/ImdbExternalId.cs,False,Direct Analysis
GetBlockUnratedType,31,jellyfin-10.11.6/MediaBrowser.Controller/Entities/Trailer.cs,False,Direct Analysis
GetLookupInfo,36,jellyfin-10.11.6/MediaBrowser.Controller/Entities/Trailer.cs,False,Direct Analysis
BeforeMetadataRefresh,48,jellyfin-10.11.6/MediaBrowser.Controller/Entities/Trailer.cs,False,Direct Analysis
OnEvent,35,jellyfin-10.11.6/Jellyfin.Server.Implementations/Events/Consumers/Library/LyricDownloadFailureLogger.cs,False,Direct Analysis
ExecuteAsync,52,jellyfin-10.11.6/Emby.Server.Implementations/ScheduledTasks/Tasks/CleanupUserDataTask.cs,False,Direct Analysis
GetDefaultTriggers,73,jellyfin-10.11.6/Emby.Server.Implementations/ScheduledTasks/Tasks/CleanupUserDataTask.cs,False,Direct Analysis
SaveConfiguration,143,jellyfin-10.11.6/MediaBrowser.Common/Plugins/BasePluginOfT.cs,False,Direct Analysis
SaveConfiguration,157,jellyfin-10.11.6/MediaBrowser.Common/Plugins/BasePluginOfT.cs,False,Direct Analysis
UpdateConfiguration,163,jellyfin-10.11.6/MediaBrowser.Common/Plugins/BasePluginOfT.cs,False,Direct Analysis
GetPluginInfo,175,jellyfin-10.11.6/MediaBrowser.Common/Plugins/BasePluginOfT.cs,False,Direct Analysis
LoadConfiguration,184,jellyfin-10.11.6/MediaBrowser.Common/Plugins/BasePluginOfT.cs,False,Direct Analysis
DeleteSubtitle,95,jellyfin-10.11.6/Jellyfin.Api/Controllers/SubtitleController.cs,False,Direct Analysis
SearchRemoteSubtitles,122,jellyfin-10.11.6/Jellyfin.Api/Controllers/SubtitleController.cs,False,Direct Analysis
DownloadRemoteSubtitles,148,jellyfin-10.11.6/Jellyfin.Api/Controllers/SubtitleController.cs,False,Direct Analysis
GetRemoteSubtitles,184,jellyfin-10.11.6/Jellyfin.Api/Controllers/SubtitleController.cs,False,Direct Analysis
GetSubtitle,211,jellyfin-10.11.6/Jellyfin.Api/Controllers/SubtitleController.cs,False,Direct Analysis
GetSwagger,46,jellyfin-10.11.6/Jellyfin.Server/Filters/CachingOpenApiProvider.cs,False,Direct Analysis
AdjustDocument,79,jellyfin-10.11.6/Jellyfin.Server/Filters/CachingOpenApiProvider.cs,False,Direct Analysis
PerformAsync,432,jellyfin-10.11.6/Jellyfin.Server/Migrations/JellyfinMigrationService.cs,False,Direct Analysis
GetPolicyAsync,26,jellyfin-10.11.6/Jellyfin.Server/Configuration/CorsPolicyProvider.cs,False,Direct Analysis
GetUserById,123,jellyfin-10.11.6/Jellyfin.Server.Implementations/Users/UserManager.cs,False,Direct Analysis
GetUserByName,135,jellyfin-10.11.6/Jellyfin.Server.Implementations/Users/UserManager.cs,False,Direct Analysis
RenameUser,146,jellyfin-10.11.6/Jellyfin.Server.Implementations/Users/UserManager.cs,False,Direct Analysis
UpdateUserAsync,186,jellyfin-10.11.6/Jellyfin.Server.Implementations/Users/UserManager.cs,False,Direct Analysis
CreateUserAsync,217,jellyfin-10.11.6/Jellyfin.Server.Implementations/Users/UserManager.cs,False,Direct Analysis
DeleteUserAsync,246,jellyfin-10.11.6/Jellyfin.Server.Implementations/Users/UserManager.cs,False,Direct Analysis
ResetPassword,286,jellyfin-10.11.6/Jellyfin.Server.Implementations/Users/UserManager.cs,False,Direct Analysis
ChangePassword,292,jellyfin-10.11.6/Jellyfin.Server.Implementations/Users/UserManager.cs,False,Direct Analysis
GetUserDto,307,jellyfin-10.11.6/Jellyfin.Server.Implementations/Users/UserManager.cs,False,Direct Analysis
AuthenticateUser,394,jellyfin-10.11.6/Jellyfin.Server.Implementations/Users/UserManager.cs,False,Direct Analysis
StartForgotPasswordProcess,508,jellyfin-10.11.6/Jellyfin.Server.Implementations/Users/UserManager.cs,False,Direct Analysis
RedeemPasswordResetPin,526,jellyfin-10.11.6/Jellyfin.Server.Implementations/Users/UserManager.cs,False,Direct Analysis
InitializeAsync,542,jellyfin-10.11.6/Jellyfin.Server.Implementations/Users/UserManager.cs,False,Direct Analysis
GetAuthenticationProviders,573,jellyfin-10.11.6/Jellyfin.Server.Implementations/Users/UserManager.cs,False,Direct Analysis
GetPasswordResetProviders,588,jellyfin-10.11.6/Jellyfin.Server.Implementations/Users/UserManager.cs,False,Direct Analysis
UpdateConfigurationAsync,603,jellyfin-10.11.6/Jellyfin.Server.Implementations/Users/UserManager.cs,False,Direct Analysis
UpdatePolicyAsync,647,jellyfin-10.11.6/Jellyfin.Server.Implementations/Users/UserManager.cs,False,Direct Analysis
GetOptions,60,jellyfin-10.11.6/MediaBrowser.Providers/MediaInfo/SubtitleScheduledTask.cs,False,Direct Analysis
ExecuteAsync,66,jellyfin-10.11.6/MediaBrowser.Providers/MediaInfo/SubtitleScheduledTask.cs,False,Direct Analysis
DownloadSubtitles,163,jellyfin-10.11.6/MediaBrowser.Providers/MediaInfo/SubtitleScheduledTask.cs,False,Direct Analysis
GetDefaultTriggers,214,jellyfin-10.11.6/MediaBrowser.Providers/MediaInfo/SubtitleScheduledTask.cs,False,Direct Analysis
Authenticate,19,jellyfin-10.11.6/Jellyfin.Server.Implementations/Users/InvalidAuthProvider.cs,False,Direct Analysis
HasPassword,25,jellyfin-10.11.6/Jellyfin.Server.Implementations/Users/InvalidAuthProvider.cs,False,Direct Analysis
ChangePassword,31,jellyfin-10.11.6/Jellyfin.Server.Implementations/Users/InvalidAuthProvider.cs,False,Direct Analysis
AddTunerHost_Unauthorized_ReturnsUnauthorized,25,jellyfin-10.11.6/tests/Jellyfin.Server.Integration.Tests/Controllers/LiveTvControllerTests.cs,False,Direct Analysis
AddTunerHost_Valid_ReturnsCorrectResponse,41,jellyfin-10.11.6/tests/Jellyfin.Server.Integration.Tests/Controllers/LiveTvControllerTests.cs,False,Direct Analysis
AddTunerHost_InvalidType_ReturnsNotFound,64,jellyfin-10.11.6/tests/Jellyfin.Server.Integration.Tests/Controllers/LiveTvControllerTests.cs,False,Direct Analysis
AddTunerHost_InvalidUrl_ReturnsNotFound,81,jellyfin-10.11.6/tests/Jellyfin.Server.Integration.Tests/Controllers/LiveTvControllerTests.cs,False,Direct Analysis
GetDisplayPreferences,28,jellyfin-10.11.6/Jellyfin.Server.Implementations/Users/DisplayPreferencesManager.cs,False,Direct Analysis
GetItemDisplayPreferences,47,jellyfin-10.11.6/Jellyfin.Server.Implementations/Users/DisplayPreferencesManager.cs,False,Direct Analysis
ListItemDisplayPreferences,64,jellyfin-10.11.6/Jellyfin.Server.Implementations/Users/DisplayPreferencesManager.cs,False,Direct Analysis
ListCustomItemDisplayPreferences,73,jellyfin-10.11.6/Jellyfin.Server.Implementations/Users/DisplayPreferencesManager.cs,False,Direct Analysis
SetCustomItemDisplayPreferences,84,jellyfin-10.11.6/Jellyfin.Server.Implementations/Users/DisplayPreferencesManager.cs,False,Direct Analysis
UpdateDisplayPreferences,102,jellyfin-10.11.6/Jellyfin.Server.Implementations/Users/DisplayPreferencesManager.cs,False,Direct Analysis
UpdateItemDisplayPreferences,110,jellyfin-10.11.6/Jellyfin.Server.Implementations/Users/DisplayPreferencesManager.cs,False,Direct Analysis
Perform,63,jellyfin-10.11.6/Jellyfin.Server/Migrations/Routines/MigrateLibraryDb.cs,False,Direct Analysis
GetPreparedDbContext,471,jellyfin-10.11.6/Jellyfin.Server/Migrations/Routines/MigrateLibraryDb.cs,False,Direct Analysis
GetAncestorId,517,jellyfin-10.11.6/Jellyfin.Server/Migrations/Routines/MigrateLibraryDb.cs,False,Direct Analysis
GetItemValue,561,jellyfin-10.11.6/Jellyfin.Server/Migrations/Routines/MigrateLibraryDb.cs,False,Direct Analysis
Read,14,jellyfin-10.11.6/MediaBrowser.Providers/Plugins/Omdb/JsonOmdbNotAvailableInt32Converter.cs,False,Direct Analysis
Write,32,jellyfin-10.11.6/MediaBrowser.Providers/Plugins/Omdb/JsonOmdbNotAvailableInt32Converter.cs,False,Direct Analysis
GetDataToSend,52,jellyfin-10.11.6/Jellyfin.Api/WebSocketListeners/ScheduledTasksWebSocketListener.cs,False,Direct Analysis
DisposeAsyncCore,61,jellyfin-10.11.6/Jellyfin.Api/WebSocketListeners/ScheduledTasksWebSocketListener.cs,False,Direct Analysis
OnTaskCompleted,73,jellyfin-10.11.6/Jellyfin.Api/WebSocketListeners/ScheduledTasksWebSocketListener.cs,False,Direct Analysis
OnTaskExecuting,79,jellyfin-10.11.6/Jellyfin.Api/WebSocketListeners/ScheduledTasksWebSocketListener.cs,False,Direct Analysis
OnTaskProgress,85,jellyfin-10.11.6/Jellyfin.Api/WebSocketListeners/ScheduledTasksWebSocketListener.cs,False,Direct Analysis
GetKeys,38,jellyfin-10.11.6/Jellyfin.Api/Controllers/ApiKeyController.cs,False,Direct Analysis
CreateKey,54,jellyfin-10.11.6/Jellyfin.Api/Controllers/ApiKeyController.cs,False,Direct Analysis
RevokeKey,70,jellyfin-10.11.6/Jellyfin.Api/Controllers/ApiKeyController.cs,False,Direct Analysis
IsEnabled_QuickConnectUnavailable_False,52,jellyfin-10.11.6/tests/Jellyfin.Server.Implementations.Tests/QuickConnect/QuickConnectManagerTests.cs,False,Direct Analysis
TryConnect_QuickConnectUnavailable_ThrowsAuthenticationException,74,jellyfin-10.11.6/tests/Jellyfin.Server.Implementations.Tests/QuickConnect/QuickConnectManagerTests.cs,False,Direct Analysis
CheckRequestStatus_QuickConnectUnavailable_ThrowsAuthenticationException,81,jellyfin-10.11.6/tests/Jellyfin.Server.Implementations.Tests/QuickConnect/QuickConnectManagerTests.cs,False,Direct Analysis
AuthorizeRequest_QuickConnectUnavailable_ThrowsAuthenticationException,88,jellyfin-10.11.6/tests/Jellyfin.Server.Implementations.Tests/QuickConnect/QuickConnectManagerTests.cs,False,Direct Analysis
GetAuthorizedRequest_QuickConnectUnavailable_ThrowsAuthenticationException,95,jellyfin-10.11.6/tests/Jellyfin.Server.Implementations.Tests/QuickConnect/QuickConnectManagerTests.cs,False,Direct Analysis
IsEnabled_QuickConnectAvailable_True,102,jellyfin-10.11.6/tests/Jellyfin.Server.Implementations.Tests/QuickConnect/QuickConnectManagerTests.cs,False,Direct Analysis
CheckRequestStatus_QuickConnectAvailable_Success,109,jellyfin-10.11.6/tests/Jellyfin.Server.Implementations.Tests/QuickConnect/QuickConnectManagerTests.cs,False,Direct Analysis
CheckRequestStatus_UnknownSecret_ThrowsResourceNotFoundException,118,jellyfin-10.11.6/tests/Jellyfin.Server.Implementations.Tests/QuickConnect/QuickConnectManagerTests.cs,False,Direct Analysis
GetAuthorizedRequest_UnknownSecret_ThrowsResourceNotFoundException,125,jellyfin-10.11.6/tests/Jellyfin.Server.Implementations.Tests/QuickConnect/QuickConnectManagerTests.cs,False,Direct Analysis
AuthorizeRequest_QuickConnectAvailable_Success,132,jellyfin-10.11.6/tests/Jellyfin.Server.Implementations.Tests/QuickConnect/QuickConnectManagerTests.cs,False,Direct Analysis
GetQuickConnectEnabled,42,jellyfin-10.11.6/Jellyfin.Api/Controllers/QuickConnectController.cs,False,Direct Analysis
InitiateQuickConnect,55,jellyfin-10.11.6/Jellyfin.Api/Controllers/QuickConnectController.cs,False,Direct Analysis
GetQuickConnectState,88,jellyfin-10.11.6/Jellyfin.Api/Controllers/QuickConnectController.cs,False,Direct Analysis
AuthorizeQuickConnect,116,jellyfin-10.11.6/Jellyfin.Api/Controllers/QuickConnectController.cs,False,Direct Analysis
RedeemPasswordResetPin,51,jellyfin-10.11.6/Jellyfin.Server.Implementations/Users/DefaultPasswordResetProvider.cs,False,Direct Analysis
StartForgotPasswordProcess,96,jellyfin-10.11.6/Jellyfin.Server.Implementations/Users/DefaultPasswordResetProvider.cs,False,Direct Analysis
WebSocket_Unauthenticated_ThrowsInvalidOperationException,18,jellyfin-10.11.6/tests/Jellyfin.Server.Integration.Tests/WebSocketTests.cs,False,Direct Analysis
BuildTargetModel,18,jellyfin-10.11.6/src/Jellyfin.Database/Jellyfin.Database.Providers.Sqlite/Migrations/20241112152323_FixAncestorIdConfig.Designer.cs,False,Direct Analysis
Up,12,jellyfin-10.11.6/src/Jellyfin.Database/Jellyfin.Database.Providers.Sqlite/Migrations/20241112152323_FixAncestorIdConfig.cs,False,Direct Analysis
Down,28,jellyfin-10.11.6/src/Jellyfin.Database/Jellyfin.Database.Providers.Sqlite/Migrations/20241112152323_FixAncestorIdConfig.cs,False,Direct Analysis
Authenticate,41,jellyfin-10.11.6/Jellyfin.Server.Implementations/Users/DefaultAuthenticationProvider.cs,False,Direct Analysis
Authenticate,48,jellyfin-10.11.6/Jellyfin.Server.Implementations/Users/DefaultAuthenticationProvider.cs,False,Direct Analysis
ChangePassword,101,jellyfin-10.11.6/Jellyfin.Server.Implementations/Users/DefaultAuthenticationProvider.cs,False,Direct Analysis
GetAuthorizationInfo,43,jellyfin-10.11.6/Jellyfin.Server.Implementations/Security/AuthorizationContext.cs,False,Direct Analysis
GetAuthorizationInfo,53,jellyfin-10.11.6/Jellyfin.Server.Implementations/Security/AuthorizationContext.cs,False,Direct Analysis
GetAuthorizationInfoFromDictionary,73,jellyfin-10.11.6/Jellyfin.Server.Implementations/Security/AuthorizationContext.cs,False,Direct Analysis
HandleRequirementAsync,32,jellyfin-10.11.6/Jellyfin.Api/Auth/LocalAccessOrRequiresElevationPolicy/LocalAccessOrRequiresElevationHandler.cs,False,Direct Analysis
MergeData,58,jellyfin-10.11.6/MediaBrowser.Providers/Playlists/PlaylistMetadataService.cs,False,Direct Analysis
SetMediaType,111,jellyfin-10.11.6/MediaBrowser.Controller/Playlists/Playlist.cs,False,Direct Analysis
GetDefaultPrimaryImageAspectRatio,116,jellyfin-10.11.6/MediaBrowser.Controller/Playlists/Playlist.cs,False,Direct Analysis
IsAuthorizedToDelete,121,jellyfin-10.11.6/MediaBrowser.Controller/Playlists/Playlist.cs,False,Direct Analysis
IsSaveLocalMetadataEnabled,126,jellyfin-10.11.6/MediaBrowser.Controller/Playlists/Playlist.cs,False,Direct Analysis
LoadChildren,131,jellyfin-10.11.6/MediaBrowser.Controller/Playlists/Playlist.cs,False,Direct Analysis
ValidateChildrenInternal,137,jellyfin-10.11.6/MediaBrowser.Controller/Playlists/Playlist.cs,False,Direct Analysis
GetChildren,142,jellyfin-10.11.6/MediaBrowser.Controller/Playlists/Playlist.cs,False,Direct Analysis
GetNonCachedChildren,147,jellyfin-10.11.6/MediaBrowser.Controller/Playlists/Playlist.cs,False,Direct Analysis
GetRecursiveChildren,152,jellyfin-10.11.6/MediaBrowser.Controller/Playlists/Playlist.cs,False,Direct Analysis
IsVisible,234,jellyfin-10.11.6/MediaBrowser.Controller/Playlists/Playlist.cs,False,Direct Analysis
CanDelete,261,jellyfin-10.11.6/MediaBrowser.Controller/Playlists/Playlist.cs,False,Direct Analysis
IsVisibleStandalone,266,jellyfin-10.11.6/MediaBrowser.Controller/Playlists/Playlist.cs,False,Direct Analysis
GetChapter,35,jellyfin-10.11.6/Jellyfin.Server.Implementations/Item/ChapterRepository.cs,False,Direct Analysis
GetChapters,54,jellyfin-10.11.6/Jellyfin.Server.Implementations/Item/ChapterRepository.cs,False,Direct Analysis
SaveChapters,69,jellyfin-10.11.6/Jellyfin.Server.Implementations/Item/ChapterRepository.cs,False,Direct Analysis
DeleteChaptersAsync,87,jellyfin-10.11.6/Jellyfin.Server.Implementations/Item/ChapterRepository.cs,False,Direct Analysis
Map,97,jellyfin-10.11.6/Jellyfin.Server.Implementations/Item/ChapterRepository.cs,False,Direct Analysis
Map,111,jellyfin-10.11.6/Jellyfin.Server.Implementations/Item/ChapterRepository.cs,False,Direct Analysis
DeleteItem,103,jellyfin-10.11.6/Jellyfin.Server.Implementations/Item/BaseItemRepository.cs,False,Direct Analysis
UpdateInheritedValues,161,jellyfin-10.11.6/Jellyfin.Server.Implementations/Item/BaseItemRepository.cs,False,Direct Analysis
GetItemIdsList,174,jellyfin-10.11.6/Jellyfin.Server.Implementations/Item/BaseItemRepository.cs,False,Direct Analysis
GetAllArtists,184,jellyfin-10.11.6/Jellyfin.Server.Implementations/Item/BaseItemRepository.cs,False,Direct Analysis
GetArtists,190,jellyfin-10.11.6/Jellyfin.Server.Implementations/Item/BaseItemRepository.cs,False,Direct Analysis
GetAlbumArtists,196,jellyfin-10.11.6/Jellyfin.Server.Implementations/Item/BaseItemRepository.cs,False,Direct Analysis
GetStudios,202,jellyfin-10.11.6/Jellyfin.Server.Implementations/Item/BaseItemRepository.cs,False,Direct Analysis
GetGenres,208,jellyfin-10.11.6/Jellyfin.Server.Implementations/Item/BaseItemRepository.cs,False,Direct Analysis
GetMusicGenres,214,jellyfin-10.11.6/Jellyfin.Server.Implementations/Item/BaseItemRepository.cs,False,Direct Analysis
GetStudioNames,220,jellyfin-10.11.6/Jellyfin.Server.Implementations/Item/BaseItemRepository.cs,False,Direct Analysis
GetAllArtistNames,226,jellyfin-10.11.6/Jellyfin.Server.Implementations/Item/BaseItemRepository.cs,False,Direct Analysis
GetMusicGenreNames,232,jellyfin-10.11.6/Jellyfin.Server.Implementations/Item/BaseItemRepository.cs,False,Direct Analysis
GetGenreNames,241,jellyfin-10.11.6/Jellyfin.Server.Implementations/Item/BaseItemRepository.cs,False,Direct Analysis
GetItems,250,jellyfin-10.11.6/Jellyfin.Server.Implementations/Item/BaseItemRepository.cs,False,Direct Analysis
GetItemList,286,jellyfin-10.11.6/Jellyfin.Server.Implementations/Item/BaseItemRepository.cs,False,Direct Analysis
GetLatestItemList,304,jellyfin-10.11.6/Jellyfin.Server.Implementations/Item/BaseItemRepository.cs,False,Direct Analysis
GetNextUpSeriesKeys,348,jellyfin-10.11.6/Jellyfin.Server.Implementations/Item/BaseItemRepository.cs,False,Direct Analysis
GetCount,479,jellyfin-10.11.6/Jellyfin.Server.Implementations/Item/BaseItemRepository.cs,False,Direct Analysis
GetItemCounts,492,jellyfin-10.11.6/Jellyfin.Server.Implementations/Item/BaseItemRepository.cs,False,Direct Analysis
SaveImages,570,jellyfin-10.11.6/Jellyfin.Server.Implementations/Item/BaseItemRepository.cs,False,Direct Analysis
SaveItems,589,jellyfin-10.11.6/Jellyfin.Server.Implementations/Item/BaseItemRepository.cs,False,Direct Analysis
UpdateOrInsertItems,595,jellyfin-10.11.6/Jellyfin.Server.Implementations/Item/BaseItemRepository.cs,False,Direct Analysis
OnEvent,31,jellyfin-10.11.6/Jellyfin.Server.Implementations/Events/Consumers/Users/UserCreatedLogger.cs,False,Direct Analysis
GetMediaStream,696,jellyfin-10.11.6/MediaBrowser.MediaEncoding/Probing/ProbeResultNormalizer.cs,False,Direct Analysis
FetchWtvInfo,1563,jellyfin-10.11.6/MediaBrowser.MediaEncoding/Probing/ProbeResultNormalizer.cs,False,Direct Analysis
ExtractTimestamp,1673,jellyfin-10.11.6/MediaBrowser.MediaEncoding/Probing/ProbeResultNormalizer.cs,False,Direct Analysis
OnEvent,27,jellyfin-10.11.6/Jellyfin.Server.Implementations/Events/Consumers/Updates/PluginInstalledNotifier.cs,False,Direct Analysis
ToString,62,jellyfin-10.11.6/MediaBrowser.Controller/Entities/PersonInfo.cs,False,Direct Analysis
OnEvent,33,jellyfin-10.11.6/Jellyfin.Server.Implementations/Events/Consumers/Updates/PluginInstalledLogger.cs,False,Direct Analysis
Apply,33,jellyfin-10.11.6/MediaBrowser.Controller/SyncPlay/PlaybackRequests/SeekGroupRequest.cs,False,Direct Analysis
OnEvent,27,jellyfin-10.11.6/Jellyfin.Server.Implementations/Events/Consumers/Updates/PluginInstallationCancelledNotifier.cs,False,Direct Analysis
Perform,33,jellyfin-10.11.6/Jellyfin.Server/Migrations/Routines/AddDefaultPluginRepository.cs,False,Direct Analysis
OnEvent,27,jellyfin-10.11.6/Jellyfin.Server.Implementations/Events/Consumers/System/TaskCompletedNotifier.cs,False,Direct Analysis
OnEvent,36,jellyfin-10.11.6/Jellyfin.Server.Implementations/Events/Consumers/System/TaskCompletedLogger.cs,False,Direct Analysis
OnEvent,26,jellyfin-10.11.6/Jellyfin.Server.Implementations/Events/Consumers/System/PendingRestartNotifier.cs,False,Direct Analysis
HandleRequirementAsync,28,jellyfin-10.11.6/Jellyfin.Api/Auth/UserPermissionPolicy/UserPermissionHandler.cs,False,Direct Analysis
OnEvent,31,jellyfin-10.11.6/Jellyfin.Server.Implementations/Events/Consumers/Session/SessionStartedLogger.cs,False,Direct Analysis
GetDefaultPrimaryImageAspectRatio,48,jellyfin-10.11.6/MediaBrowser.Controller/Entities/Movies/Movie.cs,False,Direct Analysis
GetBlockUnratedType,60,jellyfin-10.11.6/MediaBrowser.Controller/Entities/Movies/Movie.cs,False,Direct Analysis
GetLookupInfo,65,jellyfin-10.11.6/MediaBrowser.Controller/Entities/Movies/Movie.cs,False,Direct Analysis
BeforeMetadataRefresh,89,jellyfin-10.11.6/MediaBrowser.Controller/Entities/Movies/Movie.cs,False,Direct Analysis
GetEligibleChildrenForRecursiveChildren,89,jellyfin-10.11.6/MediaBrowser.Controller/Entities/Audio/MusicAlbum.cs,False,Direct Analysis
GetDefaultPrimaryImageAspectRatio,94,jellyfin-10.11.6/MediaBrowser.Controller/Entities/Audio/MusicAlbum.cs,False,Direct Analysis
GetUserDataKeys,99,jellyfin-10.11.6/MediaBrowser.Controller/Entities/Audio/MusicAlbum.cs,False,Direct Analysis
GetBlockUnratedValue,126,jellyfin-10.11.6/MediaBrowser.Controller/Entities/Audio/MusicAlbum.cs,False,Direct Analysis
GetBlockUnratedType,131,jellyfin-10.11.6/MediaBrowser.Controller/Entities/Audio/MusicAlbum.cs,False,Direct Analysis
GetLookupInfo,136,jellyfin-10.11.6/MediaBrowser.Controller/Entities/Audio/MusicAlbum.cs,False,Direct Analysis
RefreshAllMetadata,166,jellyfin-10.11.6/MediaBrowser.Controller/Entities/Audio/MusicAlbum.cs,False,Direct Analysis
GetDefaultTriggers,71,jellyfin-10.11.6/Emby.Server.Implementations/ScheduledTasks/Tasks/DeleteCacheFileTask.cs,False,Direct Analysis
ExecuteAsync,81,jellyfin-10.11.6/Emby.Server.Implementations/ScheduledTasks/Tasks/DeleteCacheFileTask.cs,False,Direct Analysis
DeleteCacheFilesFromDirectory,117,jellyfin-10.11.6/Emby.Server.Implementations/ScheduledTasks/Tasks/DeleteCacheFileTask.cs,False,Direct Analysis
OnSavingChanges,63,jellyfin-10.11.6/src/Jellyfin.Database/Jellyfin.Database.Implementations/Entities/Preference.cs,False,Direct Analysis
OnEvent,40,jellyfin-10.11.6/Jellyfin.Server.Implementations/Events/Consumers/Session/PlaybackStopLogger.cs,False,Direct Analysis
GetPlugins,53,jellyfin-10.11.6/Jellyfin.Api/Controllers/PluginsController.cs,False,Direct Analysis
EnablePlugin,71,jellyfin-10.11.6/Jellyfin.Api/Controllers/PluginsController.cs,False,Direct Analysis
DisablePlugin,94,jellyfin-10.11.6/Jellyfin.Api/Controllers/PluginsController.cs,False,Direct Analysis
UninstallPluginByVersion,117,jellyfin-10.11.6/Jellyfin.Api/Controllers/PluginsController.cs,False,Direct Analysis
UninstallPlugin,140,jellyfin-10.11.6/Jellyfin.Api/Controllers/PluginsController.cs,False,Direct Analysis
GetPluginConfiguration,167,jellyfin-10.11.6/Jellyfin.Api/Controllers/PluginsController.cs,False,Direct Analysis
UpdatePluginConfiguration,191,jellyfin-10.11.6/Jellyfin.Api/Controllers/PluginsController.cs,False,Direct Analysis
GetPluginImage,222,jellyfin-10.11.6/Jellyfin.Api/Controllers/PluginsController.cs,False,Direct Analysis
GetPluginManifest,252,jellyfin-10.11.6/Jellyfin.Api/Controllers/PluginsController.cs,False,Direct Analysis
Open,73,jellyfin-10.11.6/src/Jellyfin.LiveTv/TunerHosts/HdHomerun/HdHomerunUdpStream.cs,False,Direct Analysis
StartStreaming,160,jellyfin-10.11.6/src/Jellyfin.LiveTv/TunerHosts/HdHomerun/HdHomerunUdpStream.cs,False,Direct Analysis
CopyTo,186,jellyfin-10.11.6/src/Jellyfin.LiveTv/TunerHosts/HdHomerun/HdHomerunUdpStream.cs,False,Direct Analysis
OnEvent,31,jellyfin-10.11.6/Jellyfin.Server.Implementations/Events/Consumers/Security/AuthenticationSucceededLogger.cs,False,Direct Analysis
Resolve,41,jellyfin-10.11.6/Emby.Server.Implementations/Library/Resolvers/PhotoAlbumResolver.cs,False,Direct Analysis
HasPhotos,65,jellyfin-10.11.6/Emby.Server.Implementations/Library/Resolvers/PhotoAlbumResolver.cs,False,Direct Analysis
GetConfigurations,13,jellyfin-10.11.6/Jellyfin.Server.Implementations/DbConfiguration/DatabaseConfigurationFactory.cs,False,Direct Analysis
CreateAsync,34,jellyfin-10.11.6/Jellyfin.Server.Implementations/Activity/ActivityManager.cs,False,Direct Analysis
GetPagedResultAsync,47,jellyfin-10.11.6/Jellyfin.Server.Implementations/Activity/ActivityManager.cs,False,Direct Analysis
CleanAsync,78,jellyfin-10.11.6/Jellyfin.Server.Implementations/Activity/ActivityManager.cs,False,Direct Analysis
GetAudioStream,93,jellyfin-10.11.6/Jellyfin.Api/Controllers/AudioController.cs,False,Direct Analysis
GetAudioStreamByContainer,260,jellyfin-10.11.6/Jellyfin.Api/Controllers/AudioController.cs,False,Direct Analysis
GetDataToSend,55,jellyfin-10.11.6/Jellyfin.Api/WebSocketListeners/SessionInfoWebSocketListener.cs,False,Direct Analysis
GetDataToSendForConnection,61,jellyfin-10.11.6/Jellyfin.Api/WebSocketListeners/SessionInfoWebSocketListener.cs,False,Direct Analysis
DisposeAsyncCore,76,jellyfin-10.11.6/Jellyfin.Api/WebSocketListeners/SessionInfoWebSocketListener.cs,False,Direct Analysis
Start,97,jellyfin-10.11.6/Jellyfin.Api/WebSocketListeners/SessionInfoWebSocketListener.cs,False,Direct Analysis
OnSessionManagerSessionActivity,108,jellyfin-10.11.6/Jellyfin.Api/WebSocketListeners/SessionInfoWebSocketListener.cs,False,Direct Analysis
OnSessionManagerCapabilitiesChanged,113,jellyfin-10.11.6/Jellyfin.Api/WebSocketListeners/SessionInfoWebSocketListener.cs,False,Direct Analysis
OnSessionManagerPlaybackProgress,118,jellyfin-10.11.6/Jellyfin.Api/WebSocketListeners/SessionInfoWebSocketListener.cs,False,Direct Analysis
OnSessionManagerPlaybackStopped,123,jellyfin-10.11.6/Jellyfin.Api/WebSocketListeners/SessionInfoWebSocketListener.cs,False,Direct Analysis
OnSessionManagerPlaybackStart,128,jellyfin-10.11.6/Jellyfin.Api/WebSocketListeners/SessionInfoWebSocketListener.cs,False,Direct Analysis
OnSessionManagerSessionEnded,133,jellyfin-10.11.6/Jellyfin.Api/WebSocketListeners/SessionInfoWebSocketListener.cs,False,Direct Analysis
OnSessionManagerSessionStarted,138,jellyfin-10.11.6/Jellyfin.Api/WebSocketListeners/SessionInfoWebSocketListener.cs,False,Direct Analysis
Perform,58,jellyfin-10.11.6/Jellyfin.Server/Migrations/Routines/MigrateDisplayPreferencesDb.cs,False,Direct Analysis
ComputeSegments_Valid_Success,12,jellyfin-10.11.6/tests/Jellyfin.MediaEncoding.Hls.Tests/Playlist/DynamicHlsPlaylistGeneratorTests.cs,False,Direct Analysis
ComputeSegments_InvalidDuration_ThrowsArgumentException,18,jellyfin-10.11.6/tests/Jellyfin.MediaEncoding.Hls.Tests/Playlist/DynamicHlsPlaylistGeneratorTests.cs,False,Direct Analysis
ComputeEqualLengthSegments_Valid_Success,26,jellyfin-10.11.6/tests/Jellyfin.MediaEncoding.Hls.Tests/Playlist/DynamicHlsPlaylistGeneratorTests.cs,False,Direct Analysis
ComputeEqualLengthSegments_Invalid_ThrowsInvalidOperationException,34,jellyfin-10.11.6/tests/Jellyfin.MediaEncoding.Hls.Tests/Playlist/DynamicHlsPlaylistGeneratorTests.cs,False,Direct Analysis
Perform,32,jellyfin-10.11.6/Jellyfin.Server/Migrations/PreStartupRoutines/RenameEnableGroupingIntoCollections.cs,False,Direct Analysis
Fetch,54,jellyfin-10.11.6/MediaBrowser.XbmcMetadata/Providers/SeriesNfoProvider.cs,False,Direct Analysis
AddParts,134,jellyfin-10.11.6/MediaBrowser.Providers/Manager/ProviderManager.cs,False,Direct Analysis
RefreshSingleItem,152,jellyfin-10.11.6/MediaBrowser.Providers/Manager/ProviderManager.cs,False,Direct Analysis
SaveImage,169,jellyfin-10.11.6/MediaBrowser.Providers/Manager/ProviderManager.cs,False,Direct Analysis
OnConfigurationUpdated,61,jellyfin-10.11.6/Emby.Server.Implementations/Configuration/ServerConfigurationManager.cs,False,Direct Analysis
UpdateMetadataPath,74,jellyfin-10.11.6/Emby.Server.Implementations/Configuration/ServerConfigurationManager.cs,False,Direct Analysis
ReplaceConfiguration,87,jellyfin-10.11.6/Emby.Server.Implementations/Configuration/ServerConfigurationManager.cs,False,Direct Analysis
ValidateMetadataPath,103,jellyfin-10.11.6/Emby.Server.Implementations/Configuration/ServerConfigurationManager.cs,False,Direct Analysis
GetDate,58,jellyfin-10.11.6/Emby.Server.Implementations/Sorting/DatePlayedComparer.cs,False,Direct Analysis
OnEvent,33,jellyfin-10.11.6/Jellyfin.Server.Implementations/Events/Consumers/Users/UserUpdatedNotifier.cs,False,Direct Analysis
AfterMetadataRefresh,62,jellyfin-10.11.6/MediaBrowser.Providers/Music/AlbumMetadataService.cs,False,Direct Analysis
UpdateMetadataFromChildren,72,jellyfin-10.11.6/MediaBrowser.Providers/Music/AlbumMetadataService.cs,False,Direct Analysis
SetPeople,195,jellyfin-10.11.6/MediaBrowser.Providers/Music/AlbumMetadataService.cs,False,Direct Analysis
MergeData,230,jellyfin-10.11.6/MediaBrowser.Providers/Music/AlbumMetadataService.cs,False,Direct Analysis
ExecuteAsync,59,jellyfin-10.11.6/Emby.Server.Implementations/ScheduledTasks/Tasks/CleanActivityLogTask.cs,False,Direct Analysis
GetDefaultTriggers,72,jellyfin-10.11.6/Emby.Server.Implementations/ScheduledTasks/Tasks/CleanActivityLogTask.cs,False,Direct Analysis
StartAsync,38,jellyfin-10.11.6/Jellyfin.Server.Implementations/Users/DeviceAccessHost.cs,False,Direct Analysis
StopAsync,46,jellyfin-10.11.6/Jellyfin.Server.Implementations/Users/DeviceAccessHost.cs,False,Direct Analysis
OnUserUpdated,53,jellyfin-10.11.6/Jellyfin.Server.Implementations/Users/DeviceAccessHost.cs,False,Direct Analysis
UpdateDeviceAccess,62,jellyfin-10.11.6/Jellyfin.Server.Implementations/Users/DeviceAccessHost.cs,False,Direct Analysis
AddMediaInfoWithProbe,38,jellyfin-10.11.6/Emby.Server.Implementations/Library/LiveStreamHelper.cs,False,Direct Analysis
OnEvent,31,jellyfin-10.11.6/Jellyfin.Server.Implementations/Events/Consumers/Session/SessionEndedLogger.cs,False,Direct Analysis
SetFFmpegPath,177,jellyfin-10.11.6/MediaBrowser.MediaEncoding/Encoder/MediaEncoder.cs,False,Direct Analysis
ValidatePath,290,jellyfin-10.11.6/MediaBrowser.MediaEncoding/Encoder/MediaEncoder.cs,False,Direct Analysis
GetEncoderPathFromDirectory,308,jellyfin-10.11.6/MediaBrowser.MediaEncoding/Encoder/MediaEncoder.cs,False,Direct Analysis
SetAvailableEncoders,324,jellyfin-10.11.6/MediaBrowser.MediaEncoding/Encoder/MediaEncoder.cs,False,Direct Analysis
SetAvailableDecoders,329,jellyfin-10.11.6/MediaBrowser.MediaEncoding/Encoder/MediaEncoder.cs,False,Direct Analysis
SetAvailableHwaccels,334,jellyfin-10.11.6/MediaBrowser.MediaEncoding/Encoder/MediaEncoder.cs,False,Direct Analysis
SetAvailableFilters,339,jellyfin-10.11.6/MediaBrowser.MediaEncoding/Encoder/MediaEncoder.cs,False,Direct Analysis
SetAvailableFiltersWithOption,344,jellyfin-10.11.6/MediaBrowser.MediaEncoding/Encoder/MediaEncoder.cs,False,Direct Analysis
SetAvailableBitStreamFiltersWithOption,349,jellyfin-10.11.6/MediaBrowser.MediaEncoding/Encoder/MediaEncoder.cs,False,Direct Analysis
SetMediaEncoderVersion,354,jellyfin-10.11.6/MediaBrowser.MediaEncoding/Encoder/MediaEncoder.cs,False,Direct Analysis
SupportsEncoder,360,jellyfin-10.11.6/MediaBrowser.MediaEncoding/Encoder/MediaEncoder.cs,False,Direct Analysis
SupportsDecoder,366,jellyfin-10.11.6/MediaBrowser.MediaEncoding/Encoder/MediaEncoder.cs,False,Direct Analysis
SupportsHwaccel,372,jellyfin-10.11.6/MediaBrowser.MediaEncoding/Encoder/MediaEncoder.cs,False,Direct Analysis
SupportsFilter,378,jellyfin-10.11.6/MediaBrowser.MediaEncoding/Encoder/MediaEncoder.cs,False,Direct Analysis
SupportsFilterWithOption,384,jellyfin-10.11.6/MediaBrowser.MediaEncoding/Encoder/MediaEncoder.cs,False,Direct Analysis
SupportsBitStreamFilterWithOption,389,jellyfin-10.11.6/MediaBrowser.MediaEncoding/Encoder/MediaEncoder.cs,False,Direct Analysis
CanEncodeToAudioCodec,394,jellyfin-10.11.6/MediaBrowser.MediaEncoding/Encoder/MediaEncoder.cs,False,Direct Analysis
CanEncodeToSubtitleCodec,408,jellyfin-10.11.6/MediaBrowser.MediaEncoding/Encoder/MediaEncoder.cs,False,Direct Analysis
GetMediaInfo,415,jellyfin-10.11.6/MediaBrowser.MediaEncoding/Encoder/MediaEncoder.cs,False,Direct Analysis
GetExtraArguments,431,jellyfin-10.11.6/MediaBrowser.MediaEncoding/Encoder/MediaEncoder.cs,False,Direct Analysis
GetInputArgument,471,jellyfin-10.11.6/MediaBrowser.MediaEncoding/Encoder/MediaEncoder.cs,False,Direct Analysis
GetInputArgument,477,jellyfin-10.11.6/MediaBrowser.MediaEncoding/Encoder/MediaEncoder.cs,False,Direct Analysis
GetExternalSubtitleInputArgument,489,jellyfin-10.11.6/MediaBrowser.MediaEncoding/Encoder/MediaEncoder.cs,False,Direct Analysis
GetMediaInfoInternal,500,jellyfin-10.11.6/MediaBrowser.MediaEncoding/Encoder/MediaEncoder.cs,False,Direct Analysis
CanDelete,23,jellyfin-10.11.6/MediaBrowser.Controller/Entities/BasePluginFolder.cs,False,Direct Analysis
IsSaveLocalMetadataEnabled,28,jellyfin-10.11.6/MediaBrowser.Controller/Entities/BasePluginFolder.cs,False,Direct Analysis
IsEnabledFor,31,jellyfin-10.11.6/MediaBrowser.LocalMetadata/Savers/BoxSetXmlSaver.cs,False,Direct Analysis
GetLocalSavePath,46,jellyfin-10.11.6/MediaBrowser.LocalMetadata/Savers/BoxSetXmlSaver.cs,False,Direct Analysis
RegisterConfiguration,124,jellyfin-10.11.6/Emby.Server.Implementations/AppBase/BaseConfigurationManager.cs,False,Direct Analysis
AddParts,147,jellyfin-10.11.6/Emby.Server.Implementations/AppBase/BaseConfigurationManager.cs,False,Direct Analysis
SaveConfiguration,159,jellyfin-10.11.6/Emby.Server.Implementations/AppBase/BaseConfigurationManager.cs,False,Direct Analysis
OnConfigurationUpdated,177,jellyfin-10.11.6/Emby.Server.Implementations/AppBase/BaseConfigurationManager.cs,False,Direct Analysis
ReplaceConfiguration,189,jellyfin-10.11.6/Emby.Server.Implementations/AppBase/BaseConfigurationManager.cs,False,Direct Analysis
UpdateCachePath,202,jellyfin-10.11.6/Emby.Server.Implementations/AppBase/BaseConfigurationManager.cs,False,Direct Analysis
ValidateCachePath,238,jellyfin-10.11.6/Emby.Server.Implementations/AppBase/BaseConfigurationManager.cs,False,Direct Analysis
GetConfigurationFile,270,jellyfin-10.11.6/Emby.Server.Implementations/AppBase/BaseConfigurationManager.cs,False,Direct Analysis
GetConfiguration,276,jellyfin-10.11.6/Emby.Server.Implementations/AppBase/BaseConfigurationManager.cs,False,Direct Analysis
LoadConfiguration,303,jellyfin-10.11.6/Emby.Server.Implementations/AppBase/BaseConfigurationManager.cs,False,Direct Analysis
SaveConfiguration,322,jellyfin-10.11.6/Emby.Server.Implementations/AppBase/BaseConfigurationManager.cs,False,Direct Analysis
OnNamedConfigurationUpdated,359,jellyfin-10.11.6/Emby.Server.Implementations/AppBase/BaseConfigurationManager.cs,False,Direct Analysis
GetConfigurationStores,365,jellyfin-10.11.6/Emby.Server.Implementations/AppBase/BaseConfigurationManager.cs,False,Direct Analysis
GetConfigurationType,371,jellyfin-10.11.6/Emby.Server.Implementations/AppBase/BaseConfigurationManager.cs,False,Direct Analysis
GetConfigurationStore,377,jellyfin-10.11.6/Emby.Server.Implementations/AppBase/BaseConfigurationManager.cs,False,Direct Analysis
GetDefaultPrimaryImageAspectRatio,80,jellyfin-10.11.6/MediaBrowser.Controller/Entities/Audio/Audio.cs,False,Direct Analysis
CanDownload,85,jellyfin-10.11.6/MediaBrowser.Controller/Entities/Audio/Audio.cs,False,Direct Analysis
CreateSortName,94,jellyfin-10.11.6/MediaBrowser.Controller/Entities/Audio/Audio.cs,False,Direct Analysis
GetUserDataKeys,100,jellyfin-10.11.6/MediaBrowser.Controller/Entities/Audio/Audio.cs,False,Direct Analysis
GetBlockUnratedType,129,jellyfin-10.11.6/MediaBrowser.Controller/Entities/Audio/Audio.cs,False,Direct Analysis
GetLookupInfo,139,jellyfin-10.11.6/MediaBrowser.Controller/Entities/Audio/Audio.cs,False,Direct Analysis
SetTempFilePath,77,jellyfin-10.11.6/src/Jellyfin.LiveTv/TunerHosts/LiveStream.cs,False,Direct Analysis
Open,82,jellyfin-10.11.6/src/Jellyfin.LiveTv/TunerHosts/LiveStream.cs,False,Direct Analysis
Close,88,jellyfin-10.11.6/src/Jellyfin.LiveTv/TunerHosts/LiveStream.cs,False,Direct Analysis
GetStream,97,jellyfin-10.11.6/src/Jellyfin.LiveTv/TunerHosts/LiveStream.cs,False,Direct Analysis
Dispose,117,jellyfin-10.11.6/src/Jellyfin.LiveTv/TunerHosts/LiveStream.cs,False,Direct Analysis
Dispose,123,jellyfin-10.11.6/src/Jellyfin.LiveTv/TunerHosts/LiveStream.cs,False,Direct Analysis
DeleteTempFiles,131,jellyfin-10.11.6/src/Jellyfin.LiveTv/TunerHosts/LiveStream.cs,False,Direct Analysis
TrySeek,153,jellyfin-10.11.6/src/Jellyfin.LiveTv/TunerHosts/LiveStream.cs,False,Direct Analysis
SessionJoined,54,jellyfin-10.11.6/MediaBrowser.Controller/SyncPlay/GroupStates/WaitingGroupState.cs,False,Direct Analysis
SessionLeaving,92,jellyfin-10.11.6/MediaBrowser.Controller/SyncPlay/GroupStates/WaitingGroupState.cs,False,Direct Analysis
HandleRequest,127,jellyfin-10.11.6/MediaBrowser.Controller/SyncPlay/GroupStates/WaitingGroupState.cs,False,Direct Analysis
HandleRequest,165,jellyfin-10.11.6/MediaBrowser.Controller/SyncPlay/GroupStates/WaitingGroupState.cs,False,Direct Analysis
HandleRequest,203,jellyfin-10.11.6/MediaBrowser.Controller/SyncPlay/GroupStates/WaitingGroupState.cs,False,Direct Analysis
HandleRequest,255,jellyfin-10.11.6/MediaBrowser.Controller/SyncPlay/GroupStates/WaitingGroupState.cs,False,Direct Analysis
HandleRequest,272,jellyfin-10.11.6/MediaBrowser.Controller/SyncPlay/GroupStates/WaitingGroupState.cs,False,Direct Analysis
HandleRequest,288,jellyfin-10.11.6/MediaBrowser.Controller/SyncPlay/GroupStates/WaitingGroupState.cs,False,Direct Analysis
HandleRequest,324,jellyfin-10.11.6/MediaBrowser.Controller/SyncPlay/GroupStates/WaitingGroupState.cs,False,Direct Analysis
HandleRequest,398,jellyfin-10.11.6/MediaBrowser.Controller/SyncPlay/GroupStates/WaitingGroupState.cs,False,Direct Analysis
HandleRequest,563,jellyfin-10.11.6/MediaBrowser.Controller/SyncPlay/GroupStates/WaitingGroupState.cs,False,Direct Analysis
HandleRequest,609,jellyfin-10.11.6/MediaBrowser.Controller/SyncPlay/GroupStates/WaitingGroupState.cs,False,Direct Analysis
HandleRequest,655,jellyfin-10.11.6/MediaBrowser.Controller/SyncPlay/GroupStates/WaitingGroupState.cs,False,Direct Analysis
Perform,50,jellyfin-10.11.6/Jellyfin.Server/Migrations/Routines/MigrateKeyframeData.cs,False,Direct Analysis
TryGetKeyframeData,96,jellyfin-10.11.6/Jellyfin.Server/Migrations/Routines/MigrateKeyframeData.cs,False,Direct Analysis
GetCachePath,118,jellyfin-10.11.6/Jellyfin.Server/Migrations/Routines/MigrateKeyframeData.cs,False,Direct Analysis
TryReadFromCache,148,jellyfin-10.11.6/Jellyfin.Server/Migrations/Routines/MigrateKeyframeData.cs,False,Direct Analysis
Invoke,34,jellyfin-10.11.6/Jellyfin.Api/Middleware/RobotsRedirectionMiddleware.cs,False,Direct Analysis
Perform,33,jellyfin-10.11.6/Jellyfin.Server/Migrations/Routines/ReaddDefaultPluginRepository.cs,False,Direct Analysis
GetMusicGenres,75,jellyfin-10.11.6/Jellyfin.Api/Controllers/MusicGenresController.cs,False,Direct Analysis
GetMusicGenre,148,jellyfin-10.11.6/Jellyfin.Api/Controllers/MusicGenresController.cs,False,Direct Analysis
Invoke,37,jellyfin-10.11.6/Jellyfin.Api/Middleware/LegacyEmbyRouteRewriteMiddleware.cs,False,Direct Analysis
LoadAll,63,jellyfin-10.11.6/Emby.Server.Implementations/Localization/LocalizationManager.cs,False,Direct Analysis
LoadCultures,105,jellyfin-10.11.6/Emby.Server.Implementations/Localization/LocalizationManager.cs,False,Direct Analysis
FindLanguageInfo,172,jellyfin-10.11.6/Emby.Server.Implementations/Localization/LocalizationManager.cs,False,Direct Analysis
GetCountries,202,jellyfin-10.11.6/Emby.Server.Implementations/Localization/LocalizationManager.cs,False,Direct Analysis
GetParentalRatings,210,jellyfin-10.11.6/Emby.Server.Implementations/Localization/LocalizationManager.cs,False,Direct Analysis
GetParentalRatingsDictionary,275,jellyfin-10.11.6/Emby.Server.Implementations/Localization/LocalizationManager.cs,False,Direct Analysis
GetRatingScore,292,jellyfin-10.11.6/Emby.Server.Implementations/Localization/LocalizationManager.cs,False,Direct Analysis
GetLocalizedString,378,jellyfin-10.11.6/Emby.Server.Implementations/Localization/LocalizationManager.cs,False,Direct Analysis
GetLocalizedString,384,jellyfin-10.11.6/Emby.Server.Implementations/Localization/LocalizationManager.cs,False,Direct Analysis
GetLocalizationDictionary,406,jellyfin-10.11.6/Emby.Server.Implementations/Localization/LocalizationManager.cs,False,Direct Analysis
CopyInto,432,jellyfin-10.11.6/Emby.Server.Implementations/Localization/LocalizationManager.cs,False,Direct Analysis
GetLocalizationOptions,466,jellyfin-10.11.6/Emby.Server.Implementations/Localization/LocalizationManager.cs,False,Direct Analysis
TryGetISO6392TFromB,542,jellyfin-10.11.6/Emby.Server.Implementations/Localization/LocalizationManager.cs,False,Direct Analysis
GetConfigurations,11,jellyfin-10.11.6/MediaBrowser.Controller/Library/MetadataConfigurationStore.cs,False,Direct Analysis
GetItemsWithImages,29,jellyfin-10.11.6/Emby.Server.Implementations/Images/ArtistImageProvider.cs,False,Direct Analysis
GetItemsWithImages,29,jellyfin-10.11.6/Emby.Server.Implementations/Images/BaseFolderImageProvider.cs,False,Direct Analysis
CreateImage,46,jellyfin-10.11.6/Emby.Server.Implementations/Images/BaseFolderImageProvider.cs,False,Direct Analysis
Supports,51,jellyfin-10.11.6/Emby.Server.Implementations/Images/BaseFolderImageProvider.cs,False,Direct Analysis
HasChangedByDate,56,jellyfin-10.11.6/Emby.Server.Implementations/Images/BaseFolderImageProvider.cs,False,Direct Analysis
SerializeParameters,169,jellyfin-10.11.6/MediaBrowser.Model/Cryptography/PasswordHash.cs,False,Direct Analysis
ToString,190,jellyfin-10.11.6/MediaBrowser.Model/Cryptography/PasswordHash.cs,False,Direct Analysis
CanDelete,33,jellyfin-10.11.6/MediaBrowser.Controller/Entities/Year.cs,False,Direct Analysis
GetUserDataKeys,38,jellyfin-10.11.6/MediaBrowser.Controller/Entities/Year.cs,False,Direct Analysis
GetDefaultPrimaryImageAspectRatio,46,jellyfin-10.11.6/MediaBrowser.Controller/Entities/Year.cs,False,Direct Analysis
IsSaveLocalMetadataEnabled,54,jellyfin-10.11.6/MediaBrowser.Controller/Entities/Year.cs,False,Direct Analysis
GetTaggedItems,59,jellyfin-10.11.6/MediaBrowser.Controller/Entities/Year.cs,False,Direct Analysis
GetRebasedPath,96,jellyfin-10.11.6/MediaBrowser.Controller/Entities/Year.cs,False,Direct Analysis
RequiresRefresh,101,jellyfin-10.11.6/MediaBrowser.Controller/Entities/Year.cs,False,Direct Analysis
BeforeMetadataRefresh,118,jellyfin-10.11.6/MediaBrowser.Controller/Entities/Year.cs,False,Direct Analysis
Parse,28,jellyfin-10.11.6/Emby.Naming/AudioBook/AudioBookNameParser.cs,False,Direct Analysis
GetLiveTvInfo,112,jellyfin-10.11.6/Jellyfin.Api/Controllers/LiveTvController.cs,False,Direct Analysis
GetLiveTvChannels,148,jellyfin-10.11.6/Jellyfin.Api/Controllers/LiveTvController.cs,False,Direct Analysis
GetChannel,230,jellyfin-10.11.6/Jellyfin.Api/Controllers/LiveTvController.cs,False,Direct Analysis
GetRecordingFolders,408,jellyfin-10.11.6/Jellyfin.Api/Controllers/LiveTvController.cs,False,Direct Analysis
GetRecording,433,jellyfin-10.11.6/Jellyfin.Api/Controllers/LiveTvController.cs,False,Direct Analysis
ResetTuner,462,jellyfin-10.11.6/Jellyfin.Api/Controllers/LiveTvController.cs,False,Direct Analysis
GetTimer,479,jellyfin-10.11.6/Jellyfin.Api/Controllers/LiveTvController.cs,False,Direct Analysis
GetDefaultTimer,495,jellyfin-10.11.6/Jellyfin.Api/Controllers/LiveTvController.cs,False,Direct Analysis
GetLiveTvPrograms,569,jellyfin-10.11.6/Jellyfin.Api/Controllers/LiveTvController.cs,False,Direct Analysis
GetPrograms,654,jellyfin-10.11.6/Jellyfin.Api/Controllers/LiveTvController.cs,False,Direct Analysis
GetRecommendedPrograms,723,jellyfin-10.11.6/Jellyfin.Api/Controllers/LiveTvController.cs,False,Direct Analysis
GetProgram,778,jellyfin-10.11.6/Jellyfin.Api/Controllers/LiveTvController.cs,False,Direct Analysis
DeleteRecording,801,jellyfin-10.11.6/Jellyfin.Api/Controllers/LiveTvController.cs,False,Direct Analysis
CancelTimer,826,jellyfin-10.11.6/Jellyfin.Api/Controllers/LiveTvController.cs,False,Direct Analysis
UpdateTimer,843,jellyfin-10.11.6/Jellyfin.Api/Controllers/LiveTvController.cs,False,Direct Analysis
CreateTimer,858,jellyfin-10.11.6/Jellyfin.Api/Controllers/LiveTvController.cs,False,Direct Analysis
GetSeriesTimer,875,jellyfin-10.11.6/Jellyfin.Api/Controllers/LiveTvController.cs,False,Direct Analysis
CancelSeriesTimer,916,jellyfin-10.11.6/Jellyfin.Api/Controllers/LiveTvController.cs,False,Direct Analysis
UpdateSeriesTimer,933,jellyfin-10.11.6/Jellyfin.Api/Controllers/LiveTvController.cs,False,Direct Analysis
CreateSeriesTimer,948,jellyfin-10.11.6/Jellyfin.Api/Controllers/LiveTvController.cs,False,Direct Analysis
DeleteTunerHost,1000,jellyfin-10.11.6/Jellyfin.Api/Controllers/LiveTvController.cs,False,Direct Analysis
AddListingProvider,1034,jellyfin-10.11.6/Jellyfin.Api/Controllers/LiveTvController.cs,False,Direct Analysis
DeleteListingProvider,1059,jellyfin-10.11.6/Jellyfin.Api/Controllers/LiveTvController.cs,False,Direct Analysis
GetSchedulesDirectCountries,1093,jellyfin-10.11.6/Jellyfin.Api/Controllers/LiveTvController.cs,False,Direct Analysis
GetLiveRecordingFile,1166,jellyfin-10.11.6/Jellyfin.Api/Controllers/LiveTvController.cs,False,Direct Analysis
GetLiveStreamFile,1193,jellyfin-10.11.6/Jellyfin.Api/Controllers/LiveTvController.cs,False,Direct Analysis
GetQueryFiltersLegacy,50,jellyfin-10.11.6/Jellyfin.Api/Controllers/FilterController.cs,False,Direct Analysis
GetQueryFilters,137,jellyfin-10.11.6/Jellyfin.Api/Controllers/FilterController.cs,False,Direct Analysis
RunSegmentPluginProviders,54,jellyfin-10.11.6/Jellyfin.Server.Implementations/MediaSegments/MediaSegmentManager.cs,False,Direct Analysis
DeleteExternalItemDataAsync,53,jellyfin-10.11.6/Emby.Server.Implementations/Library/ExternalDataManager.cs,False,Direct Analysis
Supports,38,jellyfin-10.11.6/Emby.Server.Implementations/Collections/CollectionImageProvider.cs,False,Direct Analysis
GetItemsWithImages,50,jellyfin-10.11.6/Emby.Server.Implementations/Collections/CollectionImageProvider.cs,False,Direct Analysis
CreateImage,91,jellyfin-10.11.6/Emby.Server.Implementations/Collections/CollectionImageProvider.cs,False,Direct Analysis
Run,45,jellyfin-10.11.6/Emby.Server.Implementations/Library/Validators/StudiosPostScanTask.cs,False,Direct Analysis
Perform,40,jellyfin-10.11.6/Jellyfin.Server/Migrations/Routines/FixAudioData.cs,False,Direct Analysis
Start,35,jellyfin-10.11.6/Emby.Server.Implementations/ScheduledTasks/Triggers/DailyTrigger.cs,False,Direct Analysis
Stop,52,jellyfin-10.11.6/Emby.Server.Implementations/ScheduledTasks/Triggers/DailyTrigger.cs,False,Direct Analysis
DisposeTimer,60,jellyfin-10.11.6/Emby.Server.Implementations/ScheduledTasks/Triggers/DailyTrigger.cs,False,Direct Analysis
OnTriggered,69,jellyfin-10.11.6/Emby.Server.Implementations/ScheduledTasks/Triggers/DailyTrigger.cs,False,Direct Analysis
Dispose,75,jellyfin-10.11.6/Emby.Server.Implementations/ScheduledTasks/Triggers/DailyTrigger.cs,False,Direct Analysis
IsMetadataFetcherEnabled,26,jellyfin-10.11.6/MediaBrowser.Controller/BaseItemManager/BaseItemManager.cs,False,Direct Analysis
IsImageFetcherEnabled,50,jellyfin-10.11.6/MediaBrowser.Controller/BaseItemManager/BaseItemManager.cs,False,Direct Analysis
GetDefaultTriggers,72,jellyfin-10.11.6/Emby.Server.Implementations/ScheduledTasks/Tasks/ChapterImagesTask.cs,False,Direct Analysis
ExecuteAsync,83,jellyfin-10.11.6/Emby.Server.Implementations/ScheduledTasks/Tasks/ChapterImagesTask.cs,False,Direct Analysis
Invoke,51,jellyfin-10.11.6/Jellyfin.Api/Middleware/ExceptionMiddleware.cs,False,Direct Analysis
NormalizeExceptionMessage,138,jellyfin-10.11.6/Jellyfin.Api/Middleware/ExceptionMiddleware.cs,False,Direct Analysis
Run,48,jellyfin-10.11.6/Emby.Server.Implementations/Library/Validators/GenresValidator.cs,False,Direct Analysis
GetEligibleChildrenForRecursiveChildren,32,jellyfin-10.11.6/Emby.Server.Implementations/Playlists/PlaylistsFolder.cs,False,Direct Analysis
GetItemsInternal,37,jellyfin-10.11.6/Emby.Server.Implementations/Playlists/PlaylistsFolder.cs,False,Direct Analysis
GetClientTypeName,50,jellyfin-10.11.6/Emby.Server.Implementations/Playlists/PlaylistsFolder.cs,False,Direct Analysis
HandleRequirementAsync,34,jellyfin-10.11.6/Jellyfin.Api/Auth/SyncPlayAccessPolicy/SyncPlayAccessHandler.cs,False,Direct Analysis
Run,50,jellyfin-10.11.6/Emby.Server.Implementations/Library/Validators/ArtistsValidator.cs,False,Direct Analysis
Run,44,jellyfin-10.11.6/Emby.Server.Implementations/Library/Validators/ArtistsPostScanTask.cs,False,Direct Analysis
GetMovieAsync,57,jellyfin-10.11.6/MediaBrowser.Providers/Plugins/Tmdb/TmdbClientManager.cs,False,Direct Analysis
GetCollectionAsync,97,jellyfin-10.11.6/MediaBrowser.Providers/Plugins/Tmdb/TmdbClientManager.cs,False,Direct Analysis
GetSeriesAsync,131,jellyfin-10.11.6/MediaBrowser.Providers/Plugins/Tmdb/TmdbClientManager.cs,False,Direct Analysis
GetSeriesGroupAsync,172,jellyfin-10.11.6/MediaBrowser.Providers/Plugins/Tmdb/TmdbClientManager.cs,False,Direct Analysis
GetSeasonAsync,228,jellyfin-10.11.6/MediaBrowser.Providers/Plugins/Tmdb/TmdbClientManager.cs,False,Direct Analysis
GetEpisodeAsync,266,jellyfin-10.11.6/MediaBrowser.Providers/Plugins/Tmdb/TmdbClientManager.cs,False,Direct Analysis
GetPersonAsync,314,jellyfin-10.11.6/MediaBrowser.Providers/Plugins/Tmdb/TmdbClientManager.cs,False,Direct Analysis
FindByExternalIdAsync,347,jellyfin-10.11.6/MediaBrowser.Providers/Plugins/Tmdb/TmdbClientManager.cs,False,Direct Analysis
SearchPersonAsync,413,jellyfin-10.11.6/MediaBrowser.Providers/Plugins/Tmdb/TmdbClientManager.cs,False,Direct Analysis
SearchMovieAsync,456,jellyfin-10.11.6/MediaBrowser.Providers/Plugins/Tmdb/TmdbClientManager.cs,False,Direct Analysis
SearchCollectionAsync,486,jellyfin-10.11.6/MediaBrowser.Providers/Plugins/Tmdb/TmdbClientManager.cs,False,Direct Analysis
GetUrl,514,jellyfin-10.11.6/MediaBrowser.Providers/Plugins/Tmdb/TmdbClientManager.cs,False,Direct Analysis
ConvertToRemoteImageInfo,597,jellyfin-10.11.6/MediaBrowser.Providers/Plugins/Tmdb/TmdbClientManager.cs,False,Direct Analysis
EnsureClientConfigAsync,630,jellyfin-10.11.6/MediaBrowser.Providers/Plugins/Tmdb/TmdbClientManager.cs,False,Direct Analysis
GetClientConfiguration,675,jellyfin-10.11.6/MediaBrowser.Providers/Plugins/Tmdb/TmdbClientManager.cs,False,Direct Analysis
Dispose,683,jellyfin-10.11.6/MediaBrowser.Providers/Plugins/Tmdb/TmdbClientManager.cs,False,Direct Analysis
Dispose,693,jellyfin-10.11.6/MediaBrowser.Providers/Plugins/Tmdb/TmdbClientManager.cs,False,Direct Analysis
Resolve,43,jellyfin-10.11.6/Emby.Server.Implementations/Library/Resolvers/TV/SeasonResolver.cs,False,Direct Analysis
ResolveMultiple,64,jellyfin-10.11.6/Emby.Server.Implementations/Library/Resolvers/Movies/MovieResolver.cs,False,Direct Analysis
Resolve,88,jellyfin-10.11.6/Emby.Server.Implementations/Library/Resolvers/Movies/MovieResolver.cs,False,Direct Analysis
ResolveVideos,237,jellyfin-10.11.6/Emby.Server.Implementations/Library/Resolvers/Movies/MovieResolver.cs,False,Direct Analysis
SetInitialItemValues,354,jellyfin-10.11.6/Emby.Server.Implementations/Library/Resolvers/Movies/MovieResolver.cs,False,Direct Analysis
FindMovie,395,jellyfin-10.11.6/Emby.Server.Implementations/Library/Resolvers/Movies/MovieResolver.cs,False,Direct Analysis
GetMultiDiscMovie,495,jellyfin-10.11.6/Emby.Server.Implementations/Library/Resolvers/Movies/MovieResolver.cs,False,Direct Analysis
CreateApiKey,26,jellyfin-10.11.6/Jellyfin.Server.Implementations/Security/AuthenticationManager.cs,False,Direct Analysis
GetApiKeys,38,jellyfin-10.11.6/Jellyfin.Server.Implementations/Security/AuthenticationManager.cs,False,Direct Analysis
DeleteApiKey,57,jellyfin-10.11.6/Jellyfin.Server.Implementations/Security/AuthenticationManager.cs,False,Direct Analysis
BuildTargetModel,17,jellyfin-10.11.6/src/Jellyfin.Database/Jellyfin.Database.Providers.Sqlite/Migrations/20200514181226_AddActivityLog.Designer.cs,False,Direct Analysis
Up,11,jellyfin-10.11.6/src/Jellyfin.Database/Jellyfin.Database.Providers.Sqlite/Migrations/20200514181226_AddActivityLog.cs,False,Direct Analysis
Down,39,jellyfin-10.11.6/src/Jellyfin.Database/Jellyfin.Database.Providers.Sqlite/Migrations/20200514181226_AddActivityLog.cs,False,Direct Analysis
GetTasks,40,jellyfin-10.11.6/Jellyfin.Api/Controllers/ScheduledTasksController.cs,False,Direct Analysis
GetTask,75,jellyfin-10.11.6/Jellyfin.Api/Controllers/ScheduledTasksController.cs,False,Direct Analysis
StartTask,98,jellyfin-10.11.6/Jellyfin.Api/Controllers/ScheduledTasksController.cs,False,Direct Analysis
StopTask,122,jellyfin-10.11.6/Jellyfin.Api/Controllers/ScheduledTasksController.cs,False,Direct Analysis
UpdateTask,147,jellyfin-10.11.6/Jellyfin.Api/Controllers/ScheduledTasksController.cs,False,Direct Analysis
Resolve,25,jellyfin-10.11.6/Emby.Server.Implementations/Library/Resolvers/FolderResolver.cs,False,Direct Analysis
GetDefaultTriggers,62,jellyfin-10.11.6/Emby.Server.Implementations/ScheduledTasks/Tasks/PeopleValidationTask.cs,False,Direct Analysis
ExecuteAsync,72,jellyfin-10.11.6/Emby.Server.Implementations/ScheduledTasks/Tasks/PeopleValidationTask.cs,False,Direct Analysis
Resolve,51,jellyfin-10.11.6/Emby.Server.Implementations/Library/Resolvers/TV/SeriesResolver.cs,False,Direct Analysis
IsSeriesFolder,112,jellyfin-10.11.6/Emby.Server.Implementations/Library/Resolvers/TV/SeriesResolver.cs,False,Direct Analysis
SetInitialItemValues,173,jellyfin-10.11.6/Emby.Server.Implementations/Library/Resolvers/TV/SeriesResolver.cs,False,Direct Analysis
GetVirtualFolders,60,jellyfin-10.11.6/Jellyfin.Api/Controllers/LibraryStructureController.cs,False,Direct Analysis
AddVirtualFolder,77,jellyfin-10.11.6/Jellyfin.Api/Controllers/LibraryStructureController.cs,False,Direct Analysis
RemoveVirtualFolder,106,jellyfin-10.11.6/Jellyfin.Api/Controllers/LibraryStructureController.cs,False,Direct Analysis
RenameVirtualFolder,131,jellyfin-10.11.6/Jellyfin.Api/Controllers/LibraryStructureController.cs,False,Direct Analysis
AddMediaPath,225,jellyfin-10.11.6/Jellyfin.Api/Controllers/LibraryStructureController.cs,False,Direct Analysis
UpdateMediaPath,268,jellyfin-10.11.6/Jellyfin.Api/Controllers/LibraryStructureController.cs,False,Direct Analysis
RemoveMediaPath,290,jellyfin-10.11.6/Jellyfin.Api/Controllers/LibraryStructureController.cs,False,Direct Analysis
UpdateLibraryOptions,336,jellyfin-10.11.6/Jellyfin.Api/Controllers/LibraryStructureController.cs,False,Direct Analysis
RefreshItem,67,jellyfin-10.11.6/MediaBrowser.Controller/Providers/MetadataRefreshOptions.cs,False,Direct Analysis
GetSearchHintResult,134,jellyfin-10.11.6/Jellyfin.Api/Controllers/SearchController.cs,False,Direct Analysis
SetThumbImageInfo,221,jellyfin-10.11.6/Jellyfin.Api/Controllers/SearchController.cs,False,Direct Analysis
SetBackdropImageInfo,244,jellyfin-10.11.6/Jellyfin.Api/Controllers/SearchController.cs,False,Direct Analysis
SetInitialItemValues,21,jellyfin-10.11.6/Emby.Server.Implementations/Library/Resolvers/GenericFolderResolver.cs,False,Direct Analysis
Dispose,36,jellyfin-10.11.6/src/Jellyfin.LiveTv/TunerHosts/HdHomerun/HdHomerunManager.cs,False,Direct Analysis
StartStreaming,76,jellyfin-10.11.6/src/Jellyfin.LiveTv/TunerHosts/HdHomerun/HdHomerunManager.cs,False,Direct Analysis
ChangeChannel,151,jellyfin-10.11.6/src/Jellyfin.LiveTv/TunerHosts/HdHomerun/HdHomerunManager.cs,False,Direct Analysis
StopStreaming,185,jellyfin-10.11.6/src/Jellyfin.LiveTv/TunerHosts/HdHomerun/HdHomerunManager.cs,False,Direct Analysis
ReleaseLockkey,197,jellyfin-10.11.6/src/Jellyfin.LiveTv/TunerHosts/HdHomerun/HdHomerunManager.cs,False,Direct Analysis
GetAllChannelFeatures,84,jellyfin-10.11.6/Jellyfin.Api/Controllers/ChannelsController.cs,False,Direct Analysis
GetChannelFeatures,96,jellyfin-10.11.6/Jellyfin.Api/Controllers/ChannelsController.cs,False,Direct Analysis
GetChannelItems,119,jellyfin-10.11.6/Jellyfin.Api/Controllers/ChannelsController.cs,False,Direct Analysis
GetLatestChannelItems,197,jellyfin-10.11.6/Jellyfin.Api/Controllers/ChannelsController.cs,False,Direct Analysis
Ensure_Decoding_Of_Urls_Is_Working,26,jellyfin-10.11.6/tests/Jellyfin.Server.Integration.Tests/EncodedQueryStringTest.cs,False,Direct Analysis
Ensure_Array_Decoding_Of_Urls_Is_Working,39,jellyfin-10.11.6/tests/Jellyfin.Server.Integration.Tests/EncodedQueryStringTest.cs,False,Direct Analysis
GetDefaultTriggers,59,jellyfin-10.11.6/Emby.Server.Implementations/ScheduledTasks/Tasks/OptimizeDatabaseTask.cs,False,Direct Analysis
ExecuteAsync,69,jellyfin-10.11.6/Emby.Server.Implementations/ScheduledTasks/Tasks/OptimizeDatabaseTask.cs,False,Direct Analysis
PostUserImage,103,jellyfin-10.11.6/Jellyfin.Api/Controllers/ImageController.cs,False,Direct Analysis
DeleteUserImage,203,jellyfin-10.11.6/Jellyfin.Api/Controllers/ImageController.cs,False,Direct Analysis
DeleteItemImage,295,jellyfin-10.11.6/Jellyfin.Api/Controllers/ImageController.cs,False,Direct Analysis
DeleteItemImageByIndex,323,jellyfin-10.11.6/Jellyfin.Api/Controllers/ImageController.cs,False,Direct Analysis
SetItemImage,353,jellyfin-10.11.6/Jellyfin.Api/Controllers/ImageController.cs,False,Direct Analysis
SetItemImageByIndex,396,jellyfin-10.11.6/Jellyfin.Api/Controllers/ImageController.cs,False,Direct Analysis
UpdateItemImageIndex,438,jellyfin-10.11.6/Jellyfin.Api/Controllers/ImageController.cs,False,Direct Analysis
GetItemImageInfos,465,jellyfin-10.11.6/Jellyfin.Api/Controllers/ImageController.cs,False,Direct Analysis
GetItemImage,551,jellyfin-10.11.6/Jellyfin.Api/Controllers/ImageController.cs,False,Direct Analysis
GetItemImageByIndex,629,jellyfin-10.11.6/Jellyfin.Api/Controllers/ImageController.cs,False,Direct Analysis
GetItemImage2,707,jellyfin-10.11.6/Jellyfin.Api/Controllers/ImageController.cs,False,Direct Analysis
GetArtistImage,785,jellyfin-10.11.6/Jellyfin.Api/Controllers/ImageController.cs,False,Direct Analysis
GetGenreImage,863,jellyfin-10.11.6/Jellyfin.Api/Controllers/ImageController.cs,False,Direct Analysis
GetGenreImageByIndex,941,jellyfin-10.11.6/Jellyfin.Api/Controllers/ImageController.cs,False,Direct Analysis
GetMusicGenreImage,1019,jellyfin-10.11.6/Jellyfin.Api/Controllers/ImageController.cs,False,Direct Analysis
GetMusicGenreImageByIndex,1097,jellyfin-10.11.6/Jellyfin.Api/Controllers/ImageController.cs,False,Direct Analysis
GetPersonImage,1175,jellyfin-10.11.6/Jellyfin.Api/Controllers/ImageController.cs,False,Direct Analysis
GetPersonImageByIndex,1253,jellyfin-10.11.6/Jellyfin.Api/Controllers/ImageController.cs,False,Direct Analysis
GetStudioImage,1331,jellyfin-10.11.6/Jellyfin.Api/Controllers/ImageController.cs,False,Direct Analysis
GetStudioImageByIndex,1409,jellyfin-10.11.6/Jellyfin.Api/Controllers/ImageController.cs,False,Direct Analysis
GetUserImage,1475,jellyfin-10.11.6/Jellyfin.Api/Controllers/ImageController.cs,False,Direct Analysis
GetSplashscreen,1644,jellyfin-10.11.6/Jellyfin.Api/Controllers/ImageController.cs,False,Direct Analysis
UploadCustomSplashscreen,1720,jellyfin-10.11.6/Jellyfin.Api/Controllers/ImageController.cs,False,Direct Analysis
DeleteCustomSplashscreen,1754,jellyfin-10.11.6/Jellyfin.Api/Controllers/ImageController.cs,False,Direct Analysis
GetImageInfo,1768,jellyfin-10.11.6/Jellyfin.Api/Controllers/ImageController.cs,False,Direct Analysis
GetImageInternal,1819,jellyfin-10.11.6/Jellyfin.Api/Controllers/ImageController.cs,False,Direct Analysis
GetImageResult,1992,jellyfin-10.11.6/Jellyfin.Api/Controllers/ImageController.cs,False,Direct Analysis
Map,36,jellyfin-10.11.6/Jellyfin.Server.Implementations/Item/KeyframeRepository.cs,False,Direct Analysis
GetKeyframeData,47,jellyfin-10.11.6/Jellyfin.Server.Implementations/Item/KeyframeRepository.cs,False,Direct Analysis
SaveKeyframeDataAsync,55,jellyfin-10.11.6/Jellyfin.Server.Implementations/Item/KeyframeRepository.cs,False,Direct Analysis
DeleteKeyframeDataAsync,69,jellyfin-10.11.6/Jellyfin.Server.Implementations/Item/KeyframeRepository.cs,False,Direct Analysis
GetItemsWithImages,38,jellyfin-10.11.6/Emby.Server.Implementations/Images/GenreImageProvider.cs,False,Direct Analysis
Perform,50,jellyfin-10.11.6/Jellyfin.Server/Migrations/Routines/MigrateAuthenticationDb.cs,False,Direct Analysis
BuildTargetModel,18,jellyfin-10.11.6/src/Jellyfin.Database/Jellyfin.Database.Providers.Sqlite/Migrations/20250326065026_AddInheritedParentalRatingSubValue.Designer.cs,False,Direct Analysis
Up,11,jellyfin-10.11.6/src/Jellyfin.Database/Jellyfin.Database.Providers.Sqlite/Migrations/20250326065026_AddInheritedParentalRatingSubValue.cs,False,Direct Analysis
Down,32,jellyfin-10.11.6/src/Jellyfin.Database/Jellyfin.Database.Providers.Sqlite/Migrations/20250326065026_AddInheritedParentalRatingSubValue.cs,False,Direct Analysis
Start,38,jellyfin-10.11.6/Emby.Server.Implementations/ScheduledTasks/Triggers/WeeklyTrigger.cs,False,Direct Analysis
GetNextTriggerDateTime,51,jellyfin-10.11.6/Emby.Server.Implementations/ScheduledTasks/Triggers/WeeklyTrigger.cs,False,Direct Analysis
Stop,75,jellyfin-10.11.6/Emby.Server.Implementations/ScheduledTasks/Triggers/WeeklyTrigger.cs,False,Direct Analysis
DisposeTimer,83,jellyfin-10.11.6/Emby.Server.Implementations/ScheduledTasks/Triggers/WeeklyTrigger.cs,False,Direct Analysis
OnTriggered,92,jellyfin-10.11.6/Emby.Server.Implementations/ScheduledTasks/Triggers/WeeklyTrigger.cs,False,Direct Analysis
Dispose,98,jellyfin-10.11.6/Emby.Server.Implementations/ScheduledTasks/Triggers/WeeklyTrigger.cs,False,Direct Analysis
InstallPackage,300,jellyfin-10.11.6/Emby.Server.Implementations/Updates/InstallationManager.cs,False,Direct Analysis
UninstallPlugin,382,jellyfin-10.11.6/Emby.Server.Implementations/Updates/InstallationManager.cs,False,Direct Analysis
CancelInstallation,406,jellyfin-10.11.6/Emby.Server.Implementations/Updates/InstallationManager.cs,False,Direct Analysis
Dispose,423,jellyfin-10.11.6/Emby.Server.Implementations/Updates/InstallationManager.cs,False,Direct Analysis
Dispose,433,jellyfin-10.11.6/Emby.Server.Implementations/Updates/InstallationManager.cs,False,Direct Analysis
GetAvailablePluginUpdates,495,jellyfin-10.11.6/Emby.Server.Implementations/Updates/InstallationManager.cs,False,Direct Analysis
PerformPackageInstallation,516,jellyfin-10.11.6/Emby.Server.Implementations/Updates/InstallationManager.cs,False,Direct Analysis
InstallPackageInternal,573,jellyfin-10.11.6/Emby.Server.Implementations/Updates/InstallationManager.cs,False,Direct Analysis
AddParts,251,jellyfin-10.11.6/Emby.Server.Implementations/Library/LibraryManager.cs,False,Direct Analysis
RecordConfigurationValues,270,jellyfin-10.11.6/Emby.Server.Implementations/Library/LibraryManager.cs,False,Direct Analysis
ConfigurationUpdated,280,jellyfin-10.11.6/Emby.Server.Implementations/Library/LibraryManager.cs,False,Direct Analysis
RegisterItem,294,jellyfin-10.11.6/Emby.Server.Implementations/Library/LibraryManager.cs,False,Direct Analysis
DeleteItem,316,jellyfin-10.11.6/Emby.Server.Implementations/Library/LibraryManager.cs,False,Direct Analysis
DeleteItem,321,jellyfin-10.11.6/Emby.Server.Implementations/Library/LibraryManager.cs,False,Direct Analysis
DeleteItemsUnsafeFast,330,jellyfin-10.11.6/Emby.Server.Implementations/Library/LibraryManager.cs,False,Direct Analysis
DeleteItem,369,jellyfin-10.11.6/Emby.Server.Implementations/Library/LibraryManager.cs,False,Direct Analysis
DeleteItemPath,469,jellyfin-10.11.6/Emby.Server.Implementations/Library/LibraryManager.cs,False,Direct Analysis
IsInternalItem,526,jellyfin-10.11.6/Emby.Server.Implementations/Library/LibraryManager.cs,False,Direct Analysis
GetInternalMetadataPaths,567,jellyfin-10.11.6/Emby.Server.Implementations/Library/LibraryManager.cs,False,Direct Analysis
ResolveItem,605,jellyfin-10.11.6/Emby.Server.Implementations/Library/LibraryManager.cs,False,Direct Analysis
Resolve,618,jellyfin-10.11.6/Emby.Server.Implementations/Library/LibraryManager.cs,False,Direct Analysis
GetNewItemId,631,jellyfin-10.11.6/Emby.Server.Implementations/Library/LibraryManager.cs,False,Direct Analysis
GetNewItemIdInternal,636,jellyfin-10.11.6/Emby.Server.Implementations/Library/LibraryManager.cs,False,Direct Analysis
ResolvePath,663,jellyfin-10.11.6/Emby.Server.Implementations/Library/LibraryManager.cs,False,Direct Analysis
NormalizeRootPathList,746,jellyfin-10.11.6/Emby.Server.Implementations/Library/LibraryManager.cs,False,Direct Analysis
ResolvePaths,768,jellyfin-10.11.6/Emby.Server.Implementations/Library/LibraryManager.cs,False,Direct Analysis
ResolvePaths,773,jellyfin-10.11.6/Emby.Server.Implementations/Library/LibraryManager.cs,False,Direct Analysis
ResolveFileList,804,jellyfin-10.11.6/Emby.Server.Implementations/Library/LibraryManager.cs,False,Direct Analysis
CreateRootFolder,838,jellyfin-10.11.6/Emby.Server.Implementations/Library/LibraryManager.cs,False,Direct Analysis
GetUserRootFolder,890,jellyfin-10.11.6/Emby.Server.Implementations/Library/LibraryManager.cs,False,Direct Analysis
FindByPath,938,jellyfin-10.11.6/Emby.Server.Implementations/Library/LibraryManager.cs,False,Direct Analysis
GetPerson,958,jellyfin-10.11.6/Emby.Server.Implementations/Library/LibraryManager.cs,False,Direct Analysis
GetStudio,975,jellyfin-10.11.6/Emby.Server.Implementations/Library/LibraryManager.cs,False,Direct Analysis
GetStudioId,980,jellyfin-10.11.6/Emby.Server.Implementations/Library/LibraryManager.cs,False,Direct Analysis
GetGenreId,985,jellyfin-10.11.6/Emby.Server.Implementations/Library/LibraryManager.cs,False,Direct Analysis
GetMusicGenreId,990,jellyfin-10.11.6/Emby.Server.Implementations/Library/LibraryManager.cs,False,Direct Analysis
GetGenre,1000,jellyfin-10.11.6/Emby.Server.Implementations/Library/LibraryManager.cs,False,Direct Analysis
GetMusicGenre,1010,jellyfin-10.11.6/Emby.Server.Implementations/Library/LibraryManager.cs,False,Direct Analysis
GetYear,1020,jellyfin-10.11.6/Emby.Server.Implementations/Library/LibraryManager.cs,False,Direct Analysis
GetArtist,1037,jellyfin-10.11.6/Emby.Server.Implementations/Library/LibraryManager.cs,False,Direct Analysis
GetArtists,1042,jellyfin-10.11.6/Emby.Server.Implementations/Library/LibraryManager.cs,False,Direct Analysis
GetArtist,1047,jellyfin-10.11.6/Emby.Server.Implementations/Library/LibraryManager.cs,False,Direct Analysis
CreateItemByName,1052,jellyfin-10.11.6/Emby.Server.Implementations/Library/LibraryManager.cs,False,Direct Analysis
GetItemByNameId,1095,jellyfin-10.11.6/Emby.Server.Implementations/Library/LibraryManager.cs,False,Direct Analysis
ValidatePeopleAsync,1103,jellyfin-10.11.6/Emby.Server.Implementations/Library/LibraryManager.cs,False,Direct Analysis
ValidateMediaLibrary,1117,jellyfin-10.11.6/Emby.Server.Implementations/Library/LibraryManager.cs,False,Direct Analysis
ValidateMediaLibraryInternal,1131,jellyfin-10.11.6/Emby.Server.Implementations/Library/LibraryManager.cs,False,Direct Analysis
ValidateTopLibraryFolders,1147,jellyfin-10.11.6/Emby.Server.Implementations/Library/LibraryManager.cs,False,Direct Analysis
PerformLibraryValidation,1193,jellyfin-10.11.6/Emby.Server.Implementations/Library/LibraryManager.cs,False,Direct Analysis
RunPostScanTasks,1219,jellyfin-10.11.6/Emby.Server.Implementations/Library/LibraryManager.cs,False,Direct Analysis
GetVirtualFolders,1274,jellyfin-10.11.6/Emby.Server.Implementations/Library/LibraryManager.cs,False,Direct Analysis
GetVirtualFolders,1279,jellyfin-10.11.6/Emby.Server.Implementations/Library/LibraryManager.cs,False,Direct Analysis
GetVirtualFolderInfo,1292,jellyfin-10.11.6/Emby.Server.Implementations/Library/LibraryManager.cs,False,Direct Analysis
GetCollectionType,1342,jellyfin-10.11.6/Emby.Server.Implementations/Library/LibraryManager.cs,False,Direct Analysis
GetItemById,1357,jellyfin-10.11.6/Emby.Server.Implementations/Library/LibraryManager.cs,False,Direct Analysis
GetItemById,1380,jellyfin-10.11.6/Emby.Server.Implementations/Library/LibraryManager.cs,False,Direct Analysis
GetItemById,1393,jellyfin-10.11.6/Emby.Server.Implementations/Library/LibraryManager.cs,False,Direct Analysis
GetItemById,1401,jellyfin-10.11.6/Emby.Server.Implementations/Library/LibraryManager.cs,False,Direct Analysis
GetItemList,1408,jellyfin-10.11.6/Emby.Server.Implementations/Library/LibraryManager.cs,False,Direct Analysis
GetItemList,1434,jellyfin-10.11.6/Emby.Server.Implementations/Library/LibraryManager.cs,False,Direct Analysis
GetCount,1439,jellyfin-10.11.6/Emby.Server.Implementations/Library/LibraryManager.cs,False,Direct Analysis
GetItemCounts,1458,jellyfin-10.11.6/Emby.Server.Implementations/Library/LibraryManager.cs,False,Direct Analysis
GetItemList,1477,jellyfin-10.11.6/Emby.Server.Implementations/Library/LibraryManager.cs,False,Direct Analysis
GetLatestItemList,1492,jellyfin-10.11.6/Emby.Server.Implementations/Library/LibraryManager.cs,False,Direct Analysis
GetNextUpSeriesKeys,1507,jellyfin-10.11.6/Emby.Server.Implementations/Library/LibraryManager.cs,False,Direct Analysis
QueryItems,1522,jellyfin-10.11.6/Emby.Server.Implementations/Library/LibraryManager.cs,False,Direct Analysis
GetItemIds,1540,jellyfin-10.11.6/Emby.Server.Implementations/Library/LibraryManager.cs,False,Direct Analysis
GetStudios,1550,jellyfin-10.11.6/Emby.Server.Implementations/Library/LibraryManager.cs,False,Direct Analysis
GetGenres,1561,jellyfin-10.11.6/Emby.Server.Implementations/Library/LibraryManager.cs,False,Direct Analysis
GetMusicGenres,1572,jellyfin-10.11.6/Emby.Server.Implementations/Library/LibraryManager.cs,False,Direct Analysis
GetAllArtists,1583,jellyfin-10.11.6/Emby.Server.Implementations/Library/LibraryManager.cs,False,Direct Analysis
GetArtists,1594,jellyfin-10.11.6/Emby.Server.Implementations/Library/LibraryManager.cs,False,Direct Analysis
GetAlbumArtists,1635,jellyfin-10.11.6/Emby.Server.Implementations/Library/LibraryManager.cs,False,Direct Analysis
GetItemsResult,1646,jellyfin-10.11.6/Emby.Server.Implementations/Library/LibraryManager.cs,False,Direct Analysis
GetIntros,1795,jellyfin-10.11.6/Emby.Server.Implementations/Library/LibraryManager.cs,False,Direct Analysis
GetIntros,1820,jellyfin-10.11.6/Emby.Server.Implementations/Library/LibraryManager.cs,False,Direct Analysis
ResolveIntro,1839,jellyfin-10.11.6/Emby.Server.Implementations/Library/LibraryManager.cs,False,Direct Analysis
Sort,1893,jellyfin-10.11.6/Emby.Server.Implementations/Library/LibraryManager.cs,False,Direct Analysis
Sort,1925,jellyfin-10.11.6/Emby.Server.Implementations/Library/LibraryManager.cs,False,Direct Analysis
GetComparer,1968,jellyfin-10.11.6/Emby.Server.Implementations/Library/LibraryManager.cs,False,Direct Analysis
CreateItem,1988,jellyfin-10.11.6/Emby.Server.Implementations/Library/LibraryManager.cs,False,Direct Analysis
CreateItems,1994,jellyfin-10.11.6/Emby.Server.Implementations/Library/LibraryManager.cs,False,Direct Analysis
ImageNeedsRefresh,2037,jellyfin-10.11.6/Emby.Server.Implementations/Library/LibraryManager.cs,False,Direct Analysis
UpdateImagesAsync,2061,jellyfin-10.11.6/Emby.Server.Implementations/Library/LibraryManager.cs,False,Direct Analysis
UpdateItemsAsync,2153,jellyfin-10.11.6/Emby.Server.Implementations/Library/LibraryManager.cs,False,Direct Analysis
ReattachUserDataAsync,2206,jellyfin-10.11.6/Emby.Server.Implementations/Library/LibraryManager.cs,False,Direct Analysis
RunMetadataSavers,2211,jellyfin-10.11.6/Emby.Server.Implementations/Library/LibraryManager.cs,False,Direct Analysis
ReportItemRemoved,2226,jellyfin-10.11.6/Emby.Server.Implementations/Library/LibraryManager.cs,False,Direct Analysis
RetrieveItem,2252,jellyfin-10.11.6/Emby.Server.Implementations/Library/LibraryManager.cs,False,Direct Analysis
GetCollectionFolders,2257,jellyfin-10.11.6/Emby.Server.Implementations/Library/LibraryManager.cs,False,Direct Analysis
GetCollectionFolders,2262,jellyfin-10.11.6/Emby.Server.Implementations/Library/LibraryManager.cs,False,Direct Analysis
GetLibraryOptions,2305,jellyfin-10.11.6/Emby.Server.Implementations/Library/LibraryManager.cs,False,Direct Analysis
GetContentType,2319,jellyfin-10.11.6/Emby.Server.Implementations/Library/LibraryManager.cs,False,Direct Analysis
GetInheritedContentType,2336,jellyfin-10.11.6/Emby.Server.Implementations/Library/LibraryManager.cs,False,Direct Analysis
GetConfiguredContentType,2350,jellyfin-10.11.6/Emby.Server.Implementations/Library/LibraryManager.cs,False,Direct Analysis
GetConfiguredContentType,2355,jellyfin-10.11.6/Emby.Server.Implementations/Library/LibraryManager.cs,False,Direct Analysis
GetContentTypeOverride,2370,jellyfin-10.11.6/Emby.Server.Implementations/Library/LibraryManager.cs,False,Direct Analysis
GetNamedView,2409,jellyfin-10.11.6/Emby.Server.Implementations/Library/LibraryManager.cs,False,Direct Analysis
GetNamedView,2418,jellyfin-10.11.6/Emby.Server.Implementations/Library/LibraryManager.cs,False,Direct Analysis
GetNamedView,2462,jellyfin-10.11.6/Emby.Server.Implementations/Library/LibraryManager.cs,False,Direct Analysis
GetShadowView,2527,jellyfin-10.11.6/Emby.Server.Implementations/Library/LibraryManager.cs,False,Direct Analysis
GetNamedView,2591,jellyfin-10.11.6/Emby.Server.Implementations/Library/LibraryManager.cs,False,Direct Analysis
GetParentItem,2667,jellyfin-10.11.6/Emby.Server.Implementations/Library/LibraryManager.cs,False,Direct Analysis
QueueLibraryScan,2683,jellyfin-10.11.6/Emby.Server.Implementations/Library/LibraryManager.cs,False,Direct Analysis
GetSeasonNumberFromPath,2689,jellyfin-10.11.6/Emby.Server.Implementations/Library/LibraryManager.cs,False,Direct Analysis
FillMissingEpisodeNumbersFromPath,2696,jellyfin-10.11.6/Emby.Server.Implementations/Library/LibraryManager.cs,False,Direct Analysis
ParseName,2821,jellyfin-10.11.6/Emby.Server.Implementations/Library/LibraryManager.cs,False,Direct Analysis
FindExtras,2833,jellyfin-10.11.6/Emby.Server.Implementations/Library/LibraryManager.cs,False,Direct Analysis
GetPathAfterNetworkSubstitution,2906,jellyfin-10.11.6/Emby.Server.Implementations/Library/LibraryManager.cs,False,Direct Analysis
GetPeople,2919,jellyfin-10.11.6/Emby.Server.Implementations/Library/LibraryManager.cs,False,Direct Analysis
GetPeople,2924,jellyfin-10.11.6/Emby.Server.Implementations/Library/LibraryManager.cs,False,Direct Analysis
GetPeopleItems,2942,jellyfin-10.11.6/Emby.Server.Implementations/Library/LibraryManager.cs,False,Direct Analysis
GetPeopleNames,2962,jellyfin-10.11.6/Emby.Server.Implementations/Library/LibraryManager.cs,False,Direct Analysis
UpdatePeople,2967,jellyfin-10.11.6/Emby.Server.Implementations/Library/LibraryManager.cs,False,Direct Analysis
UpdatePeopleAsync,2973,jellyfin-10.11.6/Emby.Server.Implementations/Library/LibraryManager.cs,False,Direct Analysis
ConvertImageToLocal,2988,jellyfin-10.11.6/Emby.Server.Implementations/Library/LibraryManager.cs,False,Direct Analysis
AddVirtualFolder,3025,jellyfin-10.11.6/Emby.Server.Implementations/Library/LibraryManager.cs,False,Direct Analysis
SavePeopleMetadataAsync,3096,jellyfin-10.11.6/Emby.Server.Implementations/Library/LibraryManager.cs,False,Direct Analysis
AddMediaPath,3180,jellyfin-10.11.6/Emby.Server.Implementations/Library/LibraryManager.cs,False,Direct Analysis
AddMediaPathInternal,3185,jellyfin-10.11.6/Emby.Server.Implementations/Library/LibraryManager.cs,False,Direct Analysis
UpdateMediaPath,3218,jellyfin-10.11.6/Emby.Server.Implementations/Library/LibraryManager.cs,False,Direct Analysis
RemoveVirtualFolder,3253,jellyfin-10.11.6/Emby.Server.Implementations/Library/LibraryManager.cs,False,Direct Analysis
RemoveContentTypeOverrides,3294,jellyfin-10.11.6/Emby.Server.Implementations/Library/LibraryManager.cs,False,Direct Analysis
RemoveMediaPath,3323,jellyfin-10.11.6/Emby.Server.Implementations/Library/LibraryManager.cs,False,Direct Analysis
CreateShortcut,3370,jellyfin-10.11.6/Emby.Server.Implementations/Library/LibraryManager.cs,False,Direct Analysis
GetValue,54,jellyfin-10.11.6/Emby.Server.Implementations/Sorting/IsFavoriteOrLikeComparer.cs,False,Direct Analysis
MoveGeneratedTrickplayDataAsync,81,jellyfin-10.11.6/Jellyfin.Server.Implementations/Trickplay/TrickplayManager.cs,False,Direct Analysis
MoveContent,124,jellyfin-10.11.6/Jellyfin.Server.Implementations/Trickplay/TrickplayManager.cs,False,Direct Analysis
RefreshTrickplayDataAsync,139,jellyfin-10.11.6/Jellyfin.Server.Implementations/Trickplay/TrickplayManager.cs,False,Direct Analysis
GetItemsWithImages,27,jellyfin-10.11.6/Emby.Server.Implementations/Images/CollectionFolderImageProvider.cs,False,Direct Analysis
Supports,80,jellyfin-10.11.6/Emby.Server.Implementations/Images/CollectionFolderImageProvider.cs,False,Direct Analysis
CreateImage,85,jellyfin-10.11.6/Emby.Server.Implementations/Images/CollectionFolderImageProvider.cs,False,Direct Analysis
HasChangedByDate,102,jellyfin-10.11.6/Emby.Server.Implementations/Images/CollectionFolderImageProvider.cs,False,Direct Analysis
Run,36,jellyfin-10.11.6/Emby.Server.Implementations/Data/CleanDatabaseScheduledTask.cs,False,Direct Analysis
CleanDeadItems,41,jellyfin-10.11.6/Emby.Server.Implementations/Data/CleanDatabaseScheduledTask.cs,False,Direct Analysis
AddAffectedPath,41,jellyfin-10.11.6/Emby.Server.Implementations/IO/FileRefresher.cs,False,Direct Analysis
AddPath,51,jellyfin-10.11.6/Emby.Server.Implementations/IO/FileRefresher.cs,False,Direct Analysis
RestartTimer,63,jellyfin-10.11.6/Emby.Server.Implementations/IO/FileRefresher.cs,False,Direct Analysis
ResetPath,88,jellyfin-10.11.6/Emby.Server.Implementations/IO/FileRefresher.cs,False,Direct Analysis
OnTimerCallback,106,jellyfin-10.11.6/Emby.Server.Implementations/IO/FileRefresher.cs,False,Direct Analysis
ProcessPathChanges,130,jellyfin-10.11.6/Emby.Server.Implementations/IO/FileRefresher.cs,False,Direct Analysis
GetAffectedBaseItem,163,jellyfin-10.11.6/Emby.Server.Implementations/IO/FileRefresher.cs,False,Direct Analysis
DisposeTimer,191,jellyfin-10.11.6/Emby.Server.Implementations/IO/FileRefresher.cs,False,Direct Analysis
Dispose,204,jellyfin-10.11.6/Emby.Server.Implementations/IO/FileRefresher.cs,False,Direct Analysis
GetDirectoryContents,51,jellyfin-10.11.6/Jellyfin.Api/Controllers/EnvironmentController.cs,False,Direct Analysis
GetNetworkShares,139,jellyfin-10.11.6/Jellyfin.Api/Controllers/EnvironmentController.cs,False,Direct Analysis
GetDrives,152,jellyfin-10.11.6/Jellyfin.Api/Controllers/EnvironmentController.cs,False,Direct Analysis
OnEvent,33,jellyfin-10.11.6/Jellyfin.Server.Implementations/Events/Consumers/Users/UserLockedOutLogger.cs,False,Direct Analysis
RegisterServices,63,jellyfin-10.11.6/Jellyfin.Server/CoreAppHost.cs,False,Direct Analysis
GetAssembliesWithPartsInternal,115,jellyfin-10.11.6/Jellyfin.Server/CoreAppHost.cs,False,Direct Analysis
GetPlugins_Unauthorized_ReturnsUnauthorized,23,jellyfin-10.11.6/tests/Jellyfin.Server.Integration.Tests/Controllers/PluginsControllerTests.cs,False,Direct Analysis
GetPlugins_Authorized_ReturnsCorrectResponse,33,jellyfin-10.11.6/tests/Jellyfin.Server.Integration.Tests/Controllers/PluginsControllerTests.cs,False,Direct Analysis
GetMediaSources,53,jellyfin-10.11.6/src/Jellyfin.LiveTv/LiveTvMediaSourceProvider.cs,False,Direct Analysis
GetMediaSourcesInternal,68,jellyfin-10.11.6/src/Jellyfin.LiveTv/LiveTvMediaSourceProvider.cs,False,Direct Analysis
OpenMediaSource,131,jellyfin-10.11.6/src/Jellyfin.LiveTv/LiveTvMediaSourceProvider.cs,False,Direct Analysis
GetChannelStream,259,jellyfin-10.11.6/src/Jellyfin.LiveTv/LiveTvMediaSourceProvider.cs,False,Direct Analysis
SaveUserData,50,jellyfin-10.11.6/Emby.Server.Implementations/Library/UserDataManager.cs,False,Direct Analysis
SaveUserData,96,jellyfin-10.11.6/Emby.Server.Implementations/Library/UserDataManager.cs,False,Direct Analysis
Map,142,jellyfin-10.11.6/Emby.Server.Implementations/Library/UserDataManager.cs,False,Direct Analysis
GetUserData,180,jellyfin-10.11.6/Emby.Server.Implementations/Library/UserDataManager.cs,False,Direct Analysis
GetUserDataInternal,202,jellyfin-10.11.6/Emby.Server.Implementations/Library/UserDataManager.cs,False,Direct Analysis
GetUserData,239,jellyfin-10.11.6/Emby.Server.Implementations/Library/UserDataManager.cs,False,Direct Analysis
GetUserDataDto,252,jellyfin-10.11.6/Emby.Server.Implementations/Library/UserDataManager.cs,False,Direct Analysis
GetUserItemDataDto,273,jellyfin-10.11.6/Emby.Server.Implementations/Library/UserDataManager.cs,False,Direct Analysis
UpdatePlayState,292,jellyfin-10.11.6/Emby.Server.Implementations/Library/UserDataManager.cs,False,Direct Analysis
InferTotalBitrate,148,jellyfin-10.11.6/MediaBrowser.Model/Dto/MediaSourceInfo.cs,False,Direct Analysis
GetDefaultAudioStream,175,jellyfin-10.11.6/MediaBrowser.Model/Dto/MediaSourceInfo.cs,False,Direct Analysis
GetMediaStream,209,jellyfin-10.11.6/MediaBrowser.Model/Dto/MediaSourceInfo.cs,False,Direct Analysis
GetStreamCount,222,jellyfin-10.11.6/MediaBrowser.Model/Dto/MediaSourceInfo.cs,False,Direct Analysis
IsSecondaryAudio,244,jellyfin-10.11.6/MediaBrowser.Model/Dto/MediaSourceInfo.cs,False,Direct Analysis
Resolve,22,jellyfin-10.11.6/Emby.Server.Implementations/Library/Resolvers/Movies/BoxSetResolver.cs,False,Direct Analysis
SetInitialItemValues,54,jellyfin-10.11.6/Emby.Server.Implementations/Library/Resolvers/Movies/BoxSetResolver.cs,False,Direct Analysis
Resolve,21,jellyfin-10.11.6/Emby.Server.Implementations/Library/Resolvers/Books/BookResolver.cs,False,Direct Analysis
GetBook,51,jellyfin-10.11.6/Emby.Server.Implementations/Library/Resolvers/Books/BookResolver.cs,False,Direct Analysis
SendAsync,85,jellyfin-10.11.6/Emby.Server.Implementations/HttpServer/WebSocketConnection.cs,False,Direct Analysis
SendAsync,92,jellyfin-10.11.6/Emby.Server.Implementations/HttpServer/WebSocketConnection.cs,False,Direct Analysis
ProcessInternal,159,jellyfin-10.11.6/Emby.Server.Implementations/HttpServer/WebSocketConnection.cs,False,Direct Analysis
DeserializeWebSocketMessage,219,jellyfin-10.11.6/Emby.Server.Implementations/HttpServer/WebSocketConnection.cs,False,Direct Analysis
SendKeepAliveResponse,227,jellyfin-10.11.6/Emby.Server.Implementations/HttpServer/WebSocketConnection.cs,False,Direct Analysis
Dispose,236,jellyfin-10.11.6/Emby.Server.Implementations/HttpServer/WebSocketConnection.cs,False,Direct Analysis
Dispose,246,jellyfin-10.11.6/Emby.Server.Implementations/HttpServer/WebSocketConnection.cs,False,Direct Analysis
DisposeAsync,262,jellyfin-10.11.6/Emby.Server.Implementations/HttpServer/WebSocketConnection.cs,False,Direct Analysis
DisposeAsyncCore,273,jellyfin-10.11.6/Emby.Server.Implementations/HttpServer/WebSocketConnection.cs,False,Direct Analysis
FindFolders,72,jellyfin-10.11.6/Emby.Server.Implementations/Collections/CollectionManager.cs,False,Direct Analysis
EnsureLibraryFolder,81,jellyfin-10.11.6/Emby.Server.Implementations/Collections/CollectionManager.cs,False,Direct Analysis
GetCollectionsFolderPath,112,jellyfin-10.11.6/Emby.Server.Implementations/Collections/CollectionManager.cs,False,Direct Analysis
GetCollectionsFolder,118,jellyfin-10.11.6/Emby.Server.Implementations/Collections/CollectionManager.cs,False,Direct Analysis
CreateCollectionAsync,133,jellyfin-10.11.6/Emby.Server.Implementations/Collections/CollectionManager.cs,False,Direct Analysis
AddToCollectionAsync,205,jellyfin-10.11.6/Emby.Server.Implementations/Collections/CollectionManager.cs,False,Direct Analysis
RemoveFromCollectionAsync,261,jellyfin-10.11.6/Emby.Server.Implementations/Collections/CollectionManager.cs,False,Direct Analysis
CollapseItemsWithinBoxSets,309,jellyfin-10.11.6/Emby.Server.Implementations/Collections/CollectionManager.cs,False,Direct Analysis
Resolve_ValidFileName_Success,38,jellyfin-10.11.6/tests/Jellyfin.Naming.Tests/AudioBook/AudioBookResolverTests.cs,False,Direct Analysis
Resolve_InvalidExtension,50,jellyfin-10.11.6/tests/Jellyfin.Naming.Tests/AudioBook/AudioBookResolverTests.cs,False,Direct Analysis
Resolve_EmptyFileName,58,jellyfin-10.11.6/tests/Jellyfin.Naming.Tests/AudioBook/AudioBookResolverTests.cs,False,Direct Analysis
GetAttachmentPath,38,jellyfin-10.11.6/Emby.Server.Implementations/Library/PathManager.cs,False,Direct Analysis
GetAttachmentFolderPath,44,jellyfin-10.11.6/Emby.Server.Implementations/Library/PathManager.cs,False,Direct Analysis
GetSubtitleFolderPath,52,jellyfin-10.11.6/Emby.Server.Implementations/Library/PathManager.cs,False,Direct Analysis
GetSubtitlePath,60,jellyfin-10.11.6/Emby.Server.Implementations/Library/PathManager.cs,False,Direct Analysis
GetTrickplayDirectory,66,jellyfin-10.11.6/Emby.Server.Implementations/Library/PathManager.cs,False,Direct Analysis
GetChapterImageFolderPath,76,jellyfin-10.11.6/Emby.Server.Implementations/Library/PathManager.cs,False,Direct Analysis
GetChapterImagePath,82,jellyfin-10.11.6/Emby.Server.Implementations/Library/PathManager.cs,False,Direct Analysis
GetExtractedDataPaths,90,jellyfin-10.11.6/Emby.Server.Implementations/Library/PathManager.cs,False,Direct Analysis
CreatePasswordHash,19,jellyfin-10.11.6/Emby.Server.Implementations/Cryptography/CryptographyProvider.cs,False,Direct Analysis
Verify,38,jellyfin-10.11.6/Emby.Server.Implementations/Cryptography/CryptographyProvider.cs,False,Direct Analysis
GenerateSalt,70,jellyfin-10.11.6/Emby.Server.Implementations/Cryptography/CryptographyProvider.cs,False,Direct Analysis
AddPerson,52,jellyfin-10.11.6/MediaBrowser.Controller/Providers/MetadataResult.cs,False,Direct Analysis
ResetPeople,62,jellyfin-10.11.6/MediaBrowser.Controller/Providers/MetadataResult.cs,False,Direct Analysis
GetHlsAudioSegmentLegacy,59,jellyfin-10.11.6/Jellyfin.Api/Controllers/HlsSegmentController.cs,False,Direct Analysis
GetHlsPlaylistLegacy,86,jellyfin-10.11.6/Jellyfin.Api/Controllers/HlsSegmentController.cs,False,Direct Analysis
StopEncodingProcess,111,jellyfin-10.11.6/Jellyfin.Api/Controllers/HlsSegmentController.cs,False,Direct Analysis
GetHlsVideoSegmentLegacy,136,jellyfin-10.11.6/Jellyfin.Api/Controllers/HlsSegmentController.cs,False,Direct Analysis
GetFileResult,175,jellyfin-10.11.6/Jellyfin.Api/Controllers/HlsSegmentController.cs,False,Direct Analysis
Authenticate,21,jellyfin-10.11.6/Emby.Server.Implementations/HttpServer/Security/AuthService.cs,False,Direct Analysis
GetUserDataKeys,40,jellyfin-10.11.6/MediaBrowser.Controller/Entities/Audio/MusicGenre.cs,False,Direct Analysis
CreatePresentationUniqueKey,48,jellyfin-10.11.6/MediaBrowser.Controller/Entities/Audio/MusicGenre.cs,False,Direct Analysis
GetDefaultPrimaryImageAspectRatio,53,jellyfin-10.11.6/MediaBrowser.Controller/Entities/Audio/MusicGenre.cs,False,Direct Analysis
CanDelete,58,jellyfin-10.11.6/MediaBrowser.Controller/Entities/Audio/MusicGenre.cs,False,Direct Analysis
IsSaveLocalMetadataEnabled,63,jellyfin-10.11.6/MediaBrowser.Controller/Entities/Audio/MusicGenre.cs,False,Direct Analysis
GetTaggedItems,68,jellyfin-10.11.6/MediaBrowser.Controller/Entities/Audio/MusicGenre.cs,False,Direct Analysis
GetRebasedPath,91,jellyfin-10.11.6/MediaBrowser.Controller/Entities/Audio/MusicGenre.cs,False,Direct Analysis
RequiresRefresh,96,jellyfin-10.11.6/MediaBrowser.Controller/Entities/Audio/MusicGenre.cs,False,Direct Analysis
BeforeMetadataRefresh,113,jellyfin-10.11.6/MediaBrowser.Controller/Entities/Audio/MusicGenre.cs,False,Direct Analysis
GetKeyframeData,28,jellyfin-10.11.6/Emby.Server.Implementations/Library/KeyframeManager.cs,False,Direct Analysis
SaveKeyframeDataAsync,34,jellyfin-10.11.6/Emby.Server.Implementations/Library/KeyframeManager.cs,False,Direct Analysis
DeleteKeyframeDataAsync,40,jellyfin-10.11.6/Emby.Server.Implementations/Library/KeyframeManager.cs,False,Direct Analysis
OnEvent,33,jellyfin-10.11.6/Jellyfin.Server.Implementations/Events/Consumers/Updates/PluginInstallationFailedLogger.cs,False,Direct Analysis
GetSearchResults,37,jellyfin-10.11.6/MediaBrowser.Providers/Plugins/Omdb/OmdbEpisodeProvider.cs,False,Direct Analysis
GetMetadata,42,jellyfin-10.11.6/MediaBrowser.Providers/Plugins/Omdb/OmdbEpisodeProvider.cs,False,Direct Analysis
GetImageResponse,74,jellyfin-10.11.6/MediaBrowser.Providers/Plugins/Omdb/OmdbEpisodeProvider.cs,False,Direct Analysis
StartAsync,48,jellyfin-10.11.6/Emby.Server.Implementations/EntryPoints/UserDataChangeNotifier.cs,False,Direct Analysis
StopAsync,56,jellyfin-10.11.6/Emby.Server.Implementations/EntryPoints/UserDataChangeNotifier.cs,False,Direct Analysis
OnUserDataManagerUserDataSaved,63,jellyfin-10.11.6/Emby.Server.Implementations/EntryPoints/UserDataChangeNotifier.cs,False,Direct Analysis
UpdateTimerCallback,108,jellyfin-10.11.6/Emby.Server.Implementations/EntryPoints/UserDataChangeNotifier.cs,False,Direct Analysis
GetUserDataChangeInfo,134,jellyfin-10.11.6/Emby.Server.Implementations/EntryPoints/UserDataChangeNotifier.cs,False,Direct Analysis
Dispose,161,jellyfin-10.11.6/Emby.Server.Implementations/EntryPoints/UserDataChangeNotifier.cs,False,Direct Analysis
GetExternalUrls,18,jellyfin-10.11.6/MediaBrowser.Providers/Plugins/MusicBrainz/MusicBrainzTrackExternalUrlProvider.cs,False,Direct Analysis
ContainsFile,46,jellyfin-10.11.6/Emby.Naming/Video/FileStack.cs,False,Direct Analysis
Resolve,24,jellyfin-10.11.6/MediaBrowser.Controller/Resolvers/ItemResolver.cs,False,Direct Analysis
SetInitialItemValues,34,jellyfin-10.11.6/MediaBrowser.Controller/Resolvers/ItemResolver.cs,False,Direct Analysis
ResolvePath,43,jellyfin-10.11.6/MediaBrowser.Controller/Resolvers/ItemResolver.cs,False,Direct Analysis
AlbumParser_MultidiscPath_Identifies,43,jellyfin-10.11.6/tests/Jellyfin.Naming.Tests/Music/MultiDiscAlbumTests.cs,False,Direct Analysis
Resolve,35,jellyfin-10.11.6/Emby.Naming/TV/EpisodeResolver.cs,False,Direct Analysis
Resolve,36,jellyfin-10.11.6/Emby.Server.Implementations/Library/Resolvers/TV/EpisodeResolver.cs,False,Direct Analysis
SaveMediaStreams,39,jellyfin-10.11.6/Jellyfin.Server.Implementations/Item/MediaStreamRepository.cs,False,Direct Analysis
GetMediaStreams,52,jellyfin-10.11.6/Jellyfin.Server.Implementations/Item/MediaStreamRepository.cs,False,Direct Analysis
GetPathToSave,58,jellyfin-10.11.6/Jellyfin.Server.Implementations/Item/MediaStreamRepository.cs,False,Direct Analysis
RestorePath,68,jellyfin-10.11.6/Jellyfin.Server.Implementations/Item/MediaStreamRepository.cs,False,Direct Analysis
Map,95,jellyfin-10.11.6/Jellyfin.Server.Implementations/Item/MediaStreamRepository.cs,False,Direct Analysis
CreateBackup,45,jellyfin-10.11.6/Jellyfin.Api/Controllers/BackupController.cs,False,Direct Analysis
StartRestoreBackup,61,jellyfin-10.11.6/Jellyfin.Api/Controllers/BackupController.cs,False,Direct Analysis
ListBackups,82,jellyfin-10.11.6/Jellyfin.Api/Controllers/BackupController.cs,False,Direct Analysis
GetBackup,101,jellyfin-10.11.6/Jellyfin.Api/Controllers/BackupController.cs,False,Direct Analysis
SanitizePath,120,jellyfin-10.11.6/Jellyfin.Api/Controllers/BackupController.cs,False,Direct Analysis
LogFile,50,jellyfin-10.11.6/Jellyfin.Api/Controllers/ClientLogController.cs,False,Direct Analysis
Start,37,jellyfin-10.11.6/Emby.Server.Implementations/ScheduledTasks/Triggers/IntervalTrigger.cs,False,Direct Analysis
Stop,66,jellyfin-10.11.6/Emby.Server.Implementations/ScheduledTasks/Triggers/IntervalTrigger.cs,False,Direct Analysis
DisposeTimer,74,jellyfin-10.11.6/Emby.Server.Implementations/ScheduledTasks/Triggers/IntervalTrigger.cs,False,Direct Analysis
OnTriggered,83,jellyfin-10.11.6/Emby.Server.Implementations/ScheduledTasks/Triggers/IntervalTrigger.cs,False,Direct Analysis
Dispose,95,jellyfin-10.11.6/Emby.Server.Implementations/ScheduledTasks/Triggers/IntervalTrigger.cs,False,Direct Analysis
GetItemsWithImages,34,jellyfin-10.11.6/Emby.Server.Implementations/Images/DynamicImageProvider.cs,False,Direct Analysis
Supports,103,jellyfin-10.11.6/Emby.Server.Implementations/Images/DynamicImageProvider.cs,False,Direct Analysis
CreateImage,125,jellyfin-10.11.6/Emby.Server.Implementations/Images/DynamicImageProvider.cs,False,Direct Analysis
OnSavingChanges,49,jellyfin-10.11.6/src/Jellyfin.Database/Jellyfin.Database.Implementations/Entities/Libraries/Company.cs,False,Direct Analysis
Equals,20,jellyfin-10.11.6/MediaBrowser.Controller/Entities/LinkedChildComparer.cs,False,Direct Analysis
GetHashCode,30,jellyfin-10.11.6/MediaBrowser.Controller/Entities/LinkedChildComparer.cs,False,Direct Analysis
GetItemsWithImages,25,jellyfin-10.11.6/Emby.Server.Implementations/Images/PlaylistImageProvider.cs,False,Direct Analysis
OnEvent,33,jellyfin-10.11.6/Jellyfin.Server.Implementations/Events/Consumers/Updates/PluginUpdatedLogger.cs,False,Direct Analysis
GetUserDataKeys,165,jellyfin-10.11.6/MediaBrowser.Controller/LiveTv/LiveTvProgram.cs,False,Direct Analysis
GetDefaultPrimaryImageAspectRatio,193,jellyfin-10.11.6/MediaBrowser.Controller/LiveTv/LiveTvProgram.cs,False,Direct Analysis
GetClientTypeName,205,jellyfin-10.11.6/MediaBrowser.Controller/LiveTv/LiveTvProgram.cs,False,Direct Analysis
GetBlockUnratedType,210,jellyfin-10.11.6/MediaBrowser.Controller/LiveTv/LiveTvProgram.cs,False,Direct Analysis
GetInternalMetadataPath,215,jellyfin-10.11.6/MediaBrowser.Controller/LiveTv/LiveTvProgram.cs,False,Direct Analysis
CanDelete,220,jellyfin-10.11.6/MediaBrowser.Controller/LiveTv/LiveTvProgram.cs,False,Direct Analysis
GetListingsProviderInfo,230,jellyfin-10.11.6/MediaBrowser.Controller/LiveTv/LiveTvProgram.cs,False,Direct Analysis
GetNameForMetadataLookup,242,jellyfin-10.11.6/MediaBrowser.Controller/LiveTv/LiveTvProgram.cs,False,Direct Analysis
StopKillTimer,157,jellyfin-10.11.6/MediaBrowser.Controller/MediaEncoding/TranscodingJob.cs,False,Direct Analysis
DisposeKillTimer,168,jellyfin-10.11.6/MediaBrowser.Controller/MediaEncoding/TranscodingJob.cs,False,Direct Analysis
StartKillTimer,184,jellyfin-10.11.6/MediaBrowser.Controller/MediaEncoding/TranscodingJob.cs,False,Direct Analysis
StartKillTimer,194,jellyfin-10.11.6/MediaBrowser.Controller/MediaEncoding/TranscodingJob.cs,False,Direct Analysis
ChangeKillTimerIfStarted,219,jellyfin-10.11.6/MediaBrowser.Controller/MediaEncoding/TranscodingJob.cs,False,Direct Analysis
Stop,241,jellyfin-10.11.6/MediaBrowser.Controller/MediaEncoding/TranscodingJob.cs,False,Direct Analysis
Dispose,275,jellyfin-10.11.6/MediaBrowser.Controller/MediaEncoding/TranscodingJob.cs,False,Direct Analysis
GetSessions,55,jellyfin-10.11.6/Jellyfin.Api/Controllers/SessionController.cs,False,Direct Analysis
DisplayContent,83,jellyfin-10.11.6/Jellyfin.Api/Controllers/SessionController.cs,False,Direct Analysis
Play,122,jellyfin-10.11.6/Jellyfin.Api/Controllers/SessionController.cs,False,Direct Analysis
SendSystemCommand,196,jellyfin-10.11.6/Jellyfin.Api/Controllers/SessionController.cs,False,Direct Analysis
SendGeneralCommand,222,jellyfin-10.11.6/Jellyfin.Api/Controllers/SessionController.cs,False,Direct Analysis
SendFullGeneralCommand,250,jellyfin-10.11.6/Jellyfin.Api/Controllers/SessionController.cs,False,Direct Analysis
SendMessageCommand,280,jellyfin-10.11.6/Jellyfin.Api/Controllers/SessionController.cs,False,Direct Analysis
AddUserToSession,309,jellyfin-10.11.6/Jellyfin.Api/Controllers/SessionController.cs,False,Direct Analysis
RemoveUserFromSession,327,jellyfin-10.11.6/Jellyfin.Api/Controllers/SessionController.cs,False,Direct Analysis
PostCapabilities,348,jellyfin-10.11.6/Jellyfin.Api/Controllers/SessionController.cs,False,Direct Analysis
PostFullCapabilities,380,jellyfin-10.11.6/Jellyfin.Api/Controllers/SessionController.cs,False,Direct Analysis
ReportViewing,404,jellyfin-10.11.6/Jellyfin.Api/Controllers/SessionController.cs,False,Direct Analysis
ReportSessionEnded,422,jellyfin-10.11.6/Jellyfin.Api/Controllers/SessionController.cs,False,Direct Analysis
GetAuthProviders,436,jellyfin-10.11.6/Jellyfin.Api/Controllers/SessionController.cs,False,Direct Analysis
GetPasswordResetProviders,449,jellyfin-10.11.6/Jellyfin.Api/Controllers/SessionController.cs,False,Direct Analysis
HandleRequest,49,jellyfin-10.11.6/MediaBrowser.Controller/SyncPlay/GroupStates/AbstractGroupState.cs,False,Direct Analysis
HandleRequest,55,jellyfin-10.11.6/MediaBrowser.Controller/SyncPlay/GroupStates/AbstractGroupState.cs,False,Direct Analysis
HandleRequest,61,jellyfin-10.11.6/MediaBrowser.Controller/SyncPlay/GroupStates/AbstractGroupState.cs,False,Direct Analysis
HandleRequest,69,jellyfin-10.11.6/MediaBrowser.Controller/SyncPlay/GroupStates/AbstractGroupState.cs,False,Direct Analysis
HandleRequest,98,jellyfin-10.11.6/MediaBrowser.Controller/SyncPlay/GroupStates/AbstractGroupState.cs,False,Direct Analysis
HandleRequest,114,jellyfin-10.11.6/MediaBrowser.Controller/SyncPlay/GroupStates/AbstractGroupState.cs,False,Direct Analysis
HandleRequest,135,jellyfin-10.11.6/MediaBrowser.Controller/SyncPlay/GroupStates/AbstractGroupState.cs,False,Direct Analysis
HandleRequest,141,jellyfin-10.11.6/MediaBrowser.Controller/SyncPlay/GroupStates/AbstractGroupState.cs,False,Direct Analysis
HandleRequest,147,jellyfin-10.11.6/MediaBrowser.Controller/SyncPlay/GroupStates/AbstractGroupState.cs,False,Direct Analysis
HandleRequest,153,jellyfin-10.11.6/MediaBrowser.Controller/SyncPlay/GroupStates/AbstractGroupState.cs,False,Direct Analysis
HandleRequest,159,jellyfin-10.11.6/MediaBrowser.Controller/SyncPlay/GroupStates/AbstractGroupState.cs,False,Direct Analysis
HandleRequest,165,jellyfin-10.11.6/MediaBrowser.Controller/SyncPlay/GroupStates/AbstractGroupState.cs,False,Direct Analysis
HandleRequest,171,jellyfin-10.11.6/MediaBrowser.Controller/SyncPlay/GroupStates/AbstractGroupState.cs,False,Direct Analysis
HandleRequest,177,jellyfin-10.11.6/MediaBrowser.Controller/SyncPlay/GroupStates/AbstractGroupState.cs,False,Direct Analysis
HandleRequest,183,jellyfin-10.11.6/MediaBrowser.Controller/SyncPlay/GroupStates/AbstractGroupState.cs,False,Direct Analysis
HandleRequest,192,jellyfin-10.11.6/MediaBrowser.Controller/SyncPlay/GroupStates/AbstractGroupState.cs,False,Direct Analysis
HandleRequest,201,jellyfin-10.11.6/MediaBrowser.Controller/SyncPlay/GroupStates/AbstractGroupState.cs,False,Direct Analysis
HandleRequest,208,jellyfin-10.11.6/MediaBrowser.Controller/SyncPlay/GroupStates/AbstractGroupState.cs,False,Direct Analysis
SendGroupStateUpdate,220,jellyfin-10.11.6/MediaBrowser.Controller/SyncPlay/GroupStates/AbstractGroupState.cs,False,Direct Analysis
UnhandledRequest,228,jellyfin-10.11.6/MediaBrowser.Controller/SyncPlay/GroupStates/AbstractGroupState.cs,False,Direct Analysis
Resolve,13,jellyfin-10.11.6/Emby.Server.Implementations/IO/MbLinkShortcutHandler.cs,False,Direct Analysis
Create,27,jellyfin-10.11.6/Emby.Server.Implementations/IO/MbLinkShortcutHandler.cs,False,Direct Analysis
GetMetadata,59,jellyfin-10.11.6/MediaBrowser.Providers/Plugins/AudioDb/AudioDbArtistProvider.cs,False,Direct Analysis
ExecuteAsync,55,jellyfin-10.11.6/Emby.Server.Implementations/ScheduledTasks/Tasks/MediaSegmentExtractionTask.cs,False,Direct Analysis
GetDefaultTriggers,111,jellyfin-10.11.6/Emby.Server.Implementations/ScheduledTasks/Tasks/MediaSegmentExtractionTask.cs,False,Direct Analysis
OnSavingChanges,50,jellyfin-10.11.6/src/Jellyfin.Database/Jellyfin.Database.Implementations/Entities/Libraries/LibraryItem.cs,False,Direct Analysis
Run,44,jellyfin-10.11.6/Emby.Server.Implementations/Library/Validators/GenresPostScanTask.cs,False,Direct Analysis
Apply,51,jellyfin-10.11.6/MediaBrowser.Controller/SyncPlay/PlaybackRequests/RemoveFromPlaylistGroupRequest.cs,False,Direct Analysis
GetInstantMixFromArtist,37,jellyfin-10.11.6/Emby.Server.Implementations/Library/MusicManager.cs,False,Direct Analysis
GetInstantMixFromGenres,71,jellyfin-10.11.6/Emby.Server.Implementations/Library/MusicManager.cs,False,Direct Analysis
GetInstantMixFromItem,100,jellyfin-10.11.6/Emby.Server.Implementations/Library/MusicManager.cs,False,Direct Analysis
GetSearchHints,29,jellyfin-10.11.6/Emby.Server.Implementations/Library/SearchEngine.cs,False,Direct Analysis
GetSearchHints,71,jellyfin-10.11.6/Emby.Server.Implementations/Library/SearchEngine.cs,False,Direct Analysis
GetValue,55,jellyfin-10.11.6/Emby.Server.Implementations/Sorting/IsPlayedComparer.cs,False,Direct Analysis
GetNextUp,78,jellyfin-10.11.6/Jellyfin.Api/Controllers/TvShowsController.cs,False,Direct Analysis
GetUpcomingEpisodes,143,jellyfin-10.11.6/Jellyfin.Api/Controllers/TvShowsController.cs,False,Direct Analysis
GetEpisodes,209,jellyfin-10.11.6/Jellyfin.Api/Controllers/TvShowsController.cs,False,Direct Analysis
GetSeasons,333,jellyfin-10.11.6/Jellyfin.Api/Controllers/TvShowsController.cs,False,Direct Analysis
MakeSanityCheckOrThrow,85,jellyfin-10.11.6/Emby.Server.Implementations/AppBase/BaseApplicationPaths.cs,False,Direct Analysis
CreateAndCheckMarker,96,jellyfin-10.11.6/Emby.Server.Implementations/AppBase/BaseApplicationPaths.cs,False,Direct Analysis
GetExternalUrls,17,jellyfin-10.11.6/MediaBrowser.Providers/Movies/ImdbExternalUrlProvider.cs,False,Direct Analysis
OnEvent,27,jellyfin-10.11.6/Jellyfin.Server.Implementations/Events/Consumers/Updates/PluginInstallingNotifier.cs,False,Direct Analysis
GetDevices,48,jellyfin-10.11.6/Jellyfin.Api/Controllers/DevicesController.cs,False,Direct Analysis
GetDeviceInfo,64,jellyfin-10.11.6/Jellyfin.Api/Controllers/DevicesController.cs,False,Direct Analysis
GetDeviceOptions,85,jellyfin-10.11.6/Jellyfin.Api/Controllers/DevicesController.cs,False,Direct Analysis
UpdateDeviceOptions,105,jellyfin-10.11.6/Jellyfin.Api/Controllers/DevicesController.cs,False,Direct Analysis
DeleteDevice,123,jellyfin-10.11.6/Jellyfin.Api/Controllers/DevicesController.cs,False,Direct Analysis
ExpandVirtualPath,276,jellyfin-10.11.6/Emby.Server.Implementations/ApplicationHost.cs,False,Direct Analysis
ReverseVirtualPath,289,jellyfin-10.11.6/Emby.Server.Implementations/ApplicationHost.cs,False,Direct Analysis
CreateInstanceSafe,302,jellyfin-10.11.6/Emby.Server.Implementations/ApplicationHost.cs,False,Direct Analysis
GetExportTypes,348,jellyfin-10.11.6/Emby.Server.Implementations/ApplicationHost.cs,False,Direct Analysis
GetExports,363,jellyfin-10.11.6/Emby.Server.Implementations/ApplicationHost.cs,False,Direct Analysis
GetExports,384,jellyfin-10.11.6/Emby.Server.Implementations/ApplicationHost.cs,False,Direct Analysis
RunStartupTasksAsync,408,jellyfin-10.11.6/Emby.Server.Implementations/ApplicationHost.cs,False,Direct Analysis
Init,432,jellyfin-10.11.6/Emby.Server.Implementations/ApplicationHost.cs,False,Direct Analysis
RegisterServices,469,jellyfin-10.11.6/Emby.Server.Implementations/ApplicationHost.cs,False,Direct Analysis
GetCertificate,600,jellyfin-10.11.6/Emby.Server.Implementations/ApplicationHost.cs,False,Direct Analysis
SetStaticProperties,636,jellyfin-10.11.6/Emby.Server.Implementations/ApplicationHost.cs,False,Direct Analysis
FindParts,664,jellyfin-10.11.6/Emby.Server.Implementations/ApplicationHost.cs,False,Direct Analysis
DiscoverTypes,695,jellyfin-10.11.6/Emby.Server.Implementations/ApplicationHost.cs,False,Direct Analysis
GetTypes,702,jellyfin-10.11.6/Emby.Server.Implementations/ApplicationHost.cs,False,Direct Analysis
OnConfigurationUpdated,739,jellyfin-10.11.6/Emby.Server.Implementations/ApplicationHost.cs,False,Direct Analysis
ValidateSslCertificate,779,jellyfin-10.11.6/Emby.Server.Implementations/ApplicationHost.cs,False,Direct Analysis
NotifyPendingRestart,804,jellyfin-10.11.6/Emby.Server.Implementations/ApplicationHost.cs,False,Direct Analysis
GetComposablePartAssemblies,822,jellyfin-10.11.6/Emby.Server.Implementations/ApplicationHost.cs,False,Direct Analysis
GetSmartApiUrl,871,jellyfin-10.11.6/Emby.Server.Implementations/ApplicationHost.cs,False,Direct Analysis
GetSmartApiUrl,885,jellyfin-10.11.6/Emby.Server.Implementations/ApplicationHost.cs,False,Direct Analysis
GetSmartApiUrl,905,jellyfin-10.11.6/Emby.Server.Implementations/ApplicationHost.cs,False,Direct Analysis
GetApiUrlForLocalAccess,919,jellyfin-10.11.6/Emby.Server.Implementations/ApplicationHost.cs,False,Direct Analysis
GetLocalApiUrl,929,jellyfin-10.11.6/Emby.Server.Implementations/ApplicationHost.cs,False,Direct Analysis
GetApiPluginAssemblies,950,jellyfin-10.11.6/Emby.Server.Implementations/ApplicationHost.cs,False,Direct Analysis
Dispose,965,jellyfin-10.11.6/Emby.Server.Implementations/ApplicationHost.cs,False,Direct Analysis
Dispose,975,jellyfin-10.11.6/Emby.Server.Implementations/ApplicationHost.cs,False,Direct Analysis
Apply,33,jellyfin-10.11.6/MediaBrowser.Controller/SyncPlay/PlaybackRequests/SetRepeatModeGroupRequest.cs,False,Direct Analysis
InNetwork_True_Success,23,jellyfin-10.11.6/tests/Jellyfin.Networking.Tests/NetworkManagerTests.cs,False,Direct Analysis
InNetwork_False_Success,52,jellyfin-10.11.6/tests/Jellyfin.Networking.Tests/NetworkManagerTests.cs,False,Direct Analysis
Supports,44,jellyfin-10.11.6/MediaBrowser.Providers/Plugins/Tmdb/Movies/TmdbMovieImageProvider.cs,False,Direct Analysis
GetImages,59,jellyfin-10.11.6/MediaBrowser.Providers/Plugins/Tmdb/Movies/TmdbMovieImageProvider.cs,False,Direct Analysis
GetImageResponse,108,jellyfin-10.11.6/MediaBrowser.Providers/Plugins/Tmdb/Movies/TmdbMovieImageProvider.cs,False,Direct Analysis
IsShortcut,56,jellyfin-10.11.6/Emby.Server.Implementations/IO/ManagedFileSystem.cs,False,Direct Analysis
ResolveShortcut,70,jellyfin-10.11.6/Emby.Server.Implementations/IO/ManagedFileSystem.cs,False,Direct Analysis
MakeAbsolutePath,81,jellyfin-10.11.6/Emby.Server.Implementations/IO/ManagedFileSystem.cs,False,Direct Analysis
CreateShortcut,135,jellyfin-10.11.6/Emby.Server.Implementations/IO/ManagedFileSystem.cs,False,Direct Analysis
MoveDirectory,154,jellyfin-10.11.6/Emby.Server.Implementations/IO/ManagedFileSystem.cs,False,Direct Analysis
GetFileSystemInfo,185,jellyfin-10.11.6/Emby.Server.Implementations/IO/ManagedFileSystem.cs,False,Direct Analysis
GetFileInfo,220,jellyfin-10.11.6/Emby.Server.Implementations/IO/ManagedFileSystem.cs,False,Direct Analysis
GetDirectoryInfo,235,jellyfin-10.11.6/Emby.Server.Implementations/IO/ManagedFileSystem.cs,False,Direct Analysis
GetFileSystemMetadata,242,jellyfin-10.11.6/Emby.Server.Implementations/IO/ManagedFileSystem.cs,False,Direct Analysis
GetValidFilename,305,jellyfin-10.11.6/Emby.Server.Implementations/IO/ManagedFileSystem.cs,False,Direct Analysis
GetCreationTimeUtc,342,jellyfin-10.11.6/Emby.Server.Implementations/IO/ManagedFileSystem.cs,False,Direct Analysis
GetCreationTimeUtc,357,jellyfin-10.11.6/Emby.Server.Implementations/IO/ManagedFileSystem.cs,False,Direct Analysis
GetCreationTimeUtc,363,jellyfin-10.11.6/Emby.Server.Implementations/IO/ManagedFileSystem.cs,False,Direct Analysis
GetLastWriteTimeUtc,369,jellyfin-10.11.6/Emby.Server.Implementations/IO/ManagedFileSystem.cs,False,Direct Analysis
GetLastWriteTimeUtc,379,jellyfin-10.11.6/Emby.Server.Implementations/IO/ManagedFileSystem.cs,False,Direct Analysis
GetLastWriteTimeUtc,394,jellyfin-10.11.6/Emby.Server.Implementations/IO/ManagedFileSystem.cs,False,Direct Analysis
SetHidden,400,jellyfin-10.11.6/Emby.Server.Implementations/IO/ManagedFileSystem.cs,False,Direct Analysis
SetAttributes,424,jellyfin-10.11.6/Emby.Server.Implementations/IO/ManagedFileSystem.cs,False,Direct Analysis
SwapFiles,468,jellyfin-10.11.6/Emby.Server.Implementations/IO/ManagedFileSystem.cs,False,Direct Analysis
ContainsSubPath,487,jellyfin-10.11.6/Emby.Server.Implementations/IO/ManagedFileSystem.cs,False,Direct Analysis
AreEqual,498,jellyfin-10.11.6/Emby.Server.Implementations/IO/ManagedFileSystem.cs,False,Direct Analysis
GetFileNameWithoutExtension,515,jellyfin-10.11.6/Emby.Server.Implementations/IO/ManagedFileSystem.cs,False,Direct Analysis
IsPathFile,526,jellyfin-10.11.6/Emby.Server.Implementations/IO/ManagedFileSystem.cs,False,Direct Analysis
DeleteFile,538,jellyfin-10.11.6/Emby.Server.Implementations/IO/ManagedFileSystem.cs,False,Direct Analysis
GetDrives,545,jellyfin-10.11.6/Emby.Server.Implementations/IO/ManagedFileSystem.cs,False,Direct Analysis
GetDirectories,563,jellyfin-10.11.6/Emby.Server.Implementations/IO/ManagedFileSystem.cs,False,Direct Analysis
GetFiles,569,jellyfin-10.11.6/Emby.Server.Implementations/IO/ManagedFileSystem.cs,False,Direct Analysis
GetFiles,575,jellyfin-10.11.6/Emby.Server.Implementations/IO/ManagedFileSystem.cs,False,Direct Analysis
GetFiles,581,jellyfin-10.11.6/Emby.Server.Implementations/IO/ManagedFileSystem.cs,False,Direct Analysis
GetFiles,587,jellyfin-10.11.6/Emby.Server.Implementations/IO/ManagedFileSystem.cs,False,Direct Analysis
GetFileSystemEntries,620,jellyfin-10.11.6/Emby.Server.Implementations/IO/ManagedFileSystem.cs,False,Direct Analysis
GetDirectoryPaths,637,jellyfin-10.11.6/Emby.Server.Implementations/IO/ManagedFileSystem.cs,False,Direct Analysis
GetFilePaths,643,jellyfin-10.11.6/Emby.Server.Implementations/IO/ManagedFileSystem.cs,False,Direct Analysis
GetFilePaths,649,jellyfin-10.11.6/Emby.Server.Implementations/IO/ManagedFileSystem.cs,False,Direct Analysis
GetFileSystemEntryPaths,680,jellyfin-10.11.6/Emby.Server.Implementations/IO/ManagedFileSystem.cs,False,Direct Analysis
DirectoryExists,694,jellyfin-10.11.6/Emby.Server.Implementations/IO/ManagedFileSystem.cs,False,Direct Analysis
FileExists,700,jellyfin-10.11.6/Emby.Server.Implementations/IO/ManagedFileSystem.cs,False,Direct Analysis
GetEnumerationOptions,705,jellyfin-10.11.6/Emby.Server.Implementations/IO/ManagedFileSystem.cs,False,Direct Analysis
Fetch,54,jellyfin-10.11.6/MediaBrowser.XbmcMetadata/Providers/AlbumNfoProvider.cs,False,Direct Analysis
MarkPlayedItem,75,jellyfin-10.11.6/Jellyfin.Api/Controllers/PlaystateController.cs,False,Direct Analysis
MarkUnplayedItem,141,jellyfin-10.11.6/Jellyfin.Api/Controllers/PlaystateController.cs,False,Direct Analysis
ReportPlaybackStart,201,jellyfin-10.11.6/Jellyfin.Api/Controllers/PlaystateController.cs,False,Direct Analysis
ReportPlaybackProgress,217,jellyfin-10.11.6/Jellyfin.Api/Controllers/PlaystateController.cs,False,Direct Analysis
PingPlaybackSession,233,jellyfin-10.11.6/Jellyfin.Api/Controllers/PlaystateController.cs,False,Direct Analysis
ReportPlaybackStopped,247,jellyfin-10.11.6/Jellyfin.Api/Controllers/PlaystateController.cs,False,Direct Analysis
OnPlaybackStart,276,jellyfin-10.11.6/Jellyfin.Api/Controllers/PlaystateController.cs,False,Direct Analysis
OnPlaybackProgress,355,jellyfin-10.11.6/Jellyfin.Api/Controllers/PlaystateController.cs,False,Direct Analysis
OnPlaybackStopped,444,jellyfin-10.11.6/Jellyfin.Api/Controllers/PlaystateController.cs,False,Direct Analysis
UpdatePlayedStatus,508,jellyfin-10.11.6/Jellyfin.Api/Controllers/PlaystateController.cs,False,Direct Analysis
ValidatePlayMethod,522,jellyfin-10.11.6/Jellyfin.Api/Controllers/PlaystateController.cs,False,Direct Analysis
GetDefaultTriggers,61,jellyfin-10.11.6/Emby.Server.Implementations/ScheduledTasks/Tasks/DeleteLogFileTask.cs,False,Direct Analysis
ExecuteAsync,71,jellyfin-10.11.6/Emby.Server.Implementations/ScheduledTasks/Tasks/DeleteLogFileTask.cs,False,Direct Analysis
GetUniversalAudioStream,99,jellyfin-10.11.6/Jellyfin.Api/Controllers/UniversalAudioController.cs,False,Direct Analysis
GetDeviceProfile,261,jellyfin-10.11.6/Jellyfin.Api/Controllers/UniversalAudioController.cs,False,Direct Analysis
GetPlaylistForUser,62,jellyfin-10.11.6/Emby.Server.Implementations/Playlists/PlaylistManager.cs,False,Direct Analysis
GetPlaylists,67,jellyfin-10.11.6/Emby.Server.Implementations/Playlists/PlaylistManager.cs,False,Direct Analysis
CreatePlaylist,80,jellyfin-10.11.6/Emby.Server.Implementations/Playlists/PlaylistManager.cs,False,Direct Analysis
GetUserPlaylists,172,jellyfin-10.11.6/Emby.Server.Implementations/Playlists/PlaylistManager.cs,False,Direct Analysis
GetPlaylistItems,194,jellyfin-10.11.6/Emby.Server.Implementations/Playlists/PlaylistManager.cs,False,Direct Analysis
AddItemToPlaylistAsync,201,jellyfin-10.11.6/Emby.Server.Implementations/Playlists/PlaylistManager.cs,False,Direct Analysis
AddToPlaylistInternal,211,jellyfin-10.11.6/Emby.Server.Implementations/Playlists/PlaylistManager.cs,False,Direct Analysis
RemoveItemFromPlaylistAsync,261,jellyfin-10.11.6/Emby.Server.Implementations/Playlists/PlaylistManager.cs,False,Direct Analysis
MoveItemAsync,299,jellyfin-10.11.6/Emby.Server.Implementations/Playlists/PlaylistManager.cs,False,Direct Analysis
SavePlaylistFile,349,jellyfin-10.11.6/Emby.Server.Implementations/Playlists/PlaylistManager.cs,False,Direct Analysis
GetPlaylistsFolder,545,jellyfin-10.11.6/Emby.Server.Implementations/Playlists/PlaylistManager.cs,False,Direct Analysis
GetPlaylistsFolder,551,jellyfin-10.11.6/Emby.Server.Implementations/Playlists/PlaylistManager.cs,False,Direct Analysis
RemovePlaylistsAsync,560,jellyfin-10.11.6/Emby.Server.Implementations/Playlists/PlaylistManager.cs,False,Direct Analysis
UpdatePlaylist,589,jellyfin-10.11.6/Emby.Server.Implementations/Playlists/PlaylistManager.cs,False,Direct Analysis
AddUserToShares,625,jellyfin-10.11.6/Emby.Server.Implementations/Playlists/PlaylistManager.cs,False,Direct Analysis
RemoveUserFromShares,641,jellyfin-10.11.6/Emby.Server.Implementations/Playlists/PlaylistManager.cs,False,Direct Analysis
GetExternalUrls,18,jellyfin-10.11.6/MediaBrowser.Providers/Plugins/MusicBrainz/MusicBrainzAlbumExternalUrlProvider.cs,False,Direct Analysis
WriteNullTerminatedString_Empty_Success,11,jellyfin-10.11.6/tests/Jellyfin.LiveTv.Tests/HdHomerunManagerTests.cs,False,Direct Analysis
WriteNullTerminatedString_Valid_Success,27,jellyfin-10.11.6/tests/Jellyfin.LiveTv.Tests/HdHomerunManagerTests.cs,False,Direct Analysis
WriteGetMessage_Valid_Success,43,jellyfin-10.11.6/tests/Jellyfin.LiveTv.Tests/HdHomerunManagerTests.cs,False,Direct Analysis
WriteSetMessage_NoLockKey_Success,63,jellyfin-10.11.6/tests/Jellyfin.LiveTv.Tests/HdHomerunManagerTests.cs,False,Direct Analysis
WriteSetMessage_LockKey_Success,85,jellyfin-10.11.6/tests/Jellyfin.LiveTv.Tests/HdHomerunManagerTests.cs,False,Direct Analysis
TryGetReturnValueOfGetSet_Valid_Success,109,jellyfin-10.11.6/tests/Jellyfin.LiveTv.Tests/HdHomerunManagerTests.cs,False,Direct Analysis
TryGetReturnValueOfGetSet_InvalidCrc_False,127,jellyfin-10.11.6/tests/Jellyfin.LiveTv.Tests/HdHomerunManagerTests.cs,False,Direct Analysis
TryGetReturnValueOfGetSet_InvalidPacketType_False,144,jellyfin-10.11.6/tests/Jellyfin.LiveTv.Tests/HdHomerunManagerTests.cs,False,Direct Analysis
TryGetReturnValueOfGetSet_InvalidPacket_False,161,jellyfin-10.11.6/tests/Jellyfin.LiveTv.Tests/HdHomerunManagerTests.cs,False,Direct Analysis
TryGetReturnValueOfGetSet_TooSmallMessageLength_False,174,jellyfin-10.11.6/tests/Jellyfin.LiveTv.Tests/HdHomerunManagerTests.cs,False,Direct Analysis
TryGetReturnValueOfGetSet_TooLargeMessageLength_False,191,jellyfin-10.11.6/tests/Jellyfin.LiveTv.Tests/HdHomerunManagerTests.cs,False,Direct Analysis
TryGetReturnValueOfGetSet_TooLargeNameLength_False,208,jellyfin-10.11.6/tests/Jellyfin.LiveTv.Tests/HdHomerunManagerTests.cs,False,Direct Analysis
TryGetReturnValueOfGetSet_InvalidGetSetNameTag_False,225,jellyfin-10.11.6/tests/Jellyfin.LiveTv.Tests/HdHomerunManagerTests.cs,False,Direct Analysis
TryGetReturnValueOfGetSet_InvalidGetSetValueTag_False,242,jellyfin-10.11.6/tests/Jellyfin.LiveTv.Tests/HdHomerunManagerTests.cs,False,Direct Analysis
TryGetReturnValueOfGetSet_TooLargeValueLength_False,259,jellyfin-10.11.6/tests/Jellyfin.LiveTv.Tests/HdHomerunManagerTests.cs,False,Direct Analysis
VerifyReturnValueOfGetSet_Valid_True,276,jellyfin-10.11.6/tests/Jellyfin.LiveTv.Tests/HdHomerunManagerTests.cs,False,Direct Analysis
VerifyReturnValueOfGetSet_WrongValue_False,293,jellyfin-10.11.6/tests/Jellyfin.LiveTv.Tests/HdHomerunManagerTests.cs,False,Direct Analysis
VerifyReturnValueOfGetSet_InvalidPacket_False,310,jellyfin-10.11.6/tests/Jellyfin.LiveTv.Tests/HdHomerunManagerTests.cs,False,Direct Analysis
Start,49,jellyfin-10.11.6/MediaBrowser.Controller/MediaEncoding/TranscodingSegmentCleaner.cs,False,Direct Analysis
Dispose,65,jellyfin-10.11.6/MediaBrowser.Controller/MediaEncoding/TranscodingSegmentCleaner.cs,False,Direct Analysis
Dispose,75,jellyfin-10.11.6/MediaBrowser.Controller/MediaEncoding/TranscodingSegmentCleaner.cs,False,Direct Analysis
GetOptions,83,jellyfin-10.11.6/MediaBrowser.Controller/MediaEncoding/TranscodingSegmentCleaner.cs,False,Direct Analysis
TimerCallback,88,jellyfin-10.11.6/MediaBrowser.Controller/MediaEncoding/TranscodingSegmentCleaner.cs,False,Direct Analysis
DeleteSegmentFiles,117,jellyfin-10.11.6/MediaBrowser.Controller/MediaEncoding/TranscodingSegmentCleaner.cs,False,Direct Analysis
DeleteHlsSegmentFiles,138,jellyfin-10.11.6/MediaBrowser.Controller/MediaEncoding/TranscodingSegmentCleaner.cs,False,Direct Analysis
DisposeTimer,170,jellyfin-10.11.6/MediaBrowser.Controller/MediaEncoding/TranscodingSegmentCleaner.cs,False,Direct Analysis
Resolve,29,jellyfin-10.11.6/Emby.Naming/AudioBook/AudioBookResolver.cs,False,Direct Analysis
IsEnabledFor,76,jellyfin-10.11.6/MediaBrowser.XbmcMetadata/Savers/MovieNfoSaver.cs,False,Direct Analysis
WriteCustomElements,93,jellyfin-10.11.6/MediaBrowser.XbmcMetadata/Savers/MovieNfoSaver.cs,False,Direct Analysis
GetTagsUsed,125,jellyfin-10.11.6/MediaBrowser.XbmcMetadata/Savers/MovieNfoSaver.cs,False,Direct Analysis
TryExtractKeyframes,27,jellyfin-10.11.6/src/Jellyfin.MediaEncoding.Hls/Extractors/MatroskaKeyframeExtractor.cs,False,Direct Analysis
BuildTargetModel,18,jellyfin-10.11.6/src/Jellyfin.Database/Jellyfin.Database.Providers.Sqlite/Migrations/20241111135439_AddedCustomDataKeyKey.Designer.cs,False,Direct Analysis
Up,11,jellyfin-10.11.6/src/Jellyfin.Database/Jellyfin.Database.Providers.Sqlite/Migrations/20241111135439_AddedCustomDataKeyKey.cs,False,Direct Analysis
Down,34,jellyfin-10.11.6/src/Jellyfin.Database/Jellyfin.Database.Providers.Sqlite/Migrations/20241111135439_AddedCustomDataKeyKey.cs,False,Direct Analysis
Run,47,jellyfin-10.11.6/Emby.Server.Implementations/Library/Validators/CollectionPostScanTask.cs,False,Direct Analysis
OnEvent,31,jellyfin-10.11.6/Jellyfin.Server.Implementations/Events/Consumers/Users/UserPasswordChangedLogger.cs,False,Direct Analysis
GetAttachment,60,jellyfin-10.11.6/MediaBrowser.MediaEncoding/Attachments/AttachmentExtractor.cs,False,Direct Analysis
ExtractAllAttachments,96,jellyfin-10.11.6/MediaBrowser.MediaEncoding/Attachments/AttachmentExtractor.cs,False,Direct Analysis
ExtractAllAttachmentsInternal,123,jellyfin-10.11.6/MediaBrowser.MediaEncoding/Attachments/AttachmentExtractor.cs,False,Direct Analysis
ExtractAttachment,235,jellyfin-10.11.6/MediaBrowser.MediaEncoding/Attachments/AttachmentExtractor.cs,False,Direct Analysis
ExtractAttachmentInternal,258,jellyfin-10.11.6/MediaBrowser.MediaEncoding/Attachments/AttachmentExtractor.cs,False,Direct Analysis
Dispose,345,jellyfin-10.11.6/MediaBrowser.MediaEncoding/Attachments/AttachmentExtractor.cs,False,Direct Analysis
Initialize,33,jellyfin-10.11.6/src/Jellyfin.CodeAnalysis/AsyncDisposalPatternAnalyzer.cs,False,Direct Analysis
Close,41,jellyfin-10.11.6/src/Jellyfin.LiveTv/IO/ExclusiveLiveStream.cs,False,Direct Analysis
GetStream,46,jellyfin-10.11.6/src/Jellyfin.LiveTv/IO/ExclusiveLiveStream.cs,False,Direct Analysis
Open,51,jellyfin-10.11.6/src/Jellyfin.LiveTv/IO/ExclusiveLiveStream.cs,False,Direct Analysis
Dispose,57,jellyfin-10.11.6/src/Jellyfin.LiveTv/IO/ExclusiveLiveStream.cs,False,Direct Analysis
GetPlaybackInfo,87,jellyfin-10.11.6/Jellyfin.Api/Helpers/MediaInfoHelper.cs,False,Direct Analysis
SetDeviceSpecificData,170,jellyfin-10.11.6/Jellyfin.Api/Helpers/MediaInfoHelper.cs,False,Direct Analysis
OpenMediaSource,405,jellyfin-10.11.6/Jellyfin.Api/Helpers/MediaInfoHelper.cs,False,Direct Analysis
SetDeviceSpecificSubtitleInfo,470,jellyfin-10.11.6/Jellyfin.Api/Helpers/MediaInfoHelper.cs,False,Direct Analysis
GetMaxBitrate,495,jellyfin-10.11.6/Jellyfin.Api/Helpers/MediaInfoHelper.cs,False,Direct Analysis
AddParts,95,jellyfin-10.11.6/Emby.Server.Implementations/Library/MediaSourceManager.cs,False,Direct Analysis
GetMediaStreams,100,jellyfin-10.11.6/Emby.Server.Implementations/Library/MediaSourceManager.cs,False,Direct Analysis
GetMediaStreams,132,jellyfin-10.11.6/Emby.Server.Implementations/Library/MediaSourceManager.cs,False,Direct Analysis
GetMediaAttachments,156,jellyfin-10.11.6/Emby.Server.Implementations/Library/MediaSourceManager.cs,False,Direct Analysis
GetMediaAttachments,162,jellyfin-10.11.6/Emby.Server.Implementations/Library/MediaSourceManager.cs,False,Direct Analysis
GetPlaybackMediaSources,170,jellyfin-10.11.6/Emby.Server.Implementations/Library/MediaSourceManager.cs,False,Direct Analysis
GetPathProtocol,227,jellyfin-10.11.6/Emby.Server.Implementations/Library/MediaSourceManager.cs,False,Direct Analysis
SupportsDirectStream,267,jellyfin-10.11.6/Emby.Server.Implementations/Library/MediaSourceManager.cs,False,Direct Analysis
GetDynamicMediaSources,290,jellyfin-10.11.6/Emby.Server.Implementations/Library/MediaSourceManager.cs,False,Direct Analysis
GetDynamicMediaSources,298,jellyfin-10.11.6/Emby.Server.Implementations/Library/MediaSourceManager.cs,False,Direct Analysis
GetMediaSource,336,jellyfin-10.11.6/Emby.Server.Implementations/Library/MediaSourceManager.cs,False,Direct Analysis
GetStaticMediaSources,348,jellyfin-10.11.6/Emby.Server.Implementations/Library/MediaSourceManager.cs,False,Direct Analysis
NormalizeLanguage,377,jellyfin-10.11.6/Emby.Server.Implementations/Library/MediaSourceManager.cs,False,Direct Analysis
SetDefaultAudioAndSubtitleStreamIndices,454,jellyfin-10.11.6/Emby.Server.Implementations/Library/MediaSourceManager.cs,False,Direct Analysis
OpenLiveStreamInternal,499,jellyfin-10.11.6/Emby.Server.Implementations/Library/MediaSourceManager.cs,False,Direct Analysis
OpenLiveStream,615,jellyfin-10.11.6/Emby.Server.Implementations/Library/MediaSourceManager.cs,False,Direct Analysis
GetLiveStreamMediaInfo,621,jellyfin-10.11.6/Emby.Server.Implementations/Library/MediaSourceManager.cs,False,Direct Analysis
AddMediaInfoWithProbe,647,jellyfin-10.11.6/Emby.Server.Implementations/Library/MediaSourceManager.cs,False,Direct Analysis
GetLiveStreamWithDirectStreamProvider,798,jellyfin-10.11.6/Emby.Server.Implementations/Library/MediaSourceManager.cs,False,Direct Analysis
GetLiveStreamInfo,811,jellyfin-10.11.6/Emby.Server.Implementations/Library/MediaSourceManager.cs,False,Direct Analysis
GetLiveStreamInfoByUniqueId,824,jellyfin-10.11.6/Emby.Server.Implementations/Library/MediaSourceManager.cs,False,Direct Analysis
GetLiveStream,829,jellyfin-10.11.6/Emby.Server.Implementations/Library/MediaSourceManager.cs,False,Direct Analysis
GetRecordingStreamMediaSources,835,jellyfin-10.11.6/Emby.Server.Implementations/Library/MediaSourceManager.cs,False,Direct Analysis
CloseLiveStream,861,jellyfin-10.11.6/Emby.Server.Implementations/Library/MediaSourceManager.cs,False,Direct Analysis
Dispose,901,jellyfin-10.11.6/Emby.Server.Implementations/Library/MediaSourceManager.cs,False,Direct Analysis
Dispose,911,jellyfin-10.11.6/Emby.Server.Implementations/Library/MediaSourceManager.cs,False,Direct Analysis
IStartupLogger,32,jellyfin-10.11.6/Jellyfin.Server/ServerSetupApp/StartupLoggerOfCategory.cs,False,Direct Analysis
IStartupLogger,52,jellyfin-10.11.6/Jellyfin.Server/ServerSetupApp/StartupLoggerOfCategory.cs,False,Direct Analysis
Perform,42,jellyfin-10.11.6/Jellyfin.Server/Migrations/Routines/MigrateActivityLogDb.cs,False,Direct Analysis
Resolve,34,jellyfin-10.11.6/Emby.Naming/AudioBook/AudioBookListResolver.cs,False,Direct Analysis
Parse,35,jellyfin-10.11.6/Emby.Naming/TV/EpisodePathParser.cs,False,Direct Analysis
FillAdditional,201,jellyfin-10.11.6/Emby.Naming/TV/EpisodePathParser.cs,False,Direct Analysis
Supports,48,jellyfin-10.11.6/MediaBrowser.Providers/Plugins/StudioImages/StudiosImageProvider.cs,False,Direct Analysis
GetSupportedImages,54,jellyfin-10.11.6/MediaBrowser.Providers/Plugins/StudioImages/StudiosImageProvider.cs,False,Direct Analysis
GetImages,60,jellyfin-10.11.6/MediaBrowser.Providers/Plugins/StudioImages/StudiosImageProvider.cs,False,Direct Analysis
GetImage,78,jellyfin-10.11.6/MediaBrowser.Providers/Plugins/StudioImages/StudiosImageProvider.cs,False,Direct Analysis
EnsureThumbsList,104,jellyfin-10.11.6/MediaBrowser.Providers/Plugins/StudioImages/StudiosImageProvider.cs,False,Direct Analysis
GetImageResponse,112,jellyfin-10.11.6/MediaBrowser.Providers/Plugins/StudioImages/StudiosImageProvider.cs,False,Direct Analysis
EnsureList,126,jellyfin-10.11.6/MediaBrowser.Providers/Plugins/StudioImages/StudiosImageProvider.cs,False,Direct Analysis
Apply,33,jellyfin-10.11.6/Jellyfin.Server/Filters/SecurityRequirementsOperationFilter.cs,False,Direct Analysis
Resolve,54,jellyfin-10.11.6/Emby.Server.Implementations/Library/Resolvers/Audio/MusicAlbumResolver.cs,False,Direct Analysis
IsMusicAlbum,100,jellyfin-10.11.6/Emby.Server.Implementations/Library/Resolvers/Audio/MusicAlbumResolver.cs,False,Direct Analysis
ContainsMusic,128,jellyfin-10.11.6/Emby.Server.Implementations/Library/Resolvers/Audio/MusicAlbumResolver.cs,False,Direct Analysis
Post_NewVirtualFolder_NotFound,30,jellyfin-10.11.6/tests/Jellyfin.Server.Integration.Tests/Controllers/LibraryStructureControllerTests.cs,False,Direct Analysis
UpdateLibraryOptions_Invalid_NotFound,49,jellyfin-10.11.6/tests/Jellyfin.Server.Integration.Tests/Controllers/LibraryStructureControllerTests.cs,False,Direct Analysis
UpdateLibraryOptions_Valid_Success,66,jellyfin-10.11.6/tests/Jellyfin.Server.Integration.Tests/Controllers/LibraryStructureControllerTests.cs,False,Direct Analysis
DeleteLibrary_Invalid_NotFound,108,jellyfin-10.11.6/tests/Jellyfin.Server.Integration.Tests/Controllers/LibraryStructureControllerTests.cs,False,Direct Analysis
DeleteLibrary_Valid_Success,119,jellyfin-10.11.6/tests/Jellyfin.Server.Integration.Tests/Controllers/LibraryStructureControllerTests.cs,False,Direct Analysis
ValidatePeople,50,jellyfin-10.11.6/Emby.Server.Implementations/Library/Validators/PeopleValidator.cs,False,Direct Analysis
Run,45,jellyfin-10.11.6/Emby.Server.Implementations/Library/Validators/MusicGenresValidator.cs,False,Direct Analysis
Run,44,jellyfin-10.11.6/Emby.Server.Implementations/Library/Validators/MusicGenresPostScanTask.cs,False,Direct Analysis
ReportFileSystemChangeBeginning,66,jellyfin-10.11.6/Emby.Server.Implementations/IO/LibraryMonitor.cs,False,Direct Analysis
ReportFileSystemChangeComplete,74,jellyfin-10.11.6/Emby.Server.Implementations/IO/LibraryMonitor.cs,False,Direct Analysis
IsLibraryMonitorEnabled,98,jellyfin-10.11.6/Emby.Server.Implementations/IO/LibraryMonitor.cs,False,Direct Analysis
Start,111,jellyfin-10.11.6/Emby.Server.Implementations/IO/LibraryMonitor.cs,False,Direct Analysis
OnLibraryManagerItemRemoved,154,jellyfin-10.11.6/Emby.Server.Implementations/IO/LibraryMonitor.cs,False,Direct Analysis
OnLibraryManagerItemAdded,167,jellyfin-10.11.6/Emby.Server.Implementations/IO/LibraryMonitor.cs,False,Direct Analysis
StartWatchingPath,211,jellyfin-10.11.6/Emby.Server.Implementations/IO/LibraryMonitor.cs,False,Direct Analysis
DisposeWatcher,281,jellyfin-10.11.6/Emby.Server.Implementations/IO/LibraryMonitor.cs,False,Direct Analysis
OnWatcherError,312,jellyfin-10.11.6/Emby.Server.Implementations/IO/LibraryMonitor.cs,False,Direct Analysis
OnWatcherChanged,333,jellyfin-10.11.6/Emby.Server.Implementations/IO/LibraryMonitor.cs,False,Direct Analysis
ReportFileSystemChanged,346,jellyfin-10.11.6/Emby.Server.Implementations/IO/LibraryMonitor.cs,False,Direct Analysis
CreateRefresher,383,jellyfin-10.11.6/Emby.Server.Implementations/IO/LibraryMonitor.cs,False,Direct Analysis
OnNewRefresherCompleted,427,jellyfin-10.11.6/Emby.Server.Implementations/IO/LibraryMonitor.cs,False,Direct Analysis
Stop,441,jellyfin-10.11.6/Emby.Server.Implementations/IO/LibraryMonitor.cs,False,Direct Analysis
DisposeRefresher,455,jellyfin-10.11.6/Emby.Server.Implementations/IO/LibraryMonitor.cs,False,Direct Analysis
DisposeRefreshers,465,jellyfin-10.11.6/Emby.Server.Implementations/IO/LibraryMonitor.cs,False,Direct Analysis
Dispose,480,jellyfin-10.11.6/Emby.Server.Implementations/IO/LibraryMonitor.cs,False,Direct Analysis
GetItemsWithImages,41,jellyfin-10.11.6/Emby.Server.Implementations/Images/MusicGenreImageProvider.cs,False,Direct Analysis
GetPersons,67,jellyfin-10.11.6/Jellyfin.Api/Controllers/PersonsController.cs,False,Direct Analysis
GetPerson,121,jellyfin-10.11.6/Jellyfin.Api/Controllers/PersonsController.cs,False,Direct Analysis
GetStudios,71,jellyfin-10.11.6/Jellyfin.Api/Controllers/StudiosController.cs,False,Direct Analysis
GetStudio,142,jellyfin-10.11.6/Jellyfin.Api/Controllers/StudiosController.cs,False,Direct Analysis
GetTrailers,121,jellyfin-10.11.6/Jellyfin.Api/Controllers/TrailersController.cs,False,Direct Analysis
BindModelAsync,26,jellyfin-10.11.6/Jellyfin.Api/ModelBinders/NullableEnumModelBinder.cs,False,Direct Analysis
Compile,902,jellyfin-10.11.6/Emby.Naming/Common/NamingOptions.cs,False,Direct Analysis
GetTranscodingJob,100,jellyfin-10.11.6/MediaBrowser.MediaEncoding/Transcoding/TranscodeManager.cs,False,Direct Analysis
GetTranscodingJob,109,jellyfin-10.11.6/MediaBrowser.MediaEncoding/Transcoding/TranscodeManager.cs,False,Direct Analysis
PingTranscodingJob,118,jellyfin-10.11.6/MediaBrowser.MediaEncoding/Transcoding/TranscodeManager.cs,False,Direct Analysis
OnTranscodeKillTimerStopped,174,jellyfin-10.11.6/MediaBrowser.MediaEncoding/Transcoding/TranscodeManager.cs,False,Direct Analysis
KillTranscodingJobs,194,jellyfin-10.11.6/MediaBrowser.MediaEncoding/Transcoding/TranscodeManager.cs,False,Direct Analysis
KillTranscodingJob,218,jellyfin-10.11.6/MediaBrowser.MediaEncoding/Transcoding/TranscodeManager.cs,False,Direct Analysis
DeletePartialStreamFiles,249,jellyfin-10.11.6/MediaBrowser.MediaEncoding/Transcoding/TranscodeManager.cs,False,Direct Analysis
DeleteProgressivePartialStreamFiles,283,jellyfin-10.11.6/MediaBrowser.MediaEncoding/Transcoding/TranscodeManager.cs,False,Direct Analysis
DeleteHlsPartialStreamFiles,291,jellyfin-10.11.6/MediaBrowser.MediaEncoding/Transcoding/TranscodeManager.cs,False,Direct Analysis
ReportTranscodingProgress,323,jellyfin-10.11.6/MediaBrowser.MediaEncoding/Transcoding/TranscodeManager.cs,False,Direct Analysis
StartFfMpeg,371,jellyfin-10.11.6/MediaBrowser.MediaEncoding/Transcoding/TranscodeManager.cs,False,Direct Analysis
StartThrottler,542,jellyfin-10.11.6/MediaBrowser.MediaEncoding/Transcoding/TranscodeManager.cs,False,Direct Analysis
StartSegmentCleaner,560,jellyfin-10.11.6/MediaBrowser.MediaEncoding/Transcoding/TranscodeManager.cs,False,Direct Analysis
OnTranscodeBeginning,576,jellyfin-10.11.6/MediaBrowser.MediaEncoding/Transcoding/TranscodeManager.cs,False,Direct Analysis
OnTranscodeEndRequest,612,jellyfin-10.11.6/MediaBrowser.MediaEncoding/Transcoding/TranscodeManager.cs,False,Direct Analysis
OnTranscodeFailedToStart,622,jellyfin-10.11.6/MediaBrowser.MediaEncoding/Transcoding/TranscodeManager.cs,False,Direct Analysis
OnFfMpegProcessExited,640,jellyfin-10.11.6/MediaBrowser.MediaEncoding/Transcoding/TranscodeManager.cs,False,Direct Analysis
AcquireResources,662,jellyfin-10.11.6/MediaBrowser.MediaEncoding/Transcoding/TranscodeManager.cs,False,Direct Analysis
OnTranscodeBeginRequest,687,jellyfin-10.11.6/MediaBrowser.MediaEncoding/Transcoding/TranscodeManager.cs,False,Direct Analysis
OnPlaybackProgress,709,jellyfin-10.11.6/MediaBrowser.MediaEncoding/Transcoding/TranscodeManager.cs,False,Direct Analysis
DeleteEncodedMediaCache,717,jellyfin-10.11.6/MediaBrowser.MediaEncoding/Transcoding/TranscodeManager.cs,False,Direct Analysis
LockAsync,745,jellyfin-10.11.6/MediaBrowser.MediaEncoding/Transcoding/TranscodeManager.cs,False,Direct Analysis
Dispose,751,jellyfin-10.11.6/MediaBrowser.MediaEncoding/Transcoding/TranscodeManager.cs,False,Direct Analysis
Resolve,54,jellyfin-10.11.6/Emby.Server.Implementations/Library/Resolvers/Audio/MusicArtistResolver.cs,False,Direct Analysis
GetConfigurations,13,jellyfin-10.11.6/Emby.Server.Implementations/Branding/BrandingConfigurationFactory.cs,False,Direct Analysis
GetItemSegments,48,jellyfin-10.11.6/Jellyfin.Api/Controllers/MediaSegmentsController.cs,False,Direct Analysis
InitTriggerEvents,223,jellyfin-10.11.6/Emby.Server.Implementations/ScheduledTasks/ScheduledTaskWorker.cs,False,Direct Analysis
ReloadTriggerEvents,230,jellyfin-10.11.6/Emby.Server.Implementations/ScheduledTasks/ScheduledTaskWorker.cs,False,Direct Analysis
ReloadTriggerEvents,239,jellyfin-10.11.6/Emby.Server.Implementations/ScheduledTasks/ScheduledTaskWorker.cs,False,Direct Analysis
OnTriggerTriggered,258,jellyfin-10.11.6/Emby.Server.Implementations/ScheduledTasks/ScheduledTaskWorker.cs,False,Direct Analysis
Execute,284,jellyfin-10.11.6/Emby.Server.Implementations/ScheduledTasks/ScheduledTaskWorker.cs,False,Direct Analysis
ExecuteInternal,301,jellyfin-10.11.6/Emby.Server.Implementations/ScheduledTasks/ScheduledTaskWorker.cs,False,Direct Analysis
OnProgressChanged,364,jellyfin-10.11.6/Emby.Server.Implementations/ScheduledTasks/ScheduledTaskWorker.cs,False,Direct Analysis
Cancel,377,jellyfin-10.11.6/Emby.Server.Implementations/ScheduledTasks/ScheduledTaskWorker.cs,False,Direct Analysis
CancelIfRunning,390,jellyfin-10.11.6/Emby.Server.Implementations/ScheduledTasks/ScheduledTaskWorker.cs,False,Direct Analysis
GetScheduledTasksConfigurationDirectory,403,jellyfin-10.11.6/Emby.Server.Implementations/ScheduledTasks/ScheduledTaskWorker.cs,False,Direct Analysis
GetScheduledTasksDataDirectory,412,jellyfin-10.11.6/Emby.Server.Implementations/ScheduledTasks/ScheduledTaskWorker.cs,False,Direct Analysis
GetHistoryFilePath,421,jellyfin-10.11.6/Emby.Server.Implementations/ScheduledTasks/ScheduledTaskWorker.cs,False,Direct Analysis
GetConfigurationFilePath,430,jellyfin-10.11.6/Emby.Server.Implementations/ScheduledTasks/ScheduledTaskWorker.cs,False,Direct Analysis
LoadTriggerSettings,447,jellyfin-10.11.6/Emby.Server.Implementations/ScheduledTasks/ScheduledTaskWorker.cs,False,Direct Analysis
GetDefaultTriggers,461,jellyfin-10.11.6/Emby.Server.Implementations/ScheduledTasks/ScheduledTaskWorker.cs,False,Direct Analysis
SaveTriggers,484,jellyfin-10.11.6/Emby.Server.Implementations/ScheduledTasks/ScheduledTaskWorker.cs,False,Direct Analysis
OnTaskCompleted,501,jellyfin-10.11.6/Emby.Server.Implementations/ScheduledTasks/ScheduledTaskWorker.cs,False,Direct Analysis
Dispose,530,jellyfin-10.11.6/Emby.Server.Implementations/ScheduledTasks/ScheduledTaskWorker.cs,False,Direct Analysis
Dispose,540,jellyfin-10.11.6/Emby.Server.Implementations/ScheduledTasks/ScheduledTaskWorker.cs,False,Direct Analysis
DisposeTriggers,665,jellyfin-10.11.6/Emby.Server.Implementations/ScheduledTasks/ScheduledTaskWorker.cs,False,Direct Analysis
Resolve,39,jellyfin-10.11.6/Emby.Server.Implementations/Library/Resolvers/ExtraResolver.cs,False,Direct Analysis
TryGetExtraTypeForOwner,57,jellyfin-10.11.6/Emby.Server.Implementations/Library/Resolvers/ExtraResolver.cs,False,Direct Analysis
ToString,115,jellyfin-10.11.6/Emby.Naming/Video/VideoFileInfo.cs,False,Direct Analysis
GetDefaultTriggers,66,jellyfin-10.11.6/Emby.Server.Implementations/ScheduledTasks/Tasks/DeleteTranscodeFileTask.cs,False,Direct Analysis
ExecuteAsync,81,jellyfin-10.11.6/Emby.Server.Implementations/ScheduledTasks/Tasks/DeleteTranscodeFileTask.cs,False,Direct Analysis
DeleteTempFilesFromDirectory,98,jellyfin-10.11.6/Emby.Server.Implementations/ScheduledTasks/Tasks/DeleteTranscodeFileTask.cs,False,Direct Analysis
TryExtractKeyframes,37,jellyfin-10.11.6/src/Jellyfin.MediaEncoding.Hls/Extractors/FfProbeKeyframeExtractor.cs,False,Direct Analysis
UpdatePlaylist,120,jellyfin-10.11.6/Jellyfin.Api/Controllers/PlaylistsController.cs,False,Direct Analysis
GetPlaylist,165,jellyfin-10.11.6/Jellyfin.Api/Controllers/PlaylistsController.cs,False,Direct Analysis
GetPlaylistUsers,198,jellyfin-10.11.6/Jellyfin.Api/Controllers/PlaylistsController.cs,False,Direct Analysis
GetPlaylistUser,229,jellyfin-10.11.6/Jellyfin.Api/Controllers/PlaylistsController.cs,False,Direct Analysis
UpdatePlaylistUser,280,jellyfin-10.11.6/Jellyfin.Api/Controllers/PlaylistsController.cs,False,Direct Analysis
RemoveUserFromPlaylist,326,jellyfin-10.11.6/Jellyfin.Api/Controllers/PlaylistsController.cs,False,Direct Analysis
AddItemToPlaylist,371,jellyfin-10.11.6/Jellyfin.Api/Controllers/PlaylistsController.cs,False,Direct Analysis
MoveItem,409,jellyfin-10.11.6/Jellyfin.Api/Controllers/PlaylistsController.cs,False,Direct Analysis
RemoveItemFromPlaylist,447,jellyfin-10.11.6/Jellyfin.Api/Controllers/PlaylistsController.cs,False,Direct Analysis
GetPlaylistItems,510,jellyfin-10.11.6/Jellyfin.Api/Controllers/PlaylistsController.cs,False,Direct Analysis
ExecuteAsync,66,jellyfin-10.11.6/Emby.Server.Implementations/ScheduledTasks/Tasks/CleanupCollectionAndPlaylistPathsTask.cs,False,Direct Analysis
CleanupLinkedChildrenAsync,108,jellyfin-10.11.6/Emby.Server.Implementations/ScheduledTasks/Tasks/CleanupCollectionAndPlaylistPathsTask.cs,False,Direct Analysis
GetDefaultTriggers,132,jellyfin-10.11.6/Emby.Server.Implementations/ScheduledTasks/Tasks/CleanupCollectionAndPlaylistPathsTask.cs,False,Direct Analysis
SearchLyricsAsync,72,jellyfin-10.11.6/MediaBrowser.Providers/Lyric/LyricManager.cs,False,Direct Analysis
SearchLyricsAsync,91,jellyfin-10.11.6/MediaBrowser.Providers/Lyric/LyricManager.cs,False,Direct Analysis
DownloadLyricsAsync,127,jellyfin-10.11.6/MediaBrowser.Providers/Lyric/LyricManager.cs,False,Direct Analysis
DownloadLyricsAsync,138,jellyfin-10.11.6/MediaBrowser.Providers/Lyric/LyricManager.cs,False,Direct Analysis
SaveLyricAsync,186,jellyfin-10.11.6/MediaBrowser.Providers/Lyric/LyricManager.cs,False,Direct Analysis
SaveLyricAsync,198,jellyfin-10.11.6/MediaBrowser.Providers/Lyric/LyricManager.cs,False,Direct Analysis
GetRemoteLyricsAsync,217,jellyfin-10.11.6/MediaBrowser.Providers/Lyric/LyricManager.cs,False,Direct Analysis
DeleteLyricsAsync,231,jellyfin-10.11.6/MediaBrowser.Providers/Lyric/LyricManager.cs,False,Direct Analysis
GetSupportedProviders,259,jellyfin-10.11.6/MediaBrowser.Providers/Lyric/LyricManager.cs,False,Direct Analysis
GetLyricsAsync,270,jellyfin-10.11.6/MediaBrowser.Providers/Lyric/LyricManager.cs,False,Direct Analysis
GetProvider,293,jellyfin-10.11.6/MediaBrowser.Providers/Lyric/LyricManager.cs,False,Direct Analysis
InternalParseRemoteLyricsAsync,307,jellyfin-10.11.6/MediaBrowser.Providers/Lyric/LyricManager.cs,False,Direct Analysis
InternalSearchProviderAsync,340,jellyfin-10.11.6/MediaBrowser.Providers/Lyric/LyricManager.cs,False,Direct Analysis
TrySaveLyric,376,jellyfin-10.11.6/MediaBrowser.Providers/Lyric/LyricManager.cs,False,Direct Analysis
HandleRequirementAsync,31,jellyfin-10.11.6/Jellyfin.Api/Auth/AnonymousLanAccessPolicy/AnonymousLanAccessHandler.cs,False,Direct Analysis
FetchAsync,55,jellyfin-10.11.6/Emby.Server.Implementations/Images/BaseDynamicImageProvider.cs,False,Direct Analysis
FetchAsync,79,jellyfin-10.11.6/Emby.Server.Implementations/Images/BaseDynamicImageProvider.cs,False,Direct Analysis
FetchToFileInternal,101,jellyfin-10.11.6/Emby.Server.Implementations/Images/BaseDynamicImageProvider.cs,False,Direct Analysis
GetStripCollageImagePaths,135,jellyfin-10.11.6/Emby.Server.Implementations/Images/BaseDynamicImageProvider.cs,False,Direct Analysis
CreateCollage,183,jellyfin-10.11.6/Emby.Server.Implementations/Images/BaseDynamicImageProvider.cs,False,Direct Analysis
CreateImage,209,jellyfin-10.11.6/Emby.Server.Implementations/Images/BaseDynamicImageProvider.cs,False,Direct Analysis
HasChanged,246,jellyfin-10.11.6/Emby.Server.Implementations/Images/BaseDynamicImageProvider.cs,False,Direct Analysis
HasChanged,266,jellyfin-10.11.6/Emby.Server.Implementations/Images/BaseDynamicImageProvider.cs,False,Direct Analysis
HasChangedByDate,291,jellyfin-10.11.6/Emby.Server.Implementations/Images/BaseDynamicImageProvider.cs,False,Direct Analysis
PerformAsync,36,jellyfin-10.11.6/Jellyfin.Server/Migrations/Routines/MigrateLibraryDbCompatibilityCheck.cs,False,Direct Analysis
GetDataToSend,51,jellyfin-10.11.6/Jellyfin.Api/WebSocketListeners/ActivityLogWebSocketListener.cs,False,Direct Analysis
DisposeAsyncCore,57,jellyfin-10.11.6/Jellyfin.Api/WebSocketListeners/ActivityLogWebSocketListener.cs,False,Direct Analysis
Start,72,jellyfin-10.11.6/Jellyfin.Api/WebSocketListeners/ActivityLogWebSocketListener.cs,False,Direct Analysis
OnEntryCreated,84,jellyfin-10.11.6/Jellyfin.Api/WebSocketListeners/ActivityLogWebSocketListener.cs,False,Direct Analysis
GetValue,55,jellyfin-10.11.6/Emby.Server.Implementations/Sorting/IsUnplayedComparer.cs,False,Direct Analysis
CancelIfRunningAndQueue,52,jellyfin-10.11.6/Emby.Server.Implementations/ScheduledTasks/TaskManager.cs,False,Direct Analysis
CancelIfRunningAndQueue,62,jellyfin-10.11.6/Emby.Server.Implementations/ScheduledTasks/TaskManager.cs,False,Direct Analysis
CancelIfRunning,69,jellyfin-10.11.6/Emby.Server.Implementations/ScheduledTasks/TaskManager.cs,False,Direct Analysis
QueueScheduledTask,77,jellyfin-10.11.6/Emby.Server.Implementations/ScheduledTasks/TaskManager.cs,False,Direct Analysis
QueueScheduledTask,93,jellyfin-10.11.6/Emby.Server.Implementations/ScheduledTasks/TaskManager.cs,False,Direct Analysis
QueueIfNotRunning,100,jellyfin-10.11.6/Emby.Server.Implementations/ScheduledTasks/TaskManager.cs,False,Direct Analysis
Execute,112,jellyfin-10.11.6/Emby.Server.Implementations/ScheduledTasks/TaskManager.cs,False,Direct Analysis
QueueScheduledTask,138,jellyfin-10.11.6/Emby.Server.Implementations/ScheduledTasks/TaskManager.cs,False,Direct Analysis
QueueScheduledTask,157,jellyfin-10.11.6/Emby.Server.Implementations/ScheduledTasks/TaskManager.cs,False,Direct Analysis
AddTasks,176,jellyfin-10.11.6/Emby.Server.Implementations/ScheduledTasks/TaskManager.cs,False,Direct Analysis
Dispose,184,jellyfin-10.11.6/Emby.Server.Implementations/ScheduledTasks/TaskManager.cs,False,Direct Analysis
Dispose,194,jellyfin-10.11.6/Emby.Server.Implementations/ScheduledTasks/TaskManager.cs,False,Direct Analysis
Cancel,203,jellyfin-10.11.6/Emby.Server.Implementations/ScheduledTasks/TaskManager.cs,False,Direct Analysis
Execute,209,jellyfin-10.11.6/Emby.Server.Implementations/ScheduledTasks/TaskManager.cs,False,Direct Analysis
OnTaskExecuting,218,jellyfin-10.11.6/Emby.Server.Implementations/ScheduledTasks/TaskManager.cs,False,Direct Analysis
ExecuteQueuedTasks,238,jellyfin-10.11.6/Emby.Server.Implementations/ScheduledTasks/TaskManager.cs,False,Direct Analysis
AddWebSocket,62,jellyfin-10.11.6/Emby.Server.Implementations/Session/WebSocketController.cs,False,Direct Analysis
OnConnectionClosed,78,jellyfin-10.11.6/Emby.Server.Implementations/Session/WebSocketController.cs,False,Direct Analysis
SendMessage,98,jellyfin-10.11.6/Emby.Server.Implementations/Session/WebSocketController.cs,False,Direct Analysis
Dispose,132,jellyfin-10.11.6/Emby.Server.Implementations/Session/WebSocketController.cs,False,Direct Analysis
DisposeAsync,159,jellyfin-10.11.6/Emby.Server.Implementations/Session/WebSocketController.cs,False,Direct Analysis
BindModelAsync_CorrectlyBindsValidCommaDelimitedStringArrayQuery,18,jellyfin-10.11.6/tests/Jellyfin.Api.Tests/ModelBinders/CommaDelimitedCollectionModelBinderTests.cs,False,Direct Analysis
BindModelAsync_CorrectlyBindsValidCommaDelimitedIntArrayQuery,43,jellyfin-10.11.6/tests/Jellyfin.Api.Tests/ModelBinders/CommaDelimitedCollectionModelBinderTests.cs,False,Direct Analysis
BindModelAsync_CorrectlyBindsValidCommaDelimitedEnumArrayQuery,68,jellyfin-10.11.6/tests/Jellyfin.Api.Tests/ModelBinders/CommaDelimitedCollectionModelBinderTests.cs,False,Direct Analysis
BindModelAsync_CorrectlyBindsValidCommaDelimitedEnumArrayQueryWithDoubleCommas,93,jellyfin-10.11.6/tests/Jellyfin.Api.Tests/ModelBinders/CommaDelimitedCollectionModelBinderTests.cs,False,Direct Analysis
BindModelAsync_CorrectlyBindsValidEnumArrayQuery,118,jellyfin-10.11.6/tests/Jellyfin.Api.Tests/ModelBinders/CommaDelimitedCollectionModelBinderTests.cs,False,Direct Analysis
BindModelAsync_CorrectlyBindsEmptyEnumArrayQuery,148,jellyfin-10.11.6/tests/Jellyfin.Api.Tests/ModelBinders/CommaDelimitedCollectionModelBinderTests.cs,False,Direct Analysis
BindModelAsync_EnumArrayQuery_BindValidOnly,176,jellyfin-10.11.6/tests/Jellyfin.Api.Tests/ModelBinders/CommaDelimitedCollectionModelBinderTests.cs,False,Direct Analysis
BindModelAsync_EnumArrayQuery_BindValidOnly_2,201,jellyfin-10.11.6/tests/Jellyfin.Api.Tests/ModelBinders/CommaDelimitedCollectionModelBinderTests.cs,False,Direct Analysis
GetPublicUsers,109,jellyfin-10.11.6/Jellyfin.Api/Controllers/UserController.cs,False,Direct Analysis
GetUserById,131,jellyfin-10.11.6/Jellyfin.Api/Controllers/UserController.cs,False,Direct Analysis
DeleteUser,155,jellyfin-10.11.6/Jellyfin.Api/Controllers/UserController.cs,False,Direct Analysis
AuthenticateUser,184,jellyfin-10.11.6/Jellyfin.Api/Controllers/UserController.cs,False,Direct Analysis
AuthenticateUserByName,211,jellyfin-10.11.6/Jellyfin.Api/Controllers/UserController.cs,False,Direct Analysis
AuthenticateWithQuickConnect,246,jellyfin-10.11.6/Jellyfin.Api/Controllers/UserController.cs,False,Direct Analysis
UpdateUserPassword,273,jellyfin-10.11.6/Jellyfin.Api/Controllers/UserController.cs,False,Direct Analysis
UpdateUser,377,jellyfin-10.11.6/Jellyfin.Api/Controllers/UserController.cs,False,Direct Analysis
UpdateUserPolicy,438,jellyfin-10.11.6/Jellyfin.Api/Controllers/UserController.cs,False,Direct Analysis
UpdateUserConfiguration,492,jellyfin-10.11.6/Jellyfin.Api/Controllers/UserController.cs,False,Direct Analysis
CreateUserByName,541,jellyfin-10.11.6/Jellyfin.Api/Controllers/UserController.cs,False,Direct Analysis
ForgotPassword,564,jellyfin-10.11.6/Jellyfin.Api/Controllers/UserController.cs,False,Direct Analysis
ForgotPasswordPin,588,jellyfin-10.11.6/Jellyfin.Api/Controllers/UserController.cs,False,Direct Analysis
GetCurrentUser,604,jellyfin-10.11.6/Jellyfin.Api/Controllers/UserController.cs,False,Direct Analysis
Get,621,jellyfin-10.11.6/Jellyfin.Api/Controllers/UserController.cs,False,Direct Analysis
CreateHostBuilder,46,jellyfin-10.11.6/tests/Jellyfin.Server.Integration.Tests/JellyfinApplicationFactory.cs,False,Direct Analysis
ConfigureWebHost,52,jellyfin-10.11.6/tests/Jellyfin.Server.Integration.Tests/JellyfinApplicationFactory.cs,False,Direct Analysis
CreateHost,108,jellyfin-10.11.6/tests/Jellyfin.Server.Integration.Tests/JellyfinApplicationFactory.cs,False,Direct Analysis
Dispose,126,jellyfin-10.11.6/tests/Jellyfin.Server.Integration.Tests/JellyfinApplicationFactory.cs,False,Direct Analysis
GetTrickplayHlsPlaylist,54,jellyfin-10.11.6/Jellyfin.Api/Controllers/TrickplayController.cs,False,Direct Analysis
GetTrickplayTileImage,83,jellyfin-10.11.6/Jellyfin.Api/Controllers/TrickplayController.cs,False,Direct Analysis
Dispose,84,jellyfin-10.11.6/Emby.Server.Implementations/Session/SessionWebSocketListener.cs,False,Direct Analysis
ProcessWebSocketConnectedAsync,114,jellyfin-10.11.6/Emby.Server.Implementations/Session/SessionWebSocketListener.cs,False,Direct Analysis
EnsureController,121,jellyfin-10.11.6/Emby.Server.Implementations/Session/SessionWebSocketListener.cs,False,Direct Analysis
OnWebSocketClosed,137,jellyfin-10.11.6/Emby.Server.Implementations/Session/SessionWebSocketListener.cs,False,Direct Analysis
KeepAliveWebSocket,153,jellyfin-10.11.6/Emby.Server.Implementations/Session/SessionWebSocketListener.cs,False,Direct Analysis
RemoveWebSocket,184,jellyfin-10.11.6/Emby.Server.Implementations/Session/SessionWebSocketListener.cs,False,Direct Analysis
KeepAliveSockets,207,jellyfin-10.11.6/Emby.Server.Implementations/Session/SessionWebSocketListener.cs,False,Direct Analysis
UpdateUserPolicy_WhenUserNotFound_ReturnsNotFound,65,jellyfin-10.11.6/tests/Jellyfin.Api.Tests/Controllers/UserControllerTests.cs,False,Direct Analysis
UpdateUserPolicy_WhenPasswordResetProviderIdNotSupplied_ReturnsBadRequest,79,jellyfin-10.11.6/tests/Jellyfin.Api.Tests/Controllers/UserControllerTests.cs,False,Direct Analysis
UpdateUserPolicy_WhenAuthenticationProviderIdNotSupplied_ReturnsBadRequest,98,jellyfin-10.11.6/tests/Jellyfin.Api.Tests/Controllers/UserControllerTests.cs,False,Direct Analysis
GetPublicUsers_Valid_Success,40,jellyfin-10.11.6/tests/Jellyfin.Server.Integration.Tests/Controllers/UserControllerTests.cs,False,Direct Analysis
GetUsers_Valid_Success,54,jellyfin-10.11.6/tests/Jellyfin.Server.Integration.Tests/Controllers/UserControllerTests.cs,False,Direct Analysis
Me_Valid_Success,69,jellyfin-10.11.6/tests/Jellyfin.Server.Integration.Tests/Controllers/UserControllerTests.cs,False,Direct Analysis
New_Valid_Success,79,jellyfin-10.11.6/tests/Jellyfin.Server.Integration.Tests/Controllers/UserControllerTests.cs,False,Direct Analysis
New_Invalid_Fail,109,jellyfin-10.11.6/tests/Jellyfin.Server.Integration.Tests/Controllers/UserControllerTests.cs,False,Direct Analysis
Delete_DoesntExist_NotFound,127,jellyfin-10.11.6/tests/Jellyfin.Server.Integration.Tests/Controllers/UserControllerTests.cs,False,Direct Analysis
UpdateUserPassword_Valid_Success,140,jellyfin-10.11.6/tests/Jellyfin.Server.Integration.Tests/Controllers/UserControllerTests.cs,False,Direct Analysis
UpdateUserPassword_Empty_RemoveSetPassword,162,jellyfin-10.11.6/tests/Jellyfin.Server.Integration.Tests/Controllers/UserControllerTests.cs,False,Direct Analysis
GetLiveHlsStream,168,jellyfin-10.11.6/Jellyfin.Api/Controllers/DynamicHlsController.cs,False,Direct Analysis
GetMasterHlsVideoPlaylist,412,jellyfin-10.11.6/Jellyfin.Api/Controllers/DynamicHlsController.cs,False,Direct Analysis
GetMasterHlsAudioPlaylist,588,jellyfin-10.11.6/Jellyfin.Api/Controllers/DynamicHlsController.cs,False,Direct Analysis
GetVariantPlaylistInternal,1408,jellyfin-10.11.6/Jellyfin.Api/Controllers/DynamicHlsController.cs,False,Direct Analysis
GetDynamicSegment,1438,jellyfin-10.11.6/Jellyfin.Api/Controllers/DynamicHlsController.cs,False,Direct Analysis
GetCommandLineArguments,1584,jellyfin-10.11.6/Jellyfin.Api/Controllers/DynamicHlsController.cs,False,Direct Analysis
GetAudioArguments,1679,jellyfin-10.11.6/Jellyfin.Api/Controllers/DynamicHlsController.cs,False,Direct Analysis
GetVideoArguments,1808,jellyfin-10.11.6/Jellyfin.Api/Controllers/DynamicHlsController.cs,False,Direct Analysis
GetSegmentResult,1935,jellyfin-10.11.6/Jellyfin.Api/Controllers/DynamicHlsController.cs,False,Direct Analysis
GetSegmentResult,2010,jellyfin-10.11.6/Jellyfin.Api/Controllers/DynamicHlsController.cs,False,Direct Analysis
GetCurrentTranscodingIndex,2029,jellyfin-10.11.6/Jellyfin.Api/Controllers/DynamicHlsController.cs,False,Direct Analysis
DeleteLastFile,2070,jellyfin-10.11.6/Jellyfin.Api/Controllers/DynamicHlsController.cs,False,Direct Analysis
DeleteFile,2082,jellyfin-10.11.6/Jellyfin.Api/Controllers/DynamicHlsController.cs,False,Direct Analysis
Supports,20,jellyfin-10.11.6/Emby.Server.Implementations/Images/FolderImageProvider.cs,False,Direct Analysis
GetConfiguration_ReturnsCorrectResponse,22,jellyfin-10.11.6/tests/Jellyfin.Server.Integration.Tests/Controllers/BrandingControllerTests.cs,False,Direct Analysis
GetCss_ReturnsCorrectResponse,40,jellyfin-10.11.6/tests/Jellyfin.Server.Integration.Tests/Controllers/BrandingControllerTests.cs,False,Direct Analysis
FindSeriesSortName,30,jellyfin-10.11.6/MediaBrowser.Controller/Entities/AudioBook.cs,False,Direct Analysis
FindSeriesName,35,jellyfin-10.11.6/MediaBrowser.Controller/Entities/AudioBook.cs,False,Direct Analysis
FindSeriesPresentationUniqueKey,40,jellyfin-10.11.6/MediaBrowser.Controller/Entities/AudioBook.cs,False,Direct Analysis
GetDefaultPrimaryImageAspectRatio,45,jellyfin-10.11.6/MediaBrowser.Controller/Entities/AudioBook.cs,False,Direct Analysis
FindSeriesId,50,jellyfin-10.11.6/MediaBrowser.Controller/Entities/AudioBook.cs,False,Direct Analysis
CanDownload,55,jellyfin-10.11.6/MediaBrowser.Controller/Entities/AudioBook.cs,False,Direct Analysis
GetBlockUnratedType,60,jellyfin-10.11.6/MediaBrowser.Controller/Entities/AudioBook.cs,False,Direct Analysis
OnSavingChanges,118,jellyfin-10.11.6/src/Jellyfin.Database/Jellyfin.Database.Implementations/Entities/ActivityLog.cs,False,Direct Analysis
SyncPlayCreateGroup,57,jellyfin-10.11.6/Jellyfin.Api/Controllers/SyncPlayController.cs,False,Direct Analysis
SyncPlayJoinGroup,74,jellyfin-10.11.6/Jellyfin.Api/Controllers/SyncPlayController.cs,False,Direct Analysis
SyncPlayLeaveGroup,91,jellyfin-10.11.6/Jellyfin.Api/Controllers/SyncPlayController.cs,False,Direct Analysis
SyncPlayGetGroups,107,jellyfin-10.11.6/Jellyfin.Api/Controllers/SyncPlayController.cs,False,Direct Analysis
SyncPlayGetGroup,124,jellyfin-10.11.6/Jellyfin.Api/Controllers/SyncPlayController.cs,False,Direct Analysis
SyncPlaySetNewQueue,140,jellyfin-10.11.6/Jellyfin.Api/Controllers/SyncPlayController.cs,False,Direct Analysis
SyncPlaySetPlaylistItem,161,jellyfin-10.11.6/Jellyfin.Api/Controllers/SyncPlayController.cs,False,Direct Analysis
SyncPlayRemoveFromPlaylist,179,jellyfin-10.11.6/Jellyfin.Api/Controllers/SyncPlayController.cs,False,Direct Analysis
SyncPlayMovePlaylistItem,197,jellyfin-10.11.6/Jellyfin.Api/Controllers/SyncPlayController.cs,False,Direct Analysis
SyncPlayQueue,215,jellyfin-10.11.6/Jellyfin.Api/Controllers/SyncPlayController.cs,False,Direct Analysis
SyncPlayUnpause,232,jellyfin-10.11.6/Jellyfin.Api/Controllers/SyncPlayController.cs,False,Direct Analysis
SyncPlayPause,248,jellyfin-10.11.6/Jellyfin.Api/Controllers/SyncPlayController.cs,False,Direct Analysis
SyncPlayStop,264,jellyfin-10.11.6/Jellyfin.Api/Controllers/SyncPlayController.cs,False,Direct Analysis
SyncPlaySeek,281,jellyfin-10.11.6/Jellyfin.Api/Controllers/SyncPlayController.cs,False,Direct Analysis
SyncPlayBuffering,299,jellyfin-10.11.6/Jellyfin.Api/Controllers/SyncPlayController.cs,False,Direct Analysis
SyncPlayReady,321,jellyfin-10.11.6/Jellyfin.Api/Controllers/SyncPlayController.cs,False,Direct Analysis
SyncPlaySetIgnoreWait,343,jellyfin-10.11.6/Jellyfin.Api/Controllers/SyncPlayController.cs,False,Direct Analysis
SyncPlayNextItem,361,jellyfin-10.11.6/Jellyfin.Api/Controllers/SyncPlayController.cs,False,Direct Analysis
SyncPlayPreviousItem,379,jellyfin-10.11.6/Jellyfin.Api/Controllers/SyncPlayController.cs,False,Direct Analysis
SyncPlaySetRepeatMode,397,jellyfin-10.11.6/Jellyfin.Api/Controllers/SyncPlayController.cs,False,Direct Analysis
SyncPlaySetShuffleMode,415,jellyfin-10.11.6/Jellyfin.Api/Controllers/SyncPlayController.cs,False,Direct Analysis
SyncPlayPing,432,jellyfin-10.11.6/Jellyfin.Api/Controllers/SyncPlayController.cs,False,Direct Analysis
GetType,24,jellyfin-10.11.6/Emby.Server.Implementations/Data/TypeMapper.cs,False,Direct Analysis
GetValue,57,jellyfin-10.11.6/Emby.Server.Implementations/Sorting/PlayCountComparer.cs,False,Direct Analysis
GetGenres,75,jellyfin-10.11.6/Jellyfin.Api/Controllers/GenresController.cs,False,Direct Analysis
GetGenre,159,jellyfin-10.11.6/Jellyfin.Api/Controllers/GenresController.cs,False,Direct Analysis
ExecuteAsync,79,jellyfin-10.11.6/Emby.Server.Implementations/ScheduledTasks/Tasks/AudioNormalizationTask.cs,False,Direct Analysis
GetDefaultTriggers,218,jellyfin-10.11.6/Emby.Server.Implementations/ScheduledTasks/Tasks/AudioNormalizationTask.cs,False,Direct Analysis
CalculateLUFSAsync,227,jellyfin-10.11.6/Emby.Server.Implementations/ScheduledTasks/Tasks/AudioNormalizationTask.cs,False,Direct Analysis
Dispose,96,jellyfin-10.11.6/Emby.Server.Implementations/SyncPlay/SyncPlayManager.cs,False,Direct Analysis
NewGroup,103,jellyfin-10.11.6/Emby.Server.Implementations/SyncPlay/SyncPlayManager.cs,False,Direct Analysis
JoinGroup,140,jellyfin-10.11.6/Emby.Server.Implementations/SyncPlay/SyncPlayManager.cs,False,Direct Analysis
LeaveGroup,206,jellyfin-10.11.6/Emby.Server.Implementations/SyncPlay/SyncPlayManager.cs,False,Direct Analysis
ListGroups,259,jellyfin-10.11.6/Emby.Server.Implementations/SyncPlay/SyncPlayManager.cs,False,Direct Analysis
GetGroup,293,jellyfin-10.11.6/Emby.Server.Implementations/SyncPlay/SyncPlayManager.cs,False,Direct Analysis
HandleRequest,318,jellyfin-10.11.6/Emby.Server.Implementations/SyncPlay/SyncPlayManager.cs,False,Direct Analysis
IsUserActive,362,jellyfin-10.11.6/Emby.Server.Implementations/SyncPlay/SyncPlayManager.cs,False,Direct Analysis
Dispose,376,jellyfin-10.11.6/Emby.Server.Implementations/SyncPlay/SyncPlayManager.cs,False,Direct Analysis
OnSessionEnded,387,jellyfin-10.11.6/Emby.Server.Implementations/SyncPlay/SyncPlayManager.cs,False,Direct Analysis
UpdateSessionsCounter,398,jellyfin-10.11.6/Emby.Server.Implementations/SyncPlay/SyncPlayManager.cs,False,Direct Analysis
AssertActive,63,jellyfin-10.11.6/Emby.Server.Implementations/QuickConnect/QuickConnectManager.cs,False,Direct Analysis
TryConnect,72,jellyfin-10.11.6/Emby.Server.Implementations/QuickConnect/QuickConnectManager.cs,False,Direct Analysis
CheckRequestStatus,98,jellyfin-10.11.6/Emby.Server.Implementations/QuickConnect/QuickConnectManager.cs,False,Direct Analysis
AuthorizeRequest,136,jellyfin-10.11.6/Emby.Server.Implementations/QuickConnect/QuickConnectManager.cs,False,Direct Analysis
GetAuthorizedRequest,173,jellyfin-10.11.6/Emby.Server.Implementations/QuickConnect/QuickConnectManager.cs,False,Direct Analysis
ExpireRequests,198,jellyfin-10.11.6/Emby.Server.Implementations/QuickConnect/QuickConnectManager.cs,False,Direct Analysis
Perform,32,jellyfin-10.11.6/Jellyfin.Server/Migrations/PreStartupRoutines/MigrateMusicBrainzTimeout.cs,False,Direct Analysis
GetUserDataKeys,40,jellyfin-10.11.6/MediaBrowser.Controller/Entities/Person.cs,False,Direct Analysis
CreatePresentationUniqueKey,48,jellyfin-10.11.6/MediaBrowser.Controller/Entities/Person.cs,False,Direct Analysis
GetLookupInfo,53,jellyfin-10.11.6/MediaBrowser.Controller/Entities/Person.cs,False,Direct Analysis
GetDefaultPrimaryImageAspectRatio,58,jellyfin-10.11.6/MediaBrowser.Controller/Entities/Person.cs,False,Direct Analysis
GetTaggedItems,66,jellyfin-10.11.6/MediaBrowser.Controller/Entities/Person.cs,False,Direct Analysis
CanDelete,73,jellyfin-10.11.6/MediaBrowser.Controller/Entities/Person.cs,False,Direct Analysis
IsSaveLocalMetadataEnabled,78,jellyfin-10.11.6/MediaBrowser.Controller/Entities/Person.cs,False,Direct Analysis
GetRebasedPath,113,jellyfin-10.11.6/MediaBrowser.Controller/Entities/Person.cs,False,Direct Analysis
RequiresRefresh,118,jellyfin-10.11.6/MediaBrowser.Controller/Entities/Person.cs,False,Direct Analysis
BeforeMetadataRefresh,135,jellyfin-10.11.6/MediaBrowser.Controller/Entities/Person.cs,False,Direct Analysis
OnSavingChanges,84,jellyfin-10.11.6/src/Jellyfin.Database/Jellyfin.Database.Implementations/Entities/Libraries/Person.cs,False,Direct Analysis
MergeData,42,jellyfin-10.11.6/MediaBrowser.Providers/Movies/MovieMetadataService.cs,False,Direct Analysis
GetFFmpegVersionTest,14,jellyfin-10.11.6/tests/Jellyfin.MediaEncoding.Tests/EncoderValidatorTests.cs,False,Direct Analysis
ValidateVersionInternalTest,28,jellyfin-10.11.6/tests/Jellyfin.MediaEncoding.Tests/EncoderValidatorTests.cs,False,Direct Analysis
CanDelete,183,jellyfin-10.11.6/MediaBrowser.Controller/Entities/Folder.cs,False,Direct Analysis
RequiresRefresh,193,jellyfin-10.11.6/MediaBrowser.Controller/Entities/Folder.cs,False,Direct Analysis
AddChild,210,jellyfin-10.11.6/MediaBrowser.Controller/Entities/Folder.cs,False,Direct Analysis
IsVisible,232,jellyfin-10.11.6/MediaBrowser.Controller/Entities/Folder.cs,False,Direct Analysis
LoadChildren,262,jellyfin-10.11.6/MediaBrowser.Controller/Entities/Folder.cs,False,Direct Analysis
GetRefreshProgress,269,jellyfin-10.11.6/MediaBrowser.Controller/Entities/Folder.cs,False,Direct Analysis
GetActualChildrenDictionary,294,jellyfin-10.11.6/MediaBrowser.Controller/Entities/Folder.cs,False,Direct Analysis
ValidateChildrenInternal,331,jellyfin-10.11.6/MediaBrowser.Controller/Entities/Folder.cs,False,Direct Analysis
ValidateChildrenInternal2,373,jellyfin-10.11.6/MediaBrowser.Controller/Entities/Folder.cs,False,Direct Analysis
RefreshChildMetadata,576,jellyfin-10.11.6/MediaBrowser.Controller/Entities/Folder.cs,False,Direct Analysis
GetNonCachedChildren,639,jellyfin-10.11.6/MediaBrowser.Controller/Entities/Folder.cs,False,Direct Analysis
GetChildCount,661,jellyfin-10.11.6/MediaBrowser.Controller/Entities/Folder.cs,False,Direct Analysis
GetRecursiveChildCount,685,jellyfin-10.11.6/MediaBrowser.Controller/Entities/Folder.cs,False,Direct Analysis
QueryRecursive,701,jellyfin-10.11.6/MediaBrowser.Controller/Entities/Folder.cs,False,Direct Analysis
RequiresPostFiltering,807,jellyfin-10.11.6/MediaBrowser.Controller/Entities/Folder.cs,False,Direct Analysis
GetItemsInternal,951,jellyfin-10.11.6/MediaBrowser.Controller/Entities/Folder.cs,False,Direct Analysis
PostFilterAndSort,1005,jellyfin-10.11.6/MediaBrowser.Controller/Entities/Folder.cs,False,Direct Analysis
GetChildren,1332,jellyfin-10.11.6/MediaBrowser.Controller/Entities/Folder.cs,False,Direct Analysis
GetChildren,1351,jellyfin-10.11.6/MediaBrowser.Controller/Entities/Folder.cs,False,Direct Analysis
GetEligibleChildrenForRecursiveChildren,1356,jellyfin-10.11.6/MediaBrowser.Controller/Entities/Folder.cs,False,Direct Analysis
AddChildren,1364,jellyfin-10.11.6/MediaBrowser.Controller/Entities/Folder.cs,False,Direct Analysis
GetRecursiveChildren,1434,jellyfin-10.11.6/MediaBrowser.Controller/Entities/Folder.cs,False,Direct Analysis
AddChildrenToList,1476,jellyfin-10.11.6/MediaBrowser.Controller/Entities/Folder.cs,False,Direct Analysis
GetLinkedChildren,1510,jellyfin-10.11.6/MediaBrowser.Controller/Entities/Folder.cs,False,Direct Analysis
ContainsLinkedChildByItemId,1528,jellyfin-10.11.6/MediaBrowser.Controller/Entities/Folder.cs,False,Direct Analysis
GetLinkedChildren,1554,jellyfin-10.11.6/MediaBrowser.Controller/Entities/Folder.cs,False,Direct Analysis
GetLinkedChildrenInfos,1621,jellyfin-10.11.6/MediaBrowser.Controller/Entities/Folder.cs,False,Direct Analysis
RefreshedOwnedItems,1629,jellyfin-10.11.6/MediaBrowser.Controller/Entities/Folder.cs,False,Direct Analysis
RefreshLinkedChildren,1651,jellyfin-10.11.6/MediaBrowser.Controller/Entities/Folder.cs,False,Direct Analysis
MarkPlayed,1714,jellyfin-10.11.6/MediaBrowser.Controller/Entities/Folder.cs,False,Direct Analysis
MarkUnplayed,1755,jellyfin-10.11.6/MediaBrowser.Controller/Entities/Folder.cs,False,Direct Analysis
IsPlayed,1772,jellyfin-10.11.6/MediaBrowser.Controller/Entities/Folder.cs,False,Direct Analysis
IsUnplayed,1777,jellyfin-10.11.6/MediaBrowser.Controller/Entities/Folder.cs,False,Direct Analysis
FillUserDataDtoValues,1782,jellyfin-10.11.6/MediaBrowser.Controller/Entities/Folder.cs,False,Direct Analysis
GetSystemInfo,56,jellyfin-10.11.6/Emby.Server.Implementations/SystemManager.cs,False,Direct Analysis
GetSystemStorageInfo,86,jellyfin-10.11.6/Emby.Server.Implementations/SystemManager.cs,False,Direct Analysis
GetPublicSystemInfo,112,jellyfin-10.11.6/Emby.Server.Implementations/SystemManager.cs,False,Direct Analysis
ShutdownInternal,131,jellyfin-10.11.6/Emby.Server.Implementations/SystemManager.cs,False,Direct Analysis
RefreshSingleItem_ServiceOrdering_FollowsPriority,80,jellyfin-10.11.6/tests/Jellyfin.Providers.Tests/Manager/ProviderManagerTests.cs,False,Direct Analysis
RefreshSingleItem_RefreshMetadata_WhenServiceFound,101,jellyfin-10.11.6/tests/Jellyfin.Providers.Tests/Manager/ProviderManagerTests.cs,False,Direct Analysis
GetImageProviders_ProviderOrder_MatchesExpected,144,jellyfin-10.11.6/tests/Jellyfin.Providers.Tests/Manager/ProviderManagerTests.cs,False,Direct Analysis
GetImageProviders_CanRefreshImagesBasic_WhenSupportsWithoutError,175,jellyfin-10.11.6/tests/Jellyfin.Providers.Tests/Manager/ProviderManagerTests.cs,False,Direct Analysis
GetImageProviders_CanRefreshImagesLocked_WhenLocalOrFullRefresh,185,jellyfin-10.11.6/tests/Jellyfin.Providers.Tests/Manager/ProviderManagerTests.cs,False,Direct Analysis
GetImageProviders_CanRefreshImagesBaseItemEnabled_WhenLocalOrEnabled,196,jellyfin-10.11.6/tests/Jellyfin.Providers.Tests/Manager/ProviderManagerTests.cs,False,Direct Analysis
GetMetadataProviders_ProviderOrder_MatchesExpected,287,jellyfin-10.11.6/tests/Jellyfin.Providers.Tests/Manager/ProviderManagerTests.cs,False,Direct Analysis
GetMetadataProviders_CanRefreshMetadataBasic_ReturnsTrue,335,jellyfin-10.11.6/tests/Jellyfin.Providers.Tests/Manager/ProviderManagerTests.cs,False,Direct Analysis
GetMetadataProviders_CanRefreshMetadataLocked_WhenLocalOrForced,346,jellyfin-10.11.6/tests/Jellyfin.Providers.Tests/Manager/ProviderManagerTests.cs,False,Direct Analysis
GetMetadataProviders_CanRefreshMetadataBaseItemEnabled_WhenEnabledOrNotRemote,356,jellyfin-10.11.6/tests/Jellyfin.Providers.Tests/Manager/ProviderManagerTests.cs,False,Direct Analysis
GetMetadataProviders_CanRefreshMetadataSupportsLocal_WhenSupportsOrNotLocal,366,jellyfin-10.11.6/tests/Jellyfin.Providers.Tests/Manager/ProviderManagerTests.cs,False,Direct Analysis
GetMetadataProviders_CanRefreshMetadataOwned,375,jellyfin-10.11.6/tests/Jellyfin.Providers.Tests/Manager/ProviderManagerTests.cs,False,Direct Analysis
Supports,32,jellyfin-10.11.6/MediaBrowser.LocalMetadata/Images/CollectionFolderLocalImageProvider.cs,False,Direct Analysis
GetImages,38,jellyfin-10.11.6/MediaBrowser.LocalMetadata/Images/CollectionFolderLocalImageProvider.cs,False,Direct Analysis
TestGetEndingEpisodeNumberFromFile,72,jellyfin-10.11.6/tests/Jellyfin.Naming.Tests/TV/MultiEpisodeTests.cs,False,Direct Analysis
GetMovieRecommendations,66,jellyfin-10.11.6/Jellyfin.Api/Controllers/MoviesController.cs,False,Direct Analysis
GetWithDirector,179,jellyfin-10.11.6/Jellyfin.Api/Controllers/MoviesController.cs,False,Direct Analysis
GetWithActor,225,jellyfin-10.11.6/Jellyfin.Api/Controllers/MoviesController.cs,False,Direct Analysis
GetSimilarTo,264,jellyfin-10.11.6/Jellyfin.Api/Controllers/MoviesController.cs,False,Direct Analysis
GetDirectors,314,jellyfin-10.11.6/Jellyfin.Api/Controllers/MoviesController.cs,False,Direct Analysis
Run,49,jellyfin-10.11.6/Emby.Server.Implementations/Library/Validators/StudiosValidator.cs,False,Direct Analysis
Perform,31,jellyfin-10.11.6/Jellyfin.Server/Migrations/Routines/RemoveDuplicateExtras.cs,False,Direct Analysis
PerformAsync,38,jellyfin-10.11.6/Jellyfin.Server/Migrations/Routines/ReseedFolderFlag.cs,False,Direct Analysis
Fetch_Valid_Success,49,jellyfin-10.11.6/tests/Jellyfin.XbmcMetadata.Tests/Parsers/MusicAlbumNfoProviderTests.cs,False,Direct Analysis
Fetch_WithNullItem_ThrowsArgumentException,68,jellyfin-10.11.6/tests/Jellyfin.XbmcMetadata.Tests/Parsers/MusicAlbumNfoProviderTests.cs,False,Direct Analysis
Fetch_NullResult_ThrowsArgumentException,76,jellyfin-10.11.6/tests/Jellyfin.XbmcMetadata.Tests/Parsers/MusicAlbumNfoProviderTests.cs,False,Direct Analysis
WebSocketRequestHandler,37,jellyfin-10.11.6/Emby.Server.Implementations/HttpServer/WebSocketManager.cs,False,Direct Analysis
ProcessWebSocketMessageReceived,87,jellyfin-10.11.6/Emby.Server.Implementations/HttpServer/WebSocketManager.cs,False,Direct Analysis
GetProgramsAsync_NoTitle_Success,50,jellyfin-10.11.6/tests/Jellyfin.LiveTv.Tests/Listings/XmlTvListingsProviderTests.cs,False,Direct Analysis
GetProgramsAsync_EmptyCategories_Success,74,jellyfin-10.11.6/tests/Jellyfin.LiveTv.Tests/Listings/XmlTvListingsProviderTests.cs,False,Direct Analysis
CreateCollection,51,jellyfin-10.11.6/Jellyfin.Api/Controllers/CollectionController.cs,False,Direct Analysis
AddToCollection,87,jellyfin-10.11.6/Jellyfin.Api/Controllers/CollectionController.cs,False,Direct Analysis
RemoveFromCollection,104,jellyfin-10.11.6/Jellyfin.Api/Controllers/CollectionController.cs,False,Direct Analysis
RefreshMetadata,56,jellyfin-10.11.6/MediaBrowser.Providers/TV/SeriesMetadataService.cs,False,Direct Analysis
AfterMetadataRefresh,76,jellyfin-10.11.6/MediaBrowser.Providers/TV/SeriesMetadataService.cs,False,Direct Analysis
MergeData,86,jellyfin-10.11.6/MediaBrowser.Providers/TV/SeriesMetadataService.cs,False,Direct Analysis
RemoveObsoleteSeasons,109,jellyfin-10.11.6/MediaBrowser.Providers/TV/SeriesMetadataService.cs,False,Direct Analysis
DeleteEpisode,186,jellyfin-10.11.6/MediaBrowser.Providers/TV/SeriesMetadataService.cs,False,Direct Analysis
CreateSeasonAsync,250,jellyfin-10.11.6/MediaBrowser.Providers/TV/SeriesMetadataService.cs,False,Direct Analysis
GetValidSeasonNameForSeries,275,jellyfin-10.11.6/MediaBrowser.Providers/TV/SeriesMetadataService.cs,False,Direct Analysis
ProbeVideo,80,jellyfin-10.11.6/MediaBrowser.Providers/MediaInfo/FFProbeVideoInfo.cs,False,Direct Analysis
GetMediaInfo,158,jellyfin-10.11.6/MediaBrowser.Providers/MediaInfo/FFProbeVideoInfo.cs,False,Direct Analysis
Fetch,189,jellyfin-10.11.6/MediaBrowser.Providers/MediaInfo/FFProbeVideoInfo.cs,False,Direct Analysis
NormalizeChapterNames,303,jellyfin-10.11.6/MediaBrowser.Providers/MediaInfo/FFProbeVideoInfo.cs,False,Direct Analysis
FetchBdInfo,321,jellyfin-10.11.6/MediaBrowser.Providers/MediaInfo/FFProbeVideoInfo.cs,False,Direct Analysis
GetBDInfo,377,jellyfin-10.11.6/MediaBrowser.Providers/MediaInfo/FFProbeVideoInfo.cs,False,Direct Analysis
FetchEmbeddedInfo,392,jellyfin-10.11.6/MediaBrowser.Providers/MediaInfo/FFProbeVideoInfo.cs,False,Direct Analysis
FetchPeople,502,jellyfin-10.11.6/MediaBrowser.Providers/MediaInfo/FFProbeVideoInfo.cs,False,Direct Analysis
AddExternalSubtitlesAsync,540,jellyfin-10.11.6/MediaBrowser.Providers/MediaInfo/FFProbeVideoInfo.cs,False,Direct Analysis
AddExternalAudioAsync,617,jellyfin-10.11.6/MediaBrowser.Providers/MediaInfo/FFProbeVideoInfo.cs,False,Direct Analysis
CreateDummyChapters,636,jellyfin-10.11.6/MediaBrowser.Providers/MediaInfo/FFProbeVideoInfo.cs,False,Direct Analysis
WriteDocumentAsync,22,jellyfin-10.11.6/MediaBrowser.Controller/ClientEvent/ClientEventLogger.cs,False,Direct Analysis
GetMasterHlsPlaylist,96,jellyfin-10.11.6/Jellyfin.Api/Helpers/DynamicHlsHelper.cs,False,Direct Analysis
GetMasterPlaylistInternal,112,jellyfin-10.11.6/Jellyfin.Api/Helpers/DynamicHlsHelper.cs,False,Direct Analysis
AppendPlaylistSupplementalCodecsField,452,jellyfin-10.11.6/Jellyfin.Api/Helpers/DynamicHlsHelper.cs,False,Direct Analysis
EnableAdaptiveBitrateStreaming,559,jellyfin-10.11.6/Jellyfin.Api/Helpers/DynamicHlsHelper.cs,False,Direct Analysis
GetPlaylistVideoCodecs,803,jellyfin-10.11.6/Jellyfin.Api/Helpers/DynamicHlsHelper.cs,False,Direct Analysis
FindSeriesSortName,141,jellyfin-10.11.6/MediaBrowser.Controller/Entities/TV/Episode.cs,False,Direct Analysis
GetDefaultPrimaryImageAspectRatio,147,jellyfin-10.11.6/MediaBrowser.Controller/Entities/TV/Episode.cs,False,Direct Analysis
GetUserDataKeys,158,jellyfin-10.11.6/MediaBrowser.Controller/Entities/TV/Episode.cs,False,Direct Analysis
FindSeasonName,189,jellyfin-10.11.6/MediaBrowser.Controller/Entities/TV/Episode.cs,False,Direct Analysis
FindSeriesName,206,jellyfin-10.11.6/MediaBrowser.Controller/Entities/TV/Episode.cs,False,Direct Analysis
FindSeasonId,212,jellyfin-10.11.6/MediaBrowser.Controller/Entities/TV/Episode.cs,False,Direct Analysis
CreateSortName,238,jellyfin-10.11.6/MediaBrowser.Controller/Entities/TV/Episode.cs,False,Direct Analysis
ContainsEpisodeNumber,249,jellyfin-10.11.6/MediaBrowser.Controller/Entities/TV/Episode.cs,False,Direct Analysis
FindSeriesId,264,jellyfin-10.11.6/MediaBrowser.Controller/Entities/TV/Episode.cs,False,Direct Analysis
GetAncestorIds,270,jellyfin-10.11.6/MediaBrowser.Controller/Entities/TV/Episode.cs,False,Direct Analysis
GetDeletePaths,284,jellyfin-10.11.6/MediaBrowser.Controller/Entities/TV/Episode.cs,False,Direct Analysis
GetBlockUnratedType,296,jellyfin-10.11.6/MediaBrowser.Controller/Entities/TV/Episode.cs,False,Direct Analysis
GetLookupInfo,301,jellyfin-10.11.6/MediaBrowser.Controller/Entities/TV/Episode.cs,False,Direct Analysis
BeforeMetadataRefresh,324,jellyfin-10.11.6/MediaBrowser.Controller/Entities/TV/Episode.cs,False,Direct Analysis
Write,18,jellyfin-10.11.6/MediaBrowser.MediaEncoding/Subtitles/TtmlWriter.cs,False,Direct Analysis
HandleAuthenticateAsync,43,jellyfin-10.11.6/Jellyfin.Api/Auth/CustomAuthenticationHandler.cs,False,Direct Analysis
GetArtists,89,jellyfin-10.11.6/Jellyfin.Api/Controllers/ArtistsController.cs,False,Direct Analysis
GetAlbumArtists,293,jellyfin-10.11.6/Jellyfin.Api/Controllers/ArtistsController.cs,False,Direct Analysis
GetArtistByName,467,jellyfin-10.11.6/Jellyfin.Api/Controllers/ArtistsController.cs,False,Direct Analysis
CreateUdpBroadcastSocket,14,jellyfin-10.11.6/src/Jellyfin.Networking/Udp/SocketFactory.cs,False,Direct Analysis
GetBrandingOptions,32,jellyfin-10.11.6/Jellyfin.Api/Controllers/BrandingController.cs,False,Direct Analysis
GetBrandingCss,60,jellyfin-10.11.6/Jellyfin.Api/Controllers/BrandingController.cs,False,Direct Analysis
GetConfiguration,52,jellyfin-10.11.6/Jellyfin.Api/Controllers/ConfigurationController.cs,False,Direct Analysis
UpdateConfiguration,66,jellyfin-10.11.6/Jellyfin.Api/Controllers/ConfigurationController.cs,False,Direct Analysis
GetNamedConfiguration,81,jellyfin-10.11.6/Jellyfin.Api/Controllers/ConfigurationController.cs,False,Direct Analysis
UpdateNamedConfiguration,96,jellyfin-10.11.6/Jellyfin.Api/Controllers/ConfigurationController.cs,False,Direct Analysis
UpdateBrandingConfiguration,132,jellyfin-10.11.6/Jellyfin.Api/Controllers/ConfigurationController.cs,False,Direct Analysis
OnEvent,33,jellyfin-10.11.6/Jellyfin.Server.Implementations/Events/Consumers/Security/AuthenticationFailedLogger.cs,False,Direct Analysis
GetConfigurationPages,52,jellyfin-10.11.6/Jellyfin.Api/Controllers/DashboardController.cs,False,Direct Analysis
GetDashboardConfigurationPage,76,jellyfin-10.11.6/Jellyfin.Api/Controllers/DashboardController.cs,False,Direct Analysis
GetPluginPages,111,jellyfin-10.11.6/Jellyfin.Api/Controllers/DashboardController.cs,False,Direct Analysis
GetInstantMixFromSong,72,jellyfin-10.11.6/Jellyfin.Api/Controllers/InstantMixController.cs,False,Direct Analysis
GetInstantMixFromAlbum,116,jellyfin-10.11.6/Jellyfin.Api/Controllers/InstantMixController.cs,False,Direct Analysis
GetInstantMixFromPlaylist,160,jellyfin-10.11.6/Jellyfin.Api/Controllers/InstantMixController.cs,False,Direct Analysis
GetInstantMixFromMusicGenreByName,202,jellyfin-10.11.6/Jellyfin.Api/Controllers/InstantMixController.cs,False,Direct Analysis
GetInstantMixFromArtists,240,jellyfin-10.11.6/Jellyfin.Api/Controllers/InstantMixController.cs,False,Direct Analysis
GetInstantMixFromItem,284,jellyfin-10.11.6/Jellyfin.Api/Controllers/InstantMixController.cs,False,Direct Analysis
GetInstantMixFromMusicGenreById,367,jellyfin-10.11.6/Jellyfin.Api/Controllers/InstantMixController.cs,False,Direct Analysis
GetResult,394,jellyfin-10.11.6/Jellyfin.Api/Controllers/InstantMixController.cs,False,Direct Analysis
ConvertToConfig,86,jellyfin-10.11.6/Jellyfin.Server/StartupOptions.cs,False,Direct Analysis
ScheduleRestoreAndRestartServer,70,jellyfin-10.11.6/Jellyfin.Server.Implementations/FullSystemBackup/BackupService.cs,False,Direct Analysis
RestoreBackupAsync,83,jellyfin-10.11.6/Jellyfin.Server.Implementations/FullSystemBackup/BackupService.cs,False,Direct Analysis
IsMultiPart,34,jellyfin-10.11.6/Emby.Naming/Audio/AlbumParser.cs,False,Direct Analysis
GetNextUp,35,jellyfin-10.11.6/Emby.Server.Implementations/TV/TVSeriesManager.cs,False,Direct Analysis
GetNextUp,79,jellyfin-10.11.6/Emby.Server.Implementations/TV/TVSeriesManager.cs,False,Direct Analysis
GetDisplayPreferences,50,jellyfin-10.11.6/Jellyfin.Api/Controllers/DisplayPreferencesController.cs,False,Direct Analysis
UpdateDisplayPreferences,114,jellyfin-10.11.6/Jellyfin.Api/Controllers/DisplayPreferencesController.cs,False,Direct Analysis
OnEvent,35,jellyfin-10.11.6/Jellyfin.Server.Implementations/Events/Consumers/Library/SubtitleDownloadFailureLogger.cs,False,Direct Analysis
HasProviderId_NullInstance_ThrowsArgumentNullException,13,jellyfin-10.11.6/tests/Jellyfin.Model.Tests/Entities/ProviderIdsExtensionsTests.cs,False,Direct Analysis
HasProviderId_NullProvider_False,19,jellyfin-10.11.6/tests/Jellyfin.Model.Tests/Entities/ProviderIdsExtensionsTests.cs,False,Direct Analysis
HasProviderId_NullName_ThrowsArgumentNullException,30,jellyfin-10.11.6/tests/Jellyfin.Model.Tests/Entities/ProviderIdsExtensionsTests.cs,False,Direct Analysis
HasProviderId_NotFoundName_False,36,jellyfin-10.11.6/tests/Jellyfin.Model.Tests/Entities/ProviderIdsExtensionsTests.cs,False,Direct Analysis
HasProviderId_FoundName_True,42,jellyfin-10.11.6/tests/Jellyfin.Model.Tests/Entities/ProviderIdsExtensionsTests.cs,False,Direct Analysis
HasProviderId_FoundNameEmptyValue_False,51,jellyfin-10.11.6/tests/Jellyfin.Model.Tests/Entities/ProviderIdsExtensionsTests.cs,False,Direct Analysis
GetProviderId_NullInstance_ThrowsArgumentNullException,60,jellyfin-10.11.6/tests/Jellyfin.Model.Tests/Entities/ProviderIdsExtensionsTests.cs,False,Direct Analysis
GetProviderId_NullName_ThrowsArgumentNullException,66,jellyfin-10.11.6/tests/Jellyfin.Model.Tests/Entities/ProviderIdsExtensionsTests.cs,False,Direct Analysis
GetProviderId_NotFoundName_Null,72,jellyfin-10.11.6/tests/Jellyfin.Model.Tests/Entities/ProviderIdsExtensionsTests.cs,False,Direct Analysis
GetProviderId_NullProvider_Null,78,jellyfin-10.11.6/tests/Jellyfin.Model.Tests/Entities/ProviderIdsExtensionsTests.cs,False,Direct Analysis
TryGetProviderId_NotFoundName_False,89,jellyfin-10.11.6/tests/Jellyfin.Model.Tests/Entities/ProviderIdsExtensionsTests.cs,False,Direct Analysis
TryGetProviderId_NullProvider_False,95,jellyfin-10.11.6/tests/Jellyfin.Model.Tests/Entities/ProviderIdsExtensionsTests.cs,False,Direct Analysis
GetProviderId_FoundName_Id,106,jellyfin-10.11.6/tests/Jellyfin.Model.Tests/Entities/ProviderIdsExtensionsTests.cs,False,Direct Analysis
TryGetProviderId_FoundName_True,115,jellyfin-10.11.6/tests/Jellyfin.Model.Tests/Entities/ProviderIdsExtensionsTests.cs,False,Direct Analysis
TryGetProviderId_FoundNameEmptyValue_False,125,jellyfin-10.11.6/tests/Jellyfin.Model.Tests/Entities/ProviderIdsExtensionsTests.cs,False,Direct Analysis
SetProviderId_NullInstance_ThrowsArgumentNullException,135,jellyfin-10.11.6/tests/Jellyfin.Model.Tests/Entities/ProviderIdsExtensionsTests.cs,False,Direct Analysis
SetProviderId_Null_Remove,141,jellyfin-10.11.6/tests/Jellyfin.Model.Tests/Entities/ProviderIdsExtensionsTests.cs,False,Direct Analysis
SetProviderId_EmptyName_Remove,149,jellyfin-10.11.6/tests/Jellyfin.Model.Tests/Entities/ProviderIdsExtensionsTests.cs,False,Direct Analysis
SetProviderId_NonEmptyId_Success,158,jellyfin-10.11.6/tests/Jellyfin.Model.Tests/Entities/ProviderIdsExtensionsTests.cs,False,Direct Analysis
SetProviderId_NullProvider_Success,166,jellyfin-10.11.6/tests/Jellyfin.Model.Tests/Entities/ProviderIdsExtensionsTests.cs,False,Direct Analysis
SetProviderId_NullProviderAndEmptyName_Success,178,jellyfin-10.11.6/tests/Jellyfin.Model.Tests/Entities/ProviderIdsExtensionsTests.cs,False,Direct Analysis
RemoveProviderId_Null_Remove,190,jellyfin-10.11.6/tests/Jellyfin.Model.Tests/Entities/ProviderIdsExtensionsTests.cs,False,Direct Analysis
GetConfigurations,12,jellyfin-10.11.6/MediaBrowser.XbmcMetadata/Configuration/NfoConfigurationFactory.cs,False,Direct Analysis
Resolve,27,jellyfin-10.11.6/Emby.Server.Implementations/Library/Resolvers/PlaylistResolver.cs,False,Direct Analysis
GetFileSystemEntries,27,jellyfin-10.11.6/MediaBrowser.Controller/Providers/DirectoryService.cs,False,Direct Analysis
GetDirectories,32,jellyfin-10.11.6/MediaBrowser.Controller/Providers/DirectoryService.cs,False,Direct Analysis
GetFiles,48,jellyfin-10.11.6/MediaBrowser.Controller/Providers/DirectoryService.cs,False,Direct Analysis
GetFile,64,jellyfin-10.11.6/MediaBrowser.Controller/Providers/DirectoryService.cs,False,Direct Analysis
GetDirectory,70,jellyfin-10.11.6/MediaBrowser.Controller/Providers/DirectoryService.cs,False,Direct Analysis
GetFileSystemEntry,76,jellyfin-10.11.6/MediaBrowser.Controller/Providers/DirectoryService.cs,False,Direct Analysis
GetFilePaths,94,jellyfin-10.11.6/MediaBrowser.Controller/Providers/DirectoryService.cs,False,Direct Analysis
IsAccessible,111,jellyfin-10.11.6/MediaBrowser.Controller/Providers/DirectoryService.cs,False,Direct Analysis
Invoke,36,jellyfin-10.11.6/Jellyfin.Api/Middleware/IpBasedAccessValidationMiddleware.cs,False,Direct Analysis
GetExternalIdInfos,67,jellyfin-10.11.6/Jellyfin.Api/Controllers/ItemLookupController.cs,False,Direct Analysis
GetMovieRemoteSearchResults,88,jellyfin-10.11.6/Jellyfin.Api/Controllers/ItemLookupController.cs,False,Direct Analysis
GetTrailerRemoteSearchResults,105,jellyfin-10.11.6/Jellyfin.Api/Controllers/ItemLookupController.cs,False,Direct Analysis
GetMusicVideoRemoteSearchResults,122,jellyfin-10.11.6/Jellyfin.Api/Controllers/ItemLookupController.cs,False,Direct Analysis
GetSeriesRemoteSearchResults,139,jellyfin-10.11.6/Jellyfin.Api/Controllers/ItemLookupController.cs,False,Direct Analysis
GetBoxSetRemoteSearchResults,156,jellyfin-10.11.6/Jellyfin.Api/Controllers/ItemLookupController.cs,False,Direct Analysis
GetMusicArtistRemoteSearchResults,173,jellyfin-10.11.6/Jellyfin.Api/Controllers/ItemLookupController.cs,False,Direct Analysis
GetMusicAlbumRemoteSearchResults,190,jellyfin-10.11.6/Jellyfin.Api/Controllers/ItemLookupController.cs,False,Direct Analysis
GetPersonRemoteSearchResults,208,jellyfin-10.11.6/Jellyfin.Api/Controllers/ItemLookupController.cs,False,Direct Analysis
GetBookRemoteSearchResults,225,jellyfin-10.11.6/Jellyfin.Api/Controllers/ItemLookupController.cs,False,Direct Analysis
ApplySearchCriteria,248,jellyfin-10.11.6/Jellyfin.Api/Controllers/ItemLookupController.cs,False,Direct Analysis
RefreshItem,61,jellyfin-10.11.6/Jellyfin.Api/Controllers/ItemRefreshController.cs,False,Direct Analysis
MergeData,43,jellyfin-10.11.6/MediaBrowser.Providers/Movies/TrailerMetadataService.cs,False,Direct Analysis
GetItems,162,jellyfin-10.11.6/Jellyfin.Api/Controllers/ItemsController.cs,False,Direct Analysis
GetResumeItems,826,jellyfin-10.11.6/Jellyfin.Api/Controllers/ItemsController.cs,False,Direct Analysis
GetItemUserData,972,jellyfin-10.11.6/Jellyfin.Api/Controllers/ItemsController.cs,False,Direct Analysis
UpdateItemUserData,1027,jellyfin-10.11.6/Jellyfin.Api/Controllers/ItemsController.cs,False,Direct Analysis
Fetch,33,jellyfin-10.11.6/MediaBrowser.LocalMetadata/Providers/BoxSetXmlProvider.cs,False,Direct Analysis
GetXmlFile,39,jellyfin-10.11.6/MediaBrowser.LocalMetadata/Providers/BoxSetXmlProvider.cs,False,Direct Analysis
GetImageSize,174,jellyfin-10.11.6/src/Jellyfin.Drawing.Skia/SkiaEncoder.cs,False,Direct Analysis
GetImageBlurHash,282,jellyfin-10.11.6/src/Jellyfin.Drawing.Skia/SkiaEncoder.cs,False,Direct Analysis
NormalizePath,313,jellyfin-10.11.6/src/Jellyfin.Drawing.Skia/SkiaEncoder.cs,False,Direct Analysis
Decode,346,jellyfin-10.11.6/src/Jellyfin.Drawing.Skia/SkiaEncoder.cs,False,Direct Analysis
GetBitmapFromSvg,439,jellyfin-10.11.6/src/Jellyfin.Drawing.Skia/SkiaEncoder.cs,False,Direct Analysis
OrientImage,474,jellyfin-10.11.6/src/Jellyfin.Drawing.Skia/SkiaEncoder.cs,False,Direct Analysis
EncodeImage,567,jellyfin-10.11.6/src/Jellyfin.Drawing.Skia/SkiaEncoder.cs,False,Direct Analysis
CreateImageCollage,675,jellyfin-10.11.6/src/Jellyfin.Drawing.Skia/SkiaEncoder.cs,False,Direct Analysis
CreateSplashscreen,695,jellyfin-10.11.6/src/Jellyfin.Drawing.Skia/SkiaEncoder.cs,False,Direct Analysis
CreateTrickplayTile,707,jellyfin-10.11.6/src/Jellyfin.Drawing.Skia/SkiaEncoder.cs,False,Direct Analysis
DrawIndicator,781,jellyfin-10.11.6/src/Jellyfin.Drawing.Skia/SkiaEncoder.cs,False,Direct Analysis
PerformAsync,40,jellyfin-10.11.6/Jellyfin.Server/Migrations/Routines/FixDates.cs,False,Direct Analysis
GetLyrics,71,jellyfin-10.11.6/Jellyfin.Api/Controllers/LyricsController.cs,False,Direct Analysis
UploadLyrics,103,jellyfin-10.11.6/Jellyfin.Api/Controllers/LyricsController.cs,False,Direct Analysis
FetchDataFromXmlNode,26,jellyfin-10.11.6/MediaBrowser.LocalMetadata/Parsers/BoxSetXmlParser.cs,False,Direct Analysis
ResolveMultiple,40,jellyfin-10.11.6/Emby.Server.Implementations/Library/Resolvers/Audio/AudioResolver.cs,False,Direct Analysis
Resolve,77,jellyfin-10.11.6/Emby.Server.Implementations/Library/Resolvers/Audio/AudioResolver.cs,False,Direct Analysis
FindAudioBook,142,jellyfin-10.11.6/Emby.Server.Implementations/Library/Resolvers/Audio/AudioResolver.cs,False,Direct Analysis
ResolveMultipleAudio,158,jellyfin-10.11.6/Emby.Server.Implementations/Library/Resolvers/Audio/AudioResolver.cs,False,Direct Analysis
GetPlaybackInfo,75,jellyfin-10.11.6/Jellyfin.Api/Controllers/MediaInfoController.cs,False,Direct Analysis
GetPostedPlaybackInfo,119,jellyfin-10.11.6/Jellyfin.Api/Controllers/MediaInfoController.cs,False,Direct Analysis
OpenLiveStream,271,jellyfin-10.11.6/Jellyfin.Api/Controllers/MediaInfoController.cs,False,Direct Analysis
CloseLiveStream,316,jellyfin-10.11.6/Jellyfin.Api/Controllers/MediaInfoController.cs,False,Direct Analysis
OnDeviceManagerDeviceOptionsUpdated,160,jellyfin-10.11.6/Emby.Server.Implementations/Session/SessionManager.cs,False,Direct Analysis
CheckDisposed,179,jellyfin-10.11.6/Emby.Server.Implementations/Session/SessionManager.cs,False,Direct Analysis
OnSessionStarted,184,jellyfin-10.11.6/Emby.Server.Implementations/Session/SessionManager.cs,False,Direct Analysis
OnSessionEnded,208,jellyfin-10.11.6/Emby.Server.Implementations/Session/SessionManager.cs,False,Direct Analysis
UpdateDeviceName,225,jellyfin-10.11.6/Emby.Server.Implementations/Session/SessionManager.cs,False,Direct Analysis
LogSessionActivity,244,jellyfin-10.11.6/Emby.Server.Implementations/Session/SessionManager.cs,False,Direct Analysis
OnSessionControllerConnected,295,jellyfin-10.11.6/Emby.Server.Implementations/Session/SessionManager.cs,False,Direct Analysis
CloseIfNeededAsync,308,jellyfin-10.11.6/Emby.Server.Implementations/Session/SessionManager.cs,False,Direct Analysis
CloseLiveStreamIfNeededAsync,325,jellyfin-10.11.6/Emby.Server.Implementations/Session/SessionManager.cs,False,Direct Analysis
ReportSessionEnded,361,jellyfin-10.11.6/Emby.Server.Implementations/Session/SessionManager.cs,False,Direct Analysis
GetMediaSource,376,jellyfin-10.11.6/Emby.Server.Implementations/Session/SessionManager.cs,False,Direct Analysis
GetSessionInfo,499,jellyfin-10.11.6/Emby.Server.Implementations/Session/SessionManager.cs,False,Direct Analysis
CreateSessionInfo,540,jellyfin-10.11.6/Emby.Server.Implementations/Session/SessionManager.cs,False,Direct Analysis
GetUsers,587,jellyfin-10.11.6/Emby.Server.Implementations/Session/SessionManager.cs,False,Direct Analysis
StartCheckTimers,612,jellyfin-10.11.6/Emby.Server.Implementations/Session/SessionManager.cs,False,Direct Analysis
StopIdleCheckTimer,626,jellyfin-10.11.6/Emby.Server.Implementations/Session/SessionManager.cs,False,Direct Analysis
StopInactiveCheckTimer,635,jellyfin-10.11.6/Emby.Server.Implementations/Session/SessionManager.cs,False,Direct Analysis
CheckForIdlePlayback,644,jellyfin-10.11.6/Emby.Server.Implementations/Session/SessionManager.cs,False,Direct Analysis
CheckForInactiveSteams,682,jellyfin-10.11.6/Emby.Server.Implementations/Session/SessionManager.cs,False,Direct Analysis
GetNowPlayingItem,720,jellyfin-10.11.6/Emby.Server.Implementations/Session/SessionManager.cs,False,Direct Analysis
OnPlaybackStart,746,jellyfin-10.11.6/Emby.Server.Implementations/Session/SessionManager.cs,False,Direct Analysis
OnPlaybackStart,814,jellyfin-10.11.6/Emby.Server.Implementations/Session/SessionManager.cs,False,Direct Analysis
OnPlaybackProgress,834,jellyfin-10.11.6/Emby.Server.Implementations/Session/SessionManager.cs,False,Direct Analysis
UpdateLiveStreamActiveSessionMappings,839,jellyfin-10.11.6/Emby.Server.Implementations/Session/SessionManager.cs,False,Direct Analysis
OnPlaybackProgress,871,jellyfin-10.11.6/Emby.Server.Implementations/Session/SessionManager.cs,False,Direct Analysis
OnPlaybackProgress,938,jellyfin-10.11.6/Emby.Server.Implementations/Session/SessionManager.cs,False,Direct Analysis
OnPlaybackStopped,1012,jellyfin-10.11.6/Emby.Server.Implementations/Session/SessionManager.cs,False,Direct Analysis
OnPlaybackStopped,1115,jellyfin-10.11.6/Emby.Server.Implementations/Session/SessionManager.cs,False,Direct Analysis
GetSession,1152,jellyfin-10.11.6/Emby.Server.Implementations/Session/SessionManager.cs,False,Direct Analysis
GetSessionToRemoteControl,1164,jellyfin-10.11.6/Emby.Server.Implementations/Session/SessionManager.cs,False,Direct Analysis
ToSessionInfoDto,1178,jellyfin-10.11.6/Emby.Server.Implementations/Session/SessionManager.cs,False,Direct Analysis
SendMessageCommand,1215,jellyfin-10.11.6/Emby.Server.Implementations/Session/SessionManager.cs,False,Direct Analysis
SendGeneralCommand,1236,jellyfin-10.11.6/Emby.Server.Implementations/Session/SessionManager.cs,False,Direct Analysis
SendPlayCommand,1281,jellyfin-10.11.6/Emby.Server.Implementations/Session/SessionManager.cs,False,Direct Analysis
SendSyncPlayCommand,1367,jellyfin-10.11.6/Emby.Server.Implementations/Session/SessionManager.cs,False,Direct Analysis
SendSyncPlayGroupUpdate,1375,jellyfin-10.11.6/Emby.Server.Implementations/Session/SessionManager.cs,False,Direct Analysis
TranslateItemForPlayback,1382,jellyfin-10.11.6/Emby.Server.Implementations/Session/SessionManager.cs,False,Direct Analysis
TranslateItemForInstantMix,1435,jellyfin-10.11.6/Emby.Server.Implementations/Session/SessionManager.cs,False,Direct Analysis
SendBrowseCommand,1449,jellyfin-10.11.6/Emby.Server.Implementations/Session/SessionManager.cs,False,Direct Analysis
SendPlaystateCommand,1466,jellyfin-10.11.6/Emby.Server.Implementations/Session/SessionManager.cs,False,Direct Analysis
SendRestartRequiredNotification,1497,jellyfin-10.11.6/Emby.Server.Implementations/Session/SessionManager.cs,False,Direct Analysis
AddAdditionalUser,1511,jellyfin-10.11.6/Emby.Server.Implementations/Session/SessionManager.cs,False,Direct Analysis
RemoveAdditionalUser,1542,jellyfin-10.11.6/Emby.Server.Implementations/Session/SessionManager.cs,False,Direct Analysis
AuthenticateNewSession,1569,jellyfin-10.11.6/Emby.Server.Implementations/Session/SessionManager.cs,False,Direct Analysis
AuthenticateDirect,1579,jellyfin-10.11.6/Emby.Server.Implementations/Session/SessionManager.cs,False,Direct Analysis
AuthenticateNewSessionInternal,1584,jellyfin-10.11.6/Emby.Server.Implementations/Session/SessionManager.cs,False,Direct Analysis
GetAuthorizationToken,1652,jellyfin-10.11.6/Emby.Server.Implementations/Session/SessionManager.cs,False,Direct Analysis
Logout,1684,jellyfin-10.11.6/Emby.Server.Implementations/Session/SessionManager.cs,False,Direct Analysis
Logout,1704,jellyfin-10.11.6/Emby.Server.Implementations/Session/SessionManager.cs,False,Direct Analysis
RevokeUserTokens,1730,jellyfin-10.11.6/Emby.Server.Implementations/Session/SessionManager.cs,False,Direct Analysis
ReportCapabilities,1753,jellyfin-10.11.6/Emby.Server.Implementations/Session/SessionManager.cs,False,Direct Analysis
ReportCapabilities,1762,jellyfin-10.11.6/Emby.Server.Implementations/Session/SessionManager.cs,False,Direct Analysis
GetItemInfo,1785,jellyfin-10.11.6/Emby.Server.Implementations/Session/SessionManager.cs,False,Direct Analysis
GetImageCacheTag,1840,jellyfin-10.11.6/Emby.Server.Implementations/Session/SessionManager.cs,False,Direct Analysis
ReportNowViewingItem,1854,jellyfin-10.11.6/Emby.Server.Implementations/Session/SessionManager.cs,False,Direct Analysis
ReportTranscodingInfo,1865,jellyfin-10.11.6/Emby.Server.Implementations/Session/SessionManager.cs,False,Direct Analysis
ClearTranscodingInfo,1877,jellyfin-10.11.6/Emby.Server.Implementations/Session/SessionManager.cs,False,Direct Analysis
GetSession,1883,jellyfin-10.11.6/Emby.Server.Implementations/Session/SessionManager.cs,False,Direct Analysis
GetSessionByAuthenticationToken,1891,jellyfin-10.11.6/Emby.Server.Implementations/Session/SessionManager.cs,False,Direct Analysis
GetSessionByAuthenticationToken,1921,jellyfin-10.11.6/Emby.Server.Implementations/Session/SessionManager.cs,False,Direct Analysis
GetSessions,1938,jellyfin-10.11.6/Emby.Server.Implementations/Session/SessionManager.cs,False,Direct Analysis
SendMessageToAdminSessions,2041,jellyfin-10.11.6/Emby.Server.Implementations/Session/SessionManager.cs,False,Direct Analysis
SendMessageToUserSessions,2054,jellyfin-10.11.6/Emby.Server.Implementations/Session/SessionManager.cs,False,Direct Analysis
SendMessageToUserSessions,2069,jellyfin-10.11.6/Emby.Server.Implementations/Session/SessionManager.cs,False,Direct Analysis
SendMessageToUserDeviceSessions,2078,jellyfin-10.11.6/Emby.Server.Implementations/Session/SessionManager.cs,False,Direct Analysis
DisposeAsync,2088,jellyfin-10.11.6/Emby.Server.Implementations/Session/SessionManager.cs,False,Direct Analysis
OnApplicationStopping,2118,jellyfin-10.11.6/Emby.Server.Implementations/Session/SessionManager.cs,False,Direct Analysis
UpdateItem,75,jellyfin-10.11.6/Jellyfin.Api/Controllers/ItemUpdateController.cs,False,Direct Analysis
GetMetadataEditorInfo,148,jellyfin-10.11.6/Jellyfin.Api/Controllers/ItemUpdateController.cs,False,Direct Analysis
UpdateItemContentType,207,jellyfin-10.11.6/Jellyfin.Api/Controllers/ItemUpdateController.cs,False,Direct Analysis
UpdateItem,236,jellyfin-10.11.6/Jellyfin.Api/Controllers/ItemUpdateController.cs,False,Direct Analysis
GetContentTypeOptions,471,jellyfin-10.11.6/Jellyfin.Api/Controllers/ItemUpdateController.cs,False,Direct Analysis
GetSuggestions,61,jellyfin-10.11.6/Jellyfin.Api/Controllers/SuggestionsController.cs,False,Direct Analysis
Resolve,57,jellyfin-10.11.6/Emby.Server.Implementations/Library/Resolvers/PhotoResolver.cs,False,Direct Analysis
OnEvent,30,jellyfin-10.11.6/Jellyfin.Server.Implementations/Events/Consumers/Users/UserDeletedNotifier.cs,False,Direct Analysis
HandleRequirementAsync,41,jellyfin-10.11.6/Jellyfin.Api/Auth/DefaultAuthorizationPolicy/DefaultAuthorizationHandler.cs,False,Direct Analysis
ShouldIgnore,32,jellyfin-10.11.6/Emby.Server.Implementations/Library/CoreResolutionIgnoreRule.cs,False,Direct Analysis
GetItem,76,jellyfin-10.11.6/Jellyfin.Api/Controllers/UserLibraryController.cs,False,Direct Analysis
GetRootFolder,126,jellyfin-10.11.6/Jellyfin.Api/Controllers/UserLibraryController.cs,False,Direct Analysis
GetIntros,163,jellyfin-10.11.6/Jellyfin.Api/Controllers/UserLibraryController.cs,False,Direct Analysis
MarkFavoriteItem,214,jellyfin-10.11.6/Jellyfin.Api/Controllers/UserLibraryController.cs,False,Direct Analysis
UnmarkFavoriteItem,261,jellyfin-10.11.6/Jellyfin.Api/Controllers/UserLibraryController.cs,False,Direct Analysis
DeleteUserItemRating,308,jellyfin-10.11.6/Jellyfin.Api/Controllers/UserLibraryController.cs,False,Direct Analysis
UpdateUserItemRating,356,jellyfin-10.11.6/Jellyfin.Api/Controllers/UserLibraryController.cs,False,Direct Analysis
GetLocalTrailers,406,jellyfin-10.11.6/Jellyfin.Api/Controllers/UserLibraryController.cs,False,Direct Analysis
GetSpecialFeatures,462,jellyfin-10.11.6/Jellyfin.Api/Controllers/UserLibraryController.cs,False,Direct Analysis
GetLatestMedia,523,jellyfin-10.11.6/Jellyfin.Api/Controllers/UserLibraryController.cs,False,Direct Analysis
MarkFavorite,660,jellyfin-10.11.6/Jellyfin.Api/Controllers/UserLibraryController.cs,False,Direct Analysis
UpdateUserItemRatingInternal,682,jellyfin-10.11.6/Jellyfin.Api/Controllers/UserLibraryController.cs,False,Direct Analysis
Fetch_Valid_Success,39,jellyfin-10.11.6/tests/Jellyfin.XbmcMetadata.Tests/Parsers/SeriesNfoParserTests.cs,False,Direct Analysis
Parse_UrlFile_Success,85,jellyfin-10.11.6/tests/Jellyfin.XbmcMetadata.Tests/Parsers/SeriesNfoParserTests.cs,False,Direct Analysis
Fetch_WithNullItem_ThrowsArgumentException,99,jellyfin-10.11.6/tests/Jellyfin.XbmcMetadata.Tests/Parsers/SeriesNfoParserTests.cs,False,Direct Analysis
Fetch_NullResult_ThrowsArgumentException,107,jellyfin-10.11.6/tests/Jellyfin.XbmcMetadata.Tests/Parsers/SeriesNfoParserTests.cs,False,Direct Analysis
RestartApplication,118,jellyfin-10.11.6/Jellyfin.Api/Controllers/SystemController.cs,False,Direct Analysis
ShutdownApplication,134,jellyfin-10.11.6/Jellyfin.Api/Controllers/SystemController.cs,False,Direct Analysis
GetServerLogs,150,jellyfin-10.11.6/Jellyfin.Api/Controllers/SystemController.cs,False,Direct Analysis
GetEndpointInfo,189,jellyfin-10.11.6/Jellyfin.Api/Controllers/SystemController.cs,False,Direct Analysis
GetLogFile,212,jellyfin-10.11.6/Jellyfin.Api/Controllers/SystemController.cs,False,Direct Analysis
GetUserViews,66,jellyfin-10.11.6/Jellyfin.Api/Controllers/UserViewsController.cs,False,Direct Analysis
GetGroupingOptions,130,jellyfin-10.11.6/Jellyfin.Api/Controllers/UserViewsController.cs,False,Direct Analysis
StartAsync,73,jellyfin-10.11.6/Emby.Server.Implementations/EntryPoints/LibraryChangedNotifier.cs,False,Direct Analysis
StopAsync,87,jellyfin-10.11.6/Emby.Server.Implementations/EntryPoints/LibraryChangedNotifier.cs,False,Direct Analysis
OnProviderRefreshProgress,100,jellyfin-10.11.6/Emby.Server.Implementations/EntryPoints/LibraryChangedNotifier.cs,False,Direct Analysis
OnProviderRefreshCompleted,156,jellyfin-10.11.6/Emby.Server.Implementations/EntryPoints/LibraryChangedNotifier.cs,False,Direct Analysis
OnLibraryChange,176,jellyfin-10.11.6/Emby.Server.Implementations/EntryPoints/LibraryChangedNotifier.cs,False,Direct Analysis
LibraryUpdateTimerCallback,205,jellyfin-10.11.6/Emby.Server.Implementations/EntryPoints/LibraryChangedNotifier.cs,False,Direct Analysis
SendChangeNotifications,247,jellyfin-10.11.6/Emby.Server.Implementations/EntryPoints/LibraryChangedNotifier.cs,False,Direct Analysis
GetLibraryUpdateInfo,296,jellyfin-10.11.6/Emby.Server.Implementations/EntryPoints/LibraryChangedNotifier.cs,False,Direct Analysis
TranslatePhysicalItemToUserLibrary,378,jellyfin-10.11.6/Emby.Server.Implementations/EntryPoints/LibraryChangedNotifier.cs,False,Direct Analysis
Dispose,397,jellyfin-10.11.6/Emby.Server.Implementations/EntryPoints/LibraryChangedNotifier.cs,False,Direct Analysis
SaveCapabilities,69,jellyfin-10.11.6/Jellyfin.Server.Implementations/Devices/DeviceManager.cs,False,Direct Analysis
UpdateDeviceOptions,75,jellyfin-10.11.6/Jellyfin.Server.Implementations/Devices/DeviceManager.cs,False,Direct Analysis
CreateDevice,98,jellyfin-10.11.6/Jellyfin.Server.Implementations/Devices/DeviceManager.cs,False,Direct Analysis
GetDeviceOptions,112,jellyfin-10.11.6/Jellyfin.Server.Implementations/Devices/DeviceManager.cs,False,Direct Analysis
GetCapabilities,123,jellyfin-10.11.6/Jellyfin.Server.Implementations/Devices/DeviceManager.cs,False,Direct Analysis
GetDevice,136,jellyfin-10.11.6/Jellyfin.Server.Implementations/Devices/DeviceManager.cs,False,Direct Analysis
GetDevices,146,jellyfin-10.11.6/Jellyfin.Server.Implementations/Devices/DeviceManager.cs,False,Direct Analysis
GetDeviceInfos,170,jellyfin-10.11.6/Jellyfin.Server.Implementations/Devices/DeviceManager.cs,False,Direct Analysis
GetDevicesForUser,181,jellyfin-10.11.6/Jellyfin.Server.Implementations/Devices/DeviceManager.cs,False,Direct Analysis
DeleteDevice,210,jellyfin-10.11.6/Jellyfin.Server.Implementations/Devices/DeviceManager.cs,False,Direct Analysis
UpdateDevice,222,jellyfin-10.11.6/Jellyfin.Server.Implementations/Devices/DeviceManager.cs,False,Direct Analysis
CanAccessDevice,235,jellyfin-10.11.6/Jellyfin.Server.Implementations/Devices/DeviceManager.cs,False,Direct Analysis
ToDeviceInfo,249,jellyfin-10.11.6/Jellyfin.Server.Implementations/Devices/DeviceManager.cs,False,Direct Analysis
ToDeviceOptionsDto,268,jellyfin-10.11.6/Jellyfin.Server.Implementations/Devices/DeviceManager.cs,False,Direct Analysis
ToDeviceInfoDto,278,jellyfin-10.11.6/Jellyfin.Server.Implementations/Devices/DeviceManager.cs,False,Direct Analysis
ToClientCapabilitiesDto,297,jellyfin-10.11.6/Jellyfin.Server.Implementations/Devices/DeviceManager.cs,False,Direct Analysis
GetAudioStream,74,jellyfin-10.11.6/Jellyfin.Api/Helpers/AudioHelper.cs,False,Direct Analysis
Perform,25,jellyfin-10.11.6/Jellyfin.Server/Migrations/Routines/DisableTranscodingThrottling.cs,False,Direct Analysis
Invoke,43,jellyfin-10.11.6/Jellyfin.Api/Middleware/BaseUrlRedirectionMiddleware.cs,False,Direct Analysis
GetSearchResults,55,jellyfin-10.11.6/MediaBrowser.Providers/Plugins/Tmdb/TV/TmdbSeriesProvider.cs,False,Direct Analysis
MapTvShowToRemoteSearchResult,125,jellyfin-10.11.6/MediaBrowser.Providers/Plugins/Tmdb/TV/TmdbSeriesProvider.cs,False,Direct Analysis
MapSearchTvToRemoteSearchResult,148,jellyfin-10.11.6/MediaBrowser.Providers/Plugins/Tmdb/TV/TmdbSeriesProvider.cs,False,Direct Analysis
GetMetadata,165,jellyfin-10.11.6/MediaBrowser.Providers/Plugins/Tmdb/TV/TmdbSeriesProvider.cs,False,Direct Analysis
GetPersons,324,jellyfin-10.11.6/MediaBrowser.Providers/Plugins/Tmdb/TV/TmdbSeriesProvider.cs,False,Direct Analysis
GetImageResponse,405,jellyfin-10.11.6/MediaBrowser.Providers/Plugins/Tmdb/TV/TmdbSeriesProvider.cs,False,Direct Analysis
GetSupportedImages,32,jellyfin-10.11.6/src/Jellyfin.LiveTv/Channels/ChannelImageProvider.cs,False,Direct Analysis
GetImage,38,jellyfin-10.11.6/src/Jellyfin.LiveTv/Channels/ChannelImageProvider.cs,False,Direct Analysis
Supports,46,jellyfin-10.11.6/src/Jellyfin.LiveTv/Channels/ChannelImageProvider.cs,False,Direct Analysis
GetChannel,51,jellyfin-10.11.6/src/Jellyfin.LiveTv/Channels/ChannelImageProvider.cs,False,Direct Analysis
HasChanged,59,jellyfin-10.11.6/src/Jellyfin.LiveTv/Channels/ChannelImageProvider.cs,False,Direct Analysis
GetBlockUnratedValue,74,jellyfin-10.11.6/MediaBrowser.Controller/Entities/Movies/BoxSet.cs,False,Direct Analysis
GetBlockUnratedType,82,jellyfin-10.11.6/MediaBrowser.Controller/Entities/Movies/BoxSet.cs,False,Direct Analysis
GetNonCachedChildren,87,jellyfin-10.11.6/MediaBrowser.Controller/Entities/Movies/BoxSet.cs,False,Direct Analysis
LoadChildren,97,jellyfin-10.11.6/MediaBrowser.Controller/Entities/Movies/BoxSet.cs,False,Direct Analysis
IsAuthorizedToDelete,108,jellyfin-10.11.6/MediaBrowser.Controller/Entities/Movies/BoxSet.cs,False,Direct Analysis
IsSaveLocalMetadataEnabled,113,jellyfin-10.11.6/MediaBrowser.Controller/Entities/Movies/BoxSet.cs,False,Direct Analysis
Sort,118,jellyfin-10.11.6/MediaBrowser.Controller/Entities/Movies/BoxSet.cs,False,Direct Analysis
GetChildren,133,jellyfin-10.11.6/MediaBrowser.Controller/Entities/Movies/BoxSet.cs,False,Direct Analysis
GetChildren,139,jellyfin-10.11.6/MediaBrowser.Controller/Entities/Movies/BoxSet.cs,False,Direct Analysis
GetRecursiveChildren,145,jellyfin-10.11.6/MediaBrowser.Controller/Entities/Movies/BoxSet.cs,False,Direct Analysis
GetLookupInfo,151,jellyfin-10.11.6/MediaBrowser.Controller/Entities/Movies/BoxSet.cs,False,Direct Analysis
IsVisible,156,jellyfin-10.11.6/MediaBrowser.Controller/Entities/Movies/BoxSet.cs,False,Direct Analysis
IsVisibleStandalone,184,jellyfin-10.11.6/MediaBrowser.Controller/Entities/Movies/BoxSet.cs,False,Direct Analysis
GetLibraryFolderIds,201,jellyfin-10.11.6/MediaBrowser.Controller/Entities/Movies/BoxSet.cs,False,Direct Analysis
Fetch,54,jellyfin-10.11.6/MediaBrowser.XbmcMetadata/Providers/SeasonNfoProvider.cs,False,Direct Analysis
GetBlockUnratedType,25,jellyfin-10.11.6/MediaBrowser.Controller/Entities/MusicVideo.cs,False,Direct Analysis
GetLookupInfo,30,jellyfin-10.11.6/MediaBrowser.Controller/Entities/MusicVideo.cs,False,Direct Analysis
BeforeMetadataRefresh,39,jellyfin-10.11.6/MediaBrowser.Controller/Entities/MusicVideo.cs,False,Direct Analysis
CanDownload,64,jellyfin-10.11.6/MediaBrowser.Controller/Entities/Photo.cs,False,Direct Analysis
GetDefaultPrimaryImageAspectRatio,69,jellyfin-10.11.6/MediaBrowser.Controller/Entities/Photo.cs,False,Direct Analysis
Deserialize_Valid_Success,19,jellyfin-10.11.6/tests/Jellyfin.Extensions.Tests/Json/Converters/JsonNullableGuidConverterTests.cs,False,Direct Analysis
Deserialize_ValidDashed_Success,26,jellyfin-10.11.6/tests/Jellyfin.Extensions.Tests/Json/Converters/JsonNullableGuidConverterTests.cs,False,Direct Analysis
Roundtrip_Valid_Success,33,jellyfin-10.11.6/tests/Jellyfin.Extensions.Tests/Json/Converters/JsonNullableGuidConverterTests.cs,False,Direct Analysis
Deserialize_Null_Null,41,jellyfin-10.11.6/tests/Jellyfin.Extensions.Tests/Json/Converters/JsonNullableGuidConverterTests.cs,False,Direct Analysis
Deserialize_EmptyGuid_EmptyGuid,47,jellyfin-10.11.6/tests/Jellyfin.Extensions.Tests/Json/Converters/JsonNullableGuidConverterTests.cs,False,Direct Analysis
Serialize_EmptyGuid_Null,53,jellyfin-10.11.6/tests/Jellyfin.Extensions.Tests/Json/Converters/JsonNullableGuidConverterTests.cs,False,Direct Analysis
Serialize_Null_Null,59,jellyfin-10.11.6/tests/Jellyfin.Extensions.Tests/Json/Converters/JsonNullableGuidConverterTests.cs,False,Direct Analysis
Serialize_Valid_NoDash_Success,65,jellyfin-10.11.6/tests/Jellyfin.Extensions.Tests/Json/Converters/JsonNullableGuidConverterTests.cs,False,Direct Analysis
Serialize_Nullable_Success,73,jellyfin-10.11.6/tests/Jellyfin.Extensions.Tests/Json/Converters/JsonNullableGuidConverterTests.cs,False,Direct Analysis
Apply,33,jellyfin-10.11.6/MediaBrowser.Controller/SyncPlay/PlaybackRequests/SetShuffleModeGroupRequest.cs,False,Direct Analysis
GetUserDataKeys,36,jellyfin-10.11.6/MediaBrowser.Controller/Entities/Studio.cs,False,Direct Analysis
CreatePresentationUniqueKey,44,jellyfin-10.11.6/MediaBrowser.Controller/Entities/Studio.cs,False,Direct Analysis
GetDefaultPrimaryImageAspectRatio,49,jellyfin-10.11.6/MediaBrowser.Controller/Entities/Studio.cs,False,Direct Analysis
CanDelete,57,jellyfin-10.11.6/MediaBrowser.Controller/Entities/Studio.cs,False,Direct Analysis
IsSaveLocalMetadataEnabled,62,jellyfin-10.11.6/MediaBrowser.Controller/Entities/Studio.cs,False,Direct Analysis
GetTaggedItems,67,jellyfin-10.11.6/MediaBrowser.Controller/Entities/Studio.cs,False,Direct Analysis
GetRebasedPath,89,jellyfin-10.11.6/MediaBrowser.Controller/Entities/Studio.cs,False,Direct Analysis
RequiresRefresh,94,jellyfin-10.11.6/MediaBrowser.Controller/Entities/Studio.cs,False,Direct Analysis
BeforeMetadataRefresh,111,jellyfin-10.11.6/MediaBrowser.Controller/Entities/Studio.cs,False,Direct Analysis
GetDefaultPrimaryImageAspectRatio,89,jellyfin-10.11.6/MediaBrowser.Controller/Entities/TV/Season.cs,False,Direct Analysis
FindSeriesSortName,97,jellyfin-10.11.6/MediaBrowser.Controller/Entities/TV/Season.cs,False,Direct Analysis
GetUserDataKeys,103,jellyfin-10.11.6/MediaBrowser.Controller/Entities/TV/Season.cs,False,Direct Analysis
GetChildCount,124,jellyfin-10.11.6/MediaBrowser.Controller/Entities/TV/Season.cs,False,Direct Analysis
CreatePresentationUniqueKey,131,jellyfin-10.11.6/MediaBrowser.Controller/Entities/TV/Season.cs,False,Direct Analysis
CreateSortName,149,jellyfin-10.11.6/MediaBrowser.Controller/Entities/TV/Season.cs,False,Direct Analysis
GetItemsInternal,154,jellyfin-10.11.6/MediaBrowser.Controller/Entities/TV/Season.cs,False,Direct Analysis
GetEpisodes,192,jellyfin-10.11.6/MediaBrowser.Controller/Entities/TV/Season.cs,False,Direct Analysis
GetEpisodes,202,jellyfin-10.11.6/MediaBrowser.Controller/Entities/TV/Season.cs,False,Direct Analysis
GetEpisodes,207,jellyfin-10.11.6/MediaBrowser.Controller/Entities/TV/Season.cs,False,Direct Analysis
GetChildren,212,jellyfin-10.11.6/MediaBrowser.Controller/Entities/TV/Season.cs,False,Direct Analysis
GetBlockUnratedValue,217,jellyfin-10.11.6/MediaBrowser.Controller/Entities/TV/Season.cs,False,Direct Analysis
GetBlockUnratedType,223,jellyfin-10.11.6/MediaBrowser.Controller/Entities/TV/Season.cs,False,Direct Analysis
FindSeriesPresentationUniqueKey,228,jellyfin-10.11.6/MediaBrowser.Controller/Entities/TV/Season.cs,False,Direct Analysis
FindSeriesName,234,jellyfin-10.11.6/MediaBrowser.Controller/Entities/TV/Season.cs,False,Direct Analysis
FindSeriesId,240,jellyfin-10.11.6/MediaBrowser.Controller/Entities/TV/Season.cs,False,Direct Analysis
GetLookupInfo,250,jellyfin-10.11.6/MediaBrowser.Controller/Entities/TV/Season.cs,False,Direct Analysis
BeforeMetadataRefresh,270,jellyfin-10.11.6/MediaBrowser.Controller/Entities/TV/Season.cs,False,Direct Analysis
EncodeImage,35,jellyfin-10.11.6/src/Jellyfin.Drawing/NullImageEncoder.cs,False,Direct Analysis
CreateImageCollage,41,jellyfin-10.11.6/src/Jellyfin.Drawing/NullImageEncoder.cs,False,Direct Analysis
CreateSplashscreen,47,jellyfin-10.11.6/src/Jellyfin.Drawing/NullImageEncoder.cs,False,Direct Analysis
CreateTrickplayTile,53,jellyfin-10.11.6/src/Jellyfin.Drawing/NullImageEncoder.cs,False,Direct Analysis
GetImageBlurHash,59,jellyfin-10.11.6/src/Jellyfin.Drawing/NullImageEncoder.cs,False,Direct Analysis
GetDefaultPrimaryImageAspectRatio,73,jellyfin-10.11.6/MediaBrowser.Controller/Entities/TV/Series.cs,False,Direct Analysis
CreatePresentationUniqueKey,81,jellyfin-10.11.6/MediaBrowser.Controller/Entities/TV/Series.cs,False,Direct Analysis
AddLibrariesToPresentationUniqueKey,96,jellyfin-10.11.6/MediaBrowser.Controller/Entities/TV/Series.cs,False,Direct Analysis
GetChildCount,121,jellyfin-10.11.6/MediaBrowser.Controller/Entities/TV/Series.cs,False,Direct Analysis
GetRecursiveChildCount,141,jellyfin-10.11.6/MediaBrowser.Controller/Entities/TV/Series.cs,False,Direct Analysis
GetUserDataKeys,171,jellyfin-10.11.6/MediaBrowser.Controller/Entities/TV/Series.cs,False,Direct Analysis
GetChildren,193,jellyfin-10.11.6/MediaBrowser.Controller/Entities/TV/Series.cs,False,Direct Analysis
SetSeasonQueryOptions,210,jellyfin-10.11.6/MediaBrowser.Controller/Entities/TV/Series.cs,False,Direct Analysis
GetItemsInternal,225,jellyfin-10.11.6/MediaBrowser.Controller/Entities/TV/Series.cs,False,Direct Analysis
GetEpisodes,269,jellyfin-10.11.6/MediaBrowser.Controller/Entities/TV/Series.cs,False,Direct Analysis
RefreshAllMetadata,302,jellyfin-10.11.6/MediaBrowser.Controller/Entities/TV/Series.cs,False,Direct Analysis
GetSeasonEpisodes,368,jellyfin-10.11.6/MediaBrowser.Controller/Entities/TV/Series.cs,False,Direct Analysis
GetBlockUnratedValue,491,jellyfin-10.11.6/MediaBrowser.Controller/Entities/TV/Series.cs,False,Direct Analysis
GetBlockUnratedType,496,jellyfin-10.11.6/MediaBrowser.Controller/Entities/TV/Series.cs,False,Direct Analysis
GetLookupInfo,501,jellyfin-10.11.6/MediaBrowser.Controller/Entities/TV/Series.cs,False,Direct Analysis
BeforeMetadataRefresh,508,jellyfin-10.11.6/MediaBrowser.Controller/Entities/TV/Series.cs,False,Direct Analysis
ClearCache,47,jellyfin-10.11.6/MediaBrowser.Controller/Entities/UserRootFolder.cs,False,Direct Analysis
LoadChildren,55,jellyfin-10.11.6/MediaBrowser.Controller/Entities/UserRootFolder.cs,False,Direct Analysis
GetItemsInternal,70,jellyfin-10.11.6/MediaBrowser.Controller/Entities/UserRootFolder.cs,False,Direct Analysis
GetChildCount,86,jellyfin-10.11.6/MediaBrowser.Controller/Entities/UserRootFolder.cs,False,Direct Analysis
GetEligibleChildrenForRecursiveChildren,91,jellyfin-10.11.6/MediaBrowser.Controller/Entities/UserRootFolder.cs,False,Direct Analysis
BeforeMetadataRefresh,99,jellyfin-10.11.6/MediaBrowser.Controller/Entities/UserRootFolder.cs,False,Direct Analysis
GetNonCachedChildren,113,jellyfin-10.11.6/MediaBrowser.Controller/Entities/UserRootFolder.cs,False,Direct Analysis
ValidateChildrenInternal,120,jellyfin-10.11.6/MediaBrowser.Controller/Entities/UserRootFolder.cs,False,Direct Analysis
GetSupportedImages,51,jellyfin-10.11.6/MediaBrowser.Providers/MediaInfo/VideoImageProvider.cs,False,Direct Analysis
GetImage,57,jellyfin-10.11.6/MediaBrowser.Providers/MediaInfo/VideoImageProvider.cs,False,Direct Analysis
GetVideoImage,77,jellyfin-10.11.6/MediaBrowser.Providers/MediaInfo/VideoImageProvider.cs,False,Direct Analysis
Supports,119,jellyfin-10.11.6/MediaBrowser.Providers/MediaInfo/VideoImageProvider.cs,False,Direct Analysis
Write,14,jellyfin-10.11.6/MediaBrowser.MediaEncoding/Subtitles/JsonWriter.cs,False,Direct Analysis
GetMediaSourceCount,253,jellyfin-10.11.6/MediaBrowser.Controller/Entities/Video.cs,False,Direct Analysis
GetUserDataKeys,274,jellyfin-10.11.6/MediaBrowser.Controller/Entities/Video.cs,False,Direct Analysis
SetPrimaryVersionId,313,jellyfin-10.11.6/MediaBrowser.Controller/Entities/Video.cs,False,Direct Analysis
CreatePresentationUniqueKey,327,jellyfin-10.11.6/MediaBrowser.Controller/Entities/Video.cs,False,Direct Analysis
CanDownload,337,jellyfin-10.11.6/MediaBrowser.Controller/Entities/Video.cs,False,Direct Analysis
IsActiveRecording,347,jellyfin-10.11.6/MediaBrowser.Controller/Entities/Video.cs,False,Direct Analysis
CanDelete,352,jellyfin-10.11.6/MediaBrowser.Controller/Entities/Video.cs,False,Direct Analysis
GetAdditionalPartIds,362,jellyfin-10.11.6/MediaBrowser.Controller/Entities/Video.cs,False,Direct Analysis
GetLocalAlternateVersionIds,367,jellyfin-10.11.6/MediaBrowser.Controller/Entities/Video.cs,False,Direct Analysis
GetUserDataKey,372,jellyfin-10.11.6/MediaBrowser.Controller/Entities/Video.cs,False,Direct Analysis
GetLinkedAlternateVersions,385,jellyfin-10.11.6/MediaBrowser.Controller/Entities/Video.cs,False,Direct Analysis
UpdateFromResolvedItem,407,jellyfin-10.11.6/MediaBrowser.Controller/Entities/Video.cs,False,Direct Analysis
RefreshedOwnedItems,435,jellyfin-10.11.6/MediaBrowser.Controller/Entities/Video.cs,False,Direct Analysis
RefreshLinkedAlternateVersions,466,jellyfin-10.11.6/MediaBrowser.Controller/Entities/Video.cs,False,Direct Analysis
UpdateToRepositoryAsync,479,jellyfin-10.11.6/MediaBrowser.Controller/Entities/Video.cs,False,Direct Analysis
GetDeletePaths,502,jellyfin-10.11.6/MediaBrowser.Controller/Entities/Video.cs,False,Direct Analysis
GetDefaultVideoStream,519,jellyfin-10.11.6/MediaBrowser.Controller/Entities/Video.cs,False,Direct Analysis
GetAllItemsForMediaSources,533,jellyfin-10.11.6/MediaBrowser.Controller/Entities/Video.cs,False,Direct Analysis
ParseFile,39,jellyfin-10.11.6/Emby.Naming/ExternalFiles/ExternalPathParser.cs,False,Direct Analysis
GetIdsForAncestorQuery,73,jellyfin-10.11.6/MediaBrowser.Controller/Entities/UserView.cs,False,Direct Analysis
GetChildCount,90,jellyfin-10.11.6/MediaBrowser.Controller/Entities/UserView.cs,False,Direct Analysis
GetItemsInternal,96,jellyfin-10.11.6/MediaBrowser.Controller/Entities/UserView.cs,False,Direct Analysis
GetChildren,114,jellyfin-10.11.6/MediaBrowser.Controller/Entities/UserView.cs,False,Direct Analysis
CanDelete,125,jellyfin-10.11.6/MediaBrowser.Controller/Entities/UserView.cs,False,Direct Analysis
IsSaveLocalMetadataEnabled,131,jellyfin-10.11.6/MediaBrowser.Controller/Entities/UserView.cs,False,Direct Analysis
GetRecursiveChildren,137,jellyfin-10.11.6/MediaBrowser.Controller/Entities/UserView.cs,False,Direct Analysis
GetEligibleChildrenForRecursiveChildren,150,jellyfin-10.11.6/MediaBrowser.Controller/Entities/UserView.cs,False,Direct Analysis
ValidateChildrenInternal,187,jellyfin-10.11.6/MediaBrowser.Controller/Entities/UserView.cs,False,Direct Analysis
OnSavingChanges,59,jellyfin-10.11.6/src/Jellyfin.Database/Jellyfin.Database.Implementations/Entities/Libraries/Artwork.cs,False,Direct Analysis
ShouldSucceedIfStartupWizardIncomplete,62,jellyfin-10.11.6/tests/Jellyfin.Api.Tests/Auth/FirstTimeSetupPolicy/FirstTimeSetupHandlerTests.cs,False,Direct Analysis
ShouldRequireAdministratorIfStartupWizardComplete,79,jellyfin-10.11.6/tests/Jellyfin.Api.Tests/Auth/FirstTimeSetupPolicy/FirstTimeSetupHandlerTests.cs,False,Direct Analysis
ShouldRequireUserIfNotAdministrator,96,jellyfin-10.11.6/tests/Jellyfin.Api.Tests/Auth/FirstTimeSetupPolicy/FirstTimeSetupHandlerTests.cs,False,Direct Analysis
ShouldDisallowUserIfOutsideSchedule,110,jellyfin-10.11.6/tests/Jellyfin.Api.Tests/Auth/FirstTimeSetupPolicy/FirstTimeSetupHandlerTests.cs,False,Direct Analysis
GetUserItems,47,jellyfin-10.11.6/MediaBrowser.Controller/Entities/UserViewBuilder.cs,False,Direct Analysis
GetFavoriteMovies,162,jellyfin-10.11.6/MediaBrowser.Controller/Entities/UserViewBuilder.cs,False,Direct Analysis
GetFavoriteSeries,173,jellyfin-10.11.6/MediaBrowser.Controller/Entities/UserViewBuilder.cs,False,Direct Analysis
GetFavoriteEpisodes,184,jellyfin-10.11.6/MediaBrowser.Controller/Entities/UserViewBuilder.cs,False,Direct Analysis
GetMovieMovies,195,jellyfin-10.11.6/MediaBrowser.Controller/Entities/UserViewBuilder.cs,False,Direct Analysis
GetMovieCollections,206,jellyfin-10.11.6/MediaBrowser.Controller/Entities/UserViewBuilder.cs,False,Direct Analysis
GetMovieLatest,216,jellyfin-10.11.6/MediaBrowser.Controller/Entities/UserViewBuilder.cs,False,Direct Analysis
GetMovieResume,228,jellyfin-10.11.6/MediaBrowser.Controller/Entities/UserViewBuilder.cs,False,Direct Analysis
GetMovieGenres,246,jellyfin-10.11.6/MediaBrowser.Controller/Entities/UserViewBuilder.cs,False,Direct Analysis
GetMovieGenreItems,274,jellyfin-10.11.6/MediaBrowser.Controller/Entities/UserViewBuilder.cs,False,Direct Analysis
GetTvLatest,320,jellyfin-10.11.6/MediaBrowser.Controller/Entities/UserViewBuilder.cs,False,Direct Analysis
GetTvResume,350,jellyfin-10.11.6/MediaBrowser.Controller/Entities/UserViewBuilder.cs,False,Direct Analysis
GetTvSeries,363,jellyfin-10.11.6/MediaBrowser.Controller/Entities/UserViewBuilder.cs,False,Direct Analysis
GetTvGenres,374,jellyfin-10.11.6/MediaBrowser.Controller/Entities/UserViewBuilder.cs,False,Direct Analysis
GetTvGenreItems,402,jellyfin-10.11.6/MediaBrowser.Controller/Entities/UserViewBuilder.cs,False,Direct Analysis
GetResult,414,jellyfin-10.11.6/MediaBrowser.Controller/Entities/UserViewBuilder.cs,False,Direct Analysis
GetSupportedImages,76,jellyfin-10.11.6/MediaBrowser.Providers/MediaInfo/EmbeddedImageProvider.cs,False,Direct Analysis
GetImage,100,jellyfin-10.11.6/MediaBrowser.Providers/MediaInfo/EmbeddedImageProvider.cs,False,Direct Analysis
GetEmbeddedImage,113,jellyfin-10.11.6/MediaBrowser.Providers/MediaInfo/EmbeddedImageProvider.cs,False,Direct Analysis
ExtractAttachment,201,jellyfin-10.11.6/MediaBrowser.Providers/MediaInfo/EmbeddedImageProvider.cs,False,Direct Analysis
Supports,230,jellyfin-10.11.6/MediaBrowser.Providers/MediaInfo/EmbeddedImageProvider.cs,False,Direct Analysis
Apply,51,jellyfin-10.11.6/MediaBrowser.Controller/SyncPlay/PlaybackRequests/PlayGroupRequest.cs,False,Direct Analysis
Resolve_GivenVideoInExtrasFolder_DoesNotResolveToEpisode,22,jellyfin-10.11.6/tests/Jellyfin.Server.Implementations.Tests/Library/EpisodeResolverTest.cs,False,Direct Analysis
Resolve_GivenVideoInExtrasSeriesFolder_ResolvesToEpisode,43,jellyfin-10.11.6/tests/Jellyfin.Server.Implementations.Tests/Library/EpisodeResolverTest.cs,False,Direct Analysis
Start,31,jellyfin-10.11.6/Emby.Server.Implementations/ScheduledTasks/Triggers/StartupTrigger.cs,False,Direct Analysis
Stop,42,jellyfin-10.11.6/Emby.Server.Implementations/ScheduledTasks/Triggers/StartupTrigger.cs,False,Direct Analysis
OnTriggered,49,jellyfin-10.11.6/Emby.Server.Implementations/ScheduledTasks/Triggers/StartupTrigger.cs,False,Direct Analysis
GetAdditionalPart,96,jellyfin-10.11.6/Jellyfin.Api/Controllers/VideosController.cs,False,Direct Analysis
DeleteAlternateSources,143,jellyfin-10.11.6/Jellyfin.Api/Controllers/VideosController.cs,False,Direct Analysis
MergeVersions,187,jellyfin-10.11.6/Jellyfin.Api/Controllers/VideosController.cs,False,Direct Analysis
GetVideoStream,316,jellyfin-10.11.6/Jellyfin.Api/Controllers/VideosController.cs,False,Direct Analysis
ResolveFile_ValidFileName_Success,145,jellyfin-10.11.6/tests/Jellyfin.Naming.Tests/Video/VideoResolverTests.cs,False,Direct Analysis
ResolveFile_EmptyPath,165,jellyfin-10.11.6/tests/Jellyfin.Naming.Tests/Video/VideoResolverTests.cs,False,Direct Analysis
ResolveDirectoryTest,173,jellyfin-10.11.6/tests/Jellyfin.Naming.Tests/Video/VideoResolverTests.cs,False,Direct Analysis
SessionJoined,33,jellyfin-10.11.6/MediaBrowser.Controller/SyncPlay/GroupStates/PausedGroupState.cs,False,Direct Analysis
SessionLeaving,42,jellyfin-10.11.6/MediaBrowser.Controller/SyncPlay/GroupStates/PausedGroupState.cs,False,Direct Analysis
HandleRequest,48,jellyfin-10.11.6/MediaBrowser.Controller/SyncPlay/GroupStates/PausedGroupState.cs,False,Direct Analysis
HandleRequest,57,jellyfin-10.11.6/MediaBrowser.Controller/SyncPlay/GroupStates/PausedGroupState.cs,False,Direct Analysis
HandleRequest,66,jellyfin-10.11.6/MediaBrowser.Controller/SyncPlay/GroupStates/PausedGroupState.cs,False,Direct Analysis
HandleRequest,97,jellyfin-10.11.6/MediaBrowser.Controller/SyncPlay/GroupStates/PausedGroupState.cs,False,Direct Analysis
HandleRequest,106,jellyfin-10.11.6/MediaBrowser.Controller/SyncPlay/GroupStates/PausedGroupState.cs,False,Direct Analysis
HandleRequest,115,jellyfin-10.11.6/MediaBrowser.Controller/SyncPlay/GroupStates/PausedGroupState.cs,False,Direct Analysis
HandleRequest,124,jellyfin-10.11.6/MediaBrowser.Controller/SyncPlay/GroupStates/PausedGroupState.cs,False,Direct Analysis
HandleRequest,144,jellyfin-10.11.6/MediaBrowser.Controller/SyncPlay/GroupStates/PausedGroupState.cs,False,Direct Analysis
HandleRequest,153,jellyfin-10.11.6/MediaBrowser.Controller/SyncPlay/GroupStates/PausedGroupState.cs,False,Direct Analysis
GetFile,105,jellyfin-10.11.6/Jellyfin.Api/Controllers/LibraryController.cs,False,Direct Analysis
GetThemeSongs,145,jellyfin-10.11.6/Jellyfin.Api/Controllers/LibraryController.cs,False,Direct Analysis
GetThemeVideos,219,jellyfin-10.11.6/Jellyfin.Api/Controllers/LibraryController.cs,False,Direct Analysis
GetThemeMedia,291,jellyfin-10.11.6/Jellyfin.Api/Controllers/LibraryController.cs,False,Direct Analysis
GetEpisodeNumberFromFileTest,27,jellyfin-10.11.6/tests/Jellyfin.Naming.Tests/TV/EpisodeNumberWithoutSeasonTests.cs,False,Direct Analysis
Test_Blank_Url_Method,210,jellyfin-10.11.6/tests/Jellyfin.Model.Tests/Dlna/StreamInfoTests.cs,False,Direct Analysis
Fuzzy_Comparison,226,jellyfin-10.11.6/tests/Jellyfin.Model.Tests/Dlna/StreamInfoTests.cs,False,Direct Analysis
HasParent,126,jellyfin-10.11.6/MediaBrowser.Controller/Library/ItemResolveArgs.cs,False,Direct Analysis
Equals,160,jellyfin-10.11.6/MediaBrowser.Controller/Library/ItemResolveArgs.cs,False,Direct Analysis
AddAdditionalLocation,170,jellyfin-10.11.6/MediaBrowser.Controller/Library/ItemResolveArgs.cs,False,Direct Analysis
GetFileSystemEntryByPath,199,jellyfin-10.11.6/MediaBrowser.Controller/Library/ItemResolveArgs.cs,False,Direct Analysis
GetCollectionType,224,jellyfin-10.11.6/MediaBrowser.Controller/Library/ItemResolveArgs.cs,False,Direct Analysis
GetConfiguredContentType,233,jellyfin-10.11.6/MediaBrowser.Controller/Library/ItemResolveArgs.cs,False,Direct Analysis
GetActualFileSystemChildren,242,jellyfin-10.11.6/MediaBrowser.Controller/Library/ItemResolveArgs.cs,False,Direct Analysis
GetHashCode,261,jellyfin-10.11.6/MediaBrowser.Controller/Library/ItemResolveArgs.cs,False,Direct Analysis
Equals,271,jellyfin-10.11.6/MediaBrowser.Controller/Library/ItemResolveArgs.cs,False,Direct Analysis
ScheduleTaskCleanup,55,jellyfin-10.11.6/MediaBrowser.Controller/LibraryTaskScheduler/LimitedConcurrencyLibraryScheduler.cs,False,Direct Analysis
ShouldForceSequentialOperation,100,jellyfin-10.11.6/MediaBrowser.Controller/LibraryTaskScheduler/LimitedConcurrencyLibraryScheduler.cs,False,Direct Analysis
CalculateScanConcurrencyLimit,107,jellyfin-10.11.6/MediaBrowser.Controller/LibraryTaskScheduler/LimitedConcurrencyLibraryScheduler.cs,False,Direct Analysis
Worker,120,jellyfin-10.11.6/MediaBrowser.Controller/LibraryTaskScheduler/LimitedConcurrencyLibraryScheduler.cs,False,Direct Analysis
ItemWorker,142,jellyfin-10.11.6/MediaBrowser.Controller/LibraryTaskScheduler/LimitedConcurrencyLibraryScheduler.cs,False,Direct Analysis
ProcessItem,179,jellyfin-10.11.6/MediaBrowser.Controller/LibraryTaskScheduler/LimitedConcurrencyLibraryScheduler.cs,False,Direct Analysis
Enqueue,203,jellyfin-10.11.6/MediaBrowser.Controller/LibraryTaskScheduler/LimitedConcurrencyLibraryScheduler.cs,False,Direct Analysis
DisposeAsync,279,jellyfin-10.11.6/MediaBrowser.Controller/LibraryTaskScheduler/LimitedConcurrencyLibraryScheduler.cs,False,Direct Analysis
BuildTargetModel,18,jellyfin-10.11.6/src/Jellyfin.Database/Jellyfin.Database.Providers.Sqlite/Migrations/20250913211637_AddProperParentChildRelationBaseItemWithCascade.Designer.cs,False,Direct Analysis
Up,11,jellyfin-10.11.6/src/Jellyfin.Database/Jellyfin.Database.Providers.Sqlite/Migrations/20250913211637_AddProperParentChildRelationBaseItemWithCascade.cs,False,Direct Analysis
Down,45,jellyfin-10.11.6/src/Jellyfin.Database/Jellyfin.Database.Providers.Sqlite/Migrations/20250913211637_AddProperParentChildRelationBaseItemWithCascade.cs,False,Direct Analysis
PerformAsync,41,jellyfin-10.11.6/Jellyfin.Server/Migrations/Routines/MigrateLibraryUserData.cs,False,Direct Analysis
GetBaseItemDtos,156,jellyfin-10.11.6/Emby.Server.Implementations/Dto/DtoService.cs,False,Direct Analysis
GetBaseItemDto,198,jellyfin-10.11.6/Emby.Server.Implementations/Dto/DtoService.cs,False,Direct Analysis
GetBaseItemDtoInternal,218,jellyfin-10.11.6/Emby.Server.Implementations/Dto/DtoService.cs,False,Direct Analysis
GetItemByNameDto,360,jellyfin-10.11.6/Emby.Server.Implementations/Dto/DtoService.cs,False,Direct Analysis
SetItemByNameInfo,374,jellyfin-10.11.6/Emby.Server.Implementations/Dto/DtoService.cs,False,Direct Analysis
AttachUserSpecificInfo,461,jellyfin-10.11.6/Emby.Server.Implementations/Dto/DtoService.cs,False,Direct Analysis
GetImageCacheTag,586,jellyfin-10.11.6/Emby.Server.Implementations/Dto/DtoService.cs,False,Direct Analysis
AttachPeople,605,jellyfin-10.11.6/Emby.Server.Implementations/Dto/DtoService.cs,False,Direct Analysis
GetGenreId,737,jellyfin-10.11.6/Emby.Server.Implementations/Dto/DtoService.cs,False,Direct Analysis
GetTagAndFillBlurhash,758,jellyfin-10.11.6/Emby.Server.Implementations/Dto/DtoService.cs,False,Direct Analysis
AttachBasicFields,818,jellyfin-10.11.6/Emby.Server.Implementations/Dto/DtoService.cs,False,Direct Analysis
GetImageDisplayParent,1343,jellyfin-10.11.6/Emby.Server.Implementations/Dto/DtoService.cs,False,Direct Analysis
GetMappedPath,1457,jellyfin-10.11.6/Emby.Server.Implementations/Dto/DtoService.cs,False,Direct Analysis
GetPrimaryImageAspectRatio,1479,jellyfin-10.11.6/Emby.Server.Implementations/Dto/DtoService.cs,False,Direct Analysis
Supports,23,jellyfin-10.11.6/MediaBrowser.Providers/Plugins/Tmdb/TV/TmdbSeriesExternalId.cs,False,Direct Analysis
Write,19,jellyfin-10.11.6/MediaBrowser.MediaEncoding/Subtitles/VttWriter.cs,False,Direct Analysis
GetSegmentLengths_Success,11,jellyfin-10.11.6/tests/Jellyfin.Api.Tests/Controllers/DynamicHlsControllerTests.cs,False,Direct Analysis
RemoveSession,160,jellyfin-10.11.6/Emby.Server.Implementations/SyncPlay/Group.cs,False,Direct Analysis
FilterSessions,171,jellyfin-10.11.6/Emby.Server.Implementations/SyncPlay/Group.cs,False,Direct Analysis
HasAccessToQueue,198,jellyfin-10.11.6/Emby.Server.Implementations/SyncPlay/Group.cs,False,Direct Analysis
AllUsersHaveAccessToQueue,218,jellyfin-10.11.6/Emby.Server.Implementations/SyncPlay/Group.cs,False,Direct Analysis
CreateGroup,250,jellyfin-10.11.6/Emby.Server.Implementations/SyncPlay/Group.cs,False,Direct Analysis
SessionJoin,290,jellyfin-10.11.6/Emby.Server.Implementations/SyncPlay/Group.cs,False,Direct Analysis
SessionLeave,311,jellyfin-10.11.6/Emby.Server.Implementations/SyncPlay/Group.cs,False,Direct Analysis
HandleRequest,332,jellyfin-10.11.6/Emby.Server.Implementations/SyncPlay/Group.cs,False,Direct Analysis
GetInfo,355,jellyfin-10.11.6/Emby.Server.Implementations/SyncPlay/Group.cs,False,Direct Analysis
HasAccessToPlayQueue,366,jellyfin-10.11.6/Emby.Server.Implementations/SyncPlay/Group.cs,False,Direct Analysis
SetIgnoreGroupWait,373,jellyfin-10.11.6/Emby.Server.Implementations/SyncPlay/Group.cs,False,Direct Analysis
SetState,382,jellyfin-10.11.6/Emby.Server.Implementations/SyncPlay/Group.cs,False,Direct Analysis
SendGroupUpdate,389,jellyfin-10.11.6/Emby.Server.Implementations/SyncPlay/Group.cs,False,Direct Analysis
SendCommand,403,jellyfin-10.11.6/Emby.Server.Implementations/SyncPlay/Group.cs,False,Direct Analysis
NewSyncPlayCommand,417,jellyfin-10.11.6/Emby.Server.Implementations/SyncPlay/Group.cs,False,Direct Analysis
SanitizePositionTicks,429,jellyfin-10.11.6/Emby.Server.Implementations/SyncPlay/Group.cs,False,Direct Analysis
UpdatePing,436,jellyfin-10.11.6/Emby.Server.Implementations/SyncPlay/Group.cs,False,Direct Analysis
GetHighestPing,445,jellyfin-10.11.6/Emby.Server.Implementations/SyncPlay/Group.cs,False,Direct Analysis
SetBuffering,457,jellyfin-10.11.6/Emby.Server.Implementations/SyncPlay/Group.cs,False,Direct Analysis
SetAllBuffering,466,jellyfin-10.11.6/Emby.Server.Implementations/SyncPlay/Group.cs,False,Direct Analysis
IsBuffering,475,jellyfin-10.11.6/Emby.Server.Implementations/SyncPlay/Group.cs,False,Direct Analysis
SetPlayQueue,489,jellyfin-10.11.6/Emby.Server.Implementations/SyncPlay/Group.cs,False,Direct Analysis
SetPlayingItem,515,jellyfin-10.11.6/Emby.Server.Implementations/SyncPlay/Group.cs,False,Direct Analysis
ClearPlayQueue,535,jellyfin-10.11.6/Emby.Server.Implementations/SyncPlay/Group.cs,False,Direct Analysis
RemoveFromPlayQueue,545,jellyfin-10.11.6/Emby.Server.Implementations/SyncPlay/Group.cs,False,Direct Analysis
MoveItemInPlayQueue,568,jellyfin-10.11.6/Emby.Server.Implementations/SyncPlay/Group.cs,False,Direct Analysis
AddToPlayQueue,574,jellyfin-10.11.6/Emby.Server.Implementations/SyncPlay/Group.cs,False,Direct Analysis
RestartCurrentItem,601,jellyfin-10.11.6/Emby.Server.Implementations/SyncPlay/Group.cs,False,Direct Analysis
NextItemInQueue,608,jellyfin-10.11.6/Emby.Server.Implementations/SyncPlay/Group.cs,False,Direct Analysis
PreviousItemInQueue,623,jellyfin-10.11.6/Emby.Server.Implementations/SyncPlay/Group.cs,False,Direct Analysis
SetRepeatMode,638,jellyfin-10.11.6/Emby.Server.Implementations/SyncPlay/Group.cs,False,Direct Analysis
SetShuffleMode,644,jellyfin-10.11.6/Emby.Server.Implementations/SyncPlay/Group.cs,False,Direct Analysis
GetPlayQueueUpdate,650,jellyfin-10.11.6/Emby.Server.Implementations/SyncPlay/Group.cs,False,Direct Analysis
OnSavingChanges,61,jellyfin-10.11.6/src/Jellyfin.Database/Jellyfin.Database.Implementations/Entities/Group.cs,False,Direct Analysis
IsItemPlaying,70,jellyfin-10.11.6/MediaBrowser.Controller/SyncPlay/Queue/PlayQueueManager.cs,False,Direct Analysis
SetPlaylist,88,jellyfin-10.11.6/MediaBrowser.Controller/SyncPlay/Queue/PlayQueueManager.cs,False,Direct Analysis
Queue,108,jellyfin-10.11.6/MediaBrowser.Controller/SyncPlay/Queue/PlayQueueManager.cs,False,Direct Analysis
ShufflePlaylist,124,jellyfin-10.11.6/MediaBrowser.Controller/SyncPlay/Queue/PlayQueueManager.cs,False,Direct Analysis
RestoreSortedPlaylist,158,jellyfin-10.11.6/MediaBrowser.Controller/SyncPlay/Queue/PlayQueueManager.cs,False,Direct Analysis
ClearPlaylist,176,jellyfin-10.11.6/MediaBrowser.Controller/SyncPlay/Queue/PlayQueueManager.cs,False,Direct Analysis
QueueNext,203,jellyfin-10.11.6/MediaBrowser.Controller/SyncPlay/Queue/PlayQueueManager.cs,False,Direct Analysis
SetPlayingItemById,247,jellyfin-10.11.6/MediaBrowser.Controller/SyncPlay/Queue/PlayQueueManager.cs,False,Direct Analysis
SetPlayingItemByPlaylistId,259,jellyfin-10.11.6/MediaBrowser.Controller/SyncPlay/Queue/PlayQueueManager.cs,False,Direct Analysis
SetPlayingItemByIndex,272,jellyfin-10.11.6/MediaBrowser.Controller/SyncPlay/Queue/PlayQueueManager.cs,False,Direct Analysis
RemoveFromPlaylist,292,jellyfin-10.11.6/MediaBrowser.Controller/SyncPlay/Queue/PlayQueueManager.cs,False,Direct Analysis
MovePlaylistItem,331,jellyfin-10.11.6/MediaBrowser.Controller/SyncPlay/Queue/PlayQueueManager.cs,False,Direct Analysis
Reset,355,jellyfin-10.11.6/MediaBrowser.Controller/SyncPlay/Queue/PlayQueueManager.cs,False,Direct Analysis
SetRepeatMode,369,jellyfin-10.11.6/MediaBrowser.Controller/SyncPlay/Queue/PlayQueueManager.cs,False,Direct Analysis
ToggleShuffleMode,394,jellyfin-10.11.6/MediaBrowser.Controller/SyncPlay/Queue/PlayQueueManager.cs,False,Direct Analysis
GetNextItemPlaylistId,410,jellyfin-10.11.6/MediaBrowser.Controller/SyncPlay/Queue/PlayQueueManager.cs,False,Direct Analysis
Next,445,jellyfin-10.11.6/MediaBrowser.Controller/SyncPlay/Queue/PlayQueueManager.cs,False,Direct Analysis
Previous,475,jellyfin-10.11.6/MediaBrowser.Controller/SyncPlay/Queue/PlayQueueManager.cs,False,Direct Analysis
GetPlaylistInternal,521,jellyfin-10.11.6/MediaBrowser.Controller/SyncPlay/Queue/PlayQueueManager.cs,False,Direct Analysis
GetPlayingItem,535,jellyfin-10.11.6/MediaBrowser.Controller/SyncPlay/Queue/PlayQueueManager.cs,False,Direct Analysis
EnableBreakOnNonKeyFrames,518,jellyfin-10.11.6/MediaBrowser.Controller/MediaEncoding/EncodingJobInfo.cs,False,Direct Analysis
GetMediaStreamCount,533,jellyfin-10.11.6/MediaBrowser.Controller/MediaEncoding/EncodingJobInfo.cs,False,Direct Analysis
GetMimeType,545,jellyfin-10.11.6/MediaBrowser.Controller/MediaEncoding/EncodingJobInfo.cs,False,Direct Analysis
DeInterlace,560,jellyfin-10.11.6/MediaBrowser.Controller/MediaEncoding/EncodingJobInfo.cs,False,Direct Analysis
GetRequestedProfiles,587,jellyfin-10.11.6/MediaBrowser.Controller/MediaEncoding/EncodingJobInfo.cs,False,Direct Analysis
GetRequestedRangeTypes,607,jellyfin-10.11.6/MediaBrowser.Controller/MediaEncoding/EncodingJobInfo.cs,False,Direct Analysis
GetRequestedCodecTags,627,jellyfin-10.11.6/MediaBrowser.Controller/MediaEncoding/EncodingJobInfo.cs,False,Direct Analysis
GetRequestedLevel,647,jellyfin-10.11.6/MediaBrowser.Controller/MediaEncoding/EncodingJobInfo.cs,False,Direct Analysis
GetRequestedMaxRefFrames,662,jellyfin-10.11.6/MediaBrowser.Controller/MediaEncoding/EncodingJobInfo.cs,False,Direct Analysis
GetRequestedVideoBitDepth,681,jellyfin-10.11.6/MediaBrowser.Controller/MediaEncoding/EncodingJobInfo.cs,False,Direct Analysis
GetRequestedAudioBitDepth,700,jellyfin-10.11.6/MediaBrowser.Controller/MediaEncoding/EncodingJobInfo.cs,False,Direct Analysis
GetRequestedAudioChannels,719,jellyfin-10.11.6/MediaBrowser.Controller/MediaEncoding/EncodingJobInfo.cs,False,Direct Analysis
ReportTranscodingProgress,748,jellyfin-10.11.6/MediaBrowser.Controller/MediaEncoding/EncodingJobInfo.cs,False,Direct Analysis
StringHelper_ValidArgs_Success,18,jellyfin-10.11.6/tests/Jellyfin.Model.Tests/Extensions/StringHelperTests.cs,False,Direct Analysis
FirstToUpper_RandomArg_Correct,24,jellyfin-10.11.6/tests/Jellyfin.Model.Tests/Extensions/StringHelperTests.cs,False,Direct Analysis
Perform,57,jellyfin-10.11.6/Jellyfin.Server/Migrations/Routines/MigrateUserDb.cs,False,Direct Analysis
Write,20,jellyfin-10.11.6/MediaBrowser.MediaEncoding/Subtitles/SsaWriter.cs,False,Direct Analysis
BuildTargetModel,18,jellyfin-10.11.6/src/Jellyfin.Database/Jellyfin.Database.Providers.Sqlite/Migrations/20230923170422_UserCastReceiver.Designer.cs,False,Direct Analysis
Up,11,jellyfin-10.11.6/src/Jellyfin.Database/Jellyfin.Database.Providers.Sqlite/Migrations/20230923170422_UserCastReceiver.cs,False,Direct Analysis
Down,22,jellyfin-10.11.6/src/Jellyfin.Database/Jellyfin.Database.Providers.Sqlite/Migrations/20230923170422_UserCastReceiver.cs,False,Direct Analysis
WriteCustomElements,54,jellyfin-10.11.6/MediaBrowser.XbmcMetadata/Savers/ArtistNfoSaver.cs,False,Direct Analysis
GetTagsUsed,95,jellyfin-10.11.6/MediaBrowser.XbmcMetadata/Savers/ArtistNfoSaver.cs,False,Direct Analysis
CanDelete,57,jellyfin-10.11.6/MediaBrowser.Controller/Entities/AggregateFolder.cs,False,Direct Analysis
GetFileSystemChildren,62,jellyfin-10.11.6/MediaBrowser.Controller/Entities/AggregateFolder.cs,False,Direct Analysis
LoadChildren,67,jellyfin-10.11.6/MediaBrowser.Controller/Entities/AggregateFolder.cs,False,Direct Analysis
ClearCache,82,jellyfin-10.11.6/MediaBrowser.Controller/Entities/AggregateFolder.cs,False,Direct Analysis
RequiresRefresh,90,jellyfin-10.11.6/MediaBrowser.Controller/Entities/AggregateFolder.cs,False,Direct Analysis
BeforeMetadataRefresh,109,jellyfin-10.11.6/MediaBrowser.Controller/Entities/AggregateFolder.cs,False,Direct Analysis
CreateResolveArgs,118,jellyfin-10.11.6/MediaBrowser.Controller/Entities/AggregateFolder.cs,False,Direct Analysis
GetNonCachedChildren,153,jellyfin-10.11.6/MediaBrowser.Controller/Entities/AggregateFolder.cs,False,Direct Analysis
ValidateChildrenInternal,158,jellyfin-10.11.6/MediaBrowser.Controller/Entities/AggregateFolder.cs,False,Direct Analysis
AddVirtualChild,173,jellyfin-10.11.6/MediaBrowser.Controller/Entities/AggregateFolder.cs,False,Direct Analysis
FindVirtualChild,186,jellyfin-10.11.6/MediaBrowser.Controller/Entities/AggregateFolder.cs,False,Direct Analysis
StartStreamingLog,23,jellyfin-10.11.6/MediaBrowser.Controller/MediaEncoding/JobLogger.cs,False,Direct Analysis
SetFormatFromMimeType,24,jellyfin-10.11.6/MediaBrowser.Controller/Providers/DynamicImageResponse.cs,False,Direct Analysis
GetDataToSendForConnection,88,jellyfin-10.11.6/MediaBrowser.Controller/Net/BasePeriodicWebSocketListener.cs,False,Direct Analysis
ProcessMessageAsync,98,jellyfin-10.11.6/MediaBrowser.Controller/Net/BasePeriodicWebSocketListener.cs,False,Direct Analysis
Start,122,jellyfin-10.11.6/MediaBrowser.Controller/Net/BasePeriodicWebSocketListener.cs,False,Direct Analysis
SendData,145,jellyfin-10.11.6/MediaBrowser.Controller/Net/BasePeriodicWebSocketListener.cs,False,Direct Analysis
HandleMessages,150,jellyfin-10.11.6/MediaBrowser.Controller/Net/BasePeriodicWebSocketListener.cs,False,Direct Analysis
Stop,242,jellyfin-10.11.6/MediaBrowser.Controller/Net/BasePeriodicWebSocketListener.cs,False,Direct Analysis
DisposeAsyncCore,288,jellyfin-10.11.6/MediaBrowser.Controller/Net/BasePeriodicWebSocketListener.cs,False,Direct Analysis
DisposeAsync,310,jellyfin-10.11.6/MediaBrowser.Controller/Net/BasePeriodicWebSocketListener.cs,False,Direct Analysis
OnEvent,33,jellyfin-10.11.6/Jellyfin.Server.Implementations/Events/Consumers/Updates/PluginUninstalledLogger.cs,False,Direct Analysis
Compare,38,jellyfin-10.11.6/Emby.Server.Implementations/Sorting/OfficialRatingComparer.cs,False,Direct Analysis
ThrowIfInvalidUsername_WhenValidUsername_DoesNotThrowArgumentException,16,jellyfin-10.11.6/tests/Jellyfin.Server.Implementations.Tests/Users/UserManagerTests.cs,False,Direct Analysis
ThrowIfInvalidUsername_WhenInvalidUsername_ThrowsArgumentException,30,jellyfin-10.11.6/tests/Jellyfin.Server.Implementations.Tests/Users/UserManagerTests.cs,False,Direct Analysis
BuildTargetModel,18,jellyfin-10.11.6/src/Jellyfin.Database/Jellyfin.Database.Providers.Sqlite/Migrations/20241111131257_AddedCustomDataKey.Designer.cs,False,Direct Analysis
Up,11,jellyfin-10.11.6/src/Jellyfin.Database/Jellyfin.Database.Providers.Sqlite/Migrations/20241111131257_AddedCustomDataKey.cs,False,Direct Analysis
Down,21,jellyfin-10.11.6/src/Jellyfin.Database/Jellyfin.Database.Providers.Sqlite/Migrations/20241111131257_AddedCustomDataKey.cs,False,Direct Analysis
GetSupportedImages,43,jellyfin-10.11.6/MediaBrowser.Providers/Plugins/AudioDb/AudioDbAlbumImageProvider.cs,False,Direct Analysis
GetImages,50,jellyfin-10.11.6/MediaBrowser.Providers/Plugins/AudioDb/AudioDbAlbumImageProvider.cs,False,Direct Analysis
Apply,58,jellyfin-10.11.6/MediaBrowser.Controller/SyncPlay/PlaybackRequests/BufferGroupRequest.cs,False,Direct Analysis
Run,44,jellyfin-10.11.6/Emby.Server.Implementations/Library/SplashscreenPostScanTask.cs,False,Direct Analysis
GetParsedResult,59,jellyfin-10.11.6/Jellyfin.Api/ModelBinders/CommaDelimitedCollectionModelBinder.cs,False,Direct Analysis
GetConfigurations,12,jellyfin-10.11.6/MediaBrowser.Common/Providers/SubtitleConfigurationFactory.cs,False,Direct Analysis
MergeData,42,jellyfin-10.11.6/MediaBrowser.Providers/Books/AudioBookMetadataService.cs,False,Direct Analysis
GetMimeType_Valid_ReturnsCorrectResult,90,jellyfin-10.11.6/tests/Jellyfin.Model.Tests/Net/MimeTypesTests.cs,False,Direct Analysis
ToExtension_Valid_ReturnsCorrectResult,166,jellyfin-10.11.6/tests/Jellyfin.Model.Tests/Net/MimeTypesTests.cs,False,Direct Analysis
DeleteMarkUnplayedItem_NonexistentUserId_NotFound,19,jellyfin-10.11.6/tests/Jellyfin.Server.Integration.Tests/Controllers/PlaystateControllerTests.cs,False,Direct Analysis
PostMarkPlayedItem_NonexistentUserId_NotFound,29,jellyfin-10.11.6/tests/Jellyfin.Server.Integration.Tests/Controllers/PlaystateControllerTests.cs,False,Direct Analysis
DeleteMarkUnplayedItem_NonexistentItemId_NotFound,39,jellyfin-10.11.6/tests/Jellyfin.Server.Integration.Tests/Controllers/PlaystateControllerTests.cs,False,Direct Analysis
PostMarkPlayedItem_NonexistentItemId_NotFound,51,jellyfin-10.11.6/tests/Jellyfin.Server.Integration.Tests/Controllers/PlaystateControllerTests.cs,False,Direct Analysis
Start,44,jellyfin-10.11.6/MediaBrowser.Controller/MediaEncoding/TranscodingThrottler.cs,False,Direct Analysis
UnpauseTranscoding,53,jellyfin-10.11.6/MediaBrowser.Controller/MediaEncoding/TranscodingThrottler.cs,False,Direct Analysis
Dispose,85,jellyfin-10.11.6/MediaBrowser.Controller/MediaEncoding/TranscodingThrottler.cs,False,Direct Analysis
Dispose,95,jellyfin-10.11.6/MediaBrowser.Controller/MediaEncoding/TranscodingThrottler.cs,False,Direct Analysis
GetOptions,103,jellyfin-10.11.6/MediaBrowser.Controller/MediaEncoding/TranscodingThrottler.cs,False,Direct Analysis
TimerCallback,108,jellyfin-10.11.6/MediaBrowser.Controller/MediaEncoding/TranscodingThrottler.cs,False,Direct Analysis
PauseTranscoding,128,jellyfin-10.11.6/MediaBrowser.Controller/MediaEncoding/TranscodingThrottler.cs,False,Direct Analysis
IsThrottleAllowed,148,jellyfin-10.11.6/MediaBrowser.Controller/MediaEncoding/TranscodingThrottler.cs,False,Direct Analysis
DisposeTimer,210,jellyfin-10.11.6/MediaBrowser.Controller/MediaEncoding/TranscodingThrottler.cs,False,Direct Analysis
Apply,33,jellyfin-10.11.6/MediaBrowser.Controller/SyncPlay/PlaybackRequests/PingGroupRequest.cs,False,Direct Analysis
GetUserViews,45,jellyfin-10.11.6/Emby.Server.Implementations/Library/UserViewManager.cs,False,Direct Analysis
GetUserSubViewWithName,162,jellyfin-10.11.6/Emby.Server.Implementations/Library/UserViewManager.cs,False,Direct Analysis
GetUserSubView,169,jellyfin-10.11.6/Emby.Server.Implementations/Library/UserViewManager.cs,False,Direct Analysis
GetUserView,176,jellyfin-10.11.6/Emby.Server.Implementations/Library/UserViewManager.cs,False,Direct Analysis
GetUserView,198,jellyfin-10.11.6/Emby.Server.Implementations/Library/UserViewManager.cs,False,Direct Analysis
GetLatestItems,203,jellyfin-10.11.6/Emby.Server.Implementations/Library/UserViewManager.cs,False,Direct Analysis
GetItemsForLatestItems,241,jellyfin-10.11.6/Emby.Server.Implementations/Library/UserViewManager.cs,False,Direct Analysis
DeserializeFromStream,43,jellyfin-10.11.6/Emby.Server.Implementations/Serialization/MyXmlSerializer.cs,False,Direct Analysis
SerializeToStream,57,jellyfin-10.11.6/Emby.Server.Implementations/Serialization/MyXmlSerializer.cs,False,Direct Analysis
SerializeToFile,72,jellyfin-10.11.6/Emby.Server.Implementations/Serialization/MyXmlSerializer.cs,False,Direct Analysis
DeserializeFromFile,86,jellyfin-10.11.6/Emby.Server.Implementations/Serialization/MyXmlSerializer.cs,False,Direct Analysis
DeserializeFromBytes,100,jellyfin-10.11.6/Emby.Server.Implementations/Serialization/MyXmlSerializer.cs,False,Direct Analysis
Perform,73,jellyfin-10.11.6/Jellyfin.Server/Migrations/Routines/RefreshInternalDateModified.cs,False,Direct Analysis
WriteResponseBodyAsync,28,jellyfin-10.11.6/Jellyfin.Api/Formatters/XmlOutputFormatter.cs,False,Direct Analysis
Apply,18,jellyfin-10.11.6/MediaBrowser.Controller/SyncPlay/PlaybackRequests/PauseGroupRequest.cs,False,Direct Analysis
GetMetadata,45,jellyfin-10.11.6/MediaBrowser.LocalMetadata/BaseXmlProvider.cs,False,Direct Analysis
HasChanged,97,jellyfin-10.11.6/MediaBrowser.LocalMetadata/BaseXmlProvider.cs,False,Direct Analysis
IsEnabledFor,48,jellyfin-10.11.6/MediaBrowser.XbmcMetadata/Savers/SeasonNfoSaver.cs,False,Direct Analysis
WriteCustomElements,64,jellyfin-10.11.6/MediaBrowser.XbmcMetadata/Savers/SeasonNfoSaver.cs,False,Direct Analysis
GetTagsUsed,75,jellyfin-10.11.6/MediaBrowser.XbmcMetadata/Savers/SeasonNfoSaver.cs,False,Direct Analysis
Dispose,145,jellyfin-10.11.6/MediaBrowser.Controller/Streaming/StreamState.cs,False,Direct Analysis
ReportTranscodingProgress,152,jellyfin-10.11.6/MediaBrowser.Controller/Streaming/StreamState.cs,False,Direct Analysis
Dispose,161,jellyfin-10.11.6/MediaBrowser.Controller/Streaming/StreamState.cs,False,Direct Analysis
ConfigureServices,60,jellyfin-10.11.6/Jellyfin.Server/Startup.cs,False,Direct Analysis
Configure,144,jellyfin-10.11.6/Jellyfin.Server/Startup.cs,False,Direct Analysis
Invoke,41,jellyfin-10.11.6/Jellyfin.Api/Middleware/ResponseTimeMiddleware.cs,False,Direct Analysis
GetH26xOrAv1Encoder,195,jellyfin-10.11.6/MediaBrowser.Controller/MediaEncoding/EncodingHelper.cs,False,Direct Analysis
GetMjpegEncoder,227,jellyfin-10.11.6/MediaBrowser.Controller/MediaEncoding/EncodingHelper.cs,False,Direct Analysis
IsVaapiSupported,253,jellyfin-10.11.6/MediaBrowser.Controller/MediaEncoding/EncodingHelper.cs,False,Direct Analysis
IsVaapiFullSupported,265,jellyfin-10.11.6/MediaBrowser.Controller/MediaEncoding/EncodingHelper.cs,False,Direct Analysis
IsRkmppFullSupported,278,jellyfin-10.11.6/MediaBrowser.Controller/MediaEncoding/EncodingHelper.cs,False,Direct Analysis
IsOpenclFullSupported,286,jellyfin-10.11.6/MediaBrowser.Controller/MediaEncoding/EncodingHelper.cs,False,Direct Analysis
IsCudaFullSupported,296,jellyfin-10.11.6/MediaBrowser.Controller/MediaEncoding/EncodingHelper.cs,False,Direct Analysis
IsVulkanFullSupported,308,jellyfin-10.11.6/MediaBrowser.Controller/MediaEncoding/EncodingHelper.cs,False,Direct Analysis
IsVideoToolboxFullSupported,318,jellyfin-10.11.6/MediaBrowser.Controller/MediaEncoding/EncodingHelper.cs,False,Direct Analysis
IsSwTonemapAvailable,329,jellyfin-10.11.6/MediaBrowser.Controller/MediaEncoding/EncodingHelper.cs,False,Direct Analysis
IsHwTonemapAvailable,341,jellyfin-10.11.6/MediaBrowser.Controller/MediaEncoding/EncodingHelper.cs,False,Direct Analysis
IsIntelVppTonemapAvailable,389,jellyfin-10.11.6/MediaBrowser.Controller/MediaEncoding/EncodingHelper.cs,False,Direct Analysis
GetDecoderFromCodec,624,jellyfin-10.11.6/MediaBrowser.Controller/MediaEncoding/EncodingHelper.cs,False,Direct Analysis
GetAudioEncoder,734,jellyfin-10.11.6/MediaBrowser.Controller/MediaEncoding/EncodingHelper.cs,False,Direct Analysis
GetVaapiDeviceArgs,882,jellyfin-10.11.6/MediaBrowser.Controller/MediaEncoding/EncodingHelper.cs,False,Direct Analysis
GetInputVideoHwaccelArgs,983,jellyfin-10.11.6/MediaBrowser.Controller/MediaEncoding/EncodingHelper.cs,False,Direct Analysis
GetInputArgument,1217,jellyfin-10.11.6/MediaBrowser.Controller/MediaEncoding/EncodingHelper.cs,False,Direct Analysis
CanEncoderRemoveDynamicHdrMetadata,1423,jellyfin-10.11.6/MediaBrowser.Controller/MediaEncoding/EncodingHelper.cs,False,Direct Analysis
GetBitStreamArgs,1448,jellyfin-10.11.6/MediaBrowser.Controller/MediaEncoding/EncodingHelper.cs,False,Direct Analysis
GetVideoBitrateParam,1546,jellyfin-10.11.6/MediaBrowser.Controller/MediaEncoding/EncodingHelper.cs,False,Direct Analysis
GetEncoderParam,1627,jellyfin-10.11.6/MediaBrowser.Controller/MediaEncoding/EncodingHelper.cs,False,Direct Analysis
GetTextSubtitlesFilter,1816,jellyfin-10.11.6/MediaBrowser.Controller/MediaEncoding/EncodingHelper.cs,False,Direct Analysis
GetHlsVideoKeyFrameArguments,1902,jellyfin-10.11.6/MediaBrowser.Controller/MediaEncoding/EncodingHelper.cs,False,Direct Analysis
GetVideoQualityParam,1983,jellyfin-10.11.6/MediaBrowser.Controller/MediaEncoding/EncodingHelper.cs,False,Direct Analysis
Read,16,jellyfin-10.11.6/src/Jellyfin.Extensions/Json/Converters/JsonNullableStructConverter.cs,False,Direct Analysis
CanDelete,89,jellyfin-10.11.6/MediaBrowser.Controller/Entities/CollectionFolder.cs,False,Direct Analysis
GetLibraryOptions,94,jellyfin-10.11.6/MediaBrowser.Controller/Entities/CollectionFolder.cs,False,Direct Analysis
IsVisible,99,jellyfin-10.11.6/MediaBrowser.Controller/Entities/CollectionFolder.cs,False,Direct Analysis
UpdateLibraryOptions,149,jellyfin-10.11.6/MediaBrowser.Controller/Entities/CollectionFolder.cs,False,Direct Analysis
IsSaveLocalMetadataEnabled,176,jellyfin-10.11.6/MediaBrowser.Controller/Entities/CollectionFolder.cs,False,Direct Analysis
GetFileSystemChildren,181,jellyfin-10.11.6/MediaBrowser.Controller/Entities/CollectionFolder.cs,False,Direct Analysis
RequiresRefresh,186,jellyfin-10.11.6/MediaBrowser.Controller/Entities/CollectionFolder.cs,False,Direct Analysis
BeforeMetadataRefresh,217,jellyfin-10.11.6/MediaBrowser.Controller/Entities/CollectionFolder.cs,False,Direct Analysis
GetRefreshProgress,224,jellyfin-10.11.6/MediaBrowser.Controller/Entities/CollectionFolder.cs,False,Direct Analysis
RefreshLinkedChildren,248,jellyfin-10.11.6/MediaBrowser.Controller/Entities/CollectionFolder.cs,False,Direct Analysis
RefreshLinkedChildrenInternal,253,jellyfin-10.11.6/MediaBrowser.Controller/Entities/CollectionFolder.cs,False,Direct Analysis
CreateResolveArgs,281,jellyfin-10.11.6/MediaBrowser.Controller/Entities/CollectionFolder.cs,False,Direct Analysis
ValidateChildrenInternal,324,jellyfin-10.11.6/MediaBrowser.Controller/Entities/CollectionFolder.cs,False,Direct Analysis
GetPhysicalFolders,339,jellyfin-10.11.6/MediaBrowser.Controller/Entities/CollectionFolder.cs,False,Direct Analysis
LoadAssemblies,106,jellyfin-10.11.6/Emby.Server.Implementations/Plugins/PluginManager.cs,False,Direct Analysis
CreatePlugins,196,jellyfin-10.11.6/Emby.Server.Implementations/Plugins/PluginManager.cs,False,Direct Analysis
RegisterServices,206,jellyfin-10.11.6/Emby.Server.Implementations/Plugins/PluginManager.cs,False,Direct Analysis
ImportPluginFrom,245,jellyfin-10.11.6/Emby.Server.Implementations/Plugins/PluginManager.cs,False,Direct Analysis
RemovePlugin,266,jellyfin-10.11.6/Emby.Server.Implementations/Plugins/PluginManager.cs,False,Direct Analysis
GetPlugin,293,jellyfin-10.11.6/Emby.Server.Implementations/Plugins/PluginManager.cs,False,Direct Analysis
EnablePlugin,317,jellyfin-10.11.6/Emby.Server.Implementations/Plugins/PluginManager.cs,False,Direct Analysis
DisablePlugin,332,jellyfin-10.11.6/Emby.Server.Implementations/Plugins/PluginManager.cs,False,Direct Analysis
FailPlugin,348,jellyfin-10.11.6/Emby.Server.Implementations/Plugins/PluginManager.cs,False,Direct Analysis
SaveManifest,364,jellyfin-10.11.6/Emby.Server.Implementations/Plugins/PluginManager.cs,False,Direct Analysis
PopulateManifest,380,jellyfin-10.11.6/Emby.Server.Implementations/Plugins/PluginManager.cs,False,Direct Analysis
Dispose,443,jellyfin-10.11.6/Emby.Server.Implementations/Plugins/PluginManager.cs,False,Direct Analysis
ReconcileManifest,458,jellyfin-10.11.6/Emby.Server.Implementations/Plugins/PluginManager.cs,False,Direct Analysis
GetPluginByAssembly,530,jellyfin-10.11.6/Emby.Server.Implementations/Plugins/PluginManager.cs,False,Direct Analysis
CreatePluginInstance,541,jellyfin-10.11.6/Emby.Server.Implementations/Plugins/PluginManager.cs,False,Direct Analysis
UpdatePluginSupersededStatus,627,jellyfin-10.11.6/Emby.Server.Implementations/Plugins/PluginManager.cs,False,Direct Analysis
DeletePlugin,649,jellyfin-10.11.6/Emby.Server.Implementations/Plugins/PluginManager.cs,False,Direct Analysis
LoadManifest,667,jellyfin-10.11.6/Emby.Server.Implementations/Plugins/PluginManager.cs,False,Direct Analysis
DiscoverPlugins,740,jellyfin-10.11.6/Emby.Server.Implementations/Plugins/PluginManager.cs,False,Direct Analysis
TryGetPluginDlls,833,jellyfin-10.11.6/Emby.Server.Implementations/Plugins/PluginManager.cs,False,Direct Analysis
ProcessAlternative,882,jellyfin-10.11.6/Emby.Server.Implementations/Plugins/PluginManager.cs,False,Direct Analysis
IsReplacingImage,36,jellyfin-10.11.6/MediaBrowser.Controller/Providers/ImageRefreshOptions.cs,False,Direct Analysis
RemoveDiacritics_ValidInput_Corrects,21,jellyfin-10.11.6/tests/Jellyfin.Extensions.Tests/StringExtensionsTests.cs,False,Direct Analysis
HasDiacritics_ValidInput_Corrects,40,jellyfin-10.11.6/tests/Jellyfin.Extensions.Tests/StringExtensionsTests.cs,False,Direct Analysis
ReadOnlySpan_Count_Success,51,jellyfin-10.11.6/tests/Jellyfin.Extensions.Tests/StringExtensionsTests.cs,False,Direct Analysis
LeftPart_ValidArgsCharNeedle_Correct,61,jellyfin-10.11.6/tests/Jellyfin.Extensions.Tests/StringExtensionsTests.cs,False,Direct Analysis
RightPart_ValidArgsCharNeedle_Correct,73,jellyfin-10.11.6/tests/Jellyfin.Extensions.Tests/StringExtensionsTests.cs,False,Direct Analysis
Resolve,39,jellyfin-10.11.6/Emby.Server.Implementations/Library/Resolvers/SpecialFolderResolver.cs,False,Direct Analysis
GetCollectionType,66,jellyfin-10.11.6/Emby.Server.Implementations/Library/Resolvers/SpecialFolderResolver.cs,False,Direct Analysis
EnsureController,317,jellyfin-10.11.6/MediaBrowser.Controller/Session/SessionInfo.cs,False,Direct Analysis
AddController,340,jellyfin-10.11.6/MediaBrowser.Controller/Session/SessionInfo.cs,False,Direct Analysis
ContainsUser,350,jellyfin-10.11.6/MediaBrowser.Controller/Session/SessionInfo.cs,False,Direct Analysis
StartAutomaticProgress,373,jellyfin-10.11.6/MediaBrowser.Controller/Session/SessionInfo.cs,False,Direct Analysis
OnProgressTimerCallback,395,jellyfin-10.11.6/MediaBrowser.Controller/Session/SessionInfo.cs,False,Direct Analysis
StopAutomaticProgress,444,jellyfin-10.11.6/MediaBrowser.Controller/Session/SessionInfo.cs,False,Direct Analysis
DisposeAsync,462,jellyfin-10.11.6/MediaBrowser.Controller/Session/SessionInfo.cs,False,Direct Analysis
Perform,49,jellyfin-10.11.6/Jellyfin.Server/Migrations/Routines/MoveTrickplayFiles.cs,False,Direct Analysis
SaveImage,89,jellyfin-10.11.6/MediaBrowser.Providers/Manager/ImageSaver.cs,False,Direct Analysis
SaveImageToLocation,230,jellyfin-10.11.6/MediaBrowser.Providers/Manager/ImageSaver.cs,False,Direct Analysis
SaveImageToLocation,277,jellyfin-10.11.6/MediaBrowser.Providers/Manager/ImageSaver.cs,False,Direct Analysis
SetHidden,318,jellyfin-10.11.6/MediaBrowser.Providers/Manager/ImageSaver.cs,False,Direct Analysis
GetSavePaths,339,jellyfin-10.11.6/MediaBrowser.Providers/Manager/ImageSaver.cs,False,Direct Analysis
SetImagePath,377,jellyfin-10.11.6/MediaBrowser.Providers/Manager/ImageSaver.cs,False,Direct Analysis
GetStandardSavePath,396,jellyfin-10.11.6/MediaBrowser.Providers/Manager/ImageSaver.cs,False,Direct Analysis
GetCompatibleSavePaths,595,jellyfin-10.11.6/MediaBrowser.Providers/Manager/ImageSaver.cs,False,Direct Analysis
SessionJoined,38,jellyfin-10.11.6/MediaBrowser.Controller/SyncPlay/GroupStates/PlayingGroupState.cs,False,Direct Analysis
SessionLeaving,47,jellyfin-10.11.6/MediaBrowser.Controller/SyncPlay/GroupStates/PlayingGroupState.cs,False,Direct Analysis
HandleRequest,53,jellyfin-10.11.6/MediaBrowser.Controller/SyncPlay/GroupStates/PlayingGroupState.cs,False,Direct Analysis
HandleRequest,62,jellyfin-10.11.6/MediaBrowser.Controller/SyncPlay/GroupStates/PlayingGroupState.cs,False,Direct Analysis
HandleRequest,90,jellyfin-10.11.6/MediaBrowser.Controller/SyncPlay/GroupStates/PlayingGroupState.cs,False,Direct Analysis
HandleRequest,99,jellyfin-10.11.6/MediaBrowser.Controller/SyncPlay/GroupStates/PlayingGroupState.cs,False,Direct Analysis
HandleRequest,108,jellyfin-10.11.6/MediaBrowser.Controller/SyncPlay/GroupStates/PlayingGroupState.cs,False,Direct Analysis
HandleRequest,117,jellyfin-10.11.6/MediaBrowser.Controller/SyncPlay/GroupStates/PlayingGroupState.cs,False,Direct Analysis
HandleRequest,131,jellyfin-10.11.6/MediaBrowser.Controller/SyncPlay/GroupStates/PlayingGroupState.cs,False,Direct Analysis
HandleRequest,147,jellyfin-10.11.6/MediaBrowser.Controller/SyncPlay/GroupStates/PlayingGroupState.cs,False,Direct Analysis
HandleRequest,156,jellyfin-10.11.6/MediaBrowser.Controller/SyncPlay/GroupStates/PlayingGroupState.cs,False,Direct Analysis
Apply,42,jellyfin-10.11.6/MediaBrowser.Controller/SyncPlay/PlaybackRequests/MovePlaylistItemGroupRequest.cs,False,Direct Analysis
Apply,34,jellyfin-10.11.6/MediaBrowser.Controller/SyncPlay/PlaybackRequests/NextItemGroupRequest.cs,False,Direct Analysis
Apply,34,jellyfin-10.11.6/MediaBrowser.Controller/SyncPlay/PlaybackRequests/PreviousItemGroupRequest.cs,False,Direct Analysis
PathIgnored,35,jellyfin-10.11.6/tests/Jellyfin.Server.Implementations.Tests/Library/IgnorePatternsTests.cs,False,Direct Analysis
Apply,43,jellyfin-10.11.6/MediaBrowser.Controller/SyncPlay/PlaybackRequests/QueueGroupRequest.cs,False,Direct Analysis
Deserialize_String_Valid_Success,20,jellyfin-10.11.6/tests/Jellyfin.Extensions.Tests/Json/Converters/JsonBoolStringTests.cs,False,Direct Analysis
Serialize_Bool_Success,29,jellyfin-10.11.6/tests/Jellyfin.Extensions.Tests/Json/Converters/JsonBoolStringTests.cs,False,Direct Analysis
Apply,58,jellyfin-10.11.6/MediaBrowser.Controller/SyncPlay/PlaybackRequests/ReadyGroupRequest.cs,False,Direct Analysis
FindImdbId_Valid_Success,19,jellyfin-10.11.6/tests/Jellyfin.Common.Tests/Providers/ProviderIdParserTests.cs,False,Direct Analysis
FindImdbId_Invalid_Success,29,jellyfin-10.11.6/tests/Jellyfin.Common.Tests/Providers/ProviderIdParserTests.cs,False,Direct Analysis
FindTmdbMovieId_Valid_Success,37,jellyfin-10.11.6/tests/Jellyfin.Common.Tests/Providers/ProviderIdParserTests.cs,False,Direct Analysis
FindTmdbMovieId_Invalid_Success,46,jellyfin-10.11.6/tests/Jellyfin.Common.Tests/Providers/ProviderIdParserTests.cs,False,Direct Analysis
FindTmdbSeriesId_Valid_Success,54,jellyfin-10.11.6/tests/Jellyfin.Common.Tests/Providers/ProviderIdParserTests.cs,False,Direct Analysis
FindTmdbSeriesId_Invalid_Success,63,jellyfin-10.11.6/tests/Jellyfin.Common.Tests/Providers/ProviderIdParserTests.cs,False,Direct Analysis
FindTvdbId_Valid_Success,71,jellyfin-10.11.6/tests/Jellyfin.Common.Tests/Providers/ProviderIdParserTests.cs,False,Direct Analysis
FindTvdbId_Invalid_Success,80,jellyfin-10.11.6/tests/Jellyfin.Common.Tests/Providers/ProviderIdParserTests.cs,False,Direct Analysis
Perform,31,jellyfin-10.11.6/Jellyfin.Server/Migrations/PreStartupRoutines/CreateNetworkConfiguration.cs,False,Direct Analysis
Apply,34,jellyfin-10.11.6/MediaBrowser.Controller/SyncPlay/PlaybackRequests/SetPlaylistItemGroupRequest.cs,False,Direct Analysis
OnSaveChanges,25,jellyfin-10.11.6/src/Jellyfin.Database/Jellyfin.Database.Implementations/Locking/NoLockBehavior.cs,False,Direct Analysis
Initialise,31,jellyfin-10.11.6/src/Jellyfin.Database/Jellyfin.Database.Implementations/Locking/NoLockBehavior.cs,False,Direct Analysis
OnSaveChangesAsync,37,jellyfin-10.11.6/src/Jellyfin.Database/Jellyfin.Database.Implementations/Locking/NoLockBehavior.cs,False,Direct Analysis
Apply,16,jellyfin-10.11.6/MediaBrowser.Controller/SyncPlay/PlaybackRequests/StopGroupRequest.cs,False,Direct Analysis
Supports,26,jellyfin-10.11.6/MediaBrowser.LocalMetadata/Images/EpisodeLocalImageProvider.cs,False,Direct Analysis
GetImages,32,jellyfin-10.11.6/MediaBrowser.LocalMetadata/Images/EpisodeLocalImageProvider.cs,False,Direct Analysis
Fetch,57,jellyfin-10.11.6/MediaBrowser.LocalMetadata/Parsers/BaseItemXmlParser.cs,False,Direct Analysis
FetchDataFromXmlNode,126,jellyfin-10.11.6/MediaBrowser.LocalMetadata/Parsers/BaseItemXmlParser.cs,False,Direct Analysis
Resolve,44,jellyfin-10.11.6/Emby.Server.Implementations/Library/Resolvers/BaseVideoResolver.cs,False,Direct Analysis
ResolveVideo,56,jellyfin-10.11.6/Emby.Server.Implementations/Library/Resolvers/BaseVideoResolver.cs,False,Direct Analysis
SetIsoType,165,jellyfin-10.11.6/Emby.Server.Implementations/Library/Resolvers/BaseVideoResolver.cs,False,Direct Analysis
Set3DFormat,245,jellyfin-10.11.6/Emby.Server.Implementations/Library/Resolvers/BaseVideoResolver.cs,False,Direct Analysis
FetchDataFromXmlNode,29,jellyfin-10.11.6/MediaBrowser.LocalMetadata/Parsers/PlaylistXmlParser.cs,False,Direct Analysis
Fetch,36,jellyfin-10.11.6/MediaBrowser.LocalMetadata/Providers/PlaylistXmlProvider.cs,False,Direct Analysis
GetXmlFile,42,jellyfin-10.11.6/MediaBrowser.LocalMetadata/Providers/PlaylistXmlProvider.cs,False,Direct Analysis
GetSavePath,64,jellyfin-10.11.6/MediaBrowser.LocalMetadata/Savers/BaseXmlSaver.cs,False,Direct Analysis
SaveAsync,93,jellyfin-10.11.6/MediaBrowser.LocalMetadata/Savers/BaseXmlSaver.cs,False,Direct Analysis
SetHidden,149,jellyfin-10.11.6/MediaBrowser.LocalMetadata/Savers/BaseXmlSaver.cs,False,Direct Analysis
AddCommonNodesAsync,175,jellyfin-10.11.6/MediaBrowser.LocalMetadata/Savers/BaseXmlSaver.cs,False,Direct Analysis
GetDefaultTriggers,47,jellyfin-10.11.6/Emby.Server.Implementations/ScheduledTasks/Tasks/RefreshMediaLibraryTask.cs,False,Direct Analysis
ExecuteAsync,57,jellyfin-10.11.6/Emby.Server.Implementations/ScheduledTasks/Tasks/RefreshMediaLibraryTask.cs,False,Direct Analysis
IsEnabledFor,37,jellyfin-10.11.6/MediaBrowser.LocalMetadata/Savers/PlaylistXmlSaver.cs,False,Direct Analysis
WriteCustomElementsAsync,48,jellyfin-10.11.6/MediaBrowser.LocalMetadata/Savers/PlaylistXmlSaver.cs,False,Direct Analysis
GetLocalSavePath,61,jellyfin-10.11.6/MediaBrowser.LocalMetadata/Savers/PlaylistXmlSaver.cs,False,Direct Analysis
OnSavingChanges,68,jellyfin-10.11.6/src/Jellyfin.Database/Jellyfin.Database.Implementations/Entities/Libraries/RatingSource.cs,False,Direct Analysis
GetDirectories,68,jellyfin-10.11.6/MediaBrowser.MediaEncoding/BdInfo/BdInfoDirectoryInfo.cs,False,Direct Analysis
GetFiles,80,jellyfin-10.11.6/MediaBrowser.MediaEncoding/BdInfo/BdInfoDirectoryInfo.cs,False,Direct Analysis
GetFiles,93,jellyfin-10.11.6/MediaBrowser.MediaEncoding/BdInfo/BdInfoDirectoryInfo.cs,False,Direct Analysis
GetFiles,107,jellyfin-10.11.6/MediaBrowser.MediaEncoding/BdInfo/BdInfoDirectoryInfo.cs,False,Direct Analysis
GetDiscInfo,34,jellyfin-10.11.6/MediaBrowser.MediaEncoding/BdInfo/BdInfoExaminer.cs,False,Direct Analysis
GetConfigurations,10,jellyfin-10.11.6/MediaBrowser.MediaEncoding/Configuration/EncodingConfigurationFactory.cs,False,Direct Analysis
Validate,19,jellyfin-10.11.6/MediaBrowser.MediaEncoding/Configuration/EncodingConfigurationStore.cs,False,Direct Analysis
Probe,81,jellyfin-10.11.6/MediaBrowser.Providers/MediaInfo/AudioFileProber.cs,False,Direct Analysis
FetchAsync,126,jellyfin-10.11.6/MediaBrowser.Providers/MediaInfo/AudioFileProber.cs,False,Direct Analysis
FetchDataFromTags,163,jellyfin-10.11.6/MediaBrowser.Providers/MediaInfo/AudioFileProber.cs,False,Direct Analysis
AddExternalLyrics,464,jellyfin-10.11.6/MediaBrowser.Providers/MediaInfo/AudioFileProber.cs,False,Direct Analysis
GetSanitizedStringTag,518,jellyfin-10.11.6/MediaBrowser.Providers/MediaInfo/AudioFileProber.cs,False,Direct Analysis
ValidateVersion,220,jellyfin-10.11.6/MediaBrowser.MediaEncoding/Encoder/EncoderValidator.cs,False,Direct Analysis
ValidateVersionInternal,244,jellyfin-10.11.6/MediaBrowser.MediaEncoding/Encoder/EncoderValidator.cs,False,Direct Analysis
GetFFmpegVersion,307,jellyfin-10.11.6/MediaBrowser.MediaEncoding/Encoder/EncoderValidator.cs,False,Direct Analysis
GetFFmpegVersionInternal,339,jellyfin-10.11.6/MediaBrowser.MediaEncoding/Encoder/EncoderValidator.cs,False,Direct Analysis
CheckVaapiDeviceByDriverName,402,jellyfin-10.11.6/MediaBrowser.MediaEncoding/Encoder/EncoderValidator.cs,False,Direct Analysis
CheckVulkanDrmDeviceByExtensionName,426,jellyfin-10.11.6/MediaBrowser.MediaEncoding/Encoder/EncoderValidator.cs,False,Direct Analysis
CheckIsVideoToolboxAv1DecodeAvailable,460,jellyfin-10.11.6/MediaBrowser.MediaEncoding/Encoder/EncoderValidator.cs,False,Direct Analysis
GetHwaccelTypes,465,jellyfin-10.11.6/MediaBrowser.MediaEncoding/Encoder/EncoderValidator.cs,False,Direct Analysis
CheckFilterWithOption,488,jellyfin-10.11.6/MediaBrowser.MediaEncoding/Encoder/EncoderValidator.cs,False,Direct Analysis
CheckBitStreamFilterWithOption,516,jellyfin-10.11.6/MediaBrowser.MediaEncoding/Encoder/EncoderValidator.cs,False,Direct Analysis
CheckSupportedRuntimeKey,544,jellyfin-10.11.6/MediaBrowser.MediaEncoding/Encoder/EncoderValidator.cs,False,Direct Analysis
CheckSupportedHwaccelFlag,567,jellyfin-10.11.6/MediaBrowser.MediaEncoding/Encoder/EncoderValidator.cs,False,Direct Analysis
GetCodecs,577,jellyfin-10.11.6/MediaBrowser.MediaEncoding/Encoder/EncoderValidator.cs,False,Direct Analysis
GetFFmpegFilters,608,jellyfin-10.11.6/MediaBrowser.MediaEncoding/Encoder/EncoderValidator.cs,False,Direct Analysis
GetProcessOutput,636,jellyfin-10.11.6/MediaBrowser.MediaEncoding/Encoder/EncoderValidator.cs,False,Direct Analysis
GetProcessExitCode,668,jellyfin-10.11.6/MediaBrowser.MediaEncoding/Encoder/EncoderValidator.cs,False,Direct Analysis
BindModelAsync,29,jellyfin-10.11.6/Jellyfin.Api/ModelBinders/LegacyDateTimeModelBinder.cs,False,Direct Analysis
Write,20,jellyfin-10.11.6/MediaBrowser.MediaEncoding/Subtitles/AssWriter.cs,False,Direct Analysis
CheckForUnappliedMigrations_SqLite,11,jellyfin-10.11.6/tests/Jellyfin.Server.Implementations.Tests/EfMigrations/EfMigrationTests.cs,False,Direct Analysis
Write,20,jellyfin-10.11.6/MediaBrowser.MediaEncoding/Subtitles/SrtWriter.cs,False,Direct Analysis
Parse,33,jellyfin-10.11.6/MediaBrowser.MediaEncoding/Subtitles/SubtitleEditParser.cs,False,Direct Analysis
GetSubtitleFormatTypes,100,jellyfin-10.11.6/MediaBrowser.MediaEncoding/Subtitles/SubtitleEditParser.cs,False,Direct Analysis
GetAttachment,53,jellyfin-10.11.6/Jellyfin.Api/Controllers/VideoAttachmentsController.cs,False,Direct Analysis
GetTypeOptions,140,jellyfin-10.11.6/MediaBrowser.Model/Configuration/LibraryOptions.cs,False,Direct Analysis
RefreshFromProvider,189,jellyfin-10.11.6/MediaBrowser.Providers/Manager/ItemImageProvider.cs,False,Direct Analysis
RefreshFromProvider,274,jellyfin-10.11.6/MediaBrowser.Providers/Manager/ItemImageProvider.cs,False,Direct Analysis
PruneImages,374,jellyfin-10.11.6/MediaBrowser.Providers/Manager/ItemImageProvider.cs,False,Direct Analysis
MergeImages,438,jellyfin-10.11.6/MediaBrowser.Providers/Manager/ItemImageProvider.cs,False,Direct Analysis
DownloadImage,549,jellyfin-10.11.6/MediaBrowser.Providers/Manager/ItemImageProvider.cs,False,Direct Analysis
DownloadMultiImages,665,jellyfin-10.11.6/MediaBrowser.Providers/Manager/ItemImageProvider.cs,False,Direct Analysis
GetImageOptions,326,jellyfin-10.11.6/MediaBrowser.Model/Configuration/TypeOptions.cs,False,Direct Analysis
GetSupportedImages_AnyBaseItem_ReturnsExpected,31,jellyfin-10.11.6/tests/Jellyfin.Providers.Tests/MediaInfo/EmbeddedImageProviderTests.cs,False,Direct Analysis
GetImage_NoStreams_ReturnsNoImage,40,jellyfin-10.11.6/tests/Jellyfin.Providers.Tests/MediaInfo/EmbeddedImageProviderTests.cs,False,Direct Analysis
GetImage_Attachment_ReturnsCorrectSelection,58,jellyfin-10.11.6/tests/Jellyfin.Providers.Tests/MediaInfo/EmbeddedImageProviderTests.cs,False,Direct Analysis
GetImage_Embedded_ReturnsCorrectSelection,106,jellyfin-10.11.6/tests/Jellyfin.Providers.Tests/MediaInfo/EmbeddedImageProviderTests.cs,False,Direct Analysis
FindExtras_SeparateMovieFolder_FindsCorrectExtras,55,jellyfin-10.11.6/tests/Jellyfin.Server.Implementations.Tests/Library/LibraryManager/FindExtrasTests.cs,False,Direct Analysis
FindExtras_SeparateMovieFolder_CleanExtraNames,83,jellyfin-10.11.6/tests/Jellyfin.Server.Implementations.Tests/Library/LibraryManager/FindExtrasTests.cs,False,Direct Analysis
FindExtras_SeparateMovieFolderWithMixedExtras_FindsCorrectExtras,112,jellyfin-10.11.6/tests/Jellyfin.Server.Implementations.Tests/Library/LibraryManager/FindExtrasTests.cs,False,Direct Analysis
FindExtras_SeparateMovieFolderWithMixedExtras_FindsOnlyExtrasInMovieFolder,216,jellyfin-10.11.6/tests/Jellyfin.Server.Implementations.Tests/Library/LibraryManager/FindExtrasTests.cs,False,Direct Analysis
FindExtras_SeparateMovieFolderWithParts_FindsCorrectExtras,242,jellyfin-10.11.6/tests/Jellyfin.Server.Implementations.Tests/Library/LibraryManager/FindExtrasTests.cs,False,Direct Analysis
FindExtras_WrongExtensions_FindsNoExtras,269,jellyfin-10.11.6/tests/Jellyfin.Server.Implementations.Tests/Library/LibraryManager/FindExtrasTests.cs,False,Direct Analysis
FindExtras_SeriesWithTrailers_FindsCorrectExtras,309,jellyfin-10.11.6/tests/Jellyfin.Server.Implementations.Tests/Library/LibraryManager/FindExtrasTests.cs,False,Direct Analysis
Read,31,jellyfin-10.11.6/src/Jellyfin.Extensions/Json/Converters/JsonDelimitedCollectionConverter.cs,False,Direct Analysis
Write,71,jellyfin-10.11.6/src/Jellyfin.Extensions/Json/Converters/JsonDelimitedCollectionConverter.cs,False,Direct Analysis
OnEvent,32,jellyfin-10.11.6/Jellyfin.Server.Implementations/Events/Consumers/Users/UserDeletedLogger.cs,False,Direct Analysis
ContainsAnyCodec,64,jellyfin-10.11.6/MediaBrowser.Model/Dlna/CodecProfile.cs,False,Direct Analysis
ContainsAnyCodec,89,jellyfin-10.11.6/MediaBrowser.Model/Dlna/CodecProfile.cs,False,Direct Analysis
Read,14,jellyfin-10.11.6/src/Jellyfin.Extensions/Json/Converters/JsonBoolNumberConverter.cs,False,Direct Analysis
Write,25,jellyfin-10.11.6/src/Jellyfin.Extensions/Json/Converters/JsonBoolNumberConverter.cs,False,Direct Analysis
GetMaxBitrate,120,jellyfin-10.11.6/MediaBrowser.Model/Dlna/MediaOptions.cs,False,Direct Analysis
GetOptimalAudioStream,76,jellyfin-10.11.6/MediaBrowser.Model/Dlna/StreamBuilder.cs,False,Direct Analysis
OnEvent,27,jellyfin-10.11.6/Jellyfin.Server.Implementations/Events/Consumers/Updates/PluginInstallationFailedNotifier.cs,False,Direct Analysis
ToClientCapabilities,56,jellyfin-10.11.6/MediaBrowser.Model/Dto/ClientCapabilitiesDto.cs,False,Direct Analysis
SetOption,837,jellyfin-10.11.6/MediaBrowser.Model/Dlna/StreamInfo.cs,False,Direct Analysis
ToUrl,882,jellyfin-10.11.6/MediaBrowser.Model/Dlna/StreamInfo.cs,False,Direct Analysis
GetSubtitleProfiles,1169,jellyfin-10.11.6/MediaBrowser.Model/Dlna/StreamInfo.cs,False,Direct Analysis
AddSubtitleProfiles,1209,jellyfin-10.11.6/MediaBrowser.Model/Dlna/StreamInfo.cs,False,Direct Analysis
GetSubtitleStreamInfo,1232,jellyfin-10.11.6/MediaBrowser.Model/Dlna/StreamInfo.cs,False,Direct Analysis
GetTargetAudioChannels,1355,jellyfin-10.11.6/MediaBrowser.Model/Dlna/StreamInfo.cs,False,Direct Analysis
GetMediaStreamCount,1379,jellyfin-10.11.6/MediaBrowser.Model/Dlna/StreamInfo.cs,False,Direct Analysis
SupportsLanguage,48,jellyfin-10.11.6/MediaBrowser.Model/Dlna/SubtitleProfile.cs,False,Direct Analysis
OnEvent,40,jellyfin-10.11.6/Jellyfin.Server.Implementations/Events/Consumers/Session/PlaybackStartLogger.cs,False,Direct Analysis
IgnoreVirtualInterfaces,48,jellyfin-10.11.6/tests/Jellyfin.Networking.Tests/NetworkParseTests.cs,False,Direct Analysis
CompleteWizard,43,jellyfin-10.11.6/Jellyfin.Api/Controllers/StartupController.cs,False,Direct Analysis
GetStartupConfiguration,57,jellyfin-10.11.6/Jellyfin.Api/Controllers/StartupController.cs,False,Direct Analysis
UpdateInitialConfiguration,76,jellyfin-10.11.6/Jellyfin.Api/Controllers/StartupController.cs,False,Direct Analysis
SetRemoteAccess,94,jellyfin-10.11.6/Jellyfin.Api/Controllers/StartupController.cs,False,Direct Analysis
GetFirstUser,110,jellyfin-10.11.6/Jellyfin.Api/Controllers/StartupController.cs,False,Direct Analysis
UpdateStartupUser,132,jellyfin-10.11.6/Jellyfin.Api/Controllers/StartupController.cs,False,Direct Analysis
TotalItemCount,84,jellyfin-10.11.6/MediaBrowser.Model/Dto/ItemCounts.cs,False,Direct Analysis
GetDefaultAudioStreamIndex_EmptyStreams_Null,13,jellyfin-10.11.6/tests/Jellyfin.Server.Implementations.Tests/Library/MediaStreamSelectorTests.cs,False,Direct Analysis
GetStreamScore_MediaStream_CorrectScore,112,jellyfin-10.11.6/tests/Jellyfin.Server.Implementations.Tests/Library/MediaStreamSelectorTests.cs,False,Direct Analysis
ToString,108,jellyfin-10.11.6/MediaBrowser.Model/Dto/UserDto.cs,False,Direct Analysis
Compare_GivenNull_ThrowsArgumentNullException,23,jellyfin-10.11.6/tests/Jellyfin.Server.Implementations.Tests/Sorting/ParentIndexNumberComparerTests.cs,False,Direct Analysis
Compare_ValidIndices_SortsExpected,35,jellyfin-10.11.6/tests/Jellyfin.Server.Implementations.Tests/Sorting/ParentIndexNumberComparerTests.cs,False,Direct Analysis
GetUserDataKeys,91,jellyfin-10.11.6/MediaBrowser.Controller/LiveTv/LiveTvChannel.cs,False,Direct Analysis
GetBlockUnratedType,103,jellyfin-10.11.6/MediaBrowser.Controller/LiveTv/LiveTvChannel.cs,False,Direct Analysis
CreateSortName,108,jellyfin-10.11.6/MediaBrowser.Controller/LiveTv/LiveTvChannel.cs,False,Direct Analysis
GetClientTypeName,118,jellyfin-10.11.6/MediaBrowser.Controller/LiveTv/LiveTvChannel.cs,False,Direct Analysis
GetMediaSources,125,jellyfin-10.11.6/MediaBrowser.Controller/LiveTv/LiveTvChannel.cs,False,Direct Analysis
GetMediaStreams,142,jellyfin-10.11.6/MediaBrowser.Controller/LiveTv/LiveTvChannel.cs,False,Direct Analysis
GetInternalMetadataPath,147,jellyfin-10.11.6/MediaBrowser.Controller/LiveTv/LiveTvChannel.cs,False,Direct Analysis
CanDelete,152,jellyfin-10.11.6/MediaBrowser.Controller/LiveTv/LiveTvChannel.cs,False,Direct Analysis
GetResolutionText,714,jellyfin-10.11.6/MediaBrowser.Model/Entities/MediaStream.cs,False,Direct Analysis
SupportsSubtitleConversionTo,773,jellyfin-10.11.6/MediaBrowser.Model/Entities/MediaStream.cs,False,Direct Analysis
BeginItem,34,jellyfin-10.11.6/src/Jellyfin.Database/Jellyfin.Database.Implementations/ProgressablePartitionReporting.cs,False,Direct Analysis
BeginPartition,40,jellyfin-10.11.6/src/Jellyfin.Database/Jellyfin.Database.Implementations/ProgressablePartitionReporting.cs,False,Direct Analysis
EndItem,46,jellyfin-10.11.6/src/Jellyfin.Database/Jellyfin.Database.Implementations/ProgressablePartitionReporting.cs,False,Direct Analysis
EndPartition,51,jellyfin-10.11.6/src/Jellyfin.Database/Jellyfin.Database.Implementations/ProgressablePartitionReporting.cs,False,Direct Analysis
HasChanged,123,jellyfin-10.11.6/MediaBrowser.Providers/MediaInfo/ProbeProvider.cs,False,Direct Analysis
FetchAsync,175,jellyfin-10.11.6/MediaBrowser.Providers/MediaInfo/ProbeProvider.cs,False,Direct Analysis
FetchAsync,181,jellyfin-10.11.6/MediaBrowser.Providers/MediaInfo/ProbeProvider.cs,False,Direct Analysis
FetchAsync,187,jellyfin-10.11.6/MediaBrowser.Providers/MediaInfo/ProbeProvider.cs,False,Direct Analysis
FetchAsync,193,jellyfin-10.11.6/MediaBrowser.Providers/MediaInfo/ProbeProvider.cs,False,Direct Analysis
FetchAsync,199,jellyfin-10.11.6/MediaBrowser.Providers/MediaInfo/ProbeProvider.cs,False,Direct Analysis
FetchAsync,205,jellyfin-10.11.6/MediaBrowser.Providers/MediaInfo/ProbeProvider.cs,False,Direct Analysis
FetchAsync,211,jellyfin-10.11.6/MediaBrowser.Providers/MediaInfo/ProbeProvider.cs,False,Direct Analysis
FetchVideoInfo,224,jellyfin-10.11.6/MediaBrowser.Providers/MediaInfo/ProbeProvider.cs,False,Direct Analysis
FetchAudioInfo,278,jellyfin-10.11.6/MediaBrowser.Providers/MediaInfo/ProbeProvider.cs,False,Direct Analysis
GetParsedResult,59,jellyfin-10.11.6/Jellyfin.Api/ModelBinders/PipeDelimitedCollectionModelBinder.cs,False,Direct Analysis
GetExternalUrls,17,jellyfin-10.11.6/MediaBrowser.Providers/TV/Zap2ItExternalUrlProvider.cs,False,Direct Analysis
Supports,41,jellyfin-10.11.6/MediaBrowser.LocalMetadata/Images/InternalMetadataFolderImageProvider.cs,False,Direct Analysis
GetImages,68,jellyfin-10.11.6/MediaBrowser.LocalMetadata/Images/InternalMetadataFolderImageProvider.cs,False,Direct Analysis
BuildTargetModel,17,jellyfin-10.11.6/src/Jellyfin.Database/Jellyfin.Database.Providers.Sqlite/Migrations/20201004171403_AddMaxActiveSessions.Designer.cs,False,Direct Analysis
Up,10,jellyfin-10.11.6/src/Jellyfin.Database/Jellyfin.Database.Providers.Sqlite/Migrations/20201004171403_AddMaxActiveSessions.cs,False,Direct Analysis
Down,20,jellyfin-10.11.6/src/Jellyfin.Database/Jellyfin.Database.Providers.Sqlite/Migrations/20201004171403_AddMaxActiveSessions.cs,False,Direct Analysis
ParseLyrics,28,jellyfin-10.11.6/MediaBrowser.Providers/Lyric/TxtLyricParser.cs,False,Direct Analysis
Flush,71,jellyfin-10.11.6/MediaBrowser.Controller/Streaming/ProgressiveFileStream.cs,False,Direct Analysis
Read,81,jellyfin-10.11.6/MediaBrowser.Controller/Streaming/ProgressiveFileStream.cs,False,Direct Analysis
Dispose,141,jellyfin-10.11.6/MediaBrowser.Controller/Streaming/ProgressiveFileStream.cs,False,Direct Analysis
UpdateBytesWritten,167,jellyfin-10.11.6/MediaBrowser.Controller/Streaming/ProgressiveFileStream.cs,False,Direct Analysis
StopReading,175,jellyfin-10.11.6/MediaBrowser.Controller/Streaming/ProgressiveFileStream.cs,False,Direct Analysis
Deserialize_Token_Response_Live_Success,24,jellyfin-10.11.6/tests/Jellyfin.LiveTv.Tests/SchedulesDirect/SchedulesDirectDeserializeTests.cs,False,Direct Analysis
Deserialize_Token_Response_Offline_Success,41,jellyfin-10.11.6/tests/Jellyfin.LiveTv.Tests/SchedulesDirect/SchedulesDirectDeserializeTests.cs,False,Direct Analysis
Serialize_Schedule_Request_Success,59,jellyfin-10.11.6/tests/Jellyfin.LiveTv.Tests/SchedulesDirect/SchedulesDirectDeserializeTests.cs,False,Direct Analysis
Deserialize_Schedule_Response_Success,93,jellyfin-10.11.6/tests/Jellyfin.LiveTv.Tests/SchedulesDirect/SchedulesDirectDeserializeTests.cs,False,Direct Analysis
Deserialize_Program_Response_Success,121,jellyfin-10.11.6/tests/Jellyfin.LiveTv.Tests/SchedulesDirect/SchedulesDirectDeserializeTests.cs,False,Direct Analysis
Deserialize_Metadata_Programs_Response_Success,158,jellyfin-10.11.6/tests/Jellyfin.LiveTv.Tests/SchedulesDirect/SchedulesDirectDeserializeTests.cs,False,Direct Analysis
Deserialize_Headends_Response_Success,182,jellyfin-10.11.6/tests/Jellyfin.LiveTv.Tests/SchedulesDirect/SchedulesDirectDeserializeTests.cs,False,Direct Analysis
Deserialize_Lineups_Response_Success,202,jellyfin-10.11.6/tests/Jellyfin.LiveTv.Tests/SchedulesDirect/SchedulesDirectDeserializeTests.cs,False,Direct Analysis
Deserialize_Lineup_Response_Success,226,jellyfin-10.11.6/tests/Jellyfin.LiveTv.Tests/SchedulesDirect/SchedulesDirectDeserializeTests.cs,False,Direct Analysis
Load,23,jellyfin-10.11.6/Emby.Server.Implementations/Plugins/PluginLoadContext.cs,False,Direct Analysis
GetMediaInfo_MetaData_Success,43,jellyfin-10.11.6/tests/Jellyfin.MediaEncoding.Tests/Probing/ProbeResultNormalizerTests.cs,False,Direct Analysis
GetMediaInfo_Mp4MetaData_Success,102,jellyfin-10.11.6/tests/Jellyfin.MediaEncoding.Tests/Probing/ProbeResultNormalizerTests.cs,False,Direct Analysis
GetMediaInfo_TS_Success,171,jellyfin-10.11.6/tests/Jellyfin.MediaEncoding.Tests/Probing/ProbeResultNormalizerTests.cs,False,Direct Analysis
GetMediaInfo_WebM_Success,184,jellyfin-10.11.6/tests/Jellyfin.MediaEncoding.Tests/Probing/ProbeResultNormalizerTests.cs,False,Direct Analysis
GetMediaInfo_WebM_Like_Mkv,199,jellyfin-10.11.6/tests/Jellyfin.MediaEncoding.Tests/Probing/ProbeResultNormalizerTests.cs,False,Direct Analysis
GetMediaInfo_ProgressiveVideoNoFieldOrder_Success,211,jellyfin-10.11.6/tests/Jellyfin.MediaEncoding.Tests/Probing/ProbeResultNormalizerTests.cs,False,Direct Analysis
GetMediaInfo_ProgressiveVideoNoFieldOrder2_Success,242,jellyfin-10.11.6/tests/Jellyfin.MediaEncoding.Tests/Probing/ProbeResultNormalizerTests.cs,False,Direct Analysis
GetMediaInfo_InterlacedVideo_Success,273,jellyfin-10.11.6/tests/Jellyfin.MediaEncoding.Tests/Probing/ProbeResultNormalizerTests.cs,False,Direct Analysis
GetMediaInfo_VideoWithSingleFrameMjpeg_Success,304,jellyfin-10.11.6/tests/Jellyfin.MediaEncoding.Tests/Probing/ProbeResultNormalizerTests.cs,False,Direct Analysis
GetMediaInfo_MusicVideo_Success,338,jellyfin-10.11.6/tests/Jellyfin.MediaEncoding.Tests/Probing/ProbeResultNormalizerTests.cs,False,Direct Analysis
GetMediaInfo_GivenOriginalDateContainsOnlyYear_Success,355,jellyfin-10.11.6/tests/Jellyfin.MediaEncoding.Tests/Probing/ProbeResultNormalizerTests.cs,False,Direct Analysis
GetMediaInfo_Music_Success,375,jellyfin-10.11.6/tests/Jellyfin.MediaEncoding.Tests/Probing/ProbeResultNormalizerTests.cs,False,Direct Analysis
Supports,24,jellyfin-10.11.6/MediaBrowser.Providers/Plugins/Tmdb/Movies/TmdbMovieExternalId.cs,False,Direct Analysis
Perform,26,jellyfin-10.11.6/Jellyfin.Server/Migrations/Routines/RemoveDownloadImagesInAdvance.cs,False,Direct Analysis
ParseLyrics,43,jellyfin-10.11.6/MediaBrowser.Providers/Lyric/LrcLyricParser.cs,False,Direct Analysis
Equals,30,jellyfin-10.11.6/MediaBrowser.Model/Drawing/ImageDimensions.cs,False,Direct Analysis
ToString,36,jellyfin-10.11.6/MediaBrowser.Model/Drawing/ImageDimensions.cs,False,Direct Analysis
DownloadSubtitles,121,jellyfin-10.11.6/MediaBrowser.Providers/MediaInfo/SubtitleDownloader.cs,False,Direct Analysis
SessionJoined,38,jellyfin-10.11.6/MediaBrowser.Controller/SyncPlay/GroupStates/IdleGroupState.cs,False,Direct Analysis
SessionLeaving,44,jellyfin-10.11.6/MediaBrowser.Controller/SyncPlay/GroupStates/IdleGroupState.cs,False,Direct Analysis
HandleRequest,50,jellyfin-10.11.6/MediaBrowser.Controller/SyncPlay/GroupStates/IdleGroupState.cs,False,Direct Analysis
HandleRequest,59,jellyfin-10.11.6/MediaBrowser.Controller/SyncPlay/GroupStates/IdleGroupState.cs,False,Direct Analysis
HandleRequest,68,jellyfin-10.11.6/MediaBrowser.Controller/SyncPlay/GroupStates/IdleGroupState.cs,False,Direct Analysis
HandleRequest,74,jellyfin-10.11.6/MediaBrowser.Controller/SyncPlay/GroupStates/IdleGroupState.cs,False,Direct Analysis
HandleRequest,80,jellyfin-10.11.6/MediaBrowser.Controller/SyncPlay/GroupStates/IdleGroupState.cs,False,Direct Analysis
HandleRequest,86,jellyfin-10.11.6/MediaBrowser.Controller/SyncPlay/GroupStates/IdleGroupState.cs,False,Direct Analysis
HandleRequest,92,jellyfin-10.11.6/MediaBrowser.Controller/SyncPlay/GroupStates/IdleGroupState.cs,False,Direct Analysis
HandleRequest,98,jellyfin-10.11.6/MediaBrowser.Controller/SyncPlay/GroupStates/IdleGroupState.cs,False,Direct Analysis
HandleRequest,107,jellyfin-10.11.6/MediaBrowser.Controller/SyncPlay/GroupStates/IdleGroupState.cs,False,Direct Analysis
SendStopCommand,115,jellyfin-10.11.6/MediaBrowser.Controller/SyncPlay/GroupStates/IdleGroupState.cs,False,Direct Analysis
GetCachedId,31,jellyfin-10.11.6/Emby.Server.Implementations/Devices/DeviceId.cs,False,Direct Analysis
SaveId,61,jellyfin-10.11.6/Emby.Server.Implementations/Devices/DeviceId.cs,False,Direct Analysis
Perform,35,jellyfin-10.11.6/Jellyfin.Server/Migrations/Routines/MigrateRatingLevels.cs,False,Direct Analysis
SupportsContainer,40,jellyfin-10.11.6/MediaBrowser.Model/Dlna/DirectPlayProfile.cs,False,Direct Analysis
SupportsVideoCodec,50,jellyfin-10.11.6/MediaBrowser.Model/Dlna/DirectPlayProfile.cs,False,Direct Analysis
SupportsAudioCodec,60,jellyfin-10.11.6/MediaBrowser.Model/Dlna/DirectPlayProfile.cs,False,Direct Analysis
MergeData,42,jellyfin-10.11.6/MediaBrowser.Providers/Books/BookMetadataService.cs,False,Direct Analysis
GetChildrenForMetadataUpdates,57,jellyfin-10.11.6/MediaBrowser.Providers/BoxSets/BoxSetMetadataService.cs,False,Direct Analysis
MergeData,63,jellyfin-10.11.6/MediaBrowser.Providers/BoxSets/BoxSetMetadataService.cs,False,Direct Analysis
BeforeSaveInternal,78,jellyfin-10.11.6/MediaBrowser.Providers/BoxSets/BoxSetMetadataService.cs,False,Direct Analysis
BuildTargetModel,18,jellyfin-10.11.6/src/Jellyfin.Database/Jellyfin.Database.Providers.Sqlite/Migrations/20230626233818_AddTrickplayInfos.Designer.cs,False,Direct Analysis
Up,12,jellyfin-10.11.6/src/Jellyfin.Database/Jellyfin.Database.Providers.Sqlite/Migrations/20230626233818_AddTrickplayInfos.cs,False,Direct Analysis
Down,34,jellyfin-10.11.6/src/Jellyfin.Database/Jellyfin.Database.Providers.Sqlite/Migrations/20230626233818_AddTrickplayInfos.cs,False,Direct Analysis
ExecuteAsync,69,jellyfin-10.11.6/MediaBrowser.Providers/Lyric/LyricScheduledTask.cs,False,Direct Analysis
GetDefaultTriggers,160,jellyfin-10.11.6/MediaBrowser.Providers/Lyric/LyricScheduledTask.cs,False,Direct Analysis
TryGetFileSystemMetadata,76,jellyfin-10.11.6/MediaBrowser.Providers/Manager/MetadataService.cs,False,Direct Analysis
RefreshMetadata,89,jellyfin-10.11.6/MediaBrowser.Providers/Manager/MetadataService.cs,False,Direct Analysis
ApplySearchResult,257,jellyfin-10.11.6/MediaBrowser.Providers/Manager/MetadataService.cs,False,Direct Analysis
SaveItemAsync,278,jellyfin-10.11.6/MediaBrowser.Providers/Manager/MetadataService.cs,False,Direct Analysis
AfterMetadataRefresh,294,jellyfin-10.11.6/MediaBrowser.Providers/Manager/MetadataService.cs,False,Direct Analysis
BeforeSave,307,jellyfin-10.11.6/MediaBrowser.Providers/Manager/MetadataService.cs,False,Direct Analysis
BeforeSaveInternal,324,jellyfin-10.11.6/MediaBrowser.Providers/Manager/MetadataService.cs,False,Direct Analysis
EnableUpdateMetadataFromChildren,370,jellyfin-10.11.6/MediaBrowser.Providers/Manager/MetadataService.cs,False,Direct Analysis
GetChildrenForMetadataUpdates,396,jellyfin-10.11.6/MediaBrowser.Providers/Manager/MetadataService.cs,False,Direct Analysis
UpdateMetadataFromChildren,406,jellyfin-10.11.6/MediaBrowser.Providers/Manager/MetadataService.cs,False,Direct Analysis
UpdateCumulativeRunTimeTicks,451,jellyfin-10.11.6/MediaBrowser.Providers/Manager/MetadataService.cs,False,Direct Analysis
UpdateDateLastMediaAdded,475,jellyfin-10.11.6/MediaBrowser.Providers/Manager/MetadataService.cs,False,Direct Analysis
GetProviders,613,jellyfin-10.11.6/MediaBrowser.Providers/Manager/MetadataService.cs,False,Direct Analysis
GetNonLocalImageProviders,683,jellyfin-10.11.6/MediaBrowser.Providers/Manager/MetadataService.cs,False,Direct Analysis
CanRefresh,710,jellyfin-10.11.6/MediaBrowser.Providers/Manager/MetadataService.cs,False,Direct Analysis
CanRefreshPrimary,715,jellyfin-10.11.6/MediaBrowser.Providers/Manager/MetadataService.cs,False,Direct Analysis
RefreshWithProviders,720,jellyfin-10.11.6/MediaBrowser.Providers/Manager/MetadataService.cs,False,Direct Analysis
RunCustomProvider,874,jellyfin-10.11.6/MediaBrowser.Providers/Manager/MetadataService.cs,False,Direct Analysis
CreateNew,893,jellyfin-10.11.6/MediaBrowser.Providers/Manager/MetadataService.cs,False,Direct Analysis
ExecuteRemoteProviders,898,jellyfin-10.11.6/MediaBrowser.Providers/Manager/MetadataService.cs,False,Direct Analysis
HasChanged,957,jellyfin-10.11.6/MediaBrowser.Providers/Manager/MetadataService.cs,False,Direct Analysis
MergeData,986,jellyfin-10.11.6/MediaBrowser.Providers/Manager/MetadataService.cs,False,Direct Analysis
GetSupportedImages,54,jellyfin-10.11.6/MediaBrowser.Providers/MediaInfo/AudioImageProvider.cs,False,Direct Analysis
GetImage,60,jellyfin-10.11.6/MediaBrowser.Providers/MediaInfo/AudioImageProvider.cs,False,Direct Analysis
GetImage,77,jellyfin-10.11.6/MediaBrowser.Providers/MediaInfo/AudioImageProvider.cs,False,Direct Analysis
Supports,141,jellyfin-10.11.6/MediaBrowser.Providers/MediaInfo/AudioImageProvider.cs,False,Direct Analysis
GetExternalStreamsAsync,85,jellyfin-10.11.6/MediaBrowser.Providers/MediaInfo/MediaInfoResolver.cs,False,Direct Analysis
GetExternalStreams,163,jellyfin-10.11.6/MediaBrowser.Providers/MediaInfo/MediaInfoResolver.cs,False,Direct Analysis
GetExternalFiles,204,jellyfin-10.11.6/MediaBrowser.Providers/MediaInfo/MediaInfoResolver.cs,False,Direct Analysis
GetExternalFiles,262,jellyfin-10.11.6/MediaBrowser.Providers/MediaInfo/MediaInfoResolver.cs,False,Direct Analysis
Configure,13,jellyfin-10.11.6/src/Jellyfin.Database/Jellyfin.Database.Implementations/ModelConfiguration/UserDataConfiguration.cs,False,This method is an implementation of IEntityTypeConfiguration.Configure.
Configure,13,jellyfin-10.11.6/src/Jellyfin.Database/Jellyfin.Database.Implementations/ModelConfiguration/TrickplayInfoConfiguration.cs,False,This method is an implementation of IEntityTypeConfiguration.Configure.
Configure,13,jellyfin-10.11.6/src/Jellyfin.Database/Jellyfin.Database.Implementations/ModelConfiguration/PreferenceConfiguration.cs,False,This method is an implementation of IEntityTypeConfiguration.Configure.
Configure,13,jellyfin-10.11.6/src/Jellyfin.Database/Jellyfin.Database.Implementations/ModelConfiguration/PermissionConfiguration.cs,False,This method is an implementation of IEntityTypeConfiguration.Configure.
Configure,13,jellyfin-10.11.6/src/Jellyfin.Database/Jellyfin.Database.Implementations/ModelConfiguration/PeopleConfiguration.cs,False,This method is an implementation of IEntityTypeConfiguration.Configure.
Configure,13,jellyfin-10.11.6/src/Jellyfin.Database/Jellyfin.Database.Implementations/ModelConfiguration/MediaStreamInfoConfiguration.cs,False,This method is an implementation of IEntityTypeConfiguration.Configure.
Configure,13,jellyfin-10.11.6/src/Jellyfin.Database/Jellyfin.Database.Implementations/ModelConfiguration/KeyframeDataConfiguration.cs,False,This method is an implementation of IEntityTypeConfiguration.Configure.
Configure,13,jellyfin-10.11.6/src/Jellyfin.Database/Jellyfin.Database.Implementations/ModelConfiguration/ItemValuesConfiguration.cs,False,This method is an implementation of IEntityTypeConfiguration.Configure.
Configure,13,jellyfin-10.11.6/src/Jellyfin.Database/Jellyfin.Database.Implementations/ModelConfiguration/BaseItemTrailerTypeConfiguration.cs,False,This method is an implementation of IEntityTypeConfiguration.Configure.
Configure,13,jellyfin-10.11.6/src/Jellyfin.Database/Jellyfin.Database.Implementations/ModelConfiguration/BaseItemProviderConfiguration.cs,False,This method is an implementation of IEntityTypeConfiguration.Configure.
Configure,13,jellyfin-10.11.6/src/Jellyfin.Database/Jellyfin.Database.Implementations/ModelConfiguration/BaseItemMetadataFieldConfiguration.cs,False,This method is an implementation of IEntityTypeConfiguration.Configure.
Configure,13,jellyfin-10.11.6/src/Jellyfin.Database/Jellyfin.Database.Implementations/ModelConfiguration/AttachmentStreamInfoConfiguration.cs,False,This method is an implementation of IEntityTypeConfiguration.Configure.
Configure,13,jellyfin-10.11.6/src/Jellyfin.Database/Jellyfin.Database.Implementations/ModelConfiguration/ActivityLogConfiguration.cs,False,This method is an implementation of IEntityTypeConfiguration.Configure.
Configure,13,jellyfin-10.11.6/src/Jellyfin.Database/Jellyfin.Database.Implementations/ModelConfiguration/PeopleBaseItemMapConfiguration.cs,False,This method is an implementation of IEntityTypeConfiguration.Configure.
Configure,13,jellyfin-10.11.6/src/Jellyfin.Database/Jellyfin.Database.Implementations/ModelConfiguration/ChapterConfiguration.cs,False,This method is an implementation of IEntityTypeConfiguration.Configure.
Compare,107,jellyfin-10.11.6/src/Jellyfin.Extensions/AlphanumericComparator.cs,False,This method is an implementation of IComparer.Compare.
Compare,26,jellyfin-10.11.6/Emby.Server.Implementations/Sorting/ParentIndexNumberComparer.cs,False,This method is an implementation of IComparer.Compare.
BeginScope,87,jellyfin-10.11.6/Jellyfin.Server/ServerSetupApp/StartupLogger.cs,False,This method is an implementation of ILogger.BeginScope.
IsEnabled,94,jellyfin-10.11.6/Jellyfin.Server/ServerSetupApp/StartupLogger.cs,False,This method is an implementation of ILogger.IsEnabled.
Configure,14,jellyfin-10.11.6/src/Jellyfin.Database/Jellyfin.Database.Implementations/ModelConfiguration/BaseItemConfiguration.cs,False,This method is an implementation of IEntityTypeConfiguration.Configure.
Apply,18,jellyfin-10.11.6/Jellyfin.Server/Filters/IgnoreEnumSchemaFilter.cs,False,This method is an implementation of ISchemaFilter.Apply.
Apply,12,jellyfin-10.11.6/Jellyfin.Server/Filters/FileRequestFilter.cs,False,This method is an implementation of IOperationFilter.Apply.
Compare,26,jellyfin-10.11.6/Emby.Server.Implementations/Sorting/SortNameComparer.cs,False,This method is an implementation of IComparer.Compare.
Compare,46,jellyfin-10.11.6/Emby.Server.Implementations/Sorting/DateLastMediaAddedComparer.cs,False,This method is an implementation of IComparer.Compare.
Compare,26,jellyfin-10.11.6/Emby.Server.Implementations/Sorting/NameComparer.cs,False,This method is an implementation of IComparer.Compare.
Compare,48,jellyfin-10.11.6/Emby.Server.Implementations/Sorting/DatePlayedComparer.cs,False,This method is an implementation of IComparer.Compare.
ProcessModelFinalizing,11,jellyfin-10.11.6/src/Jellyfin.Database/Jellyfin.Database.Providers.Sqlite/DoNotUseReturningClauseConvention.cs,False,This method is an implementation of IModelFinalizingConvention.ProcessModelFinalizing.
Configure,13,jellyfin-10.11.6/src/Jellyfin.Database/Jellyfin.Database.Implementations/ModelConfiguration/AncestorIdConfiguration.cs,False,This method is an implementation of IEntityTypeConfiguration.Configure.
Apply,9,jellyfin-10.11.6/Jellyfin.Server/Filters/RetryOnTemporarilyUnavailableFilter.cs,False,This method is an implementation of IOperationFilter.Apply.
Compare,26,jellyfin-10.11.6/Emby.Server.Implementations/Sorting/PremiereDateComparer.cs,False,This method is an implementation of IComparer.Compare.
Configure,13,jellyfin-10.11.6/src/Jellyfin.Database/Jellyfin.Database.Implementations/ModelConfiguration/DeviceConfiguration.cs,False,This method is an implementation of IEntityTypeConfiguration.Configure.
Compare,25,jellyfin-10.11.6/Emby.Server.Implementations/Sorting/CriticRatingComparer.cs,False,This method is an implementation of IComparer.Compare.
Configure,13,jellyfin-10.11.6/src/Jellyfin.Database/Jellyfin.Database.Implementations/ModelConfiguration/ItemValuesMapConfiguration.cs,False,This method is an implementation of IEntityTypeConfiguration.Configure.
Compare,44,jellyfin-10.11.6/Emby.Server.Implementations/Sorting/IsFavoriteOrLikeComparer.cs,False,This method is an implementation of IComparer.Compare.
Configure,13,jellyfin-10.11.6/src/Jellyfin.Database/Jellyfin.Database.Implementations/ModelConfiguration/CustomItemDisplayPreferencesConfiguration.cs,False,This method is an implementation of IEntityTypeConfiguration.Configure.
Compare,26,jellyfin-10.11.6/Emby.Server.Implementations/Sorting/RuntimeComparer.cs,False,This method is an implementation of IComparer.Compare.
Compare,26,jellyfin-10.11.6/Emby.Server.Implementations/Sorting/RandomComparer.cs,False,This method is an implementation of IComparer.Compare.
Compare,45,jellyfin-10.11.6/Emby.Server.Implementations/Sorting/IsPlayedComparer.cs,False,This method is an implementation of IComparer.Compare.
Compare,26,jellyfin-10.11.6/Emby.Server.Implementations/Sorting/DateCreatedComparer.cs,False,This method is an implementation of IComparer.Compare.
Apply,41,jellyfin-10.11.6/Jellyfin.Server/Filters/AdditionalModelFilter.cs,False,This method is an implementation of IDocumentFilter.Apply.
Configure,13,jellyfin-10.11.6/src/Jellyfin.Database/Jellyfin.Database.Implementations/ModelConfiguration/ApiKeyConfiguration.cs,False,This method is an implementation of IEntityTypeConfiguration.Configure.
Compare,45,jellyfin-10.11.6/Emby.Server.Implementations/Sorting/IsUnplayedComparer.cs,False,This method is an implementation of IComparer.Compare.
GetBinder,14,jellyfin-10.11.6/Jellyfin.Api/ModelBinders/NullableEnumModelBinderProvider.cs,False,This method is an implementation of IModelBinderProvider.GetBinder.
Compare,26,jellyfin-10.11.6/Emby.Server.Implementations/Sorting/AiredEpisodeOrderComparer.cs,False,This method is an implementation of IComparer.Compare.
Compare,26,jellyfin-10.11.6/Emby.Server.Implementations/Sorting/AlbumArtistComparer.cs,False,This method is an implementation of IComparer.Compare.
Compare,25,jellyfin-10.11.6/Emby.Server.Implementations/Sorting/CommunityRatingComparer.cs,False,This method is an implementation of IComparer.Compare.
Compare,19,jellyfin-10.11.6/Emby.Server.Implementations/Sorting/ArtistComparer.cs,False,This method is an implementation of IComparer.Compare.
Compare,24,jellyfin-10.11.6/Emby.Server.Implementations/Sorting/IsFolderComparer.cs,False,This method is an implementation of IComparer.Compare.
Compare,47,jellyfin-10.11.6/Emby.Server.Implementations/Sorting/PlayCountComparer.cs,False,This method is an implementation of IComparer.Compare.
Configure,13,jellyfin-10.11.6/src/Jellyfin.Database/Jellyfin.Database.Implementations/ModelConfiguration/DisplayPreferencesConfiguration.cs,False,This method is an implementation of IEntityTypeConfiguration.Configure.
Compare,25,jellyfin-10.11.6/Emby.Server.Implementations/Sorting/SeriesSortNameComparer.cs,False,This method is an implementation of IComparer.Compare.
Compare,25,jellyfin-10.11.6/Emby.Server.Implementations/Sorting/StartDateComparer.cs,False,This method is an implementation of IComparer.Compare.
Compare,26,jellyfin-10.11.6/Emby.Server.Implementations/Sorting/StudioComparer.cs,False,This method is an implementation of IComparer.Compare.
Compare,26,jellyfin-10.11.6/Emby.Server.Implementations/Sorting/IndexNumberComparer.cs,False,This method is an implementation of IComparer.Compare.
Compare,14,jellyfin-10.11.6/MediaBrowser.Controller/Entities/MediaSourceWidthComparator.cs,False,This method is an implementation of IComparer.Compare.
Compare,27,jellyfin-10.11.6/Emby.Server.Implementations/Sorting/AlbumComparer.cs,False,This method is an implementation of IComparer.Compare.
BindModelAsync,28,jellyfin-10.11.6/Jellyfin.Api/ModelBinders/CommaDelimitedCollectionModelBinder.cs,False,This method is an implementation of IModelBinder.BindModelAsync.
Compare,25,jellyfin-10.11.6/Emby.Server.Implementations/Sorting/ProductionYearComparer.cs,False,This method is an implementation of IComparer.Compare.
Configure,13,jellyfin-10.11.6/src/Jellyfin.Database/Jellyfin.Database.Implementations/ModelConfiguration/DeviceOptionsConfiguration.cs,False,This method is an implementation of IEntityTypeConfiguration.Configure.
OpenRead,51,jellyfin-10.11.6/MediaBrowser.MediaEncoding/BdInfo/BdInfoFileInfo.cs,False,This method is an implementation of IFileInfo.OpenRead.
OpenText,64,jellyfin-10.11.6/MediaBrowser.MediaEncoding/BdInfo/BdInfoFileInfo.cs,False,This method is an implementation of IFileInfo.OpenText.
CreateDbContext,15,jellyfin-10.11.6/src/Jellyfin.Database/Jellyfin.Database.Providers.Sqlite/Migrations/SqliteDesignTimeJellyfinDbFactory.cs,False,This method is an implementation of IDesignTimeDbContextFactory.CreateDbContext.
Configure,13,jellyfin-10.11.6/src/Jellyfin.Database/Jellyfin.Database.Implementations/ModelConfiguration/UserConfiguration.cs,False,This method is an implementation of IEntityTypeConfiguration.Configure.
Apply,15,jellyfin-10.11.6/Jellyfin.Server/Filters/ParameterObsoleteFilter.cs,False,This method is an implementation of IOperationFilter.Apply.
BindModelAsync,28,jellyfin-10.11.6/Jellyfin.Api/ModelBinders/PipeDelimitedCollectionModelBinder.cs,False,This method is an implementation of IModelBinder.BindModelAsync.
Apply,23,jellyfin-10.11.6/Jellyfin.Server/Filters/FileResponseFilter.cs,False,This method is an implementation of IOperationFilter.Apply.
IsLinkLocalAddress,935,jellyfin-10.11.6/src/Jellyfin.Networking/Manager/NetworkManager.cs,True,Cascading + LLM (No Internal Calls)
GetSupportedImage,458,jellyfin-10.11.6/src/Jellyfin.Drawing/ImageProcessor.cs,True,Cascading + LLM (No Internal Calls)
GetCachePath,507,jellyfin-10.11.6/src/Jellyfin.Drawing/ImageProcessor.cs,True,Cascading + LLM (No Internal Calls)
GetPlayAccess,1055,jellyfin-10.11.6/MediaBrowser.Controller/Entities/BaseItem.cs,True,Cascading + LLM (No Internal Calls)
FilterItem,197,jellyfin-10.11.6/Jellyfin.Api/Controllers/YearsController.cs,True,Cascading + LLM (No Internal Calls)
FilterEvents,99,jellyfin-10.11.6/MediaBrowser.MediaEncoding/Subtitles/SubtitleEncoder.cs,True,Cascading + LLM (No Internal Calls)
GetItemFromSlugName,179,jellyfin-10.11.6/Jellyfin.Api/Controllers/MusicGenresController.cs,True,Cascading + LLM (No Internal Calls)
GetYearValue,71,jellyfin-10.11.6/MediaBrowser.Controller/Entities/Year.cs,True,Cascading + LLM (No Internal Calls)
GetRecordings,277,jellyfin-10.11.6/Jellyfin.Api/Controllers/LiveTvController.cs,True,Cascading + LLM (No Internal Calls)
GetRecordingsSeries,364,jellyfin-10.11.6/Jellyfin.Api/Controllers/LiveTvController.cs,True,Cascading + LLM (No Internal Calls)
GetRecordingGroups,394,jellyfin-10.11.6/Jellyfin.Api/Controllers/LiveTvController.cs,True,Cascading + LLM (No Internal Calls)
GetTimers,515,jellyfin-10.11.6/Jellyfin.Api/Controllers/LiveTvController.cs,True,Cascading + LLM (No Internal Calls)
GetSeriesTimers,896,jellyfin-10.11.6/Jellyfin.Api/Controllers/LiveTvController.cs,True,Cascading + LLM (No Internal Calls)
GetRecordingGroup,963,jellyfin-10.11.6/Jellyfin.Api/Controllers/LiveTvController.cs,True,Cascading + LLM (No Internal Calls)
GetDefaultListingProvider,1016,jellyfin-10.11.6/Jellyfin.Api/Controllers/LiveTvController.cs,True,Cascading + LLM (No Internal Calls)
GetSearchHints,82,jellyfin-10.11.6/Jellyfin.Api/Controllers/SearchController.cs,True,Cascading + LLM (No Internal Calls)
GetParentWithImage,261,jellyfin-10.11.6/Jellyfin.Api/Controllers/SearchController.cs,True,Cascading + LLM (No Internal Calls)
GetChannels,57,jellyfin-10.11.6/Jellyfin.Api/Controllers/ChannelsController.cs,True,Cascading + LLM (No Internal Calls)
SupportsFormat,1975,jellyfin-10.11.6/Jellyfin.Api/Controllers/ImageController.cs,True,Cascading + LLM (No Internal Calls)
ValidatePath,80,jellyfin-10.11.6/Jellyfin.Api/Controllers/EnvironmentController.cs,True,Cascading + LLM (No Internal Calls)
GetParentPath,164,jellyfin-10.11.6/Jellyfin.Api/Controllers/EnvironmentController.cs,True,Cascading + LLM (No Internal Calls)
GetDefaultDirectoryBrowser,193,jellyfin-10.11.6/Jellyfin.Api/Controllers/EnvironmentController.cs,True,Cascading + LLM (No Internal Calls)
GetConfiguration,225,jellyfin-10.11.6/MediaBrowser.Controller/LiveTv/LiveTvProgram.cs,True,Cascading + LLM (No Internal Calls)
SendPlaystateCommand,165,jellyfin-10.11.6/Jellyfin.Api/Controllers/SessionController.cs,True,Cascading + LLM (No Internal Calls)
ApplyPaging,378,jellyfin-10.11.6/Jellyfin.Api/Controllers/TvShowsController.cs,True,Cascading + LLM (No Internal Calls)
GetMediaStreamsForItem,142,jellyfin-10.11.6/Emby.Server.Implementations/Library/MediaSourceManager.cs,True,Cascading + LLM (No Internal Calls)
PingTimer,145,jellyfin-10.11.6/MediaBrowser.MediaEncoding/Transcoding/TranscodeManager.cs,True,Cascading + LLM (No Internal Calls)
GetTrigger,612,jellyfin-10.11.6/Emby.Server.Implementations/ScheduledTasks/ScheduledTaskWorker.cs,True,Cascading + LLM (No Internal Calls)
CreatePlaylist,77,jellyfin-10.11.6/Jellyfin.Api/Controllers/PlaylistsController.cs,True,Cascading + LLM (No Internal Calls)
UpdateUserEasyPassword,356,jellyfin-10.11.6/Jellyfin.Api/Controllers/UserController.cs,True,Cascading + LLM (No Internal Calls)
SendForceKeepAlive,261,jellyfin-10.11.6/Emby.Server.Implementations/Session/SessionWebSocketListener.cs,True,Cascading + LLM (No Internal Calls)
Validate,112,jellyfin-10.11.6/tests/Jellyfin.Api.Tests/Controllers/UserControllerTests.cs,True,Cascading + LLM (No Internal Calls)
GetSegmentPath,1927,jellyfin-10.11.6/Jellyfin.Api/Controllers/DynamicHlsController.cs,True,Cascading + LLM (No Internal Calls)
CompareSpecials,120,jellyfin-10.11.6/Emby.Server.Implementations/Sorting/AiredEpisodeOrderComparer.cs,True,Cascading + LLM (No Internal Calls)
GetLogEntries,43,jellyfin-10.11.6/Jellyfin.Api/Controllers/ActivityLogController.cs,True,Cascading + LLM (No Internal Calls)
GetItemFromSlugName,184,jellyfin-10.11.6/Jellyfin.Api/Controllers/GenresController.cs,True,Cascading + LLM (No Internal Calls)
RefreshAllMetadataForContainer,566,jellyfin-10.11.6/MediaBrowser.Controller/Entities/Folder.cs,True,Cascading + LLM (No Internal Calls)
RunTasks,622,jellyfin-10.11.6/MediaBrowser.Controller/Entities/Folder.cs,True,Cascading + LLM (No Internal Calls)
GetCachedChildren,651,jellyfin-10.11.6/MediaBrowser.Controller/Entities/Folder.cs,True,Cascading + LLM (No Internal Calls)
QueryWithPostFiltering2,750,jellyfin-10.11.6/MediaBrowser.Controller/Entities/Folder.cs,True,Cascading + LLM (No Internal Calls)
RequiresPostFiltering2,796,jellyfin-10.11.6/MediaBrowser.Controller/Entities/Folder.cs,True,Cascading + LLM (No Internal Calls)
AddChildrenFromCollection,1395,jellyfin-10.11.6/MediaBrowser.Controller/Entities/Folder.cs,True,Cascading + LLM (No Internal Calls)
GetActors,299,jellyfin-10.11.6/Jellyfin.Api/Controllers/MoviesController.cs,True,Cascading + LLM (No Internal Calls)
GetDefaultMetadataOptions,118,jellyfin-10.11.6/Jellyfin.Api/Controllers/ConfigurationController.cs,True,Cascading + LLM (No Internal Calls)
UpdateMediaEncoderPath,158,jellyfin-10.11.6/Jellyfin.Api/Controllers/ConfigurationController.cs,True,Cascading + LLM (No Internal Calls)
GetPluginPages,101,jellyfin-10.11.6/Jellyfin.Api/Controllers/DashboardController.cs,True,Cascading + LLM (No Internal Calls)
GetBitrateTestBytes,331,jellyfin-10.11.6/Jellyfin.Api/Controllers/MediaInfoController.cs,True,Cascading + LLM (No Internal Calls)
GetSeriesStatus,456,jellyfin-10.11.6/Jellyfin.Api/Controllers/ItemUpdateController.cs,True,Cascading + LLM (No Internal Calls)
NormalizeDateTime,466,jellyfin-10.11.6/Jellyfin.Api/Controllers/ItemUpdateController.cs,True,Cascading + LLM (No Internal Calls)
RefreshItemOnDemandIfNeeded,633,jellyfin-10.11.6/Jellyfin.Api/Controllers/UserLibraryController.cs,True,Cascading + LLM (No Internal Calls)
GetLibraryFolderIds,194,jellyfin-10.11.6/MediaBrowser.Controller/Entities/Movies/BoxSet.cs,True,Cascading + LLM (No Internal Calls)
GetCriticReviews,125,jellyfin-10.11.6/Jellyfin.Api/Controllers/LibraryController.cs,True,Cascading + LLM (No Internal Calls)
GetPhysicalParents,356,jellyfin-10.11.6/MediaBrowser.Controller/Entities/CollectionFolder.cs,True,Cascading + LLM (No Internal Calls)
GetUtcTime,21,jellyfin-10.11.6/Jellyfin.Api/Controllers/TimeSyncController.cs,True,Cascading + LLM (No Internal Calls)
GetChannelInfo,109,jellyfin-10.11.6/src/Jellyfin.LiveTv/TunerHosts/M3uParser.cs,True,Cascading Analysis
ShouldCancelTimerForSeriesTimer,644,jellyfin-10.11.6/src/Jellyfin.LiveTv/DefaultLiveTvService.cs,True,Cascading Analysis
BuildSquareCollage,73,jellyfin-10.11.6/src/Jellyfin.Drawing.Skia/StripCollageBuilder.cs,True,Cascading Analysis
BuildVideoItemSimpleTest,371,jellyfin-10.11.6/tests/Jellyfin.Model.Tests/Dlna/StreamBuilderTests.cs,True,Cascading Analysis
AddImages,819,jellyfin-10.11.6/MediaBrowser.XbmcMetadata/Savers/BaseNfoSaver.cs,True,Cascading Analysis
AddActors,905,jellyfin-10.11.6/MediaBrowser.XbmcMetadata/Savers/BaseNfoSaver.cs,True,Cascading Analysis
FetchFromRatingsNode,897,jellyfin-10.11.6/MediaBrowser.XbmcMetadata/Parsers/BaseNfoParser.cs,True,Cascading Analysis
ApplyQueryFilter,461,jellyfin-10.11.6/Jellyfin.Server.Implementations/Item/BaseItemRepository.cs,True,Cascading Analysis
ReadFromDictNode,428,jellyfin-10.11.6/MediaBrowser.MediaEncoding/Probing/ProbeResultNormalizer.cs,True,Cascading Analysis
FetchStudios,1461,jellyfin-10.11.6/MediaBrowser.MediaEncoding/Probing/ProbeResultNormalizer.cs,True,Cascading Analysis
FetchGenres,1500,jellyfin-10.11.6/MediaBrowser.MediaEncoding/Probing/ProbeResultNormalizer.cs,True,Cascading Analysis
SetAlbumArtistFromSongs,106,jellyfin-10.11.6/MediaBrowser.Providers/Music/AlbumMetadataService.cs,True,Cascading Analysis
SetAlbumFromSongs,148,jellyfin-10.11.6/MediaBrowser.Providers/Music/AlbumMetadataService.cs,True,Cascading Analysis
CheckOrCreateMarker,108,jellyfin-10.11.6/Emby.Server.Implementations/AppBase/BaseApplicationPaths.cs,True,Cascading Analysis
FindExtraAndAlternativeFiles,67,jellyfin-10.11.6/Emby.Naming/AudioBook/AudioBookListResolver.cs,True,Cascading Analysis
FindMatch,153,jellyfin-10.11.6/MediaBrowser.Providers/Plugins/StudioImages/StudiosImageProvider.cs,True,Cascading Analysis
FetchFromCollectionItemsNode,52,jellyfin-10.11.6/MediaBrowser.LocalMetadata/Parsers/BoxSetXmlParser.cs,True,Cascading Analysis
GetOption,198,jellyfin-10.11.6/MediaBrowser.Controller/MediaEncoding/BaseEncodingJobOptions.cs,True,Cascading Analysis
GetVideoBitrateParamValue,2563,jellyfin-10.11.6/MediaBrowser.Controller/MediaEncoding/EncodingHelper.cs,True,Cascading Analysis
GetAudioBitrateParam,2669,jellyfin-10.11.6/MediaBrowser.Controller/MediaEncoding/EncodingHelper.cs,True,Cascading Analysis
FetchFromSharesNode,514,jellyfin-10.11.6/MediaBrowser.LocalMetadata/Parsers/BaseItemXmlParser.cs,True,Cascading Analysis
Set3DFormat,240,jellyfin-10.11.6/Emby.Server.Implementations/Library/Resolvers/BaseVideoResolver.cs,True,Cascading Analysis
FetchFromCollectionItemsNode,64,jellyfin-10.11.6/MediaBrowser.LocalMetadata/Parsers/PlaylistXmlParser.cs,True,Cascading Analysis
GetFirstMusicBrainzId,507,jellyfin-10.11.6/MediaBrowser.Providers/MediaInfo/AudioFileProber.cs,True,Cascading Analysis
SaveImageStub,645,jellyfin-10.11.6/MediaBrowser.Providers/Manager/ItemImageProvider.cs,True,Cascading Analysis
GetOption,848,jellyfin-10.11.6/MediaBrowser.Model/Dlna/StreamInfo.cs,True,Cascading Analysis
GetTargetVideoBitDepth,1287,jellyfin-10.11.6/MediaBrowser.Model/Dlna/StreamInfo.cs,True,Cascading Analysis
GetTargetAudioBitDepth,1304,jellyfin-10.11.6/MediaBrowser.Model/Dlna/StreamInfo.cs,True,Cascading Analysis
GetTargetVideoLevel,1321,jellyfin-10.11.6/MediaBrowser.Model/Dlna/StreamInfo.cs,True,Cascading Analysis
GetTargetRefFrames,1338,jellyfin-10.11.6/MediaBrowser.Model/Dlna/StreamInfo.cs,True,Cascading Analysis
GetCachePath,485,jellyfin-10.11.6/src/Jellyfin.Drawing/ImageProcessor.cs,True,Cascading + LLM (With Internal Calls)
GetPosterUrl,529,jellyfin-10.11.6/MediaBrowser.Providers/Plugins/Tmdb/TmdbClientManager.cs,True,Cascading + LLM (With Internal Calls)
GetProfileUrl,539,jellyfin-10.11.6/MediaBrowser.Providers/Plugins/Tmdb/TmdbClientManager.cs,True,Cascading + LLM (With Internal Calls)
GetClientSupportedFormats,1929,jellyfin-10.11.6/Jellyfin.Api/Controllers/ImageController.cs,True,Cascading + LLM (With Internal Calls)
Compare,53,jellyfin-10.11.6/Emby.Server.Implementations/Sorting/AiredEpisodeOrderComparer.cs,True,Cascading + LLM (With Internal Calls)
ValidateSubFolders,605,jellyfin-10.11.6/MediaBrowser.Controller/Entities/Folder.cs,True,Cascading + LLM (With Internal Calls)
GetConfigPages,96,jellyfin-10.11.6/Jellyfin.Api/Controllers/DashboardController.cs,True,Cascading + LLM (With Internal Calls)
FetchFromItunesInfo,365,jellyfin-10.11.6/MediaBrowser.MediaEncoding/Probing/ProbeResultNormalizer.cs,True,Cascading Analysis
GetCacheFilePath,255,jellyfin-10.11.6/src/Jellyfin.Drawing/ImageProcessor.cs,True,Cascading + LLM (With Internal Calls)
GetOutputFormats,1919,jellyfin-10.11.6/Jellyfin.Api/Controllers/ImageController.cs,True,Cascading + LLM (With Internal Calls)
MoveDirectory_DifferentFileSystem_Correct,29,jellyfin-10.11.6/tests/Jellyfin.Server.Implementations.Tests/IO/ManagedFileSystemTests.cs,False,Cascading Analysis
Parse,39,jellyfin-10.11.6/src/Jellyfin.LiveTv/TunerHosts/M3uParser.cs,False,Cascading Analysis
RestartTimers,32,jellyfin-10.11.6/src/Jellyfin.LiveTv/Timers/TimerManager.cs,False,Cascading Analysis
AddOrUpdate,64,jellyfin-10.11.6/src/Jellyfin.LiveTv/Timers/TimerManager.cs,False,Cascading Analysis
RefreshSeriesTimers,78,jellyfin-10.11.6/src/Jellyfin.LiveTv/DefaultLiveTvService.cs,False,Cascading Analysis
GetProgramInfoFromCache,616,jellyfin-10.11.6/src/Jellyfin.LiveTv/DefaultLiveTvService.cs,False,Cascading Analysis
SearchForDuplicateShowIds,681,jellyfin-10.11.6/src/Jellyfin.LiveTv/DefaultLiveTvService.cs,False,Cascading Analysis
CopyProgramInfoToTimerInfo,886,jellyfin-10.11.6/src/Jellyfin.LiveTv/DefaultLiveTvService.cs,False,Cascading Analysis
BuildThumbCollage,89,jellyfin-10.11.6/src/Jellyfin.Drawing.Skia/StripCollageBuilder.cs,False,Cascading Analysis
GenerateSplash,41,jellyfin-10.11.6/src/Jellyfin.Drawing.Skia/SplashscreenBuilder.cs,False,Cascading Analysis
ReadEpisodeDetailsFromXml,177,jellyfin-10.11.6/MediaBrowser.XbmcMetadata/Parsers/EpisodeNfoParser.cs,False,Cascading Analysis
FetchFromFileInfoNode,724,jellyfin-10.11.6/MediaBrowser.XbmcMetadata/Parsers/BaseNfoParser.cs,False,Cascading Analysis
FetchFromStreamDetailsNode,757,jellyfin-10.11.6/MediaBrowser.XbmcMetadata/Parsers/BaseNfoParser.cs,False,Cascading Analysis
Fetch,59,jellyfin-10.11.6/MediaBrowser.Providers/Plugins/Omdb/OmdbProvider.cs,False,Cascading Analysis
FetchEpisodeData,132,jellyfin-10.11.6/MediaBrowser.Providers/Plugins/Omdb/OmdbProvider.cs,False,Cascading Analysis
GetImdbId,242,jellyfin-10.11.6/MediaBrowser.Providers/Plugins/Omdb/OmdbItemProvider.cs,False,Cascading Analysis
Fetch,71,jellyfin-10.11.6/MediaBrowser.Providers/Playlists/PlaylistItemsProvider.cs,False,Cascading Analysis
GetPlsItems,136,jellyfin-10.11.6/MediaBrowser.Providers/Playlists/PlaylistItemsProvider.cs,False,Cascading Analysis
GetM3uItems,146,jellyfin-10.11.6/MediaBrowser.Providers/Playlists/PlaylistItemsProvider.cs,False,Cascading Analysis
GetZplItems,156,jellyfin-10.11.6/MediaBrowser.Providers/Playlists/PlaylistItemsProvider.cs,False,Cascading Analysis
GetWplItems,166,jellyfin-10.11.6/MediaBrowser.Providers/Playlists/PlaylistItemsProvider.cs,False,Cascading Analysis
AddMetadata,276,jellyfin-10.11.6/src/Jellyfin.LiveTv/Listings/ListingsManager.cs,False,Cascading Analysis
GetImages,149,jellyfin-10.11.6/MediaBrowser.LocalMetadata/Images/LocalImageProvider.cs,False,Cascading Analysis
PopulateImages,175,jellyfin-10.11.6/MediaBrowser.LocalMetadata/Images/LocalImageProvider.cs,False,Cascading Analysis
PopulatePrimaryImages,258,jellyfin-10.11.6/MediaBrowser.LocalMetadata/Images/LocalImageProvider.cs,False,Cascading Analysis
PopulateBackdrops,314,jellyfin-10.11.6/MediaBrowser.LocalMetadata/Images/LocalImageProvider.cs,False,Cascading Analysis
PopulateBackdrops,358,jellyfin-10.11.6/MediaBrowser.LocalMetadata/Images/LocalImageProvider.cs,False,Cascading Analysis
PopulateSeasonImagesFromSeriesFolder,403,jellyfin-10.11.6/MediaBrowser.LocalMetadata/Images/LocalImageProvider.cs,False,Cascading Analysis
AddImage,439,jellyfin-10.11.6/MediaBrowser.LocalMetadata/Images/LocalImageProvider.cs,False,Cascading Analysis
Run,41,jellyfin-10.11.6/src/Jellyfin.LiveTv/Channels/ChannelPostScanTask.cs,False,Cascading Analysis
GetService,156,jellyfin-10.11.6/src/Jellyfin.LiveTv/LiveTvManager.cs,False,Cascading Analysis
GetEmbyRecordingsAsync,428,jellyfin-10.11.6/src/Jellyfin.LiveTv/LiveTvManager.cs,False,Cascading Analysis
GetAuthorization,65,jellyfin-10.11.6/Jellyfin.Server.Implementations/Security/AuthorizationContext.cs,False,Cascading Analysis
GetMediaInfo,97,jellyfin-10.11.6/MediaBrowser.MediaEncoding/Probing/ProbeResultNormalizer.cs,False,Cascading Analysis
SetAudioInfoFromTags,1267,jellyfin-10.11.6/MediaBrowser.MediaEncoding/Probing/ProbeResultNormalizer.cs,False,Cascading Analysis
AddMediaInfoWithProbe,186,jellyfin-10.11.6/Emby.Server.Implementations/Library/LiveStreamHelper.cs,False,Cascading Analysis
GetDictionary,418,jellyfin-10.11.6/Emby.Server.Implementations/Localization/LocalizationManager.cs,False,Cascading Analysis
ResolveMultipleInternal,188,jellyfin-10.11.6/Emby.Server.Implementations/Library/Resolvers/Movies/MovieResolver.cs,False,Cascading Analysis
GetMetadataPaths,556,jellyfin-10.11.6/Emby.Server.Implementations/Library/LibraryManager.cs,False,Cascading Analysis
SetTopParentOrAncestorIds,1605,jellyfin-10.11.6/Emby.Server.Implementations/Library/LibraryManager.cs,False,Cascading Analysis
SetTopParentIdsOrAncestors,1673,jellyfin-10.11.6/Emby.Server.Implementations/Library/LibraryManager.cs,False,Cascading Analysis
AddUserToQuery,1701,jellyfin-10.11.6/Emby.Server.Implementations/Library/LibraryManager.cs,False,Cascading Analysis
GetTopParentIdsForQuery,1728,jellyfin-10.11.6/Emby.Server.Implementations/Library/LibraryManager.cs,False,Cascading Analysis
GetConfiguredContentType,2360,jellyfin-10.11.6/Emby.Server.Implementations/Library/LibraryManager.cs,False,Cascading Analysis
GetTopFolderContentType,2384,jellyfin-10.11.6/Emby.Server.Implementations/Library/LibraryManager.cs,False,Cascading Analysis
StartScanInBackground,3171,jellyfin-10.11.6/Emby.Server.Implementations/Library/LibraryManager.cs,False,Cascading Analysis
SyncLibraryOptionsToLocations,3232,jellyfin-10.11.6/Emby.Server.Implementations/Library/LibraryManager.cs,False,Cascading Analysis
GetCollections,123,jellyfin-10.11.6/Emby.Server.Implementations/Collections/CollectionManager.cs,False,Cascading Analysis
Map,172,jellyfin-10.11.6/Jellyfin.Server.Implementations/Item/MediaStreamRepository.cs,False,Cascading Analysis
GetInstantMixFromSong,29,jellyfin-10.11.6/Emby.Server.Implementations/Library/MusicManager.cs,False,Cascading Analysis
GetInstantMixFromAlbum,42,jellyfin-10.11.6/Emby.Server.Implementations/Library/MusicManager.cs,False,Cascading Analysis
GetInstantMixFromFolder,47,jellyfin-10.11.6/Emby.Server.Implementations/Library/MusicManager.cs,False,Cascading Analysis
GetInstantMixFromPlaylist,66,jellyfin-10.11.6/Emby.Server.Implementations/Library/MusicManager.cs,False,Cascading Analysis
UpdatePlaylistInternal,650,jellyfin-10.11.6/Emby.Server.Implementations/Playlists/PlaylistManager.cs,False,Cascading Analysis
FillAdditional,213,jellyfin-10.11.6/Emby.Naming/TV/EpisodePathParser.cs,False,Cascading Analysis
IsMusicAlbum,90,jellyfin-10.11.6/Emby.Server.Implementations/Library/Resolvers/Audio/MusicAlbumResolver.cs,False,Cascading Analysis
InternalGetRemoteLyricsAsync,325,jellyfin-10.11.6/MediaBrowser.Providers/Lyric/LyricManager.cs,False,Cascading Analysis
CreateThumbCollage,130,jellyfin-10.11.6/Emby.Server.Implementations/Images/BaseDynamicImageProvider.cs,False,Cascading Analysis
CreatePosterCollage,168,jellyfin-10.11.6/Emby.Server.Implementations/Images/BaseDynamicImageProvider.cs,False,Cascading Analysis
CreateSquareCollage,173,jellyfin-10.11.6/Emby.Server.Implementations/Images/BaseDynamicImageProvider.cs,False,Cascading Analysis
CreateThumbCollage,178,jellyfin-10.11.6/Emby.Server.Implementations/Images/BaseDynamicImageProvider.cs,False,Cascading Analysis
RemoveObsoleteEpisodes,147,jellyfin-10.11.6/MediaBrowser.Providers/TV/SeriesMetadataService.cs,False,Cascading Analysis
CreateSeasonsAsync,211,jellyfin-10.11.6/MediaBrowser.Providers/TV/SeriesMetadataService.cs,False,Cascading Analysis
AppendPlaylist,326,jellyfin-10.11.6/Jellyfin.Api/Helpers/DynamicHlsHelper.cs,False,Cascading Analysis
AppendPlaylistCodecsField,408,jellyfin-10.11.6/Jellyfin.Api/Helpers/DynamicHlsHelper.cs,False,Cascading Analysis
GetNextUpEpisodes,111,jellyfin-10.11.6/Emby.Server.Implementations/TV/TVSeriesManager.cs,False,Cascading Analysis
GetBitmap,419,jellyfin-10.11.6/src/Jellyfin.Drawing.Skia/SkiaEncoder.cs,False,Cascading Analysis
ResolveMultipleInternal,59,jellyfin-10.11.6/Emby.Server.Implementations/Library/Resolvers/Audio/AudioResolver.cs,False,Cascading Analysis
GetMovieFolders,134,jellyfin-10.11.6/MediaBrowser.Controller/Entities/UserViewBuilder.cs,False,Cascading Analysis
GetTvView,286,jellyfin-10.11.6/MediaBrowser.Controller/Entities/UserViewBuilder.cs,False,Cascading Analysis
GetFileSystemEntryByName,186,jellyfin-10.11.6/MediaBrowser.Controller/Library/ItemResolveArgs.cs,False,Cascading Analysis
ContainsFileSystemEntryByName,219,jellyfin-10.11.6/MediaBrowser.Controller/Library/ItemResolveArgs.cs,False,Cascading Analysis
GetImageTags,578,jellyfin-10.11.6/Emby.Server.Implementations/Dto/DtoService.cs,False,Cascading Analysis
GetTagAndFillBlurhash,747,jellyfin-10.11.6/Emby.Server.Implementations/Dto/DtoService.cs,False,Cascading Analysis
GetTagsAndFillBlurhashes,782,jellyfin-10.11.6/Emby.Server.Implementations/Dto/DtoService.cs,False,Cascading Analysis
GetTagsAndFillBlurhashes,787,jellyfin-10.11.6/Emby.Server.Implementations/Dto/DtoService.cs,False,Cascading Analysis
AddInheritedImages,1364,jellyfin-10.11.6/Emby.Server.Implementations/Dto/DtoService.cs,False,Cascading Analysis
AttachPrimaryImageAspectRatio,1474,jellyfin-10.11.6/Emby.Server.Implementations/Dto/DtoService.cs,False,Cascading Analysis
GetPlaylist,79,jellyfin-10.11.6/MediaBrowser.Controller/SyncPlay/Queue/PlayQueueManager.cs,False,Cascading Analysis
GetPlayingItemPlaylistId,227,jellyfin-10.11.6/MediaBrowser.Controller/SyncPlay/Queue/PlayQueueManager.cs,False,Cascading Analysis
GetPlayingItemId,237,jellyfin-10.11.6/MediaBrowser.Controller/SyncPlay/Queue/PlayQueueManager.cs,False,Cascading Analysis
SetShuffleMode,379,jellyfin-10.11.6/MediaBrowser.Controller/SyncPlay/Queue/PlayQueueManager.cs,False,Cascading Analysis
GetVideoEncoder,452,jellyfin-10.11.6/MediaBrowser.Controller/MediaEncoding/EncodingHelper.cs,False,Cascading Analysis
GetQsvDeviceArgs,919,jellyfin-10.11.6/MediaBrowser.Controller/MediaEncoding/EncodingHelper.cs,False,Cascading Analysis
IsDoviRemoved,1436,jellyfin-10.11.6/MediaBrowser.Controller/MediaEncoding/EncodingHelper.cs,False,Cascading Analysis
IsHdr10PlusRemoved,1442,jellyfin-10.11.6/MediaBrowser.Controller/MediaEncoding/EncodingHelper.cs,False,Cascading Analysis
GetAudioBitStreamArguments,1518,jellyfin-10.11.6/MediaBrowser.Controller/MediaEncoding/EncodingHelper.cs,False,Cascading Analysis
CanStreamCopyVideo,2295,jellyfin-10.11.6/MediaBrowser.Controller/MediaEncoding/EncodingHelper.cs,False,Cascading Analysis
SaveImage,84,jellyfin-10.11.6/MediaBrowser.Providers/Manager/ImageSaver.cs,False,Cascading Analysis
SaveImage,225,jellyfin-10.11.6/MediaBrowser.Providers/Manager/ImageSaver.cs,False,Cascading Analysis
Fetch,95,jellyfin-10.11.6/MediaBrowser.LocalMetadata/Parsers/BaseItemXmlParser.cs,False,Cascading Analysis
SetVideoType,139,jellyfin-10.11.6/Emby.Server.Implementations/Library/Resolvers/BaseVideoResolver.cs,False,Cascading Analysis
TryGetSanitizedAdditionalFields,534,jellyfin-10.11.6/MediaBrowser.Providers/MediaInfo/AudioFileProber.cs,False,Cascading Analysis
TryGetSanitizedUFIDFields,541,jellyfin-10.11.6/MediaBrowser.Providers/MediaInfo/AudioFileProber.cs,False,Cascading Analysis
CheckSupportedProberOption,572,jellyfin-10.11.6/MediaBrowser.MediaEncoding/Encoder/EncoderValidator.cs,False,Cascading Analysis
RemoveImages,74,jellyfin-10.11.6/MediaBrowser.Providers/Manager/ItemImageProvider.cs,False,Cascading Analysis
ValidateImages,112,jellyfin-10.11.6/MediaBrowser.Providers/Manager/ItemImageProvider.cs,False,Cascading Analysis
RefreshImages,141,jellyfin-10.11.6/MediaBrowser.Providers/Manager/ItemImageProvider.cs,False,Cascading Analysis
GetLimit,350,jellyfin-10.11.6/MediaBrowser.Model/Configuration/TypeOptions.cs,False,Cascading Analysis
GetMinWidth,355,jellyfin-10.11.6/MediaBrowser.Model/Configuration/TypeOptions.cs,False,Cascading Analysis
IsEnabled,360,jellyfin-10.11.6/MediaBrowser.Model/Configuration/TypeOptions.cs,False,Cascading Analysis
ContainsAnyCodec,77,jellyfin-10.11.6/MediaBrowser.Model/Dlna/CodecProfile.cs,False,Cascading Analysis
GetOptimalAudioStream,51,jellyfin-10.11.6/MediaBrowser.Model/Dlna/StreamBuilder.cs,False,Cascading Analysis
SetOption,820,jellyfin-10.11.6/MediaBrowser.Model/Dlna/StreamInfo.cs,False,Cascading Analysis
GetSubtitleProfiles,1155,jellyfin-10.11.6/MediaBrowser.Model/Dlna/StreamInfo.cs,False,Cascading Analysis
DownloadSubtitles,32,jellyfin-10.11.6/MediaBrowser.Providers/MediaInfo/SubtitleDownloader.cs,False,Cascading Analysis
DownloadSubtitles,69,jellyfin-10.11.6/MediaBrowser.Providers/MediaInfo/SubtitleDownloader.cs,False,Cascading Analysis
GetDeviceId,85,jellyfin-10.11.6/Emby.Server.Implementations/Devices/DeviceId.cs,False,Cascading Analysis
GetInstalledChannelIds,146,jellyfin-10.11.6/src/Jellyfin.LiveTv/Channels/ChannelManager.cs,False,Cascading + LLM (With Internal Calls)
GetAllChannelEntitiesAsync,323,jellyfin-10.11.6/src/Jellyfin.LiveTv/Channels/ChannelManager.cs,False,Cascading + LLM (With Internal Calls)
GetDynamicMediaSources,389,jellyfin-10.11.6/src/Jellyfin.LiveTv/Channels/ChannelManager.cs,False,Cascading + LLM (With Internal Calls)
RefreshLatestChannelItems,660,jellyfin-10.11.6/src/Jellyfin.LiveTv/Channels/ChannelManager.cs,False,Cascading + LLM (With Internal Calls)
GetOutputFormat,224,jellyfin-10.11.6/src/Jellyfin.Drawing/ImageProcessor.cs,False,Cascading + LLM (With Internal Calls)
GetResultsFromResponse,100,jellyfin-10.11.6/MediaBrowser.Providers/Plugins/MusicBrainz/MusicBrainzArtistProvider.cs,False,Cascading + LLM (With Internal Calls)
GetReleaseSearchResult,118,jellyfin-10.11.6/MediaBrowser.Providers/Plugins/MusicBrainz/MusicBrainzAlbumProvider.cs,False,Cascading + LLM (With Internal Calls)
CanDelete,863,jellyfin-10.11.6/MediaBrowser.Controller/Entities/BaseItem.cs,False,Cascading + LLM (With Internal Calls)
CanDownload,885,jellyfin-10.11.6/MediaBrowser.Controller/Entities/BaseItem.cs,False,Cascading + LLM (With Internal Calls)
GetParents,1019,jellyfin-10.11.6/MediaBrowser.Controller/Entities/BaseItem.cs,False,Cascading + LLM (With Internal Calls)
FindParent,1036,jellyfin-10.11.6/MediaBrowser.Controller/Entities/BaseItem.cs,False,Cascading + LLM (With Internal Calls)
GetSubtitleStream,156,jellyfin-10.11.6/MediaBrowser.MediaEncoding/Subtitles/SubtitleEncoder.cs,False,Cascading + LLM (With Internal Calls)
GetManageableItems,159,jellyfin-10.11.6/MediaBrowser.Controller/Playlists/Playlist.cs,False,Cascading + LLM (With Internal Calls)
GetPlayableItems,164,jellyfin-10.11.6/MediaBrowser.Controller/Playlists/Playlist.cs,False,Cascading + LLM (With Internal Calls)
GetMusicArtist,69,jellyfin-10.11.6/MediaBrowser.Controller/Entities/Audio/MusicAlbum.cs,False,Cascading + LLM (With Internal Calls)
RefreshArtists,206,jellyfin-10.11.6/MediaBrowser.Controller/Entities/Audio/MusicAlbum.cs,False,Cascading + LLM (With Internal Calls)
SearchMovieAsync,442,jellyfin-10.11.6/MediaBrowser.Providers/Plugins/Tmdb/TmdbClientManager.cs,False,Cascading + LLM (With Internal Calls)
CheckTunerAvailability,49,jellyfin-10.11.6/src/Jellyfin.LiveTv/TunerHosts/HdHomerun/HdHomerunManager.cs,False,Cascading + LLM (With Internal Calls)
InitializeServices,590,jellyfin-10.11.6/Emby.Server.Implementations/ApplicationHost.cs,False,Cascading + LLM (With Internal Calls)
Stop,57,jellyfin-10.11.6/MediaBrowser.Controller/MediaEncoding/TranscodingSegmentCleaner.cs,False,Cascading + LLM (With Internal Calls)
GetAttachmentStream,225,jellyfin-10.11.6/MediaBrowser.MediaEncoding/Attachments/AttachmentExtractor.cs,False,Cascading + LLM (With Internal Calls)
SetDefaultSubtitleStreamIndex,393,jellyfin-10.11.6/Emby.Server.Implementations/Library/MediaSourceManager.cs,False,Cascading + LLM (With Internal Calls)
SetDefaultAudioStreamIndex,426,jellyfin-10.11.6/Emby.Server.Implementations/Library/MediaSourceManager.cs,False,Cascading + LLM (With Internal Calls)
StartWatching,141,jellyfin-10.11.6/Emby.Server.Implementations/IO/LibraryMonitor.cs,False,Cascading + LLM (With Internal Calls)
StopWatchingPath,270,jellyfin-10.11.6/Emby.Server.Implementations/IO/LibraryMonitor.cs,False,Cascading + LLM (With Internal Calls)
LoadTriggers,439,jellyfin-10.11.6/Emby.Server.Implementations/ScheduledTasks/ScheduledTaskWorker.cs,False,Cascading + LLM (With Internal Calls)
OnTaskCompleted,228,jellyfin-10.11.6/Emby.Server.Implementations/ScheduledTasks/TaskManager.cs,False,Cascading + LLM (With Internal Calls)
GetUsers,94,jellyfin-10.11.6/Jellyfin.Api/Controllers/UserController.cs,False,Cascading + LLM (With Internal Calls)
GetVariantHlsVideoPlaylist,758,jellyfin-10.11.6/Jellyfin.Api/Controllers/DynamicHlsController.cs,False,Cascading + LLM (With Internal Calls)
GetVariantHlsAudioPlaylist,930,jellyfin-10.11.6/Jellyfin.Api/Controllers/DynamicHlsController.cs,False,Cascading + LLM (With Internal Calls)
GetHlsVideoSegment,1106,jellyfin-10.11.6/Jellyfin.Api/Controllers/DynamicHlsController.cs,False,Cascading + LLM (With Internal Calls)
GetHlsAudioSegment,1291,jellyfin-10.11.6/Jellyfin.Api/Controllers/DynamicHlsController.cs,False,Cascading + LLM (With Internal Calls)
ValidateChildren,274,jellyfin-10.11.6/MediaBrowser.Controller/Entities/Folder.cs,False,Cascading + LLM (With Internal Calls)
RefreshMetadataRecursive,557,jellyfin-10.11.6/MediaBrowser.Controller/Entities/Folder.cs,False,Cascading + LLM (With Internal Calls)
GetItems,915,jellyfin-10.11.6/MediaBrowser.Controller/Entities/Folder.cs,False,Cascading + LLM (With Internal Calls)
GetItemList,932,jellyfin-10.11.6/MediaBrowser.Controller/Entities/Folder.cs,False,Cascading + LLM (With Internal Calls)
GetRecursiveChildren,1449,jellyfin-10.11.6/MediaBrowser.Controller/Entities/Folder.cs,False,Cascading + LLM (With Internal Calls)
GetRecursiveChildren,1454,jellyfin-10.11.6/MediaBrowser.Controller/Entities/Folder.cs,False,Cascading + LLM (With Internal Calls)
GetRecursiveChildren,1459,jellyfin-10.11.6/MediaBrowser.Controller/Entities/Folder.cs,False,Cascading + LLM (With Internal Calls)
GetRecursiveChildren,1464,jellyfin-10.11.6/MediaBrowser.Controller/Entities/Folder.cs,False,Cascading + LLM (With Internal Calls)
GetInstantMixFromArtists2,329,jellyfin-10.11.6/Jellyfin.Api/Controllers/InstantMixController.cs,False,Cascading + LLM (With Internal Calls)
UpdateNowPlayingItem,385,jellyfin-10.11.6/Emby.Server.Implementations/Session/SessionManager.cs,False,Cascading + LLM (With Internal Calls)
RemoveNowPlayingItem,474,jellyfin-10.11.6/Emby.Server.Implementations/Session/SessionManager.cs,False,Cascading + LLM (With Internal Calls)
FlattenItems,212,jellyfin-10.11.6/MediaBrowser.Controller/Entities/Movies/BoxSet.cs,False,Cascading + LLM (With Internal Calls)
FlattenItems,218,jellyfin-10.11.6/MediaBrowser.Controller/Entities/Movies/BoxSet.cs,False,Cascading + LLM (With Internal Calls)
GetEpisodes,197,jellyfin-10.11.6/MediaBrowser.Controller/Entities/TV/Season.cs,False,Cascading + LLM (With Internal Calls)
GetSeasons,198,jellyfin-10.11.6/MediaBrowser.Controller/Entities/TV/Series.cs,False,Cascading + LLM (With Internal Calls)
GetSeasonEpisodes,414,jellyfin-10.11.6/MediaBrowser.Controller/Entities/TV/Series.cs,False,Cascading + LLM (With Internal Calls)
GetAdditionalParts,398,jellyfin-10.11.6/MediaBrowser.Controller/Entities/Video.cs,False,Cascading + LLM (With Internal Calls)
GetVideoStreamByContainer,557,jellyfin-10.11.6/Jellyfin.Api/Controllers/VideosController.cs,False,Cascading + LLM (With Internal Calls)
Stop,76,jellyfin-10.11.6/MediaBrowser.Controller/MediaEncoding/TranscodingThrottler.cs,False,Cascading + LLM (With Internal Calls)
GetActualChildren,329,jellyfin-10.11.6/MediaBrowser.Controller/Entities/CollectionFolder.cs,False,Cascading + LLM (With Internal Calls)
GetPhysicalFolders,334,jellyfin-10.11.6/MediaBrowser.Controller/Entities/CollectionFolder.cs,False,Cascading + LLM (With Internal Calls)
ChangePluginState,513,jellyfin-10.11.6/Emby.Server.Implementations/Plugins/PluginManager.cs,False,Cascading + LLM (With Internal Calls)
