method_name,line_number,file_name,to_static,reasoning
NavigationTest,38,Files-4.0.24/tests/Files.InteractionTests/Tests/FolderTests.cs,True,Direct Analysis
CreateFolderTest,51,Files-4.0.24/tests/Files.InteractionTests/Tests/FolderTests.cs,True,Direct Analysis
RenameFolderTest,86,Files-4.0.24/tests/Files.InteractionTests/Tests/FolderTests.cs,True,Direct Analysis
CopyPasteFolderTest,106,Files-4.0.24/tests/Files.InteractionTests/Tests/FolderTests.cs,True,Direct Analysis
DeleteFolderTest,124,Files-4.0.24/tests/Files.InteractionTests/Tests/FolderTests.cs,True,Direct Analysis
MarshalToSecureString,98,Files-4.0.24/src/Files.App/Utils/Storage/StorageBaseItems/StorageCredential.cs,True,Direct Analysis
IsTagQuery,187,Files-4.0.24/src/Files.App/Utils/Storage/Search/FolderSearch.cs,True,Direct Analysis
MatchesTagExpression,233,Files-4.0.24/src/Files.App/Utils/Storage/Search/FolderSearch.cs,True,Direct Analysis
SetTags,19,Files-4.0.24/src/Files.App/Utils/FileTags/FileTagsDatabase.cs,True,Direct Analysis
FindTag,53,Files-4.0.24/src/Files.App/Utils/FileTags/FileTagsDatabase.cs,True,Direct Analysis
Import,196,Files-4.0.24/src/Files.App/Utils/FileTags/FileTagsDatabase.cs,True,Direct Analysis
RestoreAllTrashesInternal,101,Files-4.0.24/src/Files.App/Services/Storage/StorageTrashBinService.cs,True,Direct Analysis
GetSettingsService,100,Files-4.0.24/src/Files.App/Services/Settings/UserSettingsService.cs,True,Direct Analysis
DetectTrackSelectionSetting,69,Files-4.0.24/src/Files.App/Services/PreviewPopupProviders/SeerProProvider.cs,True,Direct Analysis
DoPreviewAsync,24,Files-4.0.24/src/Files.App/Services/PreviewPopupProviders/PowerToysPeekProvider.cs,True,Direct Analysis
UntagAllFiles,166,Files-4.0.24/src/Files.App/Services/Settings/FileTagsSettingsService.cs,True,Direct Analysis
GetChangedActionEventArgs,298,Files-4.0.24/src/Files.App/Services/Windows/WindowsRecentItemsService.cs,True,Direct Analysis
LoadIconForLocationItemAsync,119,Files-4.0.24/src/Files.App/Data/Models/PinnedFoldersManager.cs,True,Direct Analysis
LoadDefaultIconForLocationItemAsync,141,Files-4.0.24/src/Files.App/Data/Models/PinnedFoldersManager.cs,True,Direct Analysis
AddFolder,128,Files-4.0.24/src/Files.App/Services/Windows/WindowsJumpListService.cs,True,Direct Analysis
ResetAll,73,Files-4.0.24/src/Files.App/Helpers/Layout/LayoutPreferencesDatabase.cs,True,Direct Analysis
Import,78,Files-4.0.24/src/Files.App/Helpers/Layout/LayoutPreferencesDatabase.cs,True,Direct Analysis
FindPreferences,138,Files-4.0.24/src/Files.App/Helpers/Layout/LayoutPreferencesDatabase.cs,True,Direct Analysis
Delay,24,Files-4.0.24/src/Files.Shared/Helpers/AsyncManualResetEvent.cs,True,Direct Analysis
GetPreferences,15,Files-4.0.24/src/Files.App/Helpers/Layout/LayoutPreferencesDatabaseManager.cs,True,Direct Analysis
SetPreferences,20,Files-4.0.24/src/Files.App/Helpers/Layout/LayoutPreferencesDatabaseManager.cs,True,Direct Analysis
ResetAll,25,Files-4.0.24/src/Files.App/Helpers/Layout/LayoutPreferencesDatabaseManager.cs,True,Direct Analysis
Import,30,Files-4.0.24/src/Files.App/Helpers/Layout/LayoutPreferencesDatabaseManager.cs,True,Direct Analysis
Export,35,Files-4.0.24/src/Files.App/Helpers/Layout/LayoutPreferencesDatabaseManager.cs,True,Direct Analysis
Cleanup,15,Files-4.0.24/tests/Files.InteractionTests/Tests/FolderTests.cs,False,Direct Analysis
TestFolders,22,Files-4.0.24/tests/Files.InteractionTests/Tests/FolderTests.cs,False,Direct Analysis
BreadcrumbBar1_ItemClicked,45,Files-4.0.24/tests/Files.App.UITests/Views/BreadcrumbBarPage.xaml.cs,False,Direct Analysis
BreadcrumbBar1_ItemDropDownFlyoutOpening,59,Files-4.0.24/tests/Files.App.UITests/Views/BreadcrumbBarPage.xaml.cs,False,Direct Analysis
BreadcrumbBar1_ItemDropDownFlyoutClosed,66,Files-4.0.24/tests/Files.App.UITests/Views/BreadcrumbBarPage.xaml.cs,False,Direct Analysis
OnIsRTLEnabledChanged,71,Files-4.0.24/tests/Files.App.UITests/Views/BreadcrumbBarPage.xaml.cs,False,Direct Analysis
Log,32,Files-4.0.24/src/Files.Shared/Utils/Logger/FileLogger.cs,False,Direct Analysis
PurgeLogs,52,Files-4.0.24/src/Files.Shared/Utils/Logger/FileLogger.cs,False,Direct Analysis
Add,292,Files-4.0.24/src/Files.Core.SourceGenerator/Utilities/HashCode.cs,False,Direct Analysis
ToHashCode,316,Files-4.0.24/src/Files.Core.SourceGenerator/Utilities/HashCode.cs,False,Direct Analysis
Initialize,16,Files-4.0.24/src/Files.Core.SourceGenerator/Generators/RegistrySerializationGenerator.cs,False,Direct Analysis
RegisterCodeFixesAsync,30,Files-4.0.24/src/Files.Core.SourceGenerator/CodeFixProviders/StringsPropertyCodeFixProvider.cs,False,Direct Analysis
Initialize,29,Files-4.0.24/src/Files.Core.SourceGenerator/Analyzers/StringsPropertyAnalyzer.cs,False,Direct Analysis
AnalyzeNode,40,Files-4.0.24/src/Files.Core.SourceGenerator/Analyzers/StringsPropertyAnalyzer.cs,False,Direct Analysis
NotifyPropertyChanged,204,Files-4.0.24/src/Files.App/Views/Shells/BaseShellPage.cs,False,Direct Analysis
FilesystemViewModel_PageTypeUpdated,209,Files-4.0.24/src/Files.App/Views/Shells/BaseShellPage.cs,False,Direct Analysis
FilesystemViewModel_OnSelectionRequestedEvent,214,Files-4.0.24/src/Files.App/Views/Shells/BaseShellPage.cs,False,Direct Analysis
FilesystemViewModel_DirectoryInfoUpdated,221,Files-4.0.24/src/Files.App/Views/Shells/BaseShellPage.cs,False,Direct Analysis
FilesystemViewModel_GitDirectoryUpdated,272,Files-4.0.24/src/Files.App/Views/Shells/BaseShellPage.cs,False,Direct Analysis
GitCheckout_Required,291,Files-4.0.24/src/Files.App/Views/Shells/BaseShellPage.cs,False,Direct Analysis
Page_Loaded,307,Files-4.0.24/src/Files.App/Views/Shells/BaseShellPage.cs,False,Direct Analysis
ShellPage_PreviewKeyDown,315,Files-4.0.24/src/Files.App/Views/Shells/BaseShellPage.cs,False,Direct Analysis
AppSettings_SortDirectionPreferenceUpdated,339,Files-4.0.24/src/Files.App/Views/Shells/BaseShellPage.cs,False,Direct Analysis
AppSettings_SortOptionPreferenceUpdated,344,Files-4.0.24/src/Files.App/Views/Shells/BaseShellPage.cs,False,Direct Analysis
AppSettings_SortDirectoriesAlongsideFilesPreferenceUpdated,349,Files-4.0.24/src/Files.App/Views/Shells/BaseShellPage.cs,False,Direct Analysis
AppSettings_SortFilesFirstPreferenceUpdated,354,Files-4.0.24/src/Files.App/Views/Shells/BaseShellPage.cs,False,Direct Analysis
CoreWindow_PointerPressed,359,Files-4.0.24/src/Files.App/Views/Shells/BaseShellPage.cs,False,Direct Analysis
ShellPage_PathBoxItemDropped,370,Files-4.0.24/src/Files.App/Views/Shells/BaseShellPage.cs,False,Direct Analysis
NavigationToolbar_QuerySubmitted,376,Files-4.0.24/src/Files.App/Views/Shells/BaseShellPage.cs,False,Direct Analysis
DrivesManager_PropertyChanged,381,Files-4.0.24/src/Files.App/Views/Shells/BaseShellPage.cs,False,Direct Analysis
UpdatePathUIToWorkingDirectoryAsync,392,Files-4.0.24/src/Files.App/Views/Shells/BaseShellPage.cs,False,Direct Analysis
SubmitSearch,425,Files-4.0.24/src/Files.App/Views/Shells/BaseShellPage.cs,False,Direct Analysis
NavigateWithArguments,446,Files-4.0.24/src/Files.App/Views/Shells/BaseShellPage.cs,False,Direct Analysis
NavigateToPath,451,Files-4.0.24/src/Files.App/Views/Shells/BaseShellPage.cs,False,Direct Analysis
TabItemDragOver,462,Files-4.0.24/src/Files.App/Views/Shells/BaseShellPage.cs,False,Direct Analysis
TabItemDrop,467,Files-4.0.24/src/Files.App/Views/Shells/BaseShellPage.cs,False,Direct Analysis
RefreshIfNoWatcherExistsAsync,472,Files-4.0.24/src/Files.App/Views/Shells/BaseShellPage.cs,False,Direct Analysis
Refresh_Click,478,Files-4.0.24/src/Files.App/Views/Shells/BaseShellPage.cs,False,Direct Analysis
Back_Click,504,Files-4.0.24/src/Files.App/Views/Shells/BaseShellPage.cs,False,Direct Analysis
Forward_Click,513,Files-4.0.24/src/Files.App/Views/Shells/BaseShellPage.cs,False,Direct Analysis
ResetNavigationStackLayoutMode,522,Files-4.0.24/src/Files.App/Views/Shells/BaseShellPage.cs,False,Direct Analysis
RemoveLastPageFromBackStack,561,Files-4.0.24/src/Files.App/Views/Shells/BaseShellPage.cs,False,Direct Analysis
FilesystemViewModel_ItemLoadStatusChanged,571,Files-4.0.24/src/Files.App/Views/Shells/BaseShellPage.cs,False,Direct Analysis
FolderSettings_LayoutPreferencesUpdateRequired,642,Files-4.0.24/src/Files.App/Views/Shells/BaseShellPage.cs,False,Direct Analysis
ViewModel_WorkingDirectoryModified,652,Files-4.0.24/src/Files.App/Views/Shells/BaseShellPage.cs,False,Direct Analysis
OnNavigationParamsChanged,656,Files-4.0.24/src/Files.App/Views/Shells/BaseShellPage.cs,False,Direct Analysis
ShellPage_NavigationRequested,660,Files-4.0.24/src/Files.App/Views/Shells/BaseShellPage.cs,False,Direct Analysis
InitToolbarCommands,664,Files-4.0.24/src/Files.App/Views/Shells/BaseShellPage.cs,False,Direct Analysis
GetContentOrNullAsync,671,Files-4.0.24/src/Files.App/Views/Shells/BaseShellPage.cs,False,Direct Analysis
DisplayFilesystemConsentDialogAsync,683,Files-4.0.24/src/Files.App/Views/Shells/BaseShellPage.cs,False,Direct Analysis
SelectSidebarItemFromPath,700,Files-4.0.24/src/Files.App/Views/Shells/BaseShellPage.cs,False,Direct Analysis
SetLoadingIndicatorForTabs,706,Files-4.0.24/src/Files.App/Views/Shells/BaseShellPage.cs,False,Direct Analysis
HandleBackForwardRequest,729,Files-4.0.24/src/Files.App/Views/Shells/BaseShellPage.cs,False,Direct Analysis
UpdateDateDisplayTimer_Tick,750,Files-4.0.24/src/Files.App/Views/Shells/BaseShellPage.cs,False,Direct Analysis
Dispose,766,Files-4.0.24/src/Files.App/Views/Shells/BaseShellPage.cs,False,Direct Analysis
OnNavigatedTo,18,Files-4.0.24/src/Files.App/Views/Properties/SignaturesPage.xaml.cs,False,Direct Analysis
SaveChangesAsync,30,Files-4.0.24/src/Files.App/Views/Properties/SignaturesPage.xaml.cs,False,Direct Analysis
Dispose,35,Files-4.0.24/src/Files.App/Views/Properties/SignaturesPage.xaml.cs,False,Direct Analysis
SaveChangesAsync,15,Files-4.0.24/src/Files.App/Views/Properties/ShortcutPage.xaml.cs,False,Direct Analysis
Dispose,45,Files-4.0.24/src/Files.App/Views/Properties/ShortcutPage.xaml.cs,False,Direct Analysis
OnNavigatedTo,21,Files-4.0.24/src/Files.App/Views/Properties/SecurityPage.xaml.cs,False,Direct Analysis
OpenSecurityAdvancedPageButton_Click,31,Files-4.0.24/src/Files.App/Views/Properties/SecurityPage.xaml.cs,False,Direct Analysis
Dispose,39,Files-4.0.24/src/Files.App/Views/Properties/SecurityPage.xaml.cs,False,Direct Analysis
OnNavigatedTo,18,Files-4.0.24/src/Files.App/Views/Properties/SecurityAdvancedPage.xaml.cs,False,Direct Analysis
Dispose,29,Files-4.0.24/src/Files.App/Views/Properties/SecurityAdvancedPage.xaml.cs,False,Direct Analysis
NotifyPropertyChanged,17,Files-4.0.24/src/Files.App/Views/Properties/LibraryPage.xaml.cs,False,Direct Analysis
Properties_Loaded,70,Files-4.0.24/src/Files.App/Views/Properties/LibraryPage.xaml.cs,False,Direct Analysis
AddLocationAsync,92,Files-4.0.24/src/Files.App/Views/Properties/LibraryPage.xaml.cs,False,Direct Analysis
OnNavigatedTo,23,Files-4.0.24/src/Files.App/Views/Properties/HashesPage.xaml.cs,False,Direct Analysis
CopyHashButton_Click,33,Files-4.0.24/src/Files.App/Views/Properties/HashesPage.xaml.cs,False,Direct Analysis
ToggleMenuFlyoutItem_Click,42,Files-4.0.24/src/Files.App/Views/Properties/HashesPage.xaml.cs,False,Direct Analysis
MenuFlyout_Closing,47,Files-4.0.24/src/Files.App/Views/Properties/HashesPage.xaml.cs,False,Direct Analysis
SaveChangesAsync,56,Files-4.0.24/src/Files.App/Views/Properties/HashesPage.xaml.cs,False,Direct Analysis
Dispose,61,Files-4.0.24/src/Files.App/Views/Properties/HashesPage.xaml.cs,False,Direct Analysis
ItemFileName_GettingFocus,27,Files-4.0.24/src/Files.App/Views/Properties/GeneralPage.xaml.cs,False,Direct Analysis
ItemFileName_LosingFocus,32,Files-4.0.24/src/Files.App/Views/Properties/GeneralPage.xaml.cs,False,Direct Analysis
UpdateDateDisplayTimer_Tick,45,Files-4.0.24/src/Files.App/Views/Properties/GeneralPage.xaml.cs,False,Direct Analysis
SaveChangesAsync,56,Files-4.0.24/src/Files.App/Views/Properties/GeneralPage.xaml.cs,False,Direct Analysis
Dispose,195,Files-4.0.24/src/Files.App/Views/Properties/GeneralPage.xaml.cs,False,Direct Analysis
RemoveStartupPage,18,Files-4.0.24/src/Files.App/Views/Settings/GeneralPage.xaml.cs,False,Direct Analysis
Properties_Loaded,25,Files-4.0.24/src/Files.App/Views/Properties/DetailsPage.xaml.cs,False,Direct Analysis
SaveChangesAsync,40,Files-4.0.24/src/Files.App/Views/Properties/DetailsPage.xaml.cs,False,Direct Analysis
ClearPropertiesConfirmation_Click,71,Files-4.0.24/src/Files.App/Views/Properties/DetailsPage.xaml.cs,False,Direct Analysis
UpdateDateDisplayTimer_Tick,80,Files-4.0.24/src/Files.App/Views/Properties/DetailsPage.xaml.cs,False,Direct Analysis
Dispose,92,Files-4.0.24/src/Files.App/Views/Properties/DetailsPage.xaml.cs,False,Direct Analysis
OnNavigatedTo,18,Files-4.0.24/src/Files.App/Views/Properties/CustomizationPage.xaml.cs,False,Direct Analysis
Dispose,30,Files-4.0.24/src/Files.App/Views/Properties/CustomizationPage.xaml.cs,False,Direct Analysis
CreateLogger,18,Files-4.0.24/src/Files.Shared/Utils/Logger/FileLoggerProvider.cs,False,Direct Analysis
Dispose,25,Files-4.0.24/src/Files.Shared/Utils/Logger/FileLoggerProvider.cs,False,Direct Analysis
ItemManipulationModel_ScrollIntoViewInvoked,101,Files-4.0.24/src/Files.App/Views/Layouts/DetailsLayoutPage.xaml.cs,False,Direct Analysis
ItemManipulationModel_ScrollToTopInvoked,107,Files-4.0.24/src/Files.App/Views/Layouts/DetailsLayoutPage.xaml.cs,False,Direct Analysis
ItemManipulationModel_FocusSelectedItemsInvoked,112,Files-4.0.24/src/Files.App/Views/Layouts/DetailsLayoutPage.xaml.cs,False,Direct Analysis
ItemManipulationModel_AddSelectedItemInvoked,122,Files-4.0.24/src/Files.App/Views/Layouts/DetailsLayoutPage.xaml.cs,False,Direct Analysis
ItemManipulationModel_RemoveSelectedItemInvoked,133,Files-4.0.24/src/Files.App/Views/Layouts/DetailsLayoutPage.xaml.cs,False,Direct Analysis
OnNavigatedTo,139,Files-4.0.24/src/Files.App/Views/Layouts/DetailsLayoutPage.xaml.cs,False,Direct Analysis
OnNavigatingFrom,197,Files-4.0.24/src/Files.App/Views/Layouts/DetailsLayoutPage.xaml.cs,False,Direct Analysis
LayoutSettingsService_PropertyChanged,207,Files-4.0.24/src/Files.App/Views/Layouts/DetailsLayoutPage.xaml.cs,False,Direct Analysis
SetItemContainerStyle,261,Files-4.0.24/src/Files.App/Views/Layouts/DetailsLayoutPage.xaml.cs,False,Direct Analysis
FileList_LayoutUpdated,284,Files-4.0.24/src/Files.App/Views/Layouts/DetailsLayoutPage.xaml.cs,False,Direct Analysis
UpdateSortIndicator,301,Files-4.0.24/src/Files.App/Views/Layouts/DetailsLayoutPage.xaml.cs,False,Direct Analysis
FilesystemViewModel_PageTypeUpdated,315,Files-4.0.24/src/Files.App/Views/Layouts/DetailsLayoutPage.xaml.cs,False,Direct Analysis
FolderSettings_LayoutModeChangeRequested,358,Files-4.0.24/src/Files.App/Views/Layouts/DetailsLayoutPage.xaml.cs,False,Direct Analysis
FileList_SelectionChanged,363,Files-4.0.24/src/Files.App/Views/Layouts/DetailsLayoutPage.xaml.cs,False,Direct Analysis
StartRenameItem,377,Files-4.0.24/src/Files.App/Views/Layouts/DetailsLayoutPage.xaml.cs,False,Direct Analysis
ItemNameTextBox_BeforeTextChanging,391,Files-4.0.24/src/Files.App/Views/Layouts/DetailsLayoutPage.xaml.cs,False,Direct Analysis
EndRename,403,Files-4.0.24/src/Files.App/Views/Layouts/DetailsLayoutPage.xaml.cs,False,Direct Analysis
FileList_PreviewKeyDown,435,Files-4.0.24/src/Files.App/Views/Layouts/DetailsLayoutPage.xaml.cs,False,Direct Analysis
ReloadItemIconsAsync,526,Files-4.0.24/src/Files.App/Views/Layouts/DetailsLayoutPage.xaml.cs,False,Direct Analysis
FileList_ItemTapped,555,Files-4.0.24/src/Files.App/Views/Layouts/DetailsLayoutPage.xaml.cs,False,Direct Analysis
OpenItem,621,Files-4.0.24/src/Files.App/Views/Layouts/DetailsLayoutPage.xaml.cs,False,Direct Analysis
FileList_DoubleTapped,635,Files-4.0.24/src/Files.App/Views/Layouts/DetailsLayoutPage.xaml.cs,False,Direct Analysis
StackPanel_Loaded,656,Files-4.0.24/src/Files.App/Views/Layouts/DetailsLayoutPage.xaml.cs,False,Direct Analysis
Grid_PointerPressed,667,Files-4.0.24/src/Files.App/Views/Layouts/DetailsLayoutPage.xaml.cs,False,Direct Analysis
GridSplitter_ManipulationDelta,673,Files-4.0.24/src/Files.App/Views/Layouts/DetailsLayoutPage.xaml.cs,False,Direct Analysis
GridSplitter_PreviewKeyUp,678,Files-4.0.24/src/Files.App/Views/Layouts/DetailsLayoutPage.xaml.cs,False,Direct Analysis
UpdateColumnLayout,687,Files-4.0.24/src/Files.App/Views/Layouts/DetailsLayoutPage.xaml.cs,False,Direct Analysis
RootGrid_SizeChanged,710,Files-4.0.24/src/Files.App/Views/Layouts/DetailsLayoutPage.xaml.cs,False,Direct Analysis
GridSplitter_ManipulationStarted,715,Files-4.0.24/src/Files.App/Views/Layouts/DetailsLayoutPage.xaml.cs,False,Direct Analysis
GridSplitter_ManipulationCompleted,720,Files-4.0.24/src/Files.App/Views/Layouts/DetailsLayoutPage.xaml.cs,False,Direct Analysis
GridSplitter_Loaded,726,Files-4.0.24/src/Files.App/Views/Layouts/DetailsLayoutPage.xaml.cs,False,Direct Analysis
ToggleMenuFlyoutItem_Click,731,Files-4.0.24/src/Files.App/Views/Layouts/DetailsLayoutPage.xaml.cs,False,Direct Analysis
GridSplitter_DoubleTapped,737,Files-4.0.24/src/Files.App/Views/Layouts/DetailsLayoutPage.xaml.cs,False,Direct Analysis
SizeAllColumnsToFit_Click,745,Files-4.0.24/src/Files.App/Views/Layouts/DetailsLayoutPage.xaml.cs,False,Direct Analysis
ResizeColumnToFit,757,Files-4.0.24/src/Files.App/Views/Layouts/DetailsLayoutPage.xaml.cs,False,Direct Analysis
FileList_Loaded,911,Files-4.0.24/src/Files.App/Views/Layouts/DetailsLayoutPage.xaml.cs,False,Direct Analysis
SetDetailsColumnsAsDefault_Click,916,Files-4.0.24/src/Files.App/Views/Layouts/DetailsLayoutPage.xaml.cs,False,Direct Analysis
ItemSelected_Checked,921,Files-4.0.24/src/Files.App/Views/Layouts/DetailsLayoutPage.xaml.cs,False,Direct Analysis
ItemSelected_Unchecked,927,Files-4.0.24/src/Files.App/Views/Layouts/DetailsLayoutPage.xaml.cs,False,Direct Analysis
TagItem_Tapped,980,Files-4.0.24/src/Files.App/Views/Layouts/DetailsLayoutPage.xaml.cs,False,Direct Analysis
FileTag_PointerEntered,989,Files-4.0.24/src/Files.App/Views/Layouts/DetailsLayoutPage.xaml.cs,False,Direct Analysis
FileTag_PointerExited,994,Files-4.0.24/src/Files.App/Views/Layouts/DetailsLayoutPage.xaml.cs,False,Direct Analysis
RemoveTagIcon_Tapped,999,Files-4.0.24/src/Files.App/Views/Layouts/DetailsLayoutPage.xaml.cs,False,Direct Analysis
SelectionCheckbox_PointerEntered,1022,Files-4.0.24/src/Files.App/Views/Layouts/DetailsLayoutPage.xaml.cs,False,Direct Analysis
SelectionCheckbox_PointerExited,1027,Files-4.0.24/src/Files.App/Views/Layouts/DetailsLayoutPage.xaml.cs,False,Direct Analysis
SelectionCheckbox_PointerCanceled,1032,Files-4.0.24/src/Files.App/Views/Layouts/DetailsLayoutPage.xaml.cs,False,Direct Analysis
UpdateCheckboxVisibility,1037,Files-4.0.24/src/Files.App/Views/Layouts/DetailsLayoutPage.xaml.cs,False,Direct Analysis
FileListHeader_DoubleTapped,1076,Files-4.0.24/src/Files.App/Views/Layouts/DetailsLayoutPage.xaml.cs,False,Direct Analysis
Cleanup,13,Files-4.0.24/tests/Files.InteractionTests/Tests/SettingsTests.cs,False,Direct Analysis
VerifySettingsAreAccessible,20,Files-4.0.24/tests/Files.InteractionTests/Tests/SettingsTests.cs,False,Direct Analysis
OnItemLoadStatusChanged,83,Files-4.0.24/src/Files.App/Views/Layouts/ColumnLayoutPage.xaml.cs,False,Direct Analysis
FileList_Loaded,93,Files-4.0.24/src/Files.App/Views/Layouts/ColumnLayoutPage.xaml.cs,False,Direct Analysis
ColumnViewBase_GotFocus,99,Files-4.0.24/src/Files.App/Views/Layouts/ColumnLayoutPage.xaml.cs,False,Direct Analysis
ColumnViewBase_ItemInvoked,108,Files-4.0.24/src/Files.App/Views/Layouts/ColumnLayoutPage.xaml.cs,False,Direct Analysis
ClearOpenedFolderSelectionIndicator,114,Files-4.0.24/src/Files.App/Views/Layouts/ColumnLayoutPage.xaml.cs,False,Direct Analysis
ItemManipulationModel_ScrollIntoViewInvoked,124,Files-4.0.24/src/Files.App/Views/Layouts/ColumnLayoutPage.xaml.cs,False,Direct Analysis
ItemManipulationModel_ScrollToTopInvoked,136,Files-4.0.24/src/Files.App/Views/Layouts/ColumnLayoutPage.xaml.cs,False,Direct Analysis
ItemManipulationModel_FocusSelectedItemsInvoked,141,Files-4.0.24/src/Files.App/Views/Layouts/ColumnLayoutPage.xaml.cs,False,Direct Analysis
ItemManipulationModel_AddSelectedItemInvoked,150,Files-4.0.24/src/Files.App/Views/Layouts/ColumnLayoutPage.xaml.cs,False,Direct Analysis
ItemManipulationModel_RemoveSelectedItemInvoked,158,Files-4.0.24/src/Files.App/Views/Layouts/ColumnLayoutPage.xaml.cs,False,Direct Analysis
OnNavigatedTo,163,Files-4.0.24/src/Files.App/Views/Layouts/ColumnLayoutPage.xaml.cs,False,Direct Analysis
HighlightPathDirectory,184,Files-4.0.24/src/Files.App/Views/Layouts/ColumnLayoutPage.xaml.cs,False,Direct Analysis
OnNavigatingFrom,196,Files-4.0.24/src/Files.App/Views/Layouts/ColumnLayoutPage.xaml.cs,False,Direct Analysis
LayoutSettingsService_PropertyChanged,203,Files-4.0.24/src/Files.App/Views/Layouts/ColumnLayoutPage.xaml.cs,False,Direct Analysis
ReloadItemIconsAsync,229,Files-4.0.24/src/Files.App/Views/Layouts/ColumnLayoutPage.xaml.cs,False,Direct Analysis
StartRenameItem,244,Files-4.0.24/src/Files.App/Views/Layouts/ColumnLayoutPage.xaml.cs,False,Direct Analysis
ItemNameTextBox_BeforeTextChanging,249,Files-4.0.24/src/Files.App/Views/Layouts/ColumnLayoutPage.xaml.cs,False,Direct Analysis
EndRename,261,Files-4.0.24/src/Files.App/Views/Layouts/ColumnLayoutPage.xaml.cs,False,Direct Analysis
ResetItemOpacity,288,Files-4.0.24/src/Files.App/Views/Layouts/ColumnLayoutPage.xaml.cs,False,Direct Analysis
SetItemContainerStyle,299,Files-4.0.24/src/Files.App/Views/Layouts/ColumnLayoutPage.xaml.cs,False,Direct Analysis
Dispose,319,Files-4.0.24/src/Files.App/Views/Layouts/ColumnLayoutPage.xaml.cs,False,Direct Analysis
FileList_SelectionChanged,325,Files-4.0.24/src/Files.App/Views/Layouts/ColumnLayoutPage.xaml.cs,False,Direct Analysis
CloseFolder,368,Files-4.0.24/src/Files.App/Views/Layouts/ColumnLayoutPage.xaml.cs,False,Direct Analysis
FileList_RightTapped,375,Files-4.0.24/src/Files.App/Views/Layouts/ColumnLayoutPage.xaml.cs,False,Direct Analysis
FileList_PreviewKeyDown,381,Files-4.0.24/src/Files.App/Views/Layouts/ColumnLayoutPage.xaml.cs,False,Direct Analysis
FileList_DoubleTapped,456,Files-4.0.24/src/Files.App/Views/Layouts/ColumnLayoutPage.xaml.cs,False,Direct Analysis
FileList_Holding,488,Files-4.0.24/src/Files.App/Views/Layouts/ColumnLayoutPage.xaml.cs,False,Direct Analysis
HandleRightClick,493,Files-4.0.24/src/Files.App/Views/Layouts/ColumnLayoutPage.xaml.cs,False,Direct Analysis
FileList_ItemTapped,501,Files-4.0.24/src/Files.App/Views/Layouts/ColumnLayoutPage.xaml.cs,False,Direct Analysis
CheckDoubleClick,550,Files-4.0.24/src/Files.App/Views/Layouts/ColumnLayoutPage.xaml.cs,False,Direct Analysis
Grid_Loaded,567,Files-4.0.24/src/Files.App/Views/Layouts/ColumnLayoutPage.xaml.cs,False,Direct Analysis
Grid_PointerEntered,577,Files-4.0.24/src/Files.App/Views/Layouts/ColumnLayoutPage.xaml.cs,False,Direct Analysis
BaseFolderSettings_LayoutModeChangeRequested,584,Files-4.0.24/src/Files.App/Views/Layouts/ColumnLayoutPage.xaml.cs,False,Direct Analysis
SelectionRectangle_SelectionEnded,613,Files-4.0.24/src/Files.App/Views/Layouts/ColumnLayoutPage.xaml.cs,False,Direct Analysis
SelectionRectangle_SelectionStarted,625,Files-4.0.24/src/Files.App/Views/Layouts/ColumnLayoutPage.xaml.cs,False,Direct Analysis
ClearSelectionIndicator,630,Files-4.0.24/src/Files.App/Views/Layouts/ColumnLayoutPage.xaml.cs,False,Direct Analysis
InitializeCommandsViewModel,56,Files-4.0.24/src/Files.App/Views/Layouts/BaseGroupableLayoutPage.cs,False,Direct Analysis
HookEvents,61,Files-4.0.24/src/Files.App/Views/Layouts/BaseGroupableLayoutPage.cs,False,Direct Analysis
UnhookEvents,79,Files-4.0.24/src/Files.App/Views/Layouts/BaseGroupableLayoutPage.cs,False,Direct Analysis
Page_CharacterReceived,98,Files-4.0.24/src/Files.App/Views/Layouts/BaseGroupableLayoutPage.cs,False,Direct Analysis
ItemManipulationModel_RefreshItemsThumbnail,120,Files-4.0.24/src/Files.App/Views/Layouts/BaseGroupableLayoutPage.cs,False,Direct Analysis
ItemManipulationModel_RefreshItemThumbnail,125,Files-4.0.24/src/Files.App/Views/Layouts/BaseGroupableLayoutPage.cs,False,Direct Analysis
ReloadSelectedItemIconAsync,130,Files-4.0.24/src/Files.App/Views/Layouts/BaseGroupableLayoutPage.cs,False,Direct Analysis
ReloadSelectedItemsIconAsync,147,Files-4.0.24/src/Files.App/Views/Layouts/BaseGroupableLayoutPage.cs,False,Direct Analysis
ItemManipulationModel_FocusFileListInvoked,172,Files-4.0.24/src/Files.App/Views/Layouts/BaseGroupableLayoutPage.cs,False,Direct Analysis
ItemManipulationModel_SelectAllItemsInvoked,190,Files-4.0.24/src/Files.App/Views/Layouts/BaseGroupableLayoutPage.cs,False,Direct Analysis
ItemManipulationModel_ClearSelectionInvoked,195,Files-4.0.24/src/Files.App/Views/Layouts/BaseGroupableLayoutPage.cs,False,Direct Analysis
ItemManipulationModel_InvertSelectionInvoked,200,Files-4.0.24/src/Files.App/Views/Layouts/BaseGroupableLayoutPage.cs,False,Direct Analysis
ItemManipulationModel_StartRenameItemInvoked,218,Files-4.0.24/src/Files.App/Views/Layouts/BaseGroupableLayoutPage.cs,False,Direct Analysis
ZoomIn,223,Files-4.0.24/src/Files.App/Views/Layouts/BaseGroupableLayoutPage.cs,False,Direct Analysis
FileList_SelectionChanged,228,Files-4.0.24/src/Files.App/Views/Layouts/BaseGroupableLayoutPage.cs,False,Direct Analysis
SelectionRectangle_SelectionEnded,233,Files-4.0.24/src/Files.App/Views/Layouts/BaseGroupableLayoutPage.cs,False,Direct Analysis
StartRenameItem,238,Files-4.0.24/src/Files.App/Views/Layouts/BaseGroupableLayoutPage.cs,False,Direct Analysis
CommitRenameAsync,280,Files-4.0.24/src/Files.App/Views/Layouts/BaseGroupableLayoutPage.cs,False,Direct Analysis
RenameTextBox_LostFocus,288,Files-4.0.24/src/Files.App/Views/Layouts/BaseGroupableLayoutPage.cs,False,Direct Analysis
RenameTextBox_KeyDown,307,Files-4.0.24/src/Files.App/Views/Layouts/BaseGroupableLayoutPage.cs,False,Direct Analysis
TryStartRenameNextItem,374,Files-4.0.24/src/Files.App/Views/Layouts/BaseGroupableLayoutPage.cs,False,Direct Analysis
SelectionCheckbox_DoubleTapped,391,Files-4.0.24/src/Files.App/Views/Layouts/BaseGroupableLayoutPage.cs,False,Direct Analysis
Dispose,398,Files-4.0.24/src/Files.App/Views/Layouts/BaseGroupableLayoutPage.cs,False,Direct Analysis
OnNavigatedTo,28,Files-4.0.24/src/Files.App/Views/HomePage.xaml.cs,False,Direct Analysis
OnNavigatedFrom,80,Files-4.0.24/src/Files.App/Views/HomePage.xaml.cs,False,Direct Analysis
Dispose,87,Files-4.0.24/src/Files.App/Views/HomePage.xaml.cs,False,Direct Analysis
UserSettingsService_OnSettingChangedEvent,53,Files-4.0.24/src/Files.App/ViewModels/UserControls/Widgets/DrivesWidgetViewModel.cs,False,Direct Analysis
RefreshWidgetAsync,59,Files-4.0.24/src/Files.App/ViewModels/UserControls/Widgets/DrivesWidgetViewModel.cs,False,Direct Analysis
NavigateToPath,65,Files-4.0.24/src/Files.App/ViewModels/UserControls/Widgets/DrivesWidgetViewModel.cs,False,Direct Analysis
GetItemMenuItems,85,Files-4.0.24/src/Files.App/ViewModels/UserControls/Widgets/DrivesWidgetViewModel.cs,False,Direct Analysis
ExecuteOpenPropertiesCommand,198,Files-4.0.24/src/Files.App/ViewModels/UserControls/Widgets/DrivesWidgetViewModel.cs,False,Direct Analysis
ExecuteDisconnectNetworkDriveCommand,215,Files-4.0.24/src/Files.App/ViewModels/UserControls/Widgets/DrivesWidgetViewModel.cs,False,Direct Analysis
Drives_CollectionChanged,225,Files-4.0.24/src/Files.App/ViewModels/UserControls/Widgets/DrivesWidgetViewModel.cs,False,Direct Analysis
Dispose,250,Files-4.0.24/src/Files.App/ViewModels/UserControls/Widgets/DrivesWidgetViewModel.cs,False,Direct Analysis
BuildItemContextMenu,53,Files-4.0.24/src/Files.App/ViewModels/UserControls/Widgets/BaseWidgetViewModel.cs,False,Direct Analysis
ExecutePinToSidebarCommand,115,Files-4.0.24/src/Files.App/ViewModels/UserControls/Widgets/BaseWidgetViewModel.cs,False,Direct Analysis
ExecuteUnpinFromSidebarCommand,120,Files-4.0.24/src/Files.App/ViewModels/UserControls/Widgets/BaseWidgetViewModel.cs,False,Direct Analysis
OnRightClickedItemChanged,125,Files-4.0.24/src/Files.App/ViewModels/UserControls/Widgets/BaseWidgetViewModel.cs,False,Direct Analysis
LoadPreviewAndDetailsAsync,12,Files-4.0.24/src/Files.App/ViewModels/UserControls/Previews/ShortcutPreviewViewModel.cs,False,Direct Analysis
LoadAsync,29,Files-4.0.24/src/Files.App/ViewModels/UserControls/Previews/ShortcutPreviewViewModel.cs,False,Direct Analysis
LoadItemThumbnailAsync,37,Files-4.0.24/src/Files.App/ViewModels/UserControls/Previews/ShortcutPreviewViewModel.cs,False,Direct Analysis
SizeChanged,83,Files-4.0.24/src/Files.App/ViewModels/UserControls/Previews/ShellPreviewViewModel.cs,False,Direct Analysis
WndProc,94,Files-4.0.24/src/Files.App/ViewModels/UserControls/Previews/ShellPreviewViewModel.cs,False,Direct Analysis
LoadPreview,130,Files-4.0.24/src/Files.App/ViewModels/UserControls/Previews/ShellPreviewViewModel.cs,False,Direct Analysis
ChildWindowToXaml,180,Files-4.0.24/src/Files.App/ViewModels/UserControls/Previews/ShellPreviewViewModel.cs,False,Direct Analysis
UnloadPreview,255,Files-4.0.24/src/Files.App/ViewModels/UserControls/Previews/ShellPreviewViewModel.cs,False,Direct Analysis
PointerEntered,272,Files-4.0.24/src/Files.App/ViewModels/UserControls/Previews/ShellPreviewViewModel.cs,False,Direct Analysis
LoadPreviewAndDetailsAsync,26,Files-4.0.24/src/Files.App/ViewModels/UserControls/Previews/MediaPreviewViewModel.cs,False,Direct Analysis
PreviewControlBase_Unloaded,33,Files-4.0.24/src/Files.App/ViewModels/UserControls/Previews/MediaPreviewViewModel.cs,False,Direct Analysis
LoadPreviewAndDetailsAsync,24,Files-4.0.24/src/Files.App/ViewModels/UserControls/Previews/FolderPreviewViewModel.cs,False,Direct Analysis
LoadPreviewAndDetailsAsync,36,Files-4.0.24/src/Files.App/ViewModels/UserControls/Previews/CodePreviewViewModel.cs,False,Direct Analysis
LoadAsync,49,Files-4.0.24/src/Files.App/ViewModels/UserControls/Previews/BasePreviewModel.cs,False,Direct Analysis
LoadPreviewAndDetailsAsync,84,Files-4.0.24/src/Files.App/ViewModels/UserControls/Previews/BasePreviewModel.cs,False,Direct Analysis
GetSystemFilePropertiesAsync,111,Files-4.0.24/src/Files.App/ViewModels/UserControls/Previews/BasePreviewModel.cs,False,Direct Analysis
LoadPreviewAndDetailsAsync,17,Files-4.0.24/src/Files.App/ViewModels/UserControls/Previews/ArchivePreviewViewModel.cs,False,Direct Analysis
UpdateService_OnPropertyChanged,308,Files-4.0.24/src/Files.App/ViewModels/UserControls/NavigationToolbarViewModel.cs,False,Direct Analysis
UserSettingsService_OnSettingChangedEvent,314,Files-4.0.24/src/Files.App/ViewModels/UserControls/NavigationToolbarViewModel.cs,False,Direct Analysis
PathBoxItem_DragLeave,342,Files-4.0.24/src/Files.App/ViewModels/UserControls/NavigationToolbarViewModel.cs,False,Direct Analysis
PathBoxItem_Drop,358,Files-4.0.24/src/Files.App/ViewModels/UserControls/NavigationToolbarViewModel.cs,False,Direct Analysis
PathBoxItem_DragOver,397,Files-4.0.24/src/Files.App/ViewModels/UserControls/NavigationToolbarViewModel.cs,False,Direct Analysis
CurrentPathSetTextBox_TextChanged,474,Files-4.0.24/src/Files.App/ViewModels/UserControls/NavigationToolbarViewModel.cs,False,Direct Analysis
HandleFolderNavigationAsync,480,Files-4.0.24/src/Files.App/ViewModels/UserControls/NavigationToolbarViewModel.cs,False,Direct Analysis
HandleItemNavigationAsync,500,Files-4.0.24/src/Files.App/ViewModels/UserControls/NavigationToolbarViewModel.cs,False,Direct Analysis
SwitchToCommandPaletteMode,601,Files-4.0.24/src/Files.App/ViewModels/UserControls/NavigationToolbarViewModel.cs,False,Direct Analysis
SwitchToSearchMode,606,Files-4.0.24/src/Files.App/ViewModels/UserControls/NavigationToolbarViewModel.cs,False,Direct Analysis
SwitchToPathMode,617,Files-4.0.24/src/Files.App/ViewModels/UserControls/NavigationToolbarViewModel.cs,False,Direct Analysis
SetPathBoxDropDownFlyoutAsync,635,Files-4.0.24/src/Files.App/ViewModels/UserControls/NavigationToolbarViewModel.cs,False,Direct Analysis
LoadFlyoutItemIconAsync,690,Files-4.0.24/src/Files.App/ViewModels/UserControls/NavigationToolbarViewModel.cs,False,Direct Analysis
CheckPathInputAsync,712,Files-4.0.24/src/Files.App/ViewModels/UserControls/NavigationToolbarViewModel.cs,False,Direct Analysis
SavePathToHistory,822,Files-4.0.24/src/Files.App/ViewModels/UserControls/NavigationToolbarViewModel.cs,False,Direct Analysis
SaveSearchQueryToList,834,Files-4.0.24/src/Files.App/ViewModels/UserControls/NavigationToolbarViewModel.cs,False,Direct Analysis
PopulateOmnibarSuggestionsForPathMode,854,Files-4.0.24/src/Files.App/ViewModels/UserControls/NavigationToolbarViewModel.cs,False,Direct Analysis
Reset,141,Files-4.0.24/src/Files.App/ViewModels/Settings/TagsViewModel.cs,False,Direct Analysis
Tags_CollectionChanged,45,Files-4.0.24/src/Files.App/ViewModels/Settings/TagsViewModel.cs,False,Direct Analysis
DoAddNewTag,62,Files-4.0.24/src/Files.App/ViewModels/Settings/TagsViewModel.cs,False,Direct Analysis
DoSaveNewTag,68,Files-4.0.24/src/Files.App/ViewModels/Settings/TagsViewModel.cs,False,Direct Analysis
DoCancelNewTag,80,Files-4.0.24/src/Files.App/ViewModels/Settings/TagsViewModel.cs,False,Direct Analysis
EditExistingTag,85,Files-4.0.24/src/Files.App/ViewModels/Settings/TagsViewModel.cs,False,Direct Analysis
DeleteExistingTag,95,Files-4.0.24/src/Files.App/ViewModels/Settings/TagsViewModel.cs,False,Direct Analysis
DetectResult,97,Files-4.0.24/src/Files.App/ViewModels/Settings/AdvancedViewModel.cs,False,Direct Analysis
LoadShieldIconResource,158,Files-4.0.24/src/Files.App/ViewModels/Properties/SecurityAdvancedViewModel.cs,False,Direct Analysis
LoadAccessControlEntry,170,Files-4.0.24/src/Files.App/ViewModels/Properties/SecurityAdvancedViewModel.cs,False,Direct Analysis
ExecuteChangeOwnerCommandAsync,203,Files-4.0.24/src/Files.App/ViewModels/Properties/SecurityAdvancedViewModel.cs,False,Direct Analysis
ExecuteAddAccessControlEntryCommandAsync,219,Files-4.0.24/src/Files.App/ViewModels/Properties/SecurityAdvancedViewModel.cs,False,Direct Analysis
ExecuteRemoveAccessControlEntryCommandAsync,237,Files-4.0.24/src/Files.App/ViewModels/Properties/SecurityAdvancedViewModel.cs,False,Direct Analysis
UpdateLibrary,26,Files-4.0.24/src/Files.App/ViewModels/Properties/Items/LibraryProperties.cs,False,Direct Analysis
GetBaseProperties,33,Files-4.0.24/src/Files.App/ViewModels/Properties/Items/LibraryProperties.cs,False,Direct Analysis
GetSpecialPropertiesAsync,47,Files-4.0.24/src/Files.App/ViewModels/Properties/Items/LibraryProperties.cs,False,Direct Analysis
GetLibrarySizeAsync,108,Files-4.0.24/src/Files.App/ViewModels/Properties/Items/LibraryProperties.cs,False,Direct Analysis
ViewModel_PropertyChanged,140,Files-4.0.24/src/Files.App/ViewModels/Properties/Items/LibraryProperties.cs,False,Direct Analysis
GetBaseProperties,35,Files-4.0.24/src/Files.App/ViewModels/Properties/Items/FolderProperties.cs,False,Direct Analysis
GetSpecialPropertiesAsync,75,Files-4.0.24/src/Files.App/ViewModels/Properties/Items/FolderProperties.cs,False,Direct Analysis
GetFolderSizeAsync,164,Files-4.0.24/src/Files.App/ViewModels/Properties/Items/FolderProperties.cs,False,Direct Analysis
ViewModel_PropertyChanged,202,Files-4.0.24/src/Files.App/ViewModels/Properties/Items/FolderProperties.cs,False,Direct Analysis
InitializeProperty,145,Files-4.0.24/src/Files.App/ViewModels/Properties/Items/FileProperty.cs,False,Direct Analysis
SaveValueToFile,159,Files-4.0.24/src/Files.App/ViewModels/Properties/Items/FileProperty.cs,False,Direct Analysis
UpdateValueText,177,Files-4.0.24/src/Files.App/ViewModels/Properties/Items/FileProperty.cs,False,Direct Analysis
GetConverter,186,Files-4.0.24/src/Files.App/ViewModels/Properties/Items/FileProperty.cs,False,Direct Analysis
ConvertToString,222,Files-4.0.24/src/Files.App/ViewModels/Properties/Items/FileProperty.cs,False,Direct Analysis
GetBaseProperties,17,Files-4.0.24/src/Files.App/ViewModels/Properties/Items/DriveProperties.cs,False,Direct Analysis
GetSpecialPropertiesAsync,38,Files-4.0.24/src/Files.App/ViewModels/Properties/Items/DriveProperties.cs,False,Direct Analysis
GetOtherPropertiesAsync,25,Files-4.0.24/src/Files.App/ViewModels/Properties/Items/BaseProperties.cs,False,Direct Analysis
CalculateFolderSizeAsync,43,Files-4.0.24/src/Files.App/ViewModels/Properties/Items/BaseProperties.cs,False,Direct Analysis
SetItemsCountString,121,Files-4.0.24/src/Files.App/ViewModels/Properties/Items/BaseProperties.cs,False,Direct Analysis
ToggleIsEnabled,100,Files-4.0.24/src/Files.App/ViewModels/Properties/HashesViewModel.cs,False,Direct Analysis
FindMatchingAlgorithm,163,Files-4.0.24/src/Files.App/ViewModels/Properties/HashesViewModel.cs,False,Direct Analysis
OnHashInputTextChanged,179,Files-4.0.24/src/Files.App/ViewModels/Properties/HashesViewModel.cs,False,Direct Analysis
OnCompareFileAsync,192,Files-4.0.24/src/Files.App/ViewModels/Properties/HashesViewModel.cs,False,Direct Analysis
Dispose,208,Files-4.0.24/src/Files.App/ViewModels/Properties/HashesViewModel.cs,False,Direct Analysis
RefreshWidgetAsync,67,Files-4.0.24/src/Files.App/ViewModels/UserControls/Widgets/NetworkLocationsWidgetViewModel.cs,False,Direct Analysis
NavigateToPath,73,Files-4.0.24/src/Files.App/ViewModels/UserControls/Widgets/NetworkLocationsWidgetViewModel.cs,False,Direct Analysis
GetItemMenuItems,90,Files-4.0.24/src/Files.App/ViewModels/UserControls/Widgets/NetworkLocationsWidgetViewModel.cs,False,Direct Analysis
DisableWidget,181,Files-4.0.24/src/Files.App/ViewModels/UserControls/Widgets/NetworkLocationsWidgetViewModel.cs,False,Direct Analysis
ExecuteMapNetworkDriveCommand,196,Files-4.0.24/src/Files.App/ViewModels/UserControls/Widgets/NetworkLocationsWidgetViewModel.cs,False,Direct Analysis
ExecuteOpenPropertiesCommand,206,Files-4.0.24/src/Files.App/ViewModels/UserControls/Widgets/NetworkLocationsWidgetViewModel.cs,False,Direct Analysis
ExecuteDisconnectNetworkDriveCommand,223,Files-4.0.24/src/Files.App/ViewModels/UserControls/Widgets/NetworkLocationsWidgetViewModel.cs,False,Direct Analysis
UpdateItems,231,Files-4.0.24/src/Files.App/ViewModels/UserControls/Widgets/NetworkLocationsWidgetViewModel.cs,False,Direct Analysis
Drives_CollectionChanged,260,Files-4.0.24/src/Files.App/ViewModels/UserControls/Widgets/NetworkLocationsWidgetViewModel.cs,False,Direct Analysis
Shortcuts_CollectionChanged,265,Files-4.0.24/src/Files.App/ViewModels/UserControls/Widgets/NetworkLocationsWidgetViewModel.cs,False,Direct Analysis
Dispose,272,Files-4.0.24/src/Files.App/ViewModels/UserControls/Widgets/NetworkLocationsWidgetViewModel.cs,False,Direct Analysis
ExecuteRestoreDefaultIconCommand,85,Files-4.0.24/src/Files.App/ViewModels/Properties/CustomizationViewModel.cs,False,Direct Analysis
ExecuteOpenFilePickerCommand,91,Files-4.0.24/src/Files.App/ViewModels/Properties/CustomizationViewModel.cs,False,Direct Analysis
UpdateIcon,110,Files-4.0.24/src/Files.App/ViewModels/Properties/CustomizationViewModel.cs,False,Direct Analysis
Properties_Loaded,23,Files-4.0.24/src/Files.App/ViewModels/Properties/BasePropertiesPage.cs,False,Direct Analysis
OnNavigatedTo,28,Files-4.0.24/src/Files.App/ViewModels/Properties/BasePropertiesPage.cs,False,Direct Analysis
OnNavigatedFrom,114,Files-4.0.24/src/Files.App/ViewModels/Properties/BasePropertiesPage.cs,False,Direct Analysis
OnNavigatedToAsync,227,Files-4.0.24/src/Files.App/ViewModels/MainPageViewModel.cs,False,Direct Analysis
ExecuteReviewAppCommand,342,Files-4.0.24/src/Files.App/ViewModels/MainPageViewModel.cs,False,Direct Analysis
ExecuteDismissReviewPromptCommand,356,Files-4.0.24/src/Files.App/ViewModels/MainPageViewModel.cs,False,Direct Analysis
ExecuteSponsorCommand,361,Files-4.0.24/src/Files.App/ViewModels/MainPageViewModel.cs,False,Direct Analysis
ExecuteDismissSponsorPromptCommand,368,Files-4.0.24/src/Files.App/ViewModels/MainPageViewModel.cs,False,Direct Analysis
ExecuteNavigateToNumberedTabKeyboardAcceleratorCommand,373,Files-4.0.24/src/Files.App/ViewModels/MainPageViewModel.cs,False,Direct Analysis
CreateNewFile,52,Files-4.0.24/src/Files.App/ViewModels/Layouts/BaseLayoutViewModel.cs,False,Direct Analysis
ItemPointerPressedAsync,57,Files-4.0.24/src/Files.App/ViewModels/Layouts/BaseLayoutViewModel.cs,False,Direct Analysis
SaveChanges,25,Files-4.0.24/src/Files.App/ViewModels/Dialogs/ReorderSidebarItemsDialogViewModel.cs,False,Direct Analysis
SelectDestination,231,Files-4.0.24/src/Files.App/ViewModels/Dialogs/CreateShortcutDialogViewModel.cs,False,Direct Analysis
CreateShortcutAsync,250,Files-4.0.24/src/Files.App/ViewModels/Dialogs/CreateShortcutDialogViewModel.cs,False,Direct Analysis
AutoFillName,268,Files-4.0.24/src/Files.App/ViewModels/Dialogs/CreateShortcutDialogViewModel.cs,False,Direct Analysis
DoCloneRepo,75,Files-4.0.24/src/Files.App/ViewModels/Dialogs/CloneRepoDialogViewModel.cs,False,Direct Analysis
AddItemsToListAsync,29,Files-4.0.24/src/Files.App/ViewModels/Dialogs/AddItemDialog/AddItemDialogViewModel.cs,False,Direct Analysis
WindowProc,69,Files-4.0.24/src/Files.App/Utils/Taskbar/SystemTrayIconWindow.cs,False,Direct Analysis
Dispose,74,Files-4.0.24/src/Files.App/Utils/Taskbar/SystemTrayIconWindow.cs,False,Direct Analysis
Show,158,Files-4.0.24/src/Files.App/Utils/Taskbar/SystemTrayIcon.cs,False,Direct Analysis
Hide,168,Files-4.0.24/src/Files.App/Utils/Taskbar/SystemTrayIcon.cs,False,Direct Analysis
CreateOrModifyNotifyIcon,177,Files-4.0.24/src/Files.App/Utils/Taskbar/SystemTrayIcon.cs,False,Direct Analysis
DeleteNotifyIcon,215,Files-4.0.24/src/Files.App/Utils/Taskbar/SystemTrayIcon.cs,False,Direct Analysis
ShowContextMenu,233,Files-4.0.24/src/Files.App/Utils/Taskbar/SystemTrayIcon.cs,False,Direct Analysis
OnLeftClicked,266,Files-4.0.24/src/Files.App/Utils/Taskbar/SystemTrayIcon.cs,False,Direct Analysis
OnQuitClicked,298,Files-4.0.24/src/Files.App/Utils/Taskbar/SystemTrayIcon.cs,False,Direct Analysis
WindowProc,311,Files-4.0.24/src/Files.App/Utils/Taskbar/SystemTrayIcon.cs,False,Direct Analysis
Dispose,356,Files-4.0.24/src/Files.App/Utils/Taskbar/SystemTrayIcon.cs,False,Direct Analysis
StreamedFileWriterAsync,49,Files-4.0.24/src/Files.App/Utils/Storage/StorageItems/VirtualStorageFile.cs,False,Direct Analysis
GetBasicPropertiesAsync,66,Files-4.0.24/src/Files.App/Utils/Storage/StorageItems/VirtualStorageFile.cs,False,Direct Analysis
IsOfType,74,Files-4.0.24/src/Files.App/Utils/Storage/StorageItems/VirtualStorageFile.cs,False,Direct Analysis
ToStorageFileAsync,79,Files-4.0.24/src/Files.App/Utils/Storage/StorageItems/VirtualStorageFile.cs,False,Direct Analysis
OpenAsync,88,Files-4.0.24/src/Files.App/Utils/Storage/StorageItems/VirtualStorageFile.cs,False,Direct Analysis
OpenReadAsync,95,Files-4.0.24/src/Files.App/Utils/Storage/StorageItems/VirtualStorageFile.cs,False,Direct Analysis
OpenSequentialReadAsync,101,Files-4.0.24/src/Files.App/Utils/Storage/StorageItems/VirtualStorageFile.cs,False,Direct Analysis
CopyAsync,114,Files-4.0.24/src/Files.App/Utils/Storage/StorageItems/VirtualStorageFile.cs,False,Direct Analysis
Flush,297,Files-4.0.24/src/Files.App/Utils/Storage/StorageItems/StreamWithContentType.cs,False,Direct Analysis
Read,301,Files-4.0.24/src/Files.App/Utils/Storage/StorageItems/StreamWithContentType.cs,False,Direct Analysis
Seek,313,Files-4.0.24/src/Files.App/Utils/Storage/StorageItems/StreamWithContentType.cs,False,Direct Analysis
SetLength,323,Files-4.0.24/src/Files.App/Utils/Storage/StorageItems/StreamWithContentType.cs,False,Direct Analysis
Write,328,Files-4.0.24/src/Files.App/Utils/Storage/StorageItems/StreamWithContentType.cs,False,Direct Analysis
Dispose,333,Files-4.0.24/src/Files.App/Utils/Storage/StorageItems/StreamWithContentType.cs,False,Direct Analysis
ReadAsync,25,Files-4.0.24/src/Files.App/Utils/Storage/StorageItems/StreamWithContentType.cs,False,Direct Analysis
Dispose,30,Files-4.0.24/src/Files.App/Utils/Storage/StorageItems/StreamWithContentType.cs,False,Direct Analysis
GetBasicPropertiesAsync,126,Files-4.0.24/src/Files.App/Utils/Storage/StorageItems/ShellStorageFolder.cs,False,Direct Analysis
GetItemAsync,135,Files-4.0.24/src/Files.App/Utils/Storage/StorageItems/ShellStorageFolder.cs,False,Direct Analysis
TryGetItemAsync,159,Files-4.0.24/src/Files.App/Utils/Storage/StorageItems/ShellStorageFolder.cs,False,Direct Analysis
GetItemsAsync,177,Files-4.0.24/src/Files.App/Utils/Storage/StorageItems/ShellStorageFolder.cs,False,Direct Analysis
GetThumbnailAsync,118,Files-4.0.24/src/Files.App/Utils/Storage/StorageItems/ShellStorageFile.cs,False,Direct Analysis
GetThumbnailAsync,130,Files-4.0.24/src/Files.App/Utils/Storage/StorageItems/ShellStorageFile.cs,False,Direct Analysis
GetThumbnailAsync,142,Files-4.0.24/src/Files.App/Utils/Storage/StorageItems/ShellStorageFile.cs,False,Direct Analysis
GetBasicProperties,171,Files-4.0.24/src/Files.App/Utils/Storage/StorageItems/ShellStorageFile.cs,False,Direct Analysis
RefreshWidgetAsync,68,Files-4.0.24/src/Files.App/ViewModels/UserControls/Widgets/RecentFilesWidgetViewModel.cs,False,Direct Analysis
GetItemMenuItems,75,Files-4.0.24/src/Files.App/ViewModels/UserControls/Widgets/RecentFilesWidgetViewModel.cs,False,Direct Analysis
UpdateRecentFilesListAsync,140,Files-4.0.24/src/Files.App/ViewModels/UserControls/Widgets/RecentFilesWidgetViewModel.cs,False,Direct Analysis
AddItemToRecentList,216,Files-4.0.24/src/Files.App/ViewModels/UserControls/Widgets/RecentFilesWidgetViewModel.cs,False,Direct Analysis
NavigateToPath,231,Files-4.0.24/src/Files.App/ViewModels/UserControls/Widgets/RecentFilesWidgetViewModel.cs,False,Direct Analysis
Manager_RecentFilesChanged,260,Files-4.0.24/src/Files.App/ViewModels/UserControls/Widgets/RecentFilesWidgetViewModel.cs,False,Direct Analysis
ExecuteRemoveRecentItemCommand,271,Files-4.0.24/src/Files.App/ViewModels/UserControls/Widgets/RecentFilesWidgetViewModel.cs,False,Direct Analysis
ExecuteClearRecentItemsCommand,291,Files-4.0.24/src/Files.App/ViewModels/UserControls/Widgets/RecentFilesWidgetViewModel.cs,False,Direct Analysis
ExecuteOpenFileLocationCommand,305,Files-4.0.24/src/Files.App/ViewModels/UserControls/Widgets/RecentFilesWidgetViewModel.cs,False,Direct Analysis
ExecuteOpenPropertiesCommand,323,Files-4.0.24/src/Files.App/ViewModels/UserControls/Widgets/RecentFilesWidgetViewModel.cs,False,Direct Analysis
Dispose,362,Files-4.0.24/src/Files.App/ViewModels/UserControls/Widgets/RecentFilesWidgetViewModel.cs,False,Direct Analysis
GetFoldersAsync,237,Files-4.0.24/src/Files.App/Utils/Storage/StorageItems/BaseQueryResults.cs,False,Direct Analysis
GetFoldersAsync,246,Files-4.0.24/src/Files.App/Utils/Storage/StorageItems/BaseQueryResults.cs,False,Direct Analysis
GetItemsAsync,177,Files-4.0.24/src/Files.App/Utils/Storage/StorageItems/BaseQueryResults.cs,False,Direct Analysis
GetItemsAsync,186,Files-4.0.24/src/Files.App/Utils/Storage/StorageItems/BaseQueryResults.cs,False,Direct Analysis
GetFoldersAsync,127,Files-4.0.24/src/Files.App/Utils/Storage/StorageItems/BaseQueryResults.cs,False,Direct Analysis
GetFoldersAsync,136,Files-4.0.24/src/Files.App/Utils/Storage/StorageItems/BaseQueryResults.cs,False,Direct Analysis
GetFilesAsync,75,Files-4.0.24/src/Files.App/Utils/Storage/StorageItems/BaseQueryResults.cs,False,Direct Analysis
GetFilesAsync,84,Files-4.0.24/src/Files.App/Utils/Storage/StorageItems/BaseQueryResults.cs,False,Direct Analysis
RetryWithCredentialsAsync,15,Files-4.0.24/src/Files.App/Utils/Storage/StorageBaseItems/IPasswordProtectedItem.cs,False,Direct Analysis
RetryWithCredentialsAsync,29,Files-4.0.24/src/Files.App/Utils/Storage/StorageBaseItems/IPasswordProtectedItem.cs,False,Direct Analysis
CopyFrom,43,Files-4.0.24/src/Files.App/Utils/Storage/StorageBaseItems/IPasswordProtectedItem.cs,False,Direct Analysis
GetParentAsync,57,Files-4.0.24/src/Files.App/Utils/Storage/StorageBaseItems/BaseStorageFile.cs,False,Direct Analysis
GetBasicPropertiesAsync,66,Files-4.0.24/src/Files.App/Utils/Storage/StorageBaseItems/BaseStorageFile.cs,False,Direct Analysis
CopyAsync,87,Files-4.0.24/src/Files.App/Utils/Storage/StorageBaseItems/BaseStorageFile.cs,False,Direct Analysis
CopyAsync,96,Files-4.0.24/src/Files.App/Utils/Storage/StorageBaseItems/BaseStorageFile.cs,False,Direct Analysis
CopyAsync,105,Files-4.0.24/src/Files.App/Utils/Storage/StorageBaseItems/BaseStorageFile.cs,False,Direct Analysis
ReadTextAsync,158,Files-4.0.24/src/Files.App/Utils/Storage/StorageBaseItems/BaseStorageFile.cs,False,Direct Analysis
SearchAsync,71,Files-4.0.24/src/Files.App/Utils/Storage/Search/FolderSearch.cs,False,Direct Analysis
AddItemsForHomeAsync,96,Files-4.0.24/src/Files.App/Utils/Storage/Search/FolderSearch.cs,False,Direct Analysis
SearchAsync,111,Files-4.0.24/src/Files.App/Utils/Storage/Search/FolderSearch.cs,False,Direct Analysis
SearchAsync,138,Files-4.0.24/src/Files.App/Utils/Storage/Search/FolderSearch.cs,False,Direct Analysis
ParseTagQuery,192,Files-4.0.24/src/Files.App/Utils/Storage/Search/FolderSearch.cs,False,Direct Analysis
SearchTagsAsync,267,Files-4.0.24/src/Files.App/Utils/Storage/Search/FolderSearch.cs,False,Direct Analysis
AddItemsAsync,340,Files-4.0.24/src/Files.App/Utils/Storage/Search/FolderSearch.cs,False,Direct Analysis
SearchWithWin32Async,364,Files-4.0.24/src/Files.App/Utils/Storage/Search/FolderSearch.cs,False,Direct Analysis
GetListedItemAsync,424,Files-4.0.24/src/Files.App/Utils/Storage/Search/FolderSearch.cs,False,Direct Analysis
GetListedItemAsync,501,Files-4.0.24/src/Files.App/Utils/Storage/Search/FolderSearch.cs,False,Direct Analysis
ToQueryOptions,608,Files-4.0.24/src/Files.App/Utils/Storage/Search/FolderSearch.cs,False,Direct Analysis
CreateAsync,28,Files-4.0.24/src/Files.App/Utils/Storage/Operations/FilesystemOperations.cs,False,Direct Analysis
CopyAsync,109,Files-4.0.24/src/Files.App/Utils/Storage/Operations/FilesystemOperations.cs,False,Direct Analysis
CopyAsync,114,Files-4.0.24/src/Files.App/Utils/Storage/Operations/FilesystemOperations.cs,False,Direct Analysis
MoveAsync,295,Files-4.0.24/src/Files.App/Utils/Storage/Operations/FilesystemOperations.cs,False,Direct Analysis
MoveAsync,300,Files-4.0.24/src/Files.App/Utils/Storage/Operations/FilesystemOperations.cs,False,Direct Analysis
DeleteAsync,489,Files-4.0.24/src/Files.App/Utils/Storage/Operations/FilesystemOperations.cs,False,Direct Analysis
DeleteAsync,494,Files-4.0.24/src/Files.App/Utils/Storage/Operations/FilesystemOperations.cs,False,Direct Analysis
RenameAsync,577,Files-4.0.24/src/Files.App/Utils/Storage/Operations/FilesystemOperations.cs,False,Direct Analysis
RenameAsync,582,Files-4.0.24/src/Files.App/Utils/Storage/Operations/FilesystemOperations.cs,False,Direct Analysis
RestoreItemsFromTrashAsync,683,Files-4.0.24/src/Files.App/Utils/Storage/Operations/FilesystemOperations.cs,False,Direct Analysis
RestoreItemsFromTrashAsync,688,Files-4.0.24/src/Files.App/Utils/Storage/Operations/FilesystemOperations.cs,False,Direct Analysis
ComputeFileSize,108,Files-4.0.24/src/Files.App/Utils/Storage/Operations/FileSizeCalculator.cs,False,Direct Analysis
TryGetComputedFileSize,137,Files-4.0.24/src/Files.App/Utils/Storage/Operations/FileSizeCalculator.cs,False,Direct Analysis
CopyAsync,26,Files-4.0.24/src/Files.App/Utils/Storage/Operations/ShellFilesystemOperations.cs,False,Direct Analysis
CopyAsync,31,Files-4.0.24/src/Files.App/Utils/Storage/Operations/ShellFilesystemOperations.cs,False,Direct Analysis
CopyItemsAsync,36,Files-4.0.24/src/Files.App/Utils/Storage/Operations/ShellFilesystemOperations.cs,False,Direct Analysis
CopyItemsAsync,41,Files-4.0.24/src/Files.App/Utils/Storage/Operations/ShellFilesystemOperations.cs,False,Direct Analysis
CreateAsync,205,Files-4.0.24/src/Files.App/Utils/Storage/Operations/ShellFilesystemOperations.cs,False,Direct Analysis
CreateShortcutItemsAsync,300,Files-4.0.24/src/Files.App/Utils/Storage/Operations/ShellFilesystemOperations.cs,False,Direct Analysis
DeleteAsync,331,Files-4.0.24/src/Files.App/Utils/Storage/Operations/ShellFilesystemOperations.cs,False,Direct Analysis
DeleteAsync,336,Files-4.0.24/src/Files.App/Utils/Storage/Operations/ShellFilesystemOperations.cs,False,Direct Analysis
DeleteItemsAsync,341,Files-4.0.24/src/Files.App/Utils/Storage/Operations/ShellFilesystemOperations.cs,False,Direct Analysis
DeleteItemsAsync,346,Files-4.0.24/src/Files.App/Utils/Storage/Operations/ShellFilesystemOperations.cs,False,Direct Analysis
MoveAsync,469,Files-4.0.24/src/Files.App/Utils/Storage/Operations/ShellFilesystemOperations.cs,False,Direct Analysis
MoveAsync,474,Files-4.0.24/src/Files.App/Utils/Storage/Operations/ShellFilesystemOperations.cs,False,Direct Analysis
MoveItemsAsync,479,Files-4.0.24/src/Files.App/Utils/Storage/Operations/ShellFilesystemOperations.cs,False,Direct Analysis
MoveItemsAsync,484,Files-4.0.24/src/Files.App/Utils/Storage/Operations/ShellFilesystemOperations.cs,False,Direct Analysis
SetPropertyWithUpdateDelay,63,Files-4.0.24/src/Files.App/Utils/Storage/Collection/GroupedHeaderViewModel.cs,False,Direct Analysis
PausePropertyChangedNotifications,87,Files-4.0.24/src/Files.App/Utils/Storage/Collection/GroupedHeaderViewModel.cs,False,Direct Analysis
ResumePropertyChangedNotifications,92,Files-4.0.24/src/Files.App/Utils/Storage/Collection/GroupedHeaderViewModel.cs,False,Direct Analysis
LoadPreviewAndDetailsAsync,18,Files-4.0.24/src/Files.App/ViewModels/UserControls/Previews/RichTextPreviewViewModel.cs,False,Direct Analysis
AddEvents,35,Files-4.0.24/src/Files.App/Utils/Storage/Collection/GroupedCollection.cs,False,Direct Analysis
GroupedCollection_PropertyChanged,40,Files-4.0.24/src/Files.App/Utils/Storage/Collection/GroupedCollection.cs,False,Direct Analysis
InitializeExtendedGroupHeaderInfoAsync,52,Files-4.0.24/src/Files.App/Utils/Storage/Collection/GroupedCollection.cs,False,Direct Analysis
BeginBulkOperation,66,Files-4.0.24/src/Files.App/Utils/Storage/Collection/GroupedCollection.cs,False,Direct Analysis
EndBulkOperation,73,Files-4.0.24/src/Files.App/Utils/Storage/Collection/GroupedCollection.cs,False,Direct Analysis
BeginBulkOperation,119,Files-4.0.24/src/Files.App/Utils/Storage/Collection/BulkConcurrentObservableCollection.cs,False,Direct Analysis
OnCollectionChanged,129,Files-4.0.24/src/Files.App/Utils/Storage/Collection/BulkConcurrentObservableCollection.cs,False,Direct Analysis
RemoveItemsFromGroup,206,Files-4.0.24/src/Files.App/Utils/Storage/Collection/BulkConcurrentObservableCollection.cs,False,Direct Analysis
GetGroupKeyForItem,222,Files-4.0.24/src/Files.App/Utils/Storage/Collection/BulkConcurrentObservableCollection.cs,False,Direct Analysis
EndBulkOperation,227,Files-4.0.24/src/Files.App/Utils/Storage/Collection/BulkConcurrentObservableCollection.cs,False,Direct Analysis
Add,244,Files-4.0.24/src/Files.App/Utils/Storage/Collection/BulkConcurrentObservableCollection.cs,False,Direct Analysis
Clear,264,Files-4.0.24/src/Files.App/Utils/Storage/Collection/BulkConcurrentObservableCollection.cs,False,Direct Analysis
Contains,277,Files-4.0.24/src/Files.App/Utils/Storage/Collection/BulkConcurrentObservableCollection.cs,False,Direct Analysis
CopyTo,288,Files-4.0.24/src/Files.App/Utils/Storage/Collection/BulkConcurrentObservableCollection.cs,False,Direct Analysis
Remove,296,Files-4.0.24/src/Files.App/Utils/Storage/Collection/BulkConcurrentObservableCollection.cs,False,Direct Analysis
GetEnumerator,321,Files-4.0.24/src/Files.App/Utils/Storage/Collection/BulkConcurrentObservableCollection.cs,False,Direct Analysis
GetEnumerator,326,Files-4.0.24/src/Files.App/Utils/Storage/Collection/BulkConcurrentObservableCollection.cs,False,Direct Analysis
IndexOf,331,Files-4.0.24/src/Files.App/Utils/Storage/Collection/BulkConcurrentObservableCollection.cs,False,Direct Analysis
Insert,342,Files-4.0.24/src/Files.App/Utils/Storage/Collection/BulkConcurrentObservableCollection.cs,False,Direct Analysis
RemoveAt,360,Files-4.0.24/src/Files.App/Utils/Storage/Collection/BulkConcurrentObservableCollection.cs,False,Direct Analysis
AddRange,378,Files-4.0.24/src/Files.App/Utils/Storage/Collection/BulkConcurrentObservableCollection.cs,False,Direct Analysis
InsertRange,398,Files-4.0.24/src/Files.App/Utils/Storage/Collection/BulkConcurrentObservableCollection.cs,False,Direct Analysis
RemoveRange,416,Files-4.0.24/src/Files.App/Utils/Storage/Collection/BulkConcurrentObservableCollection.cs,False,Direct Analysis
ReplaceRange,436,Files-4.0.24/src/Files.App/Utils/Storage/Collection/BulkConcurrentObservableCollection.cs,False,Direct Analysis
Sort,461,Files-4.0.24/src/Files.App/Utils/Storage/Collection/BulkConcurrentObservableCollection.cs,False,Direct Analysis
Sort,469,Files-4.0.24/src/Files.App/Utils/Storage/Collection/BulkConcurrentObservableCollection.cs,False,Direct Analysis
Order,477,Files-4.0.24/src/Files.App/Utils/Storage/Collection/BulkConcurrentObservableCollection.cs,False,Direct Analysis
OrderOne,488,Files-4.0.24/src/Files.App/Utils/Storage/Collection/BulkConcurrentObservableCollection.cs,False,Direct Analysis
Add,502,Files-4.0.24/src/Files.App/Utils/Storage/Collection/BulkConcurrentObservableCollection.cs,False,Direct Analysis
AddProcessedItemsCount,133,Files-4.0.24/src/Files.App/Utils/StatusCenter/StatusCenterItemProgressModel.cs,False,Direct Analysis
SetProcessedSize,139,Files-4.0.24/src/Files.App/Utils/StatusCenter/StatusCenterItemProgressModel.cs,False,Direct Analysis
SetProperty,145,Files-4.0.24/src/Files.App/Utils/StatusCenter/StatusCenterItemProgressModel.cs,False,Direct Analysis
Report,155,Files-4.0.24/src/Files.App/Utils/StatusCenter/StatusCenterItemProgressModel.cs,False,Direct Analysis
ReportStatus,208,Files-4.0.24/src/Files.App/Utils/StatusCenter/StatusCenterItemProgressModel.cs,False,Direct Analysis
InitializeWidget,49,Files-4.0.24/src/Files.App/ViewModels/UserControls/Widgets/FileTagsWidgetViewModel.cs,False,Direct Analysis
RefreshWidgetAsync,57,Files-4.0.24/src/Files.App/ViewModels/UserControls/Widgets/FileTagsWidgetViewModel.cs,False,Direct Analysis
CreateTagContainerItem,81,Files-4.0.24/src/Files.App/ViewModels/UserControls/Widgets/FileTagsWidgetViewModel.cs,False,Direct Analysis
GetItemMenuItems,93,Files-4.0.24/src/Files.App/ViewModels/UserControls/Widgets/FileTagsWidgetViewModel.cs,False,Direct Analysis
ExecuteOpenPropertiesCommand,182,Files-4.0.24/src/Files.App/ViewModels/UserControls/Widgets/FileTagsWidgetViewModel.cs,False,Direct Analysis
ExecuteOpenFileLocationCommand,208,Files-4.0.24/src/Files.App/ViewModels/UserControls/Widgets/FileTagsWidgetViewModel.cs,False,Direct Analysis
FileTagsSettingsService_OnTagsUpdated,223,Files-4.0.24/src/Files.App/ViewModels/UserControls/Widgets/FileTagsWidgetViewModel.cs,False,Direct Analysis
Dispose,230,Files-4.0.24/src/Files.App/ViewModels/UserControls/Widgets/FileTagsWidgetViewModel.cs,False,Direct Analysis
Dispose,14,Files-4.0.24/src/Files.App/Utils/Shell/ThreadWithMessageQueue.cs,False,Direct Analysis
PostMethod,24,Files-4.0.24/src/Files.App/Utils/Shell/ThreadWithMessageQueue.cs,False,Direct Analysis
PostMethod,32,Files-4.0.24/src/Files.App/Utils/Shell/ThreadWithMessageQueue.cs,False,Direct Analysis
RootGrid_PointerEntered,30,Files-4.0.24/src/Files.App/Views/Settings/ActionsPage.xaml.cs,False,Direct Analysis
RootGrid_PointerExited,42,Files-4.0.24/src/Files.App/Views/Settings/ActionsPage.xaml.cs,False,Direct Analysis
KeyBindingEditorTextBox_PreviewKeyDown,54,Files-4.0.24/src/Files.App/Views/Settings/ActionsPage.xaml.cs,False,Direct Analysis
KeyBindingEditorTextBox_Loaded,145,Files-4.0.24/src/Files.App/Views/Settings/ActionsPage.xaml.cs,False,Direct Analysis
NewKeyBindingItemPickerComboBox_DropDownClosed,152,Files-4.0.24/src/Files.App/Views/Settings/ActionsPage.xaml.cs,False,Direct Analysis
SearchBox_TextChanged,162,Files-4.0.24/src/Files.App/Views/Settings/ActionsPage.xaml.cs,False,Direct Analysis
DefaultDestinationFolderPath,131,Files-4.0.24/src/Files.App/ViewModels/Dialogs/DecompressArchiveDialogViewModel.cs,False,Direct Analysis
SelectDestinationAsync,136,Files-4.0.24/src/Files.App/ViewModels/Dialogs/DecompressArchiveDialogViewModel.cs,False,Direct Analysis
RefreshEncodingOptions,146,Files-4.0.24/src/Files.App/ViewModels/Dialogs/DecompressArchiveDialogViewModel.cs,False,Direct Analysis
UpdateSuggestions,165,Files-4.0.24/src/Files.App/ViewModels/Dialogs/DecompressArchiveDialogViewModel.cs,False,Direct Analysis
Add,39,Files-4.0.24/src/Files.App/Utils/Shell/ShellLibraryFolders.cs,False,Direct Analysis
Remove,52,Files-4.0.24/src/Files.App/Utils/Shell/ShellLibraryFolders.cs,False,Direct Analysis
Dispose,81,Files-4.0.24/src/Files.App/Utils/Shell/ShellLibraryFolders.cs,False,Direct Analysis
Reload,165,Files-4.0.24/src/Files.App/Utils/Shell/ShellLibraryEx.cs,False,Direct Analysis
Commit,173,Files-4.0.24/src/Files.App/Utils/Shell/ShellLibraryEx.cs,False,Direct Analysis
GetFilteredFolders,183,Files-4.0.24/src/Files.App/Utils/Shell/ShellLibraryEx.cs,False,Direct Analysis
ResolveFolder,197,Files-4.0.24/src/Files.App/Utils/Shell/ShellLibraryEx.cs,False,Direct Analysis
Dispose,231,Files-4.0.24/src/Files.App/Utils/Shell/ShellLibraryEx.cs,False,Direct Analysis
Dispose,409,Files-4.0.24/src/Files.App/Utils/Shell/ShellFileOperations2.cs,False,Direct Analysis
PerformOperations,421,Files-4.0.24/src/Files.App/Utils/Shell/ShellFileOperations2.cs,False,Direct Analysis
QueueApplyPropertiesOperation,432,Files-4.0.24/src/Files.App/Utils/Shell/ShellFileOperations2.cs,False,Direct Analysis
QueueApplyPropertiesOperation,446,Files-4.0.24/src/Files.App/Utils/Shell/ShellFileOperations2.cs,False,Direct Analysis
QueueCopyOperation,460,Files-4.0.24/src/Files.App/Utils/Shell/ShellFileOperations2.cs,False,Direct Analysis
QueueCopyOperation,471,Files-4.0.24/src/Files.App/Utils/Shell/ShellFileOperations2.cs,False,Direct Analysis
QueueDeleteOperation,479,Files-4.0.24/src/Files.App/Utils/Shell/ShellFileOperations2.cs,False,Direct Analysis
QueueDeleteOperation,489,Files-4.0.24/src/Files.App/Utils/Shell/ShellFileOperations2.cs,False,Direct Analysis
QueueMoveOperation,502,Files-4.0.24/src/Files.App/Utils/Shell/ShellFileOperations2.cs,False,Direct Analysis
QueueMoveOperation,513,Files-4.0.24/src/Files.App/Utils/Shell/ShellFileOperations2.cs,False,Direct Analysis
QueueNewItemOperation,542,Files-4.0.24/src/Files.App/Utils/Shell/ShellFileOperations2.cs,False,Direct Analysis
QueueRenameOperation,551,Files-4.0.24/src/Files.App/Utils/Shell/ShellFileOperations2.cs,False,Direct Analysis
QueueRenameOperation,562,Files-4.0.24/src/Files.App/Utils/Shell/ShellFileOperations2.cs,False,Direct Analysis
Dispose,570,Files-4.0.24/src/Files.App/Utils/Shell/ShellFileOperations2.cs,False,Direct Analysis
Dispose,58,Files-4.0.24/src/Files.App/Utils/Shell/PreviewHandler.cs,False,Direct Analysis
GetWindowContext,63,Files-4.0.24/src/Files.App/Utils/Shell/PreviewHandler.cs,False,Direct Analysis
TranslateAccelerator,72,Files-4.0.24/src/Files.App/Utils/Shell/PreviewHandler.cs,False,Direct Analysis
Dispose,11,Files-4.0.24/src/Files.App/Utils/Shell/Disposable.cs,False,Direct Analysis
Dispose,17,Files-4.0.24/src/Files.App/Utils/Shell/Disposable.cs,False,Direct Analysis
Dispose,11,Files-4.0.24/src/Files.App/Utils/Shell/ContextMenuItem.cs,False,Direct Analysis
Dispose,17,Files-4.0.24/src/Files.App/Utils/Shell/ContextMenuItem.cs,False,Direct Analysis
CreateFile,16,Files-4.0.24/src/Files.App/Utils/Serialization/Implementation/DefaultSettingsSerializer.cs,False,Direct Analysis
ReadFromFile,37,Files-4.0.24/src/Files.App/Utils/Serialization/Implementation/DefaultSettingsSerializer.cs,False,Direct Analysis
WriteToFile,44,Files-4.0.24/src/Files.App/Utils/Serialization/Implementation/DefaultSettingsSerializer.cs,False,Direct Analysis
SerializeToJson,13,Files-4.0.24/src/Files.App/Utils/Serialization/Implementation/DefaultJsonSettingsSerializer.cs,False,Direct Analysis
DeserializeFromJson,18,Files-4.0.24/src/Files.App/Utils/Serialization/Implementation/DefaultJsonSettingsSerializer.cs,False,Direct Analysis
UpdateValueInCache,41,Files-4.0.24/src/Files.App/Utils/Serialization/Implementation/CachingJsonSettingsDatabase.cs,False,Direct Analysis
RemoveKey,69,Files-4.0.24/src/Files.App/Utils/Serialization/Implementation/CachingJsonSettingsDatabase.cs,False,Direct Analysis
ImportSettings,76,Files-4.0.24/src/Files.App/Utils/Serialization/Implementation/CachingJsonSettingsDatabase.cs,False,Direct Analysis
FlushSettings,42,Files-4.0.24/src/Files.App/Utils/Serialization/BaseJsonSettings.cs,False,Direct Analysis
ExportSettings,47,Files-4.0.24/src/Files.App/Utils/Serialization/BaseJsonSettings.cs,False,Direct Analysis
ImportSettings,52,Files-4.0.24/src/Files.App/Utils/Serialization/BaseJsonSettings.cs,False,Direct Analysis
RegisterSettingsContext,57,Files-4.0.24/src/Files.App/Utils/Serialization/BaseJsonSettings.cs,False,Direct Analysis
GetSharingContext,70,Files-4.0.24/src/Files.App/Utils/Serialization/BaseJsonSettings.cs,False,Direct Analysis
Initialize,75,Files-4.0.24/src/Files.App/Utils/Serialization/BaseJsonSettings.cs,False,Direct Analysis
Get,80,Files-4.0.24/src/Files.App/Utils/Serialization/BaseJsonSettings.cs,False,Direct Analysis
Set,90,Files-4.0.24/src/Files.App/Utils/Serialization/BaseJsonSettings.cs,False,Direct Analysis
RaiseOnSettingChangedEvent,108,Files-4.0.24/src/Files.App/Utils/Serialization/BaseJsonSettings.cs,False,Direct Analysis
SetupWin32Watcher,34,Files-4.0.24/src/Files.App/Utils/Global/WindowsStorageDeviceWatcher.cs,False,Direct Analysis
Win32_OnDeviceEjectedOrInserted,42,Files-4.0.24/src/Files.App/Utils/Global/WindowsStorageDeviceWatcher.cs,False,Direct Analysis
Win32_OnDeviceRemoved,47,Files-4.0.24/src/Files.App/Utils/Global/WindowsStorageDeviceWatcher.cs,False,Direct Analysis
Win32_OnDeviceAdded,52,Files-4.0.24/src/Files.App/Utils/Global/WindowsStorageDeviceWatcher.cs,False,Direct Analysis
Watcher_EnumerationCompleted,73,Files-4.0.24/src/Files.App/Utils/Global/WindowsStorageDeviceWatcher.cs,False,Direct Analysis
Watcher_Removed,78,Files-4.0.24/src/Files.App/Utils/Global/WindowsStorageDeviceWatcher.cs,False,Direct Analysis
Watcher_Added,83,Files-4.0.24/src/Files.App/Utils/Global/WindowsStorageDeviceWatcher.cs,False,Direct Analysis
Start,121,Files-4.0.24/src/Files.App/Utils/Global/WindowsStorageDeviceWatcher.cs,False,Direct Analysis
Stop,126,Files-4.0.24/src/Files.App/Utils/Global/WindowsStorageDeviceWatcher.cs,False,Direct Analysis
Initialize,26,Files-4.0.24/src/Files.App/Utils/Global/QuickAccessManager.cs,False,Direct Analysis
InitializeAsync,54,Files-4.0.24/src/Files.App/Utils/Global/QuickAccessManager.cs,False,Direct Analysis
GetProviders,15,Files-4.0.24/src/Files.App/Utils/Cloud/Detector/SynologyDriveCloudDetector.cs,False,Direct Analysis
GetProviders,15,Files-4.0.24/src/Files.App/Utils/Cloud/Detector/OXDriveCloudDetector.cs,False,Direct Analysis
GetProviders,25,Files-4.0.24/src/Files.App/Utils/Cloud/Detector/GoogleDriveCloudDetector.cs,False,Direct Analysis
GetProviders,11,Files-4.0.24/src/Files.App/Utils/Cloud/Detector/GenericCloudDetector.cs,False,Direct Analysis
GetProviders,14,Files-4.0.24/src/Files.App/Utils/Cloud/Detector/DropBoxCloudDetector.cs,False,Direct Analysis
DetectCloudProvidersAsync,11,Files-4.0.24/src/Files.App/Utils/Cloud/Detector/CloudDetector.cs,False,Direct Analysis
GetProviders,14,Files-4.0.24/src/Files.App/Utils/Cloud/Detector/BoxCloudDetector.cs,False,Direct Analysis
DetectCloudProvidersAsync,8,Files-4.0.24/src/Files.App/Utils/Cloud/Detector/AbstractCloudDetector.cs,False,Direct Analysis
RecentFilesListView_ItemClick,23,Files-4.0.24/src/Files.App/UserControls/Widgets/RecentFilesWidget.xaml.cs,False,Direct Analysis
RecentFilesListView_RightTapped,31,Files-4.0.24/src/Files.App/UserControls/Widgets/RecentFilesWidget.xaml.cs,False,Direct Analysis
RecentFilesListView_DragItemsStarting,36,Files-4.0.24/src/Files.App/UserControls/Widgets/RecentFilesWidget.xaml.cs,False,Direct Analysis
FileTagItem_ItemClick,22,Files-4.0.24/src/Files.App/UserControls/Widgets/FileTagsWidget.xaml.cs,False,Direct Analysis
AdaptiveGridView_RightTapped,28,Files-4.0.24/src/Files.App/UserControls/Widgets/FileTagsWidget.xaml.cs,False,Direct Analysis
HookEvents,47,Files-4.0.24/src/Files.App/Views/Layouts/ColumnsLayoutPage.xaml.cs,False,Direct Analysis
UnhookEvents,51,Files-4.0.24/src/Files.App/Views/Layouts/ColumnsLayoutPage.xaml.cs,False,Direct Analysis
ColumnViewBase_ItemInvoked,58,Files-4.0.24/src/Files.App/Views/Layouts/ColumnsLayoutPage.xaml.cs,False,Direct Analysis
ContentChanged,96,Files-4.0.24/src/Files.App/Views/Layouts/ColumnsLayoutPage.xaml.cs,False,Direct Analysis
OnNavigatedTo,101,Files-4.0.24/src/Files.App/Views/Layouts/ColumnsLayoutPage.xaml.cs,False,Direct Analysis
InitializeCommandsViewModel,151,Files-4.0.24/src/Files.App/Views/Layouts/ColumnsLayoutPage.xaml.cs,False,Direct Analysis
OnNavigatingFrom,156,Files-4.0.24/src/Files.App/Views/Layouts/ColumnsLayoutPage.xaml.cs,False,Direct Analysis
Dispose,163,Files-4.0.24/src/Files.App/Views/Layouts/ColumnsLayoutPage.xaml.cs,False,Direct Analysis
DismissOtherBlades,204,Files-4.0.24/src/Files.App/Views/Layouts/ColumnsLayoutPage.xaml.cs,False,Direct Analysis
Frame_Navigated,244,Files-4.0.24/src/Files.App/Views/Layouts/ColumnsLayoutPage.xaml.cs,False,Direct Analysis
ColumnViewBrowser_GotFocus,252,Files-4.0.24/src/Files.App/Views/Layouts/ColumnsLayoutPage.xaml.cs,False,Direct Analysis
ColumnViewBase_KeyUp,289,Files-4.0.24/src/Files.App/Views/Layouts/ColumnsLayoutPage.xaml.cs,False,Direct Analysis
NavigateBack,296,Files-4.0.24/src/Files.App/Views/Layouts/ColumnsLayoutPage.xaml.cs,False,Direct Analysis
NavigateForward,301,Files-4.0.24/src/Files.App/Views/Layouts/ColumnsLayoutPage.xaml.cs,False,Direct Analysis
NavigateUp,306,Files-4.0.24/src/Files.App/Views/Layouts/ColumnsLayoutPage.xaml.cs,False,Direct Analysis
MoveFocusToPreviousBlade,320,Files-4.0.24/src/Files.App/Views/Layouts/ColumnsLayoutPage.xaml.cs,False,Direct Analysis
MoveFocusToNextBlade,341,Files-4.0.24/src/Files.App/Views/Layouts/ColumnsLayoutPage.xaml.cs,False,Direct Analysis
SetSelectedPathOrNavigate,366,Files-4.0.24/src/Files.App/Views/Layouts/ColumnsLayoutPage.xaml.cs,False,Direct Analysis
SetSelectedPathOrNavigate,417,Files-4.0.24/src/Files.App/Views/Layouts/ColumnsLayoutPage.xaml.cs,False,Direct Analysis
ColumnViewBase_ItemTapped,456,Files-4.0.24/src/Files.App/Views/Layouts/ColumnsLayoutPage.xaml.cs,False,Direct Analysis
Button_Click,22,Files-4.0.24/src/Files.App/UserControls/Widgets/DrivesWidget.xaml.cs,False,Direct Analysis
Button_PointerPressed,31,Files-4.0.24/src/Files.App/UserControls/Widgets/DrivesWidget.xaml.cs,False,Direct Analysis
Button_RightTapped,44,Files-4.0.24/src/Files.App/UserControls/Widgets/DrivesWidget.xaml.cs,False,Direct Analysis
GoToStorageSense_Click,49,Files-4.0.24/src/Files.App/UserControls/Widgets/DrivesWidget.xaml.cs,False,Direct Analysis
OnSizeChanged,63,Files-4.0.24/src/Files.App/UserControls/StatusCenter/SpeedGraph.cs,False,Direct Analysis
OnLoaded,80,Files-4.0.24/src/Files.App/UserControls/StatusCenter/SpeedGraph.cs,False,Direct Analysis
OnUnloaded,94,Files-4.0.24/src/Files.App/UserControls/StatusCenter/SpeedGraph.cs,False,Direct Analysis
OnPointsChanged,102,Files-4.0.24/src/Files.App/UserControls/StatusCenter/SpeedGraph.cs,False,Direct Analysis
OnAppThemeModeChanged,107,Files-4.0.24/src/Files.App/UserControls/StatusCenter/SpeedGraph.cs,False,Direct Analysis
OnThemeChanged,114,Files-4.0.24/src/Files.App/UserControls/StatusCenter/SpeedGraph.cs,False,Direct Analysis
InitGraph,120,Files-4.0.24/src/Files.App/UserControls/StatusCenter/SpeedGraph.cs,False,Direct Analysis
UpdateGraph,197,Files-4.0.24/src/Files.App/UserControls/StatusCenter/SpeedGraph.cs,False,Direct Analysis
CreatePathFromPoints,213,Files-4.0.24/src/Files.App/UserControls/StatusCenter/SpeedGraph.cs,False,Direct Analysis
SetGraphColors,232,Files-4.0.24/src/Files.App/UserControls/StatusCenter/SpeedGraph.cs,False,Direct Analysis
BranchesFlyout_Opening,47,Files-4.0.24/src/Files.App/UserControls/StatusBar.xaml.cs,False,Direct Analysis
BranchesList_ItemClick,58,Files-4.0.24/src/Files.App/UserControls/StatusBar.xaml.cs,False,Direct Analysis
BranchesFlyout_Closing,63,Files-4.0.24/src/Files.App/UserControls/StatusBar.xaml.cs,False,Direct Analysis
DeleteBranch_Click,71,Files-4.0.24/src/Files.App/UserControls/StatusBar.xaml.cs,False,Direct Analysis
RectangleSelection_PointerMoved,38,Files-4.0.24/src/Files.App/UserControls/Selection/RectangleSelection_ListViewBase.cs,False,Direct Analysis
RectangleSelection_PointerPressed,114,Files-4.0.24/src/Files.App/UserControls/Selection/RectangleSelection_ListViewBase.cs,False,Direct Analysis
FetchItemsPosition,158,Files-4.0.24/src/Files.App/UserControls/Selection/RectangleSelection_ListViewBase.cs,False,Direct Analysis
ScrollViewer_ViewChanged,176,Files-4.0.24/src/Files.App/UserControls/Selection/RectangleSelection_ListViewBase.cs,False,Direct Analysis
RectangleSelection_PointerReleased,184,Files-4.0.24/src/Files.App/UserControls/Selection/RectangleSelection_ListViewBase.cs,False,Direct Analysis
RectangleSelection_SizeChanged,220,Files-4.0.24/src/Files.App/UserControls/Selection/RectangleSelection_ListViewBase.cs,False,Direct Analysis
InitEvents,230,Files-4.0.24/src/Files.App/UserControls/Selection/RectangleSelection_ListViewBase.cs,False,Direct Analysis
OnSelectionStarted,51,Files-4.0.24/src/Files.App/UserControls/Selection/RectangleSelection.cs,False,Direct Analysis
OnSelectionEnded,56,Files-4.0.24/src/Files.App/UserControls/Selection/RectangleSelection.cs,False,Direct Analysis
DrawRectangle,68,Files-4.0.24/src/Files.App/UserControls/Selection/RectangleSelection.cs,False,Direct Analysis
HasMovedMinimalDelta,112,Files-4.0.24/src/Files.App/UserControls/Selection/RectangleSelection.cs,False,Direct Analysis
StartSelection,19,Files-4.0.24/src/Files.App/UserControls/Selection/ItemSelectionStrategy.cs,False,Direct Analysis
HandleNoItemSelected,23,Files-4.0.24/src/Files.App/UserControls/Selection/ItemSelectionStrategy.cs,False,Direct Analysis
HandleIntersectionWithItem,14,Files-4.0.24/src/Files.App/UserControls/Selection/IgnorePreviousItemSelectionStrategy.cs,False,Direct Analysis
HandleNoIntersectionWithItem,29,Files-4.0.24/src/Files.App/UserControls/Selection/IgnorePreviousItemSelectionStrategy.cs,False,Direct Analysis
StartSelection,40,Files-4.0.24/src/Files.App/UserControls/Selection/IgnorePreviousItemSelectionStrategy.cs,False,Direct Analysis
HandleNoItemSelected,45,Files-4.0.24/src/Files.App/UserControls/Selection/IgnorePreviousItemSelectionStrategy.cs,False,Direct Analysis
HandleIntersectionWithItem,18,Files-4.0.24/src/Files.App/UserControls/Selection/ExtendPreviousItemSelectionStrategy.cs,False,Direct Analysis
HandleNoIntersectionWithItem,32,Files-4.0.24/src/Files.App/UserControls/Selection/ExtendPreviousItemSelectionStrategy.cs,False,Direct Analysis
Shelf_DragOver,22,Files-4.0.24/src/Files.App/UserControls/Pane/ShelfPane.xaml.cs,False,Direct Analysis
Shelf_Drop,32,Files-4.0.24/src/Files.App/UserControls/Pane/ShelfPane.xaml.cs,False,Direct Analysis
ListView_DragItemsStarting,65,Files-4.0.24/src/Files.App/UserControls/Pane/ShelfPane.xaml.cs,False,Direct Analysis
ShelfItemsList_RightTapped,89,Files-4.0.24/src/Files.App/UserControls/Pane/ShelfPane.xaml.cs,False,Direct Analysis
ShelfItemsList_GotFocus,109,Files-4.0.24/src/Files.App/UserControls/Pane/ShelfPane.xaml.cs,False,Direct Analysis
UpdatePosition,39,Files-4.0.24/src/Files.App/UserControls/Pane/InfoPane.xaml.cs,False,Direct Analysis
Root_Unloaded,55,Files-4.0.24/src/Files.App/UserControls/Pane/InfoPane.xaml.cs,False,Direct Analysis
FileTag_PointerEntered,67,Files-4.0.24/src/Files.App/UserControls/Pane/InfoPane.xaml.cs,False,Direct Analysis
FileTag_PointerExited,72,Files-4.0.24/src/Files.App/UserControls/Pane/InfoPane.xaml.cs,False,Direct Analysis
TagItem_Tapped,87,Files-4.0.24/src/Files.App/UserControls/Pane/InfoPane.xaml.cs,False,Direct Analysis
NavToolbar_Loading,51,Files-4.0.24/src/Files.App/UserControls/NavigationToolbar.xaml.cs,False,Direct Analysis
OngoingTasksActions_ProgressBannerPosted,58,Files-4.0.24/src/Files.App/UserControls/NavigationToolbar.xaml.cs,False,Direct Analysis
AddHistoryItemsAsync,96,Files-4.0.24/src/Files.App/UserControls/NavigationToolbar.xaml.cs,False,Direct Analysis
Omnibar_QuerySubmitted,172,Files-4.0.24/src/Files.App/UserControls/NavigationToolbar.xaml.cs,False,Direct Analysis
Omnibar_TextChanged,250,Files-4.0.24/src/Files.App/UserControls/NavigationToolbar.xaml.cs,False,Direct Analysis
BreadcrumbBar_ItemClicked,269,Files-4.0.24/src/Files.App/UserControls/NavigationToolbar.xaml.cs,False,Direct Analysis
OnSizeChanged,26,Files-4.0.24/src/Files.App/UserControls/KeyboardShortcut/KeyboardShortcutItem.cs,False,Direct Analysis
PreviewHost_Loaded,23,Files-4.0.24/src/Files.App/UserControls/FilePreviews/ShellPreview.xaml.cs,False,Direct Analysis
PreviewHost_SizeChanged,35,Files-4.0.24/src/Files.App/UserControls/FilePreviews/ShellPreview.xaml.cs,False,Direct Analysis
PreviewHost_Unloaded,55,Files-4.0.24/src/Files.App/UserControls/FilePreviews/ShellPreview.xaml.cs,False,Direct Analysis
PreviewHost_PointerEntered,66,Files-4.0.24/src/Files.App/UserControls/FilePreviews/ShellPreview.xaml.cs,False,Direct Analysis
TextPreviewControl_Loaded,20,Files-4.0.24/src/Files.App/UserControls/FilePreviews/RichTextPreview.xaml.cs,False,Direct Analysis
PlayerContext_Loaded,25,Files-4.0.24/src/Files.App/UserControls/FilePreviews/MediaPreview.xaml.cs,False,Direct Analysis
MediaPreview_Unloaded,32,Files-4.0.24/src/Files.App/UserControls/FilePreviews/MediaPreview.xaml.cs,False,Direct Analysis
MediaPlayer_VolumeChanged,45,Files-4.0.24/src/Files.App/UserControls/FilePreviews/MediaPreview.xaml.cs,False,Direct Analysis
TogglePlaybackRequestInvoked,53,Files-4.0.24/src/Files.App/UserControls/FilePreviews/MediaPreview.xaml.cs,False,Direct Analysis
WebViewControl_Loaded,19,Files-4.0.24/src/Files.App/UserControls/FilePreviews/HtmlPreview.xaml.cs,False,Direct Analysis
RefreshWidgetAsync,66,Files-4.0.24/src/Files.App/ViewModels/UserControls/Widgets/QuickAccessWidgetViewModel.cs,False,Direct Analysis
GetItemMenuItems,91,Files-4.0.24/src/Files.App/ViewModels/UserControls/Widgets/QuickAccessWidgetViewModel.cs,False,Direct Analysis
NavigateToPath,167,Files-4.0.24/src/Files.App/ViewModels/UserControls/Widgets/QuickAccessWidgetViewModel.cs,False,Direct Analysis
Items_CollectionChanged,183,Files-4.0.24/src/Files.App/ViewModels/UserControls/Widgets/QuickAccessWidgetViewModel.cs,False,Direct Analysis
ExecutePinToSidebarCommand,194,Files-4.0.24/src/Files.App/ViewModels/UserControls/Widgets/QuickAccessWidgetViewModel.cs,False,Direct Analysis
ExecuteUnpinFromSidebarCommand,229,Files-4.0.24/src/Files.App/ViewModels/UserControls/Widgets/QuickAccessWidgetViewModel.cs,False,Direct Analysis
ExecuteOpenPropertiesCommand,263,Files-4.0.24/src/Files.App/ViewModels/UserControls/Widgets/QuickAccessWidgetViewModel.cs,False,Direct Analysis
Dispose,301,Files-4.0.24/src/Files.App/ViewModels/UserControls/Widgets/QuickAccessWidgetViewModel.cs,False,Direct Analysis
OnDropDownOpened,13,Files-4.0.24/src/Files.App/UserControls/ComboBoxEx/ComboBoxEx.cs,False,Direct Analysis
OnDropDownClosed,20,Files-4.0.24/src/Files.App/UserControls/ComboBoxEx/ComboBoxEx.cs,False,Direct Analysis
MeasureOverride,27,Files-4.0.24/src/Files.App/UserControls/ComboBoxEx/ComboBoxEx.cs,False,Direct Analysis
SetDesktopWallpaper,17,Files-4.0.24/src/Files.App/Services/Windows/WindowsWallpaperService.cs,False,Direct Analysis
SetDesktopSlideshow,43,Files-4.0.24/src/Files.App/Services/Windows/WindowsWallpaperService.cs,False,Direct Analysis
SetLockScreenWallpaper,70,Files-4.0.24/src/Files.App/Services/Windows/WindowsWallpaperService.cs,False,Direct Analysis
IsPinned,9,Files-4.0.24/src/Files.App/Services/Windows/WindowsStartMenuService.cs,False,Direct Analysis
IsPinnedAsync,16,Files-4.0.24/src/Files.App/Services/Windows/WindowsStartMenuService.cs,False,Direct Analysis
PinAsync,25,Files-4.0.24/src/Files.App/Services/Windows/WindowsStartMenuService.cs,False,Direct Analysis
UnpinAsync,62,Files-4.0.24/src/Files.App/Services/Windows/WindowsStartMenuService.cs,False,Direct Analysis
Open_FileOpenDialog,19,Files-4.0.24/src/Files.App/Services/Windows/WindowsDialogService.cs,False,Direct Analysis
Open_FileSaveDialog,118,Files-4.0.24/src/Files.App/Services/Windows/WindowsDialogService.cs,False,Direct Analysis
Open_NetworkConnectionDialog,217,Files-4.0.24/src/Files.App/Services/Windows/WindowsDialogService.cs,False,Direct Analysis
OpenSecondaryPane,287,Files-4.0.24/src/Files.App/Views/ShellPanesPage.xaml.cs,False,Direct Analysis
ArrangePanes,296,Files-4.0.24/src/Files.App/Views/ShellPanesPage.xaml.cs,False,Direct Analysis
CloseOtherPane,354,Files-4.0.24/src/Files.App/Views/ShellPanesPage.xaml.cs,False,Direct Analysis
CloseActivePane,366,Files-4.0.24/src/Files.App/Views/ShellPanesPage.xaml.cs,False,Direct Analysis
FocusOtherPane,378,Files-4.0.24/src/Files.App/Views/ShellPanesPage.xaml.cs,False,Direct Analysis
FocusActivePane,387,Files-4.0.24/src/Files.App/Views/ShellPanesPage.xaml.cs,False,Direct Analysis
GetPanes,400,Files-4.0.24/src/Files.App/Views/ShellPanesPage.xaml.cs,False,Direct Analysis
AddPane,426,Files-4.0.24/src/Files.App/Views/ShellPanesPage.xaml.cs,False,Direct Analysis
RemovePane,506,Files-4.0.24/src/Files.App/Views/ShellPanesPage.xaml.cs,False,Direct Analysis
SetShadow,570,Files-4.0.24/src/Files.App/Views/ShellPanesPage.xaml.cs,False,Direct Analysis
OnNavigatedTo,598,Files-4.0.24/src/Files.App/Views/ShellPanesPage.xaml.cs,False,Direct Analysis
TabItemDragOver,649,Files-4.0.24/src/Files.App/Views/ShellPanesPage.xaml.cs,False,Direct Analysis
TabItemDrop,654,Files-4.0.24/src/Files.App/Views/ShellPanesPage.xaml.cs,False,Direct Analysis
MainWindow_SizeChanged,659,Files-4.0.24/src/Files.App/Views/ShellPanesPage.xaml.cs,False,Direct Analysis
Pane_Loaded,664,Files-4.0.24/src/Files.App/Views/ShellPanesPage.xaml.cs,False,Direct Analysis
Pane_ContentChanged,674,Files-4.0.24/src/Files.App/Views/ShellPanesPage.xaml.cs,False,Direct Analysis
Pane_PointerPressed,688,Files-4.0.24/src/Files.App/Views/ShellPanesPage.xaml.cs,False,Direct Analysis
Pane_GotFocus,698,Files-4.0.24/src/Files.App/Views/ShellPanesPage.xaml.cs,False,Direct Analysis
Pane_RightTapped,722,Files-4.0.24/src/Files.App/Views/ShellPanesPage.xaml.cs,False,Direct Analysis
Sizer_Loaded,728,Files-4.0.24/src/Files.App/Views/ShellPanesPage.xaml.cs,False,Direct Analysis
Sizer_OnDoubleTapped,740,Files-4.0.24/src/Files.App/Views/ShellPanesPage.xaml.cs,False,Direct Analysis
Sizer_ManipulationStarted,754,Files-4.0.24/src/Files.App/Views/ShellPanesPage.xaml.cs,False,Direct Analysis
Sizer_ManipulationCompleted,763,Files-4.0.24/src/Files.App/Views/ShellPanesPage.xaml.cs,False,Direct Analysis
NotifyPropertyChanged,772,Files-4.0.24/src/Files.App/Views/ShellPanesPage.xaml.cs,False,Direct Analysis
Dispose,779,Files-4.0.24/src/Files.App/Views/ShellPanesPage.xaml.cs,False,Direct Analysis
GetCompatibilityOptionsForPath,14,Files-4.0.24/src/Files.App/Services/Windows/WindowsCompatibilityService.cs,False,Direct Analysis
SetCompatibilityOptionsForPath,35,Files-4.0.24/src/Files.App/Services/Windows/WindowsCompatibilityService.cs,False,Direct Analysis
GetAllRecycleBinFoldersAsync,19,Files-4.0.24/src/Files.App/Services/Storage/StorageTrashBinService.cs,False,Direct Analysis
GetSize,37,Files-4.0.24/src/Files.App/Services/Storage/StorageTrashBinService.cs,False,Direct Analysis
HasItems,43,Files-4.0.24/src/Files.App/Services/Storage/StorageTrashBinService.cs,False,Direct Analysis
IsUnderTrashBin,49,Files-4.0.24/src/Files.App/Services/Storage/StorageTrashBinService.cs,False,Direct Analysis
CanGoTrashBin,57,Files-4.0.24/src/Files.App/Services/Storage/StorageTrashBinService.cs,False,Direct Analysis
EmptyTrashBin,71,Files-4.0.24/src/Files.App/Services/Storage/StorageTrashBinService.cs,False,Direct Analysis
RestoreAllTrashesAsync,84,Files-4.0.24/src/Files.App/Services/Storage/StorageTrashBinService.cs,False,Direct Analysis
GetOwner,18,Files-4.0.24/src/Files.App/Services/Storage/StorageSecurityService.cs,False,Direct Analysis
SetOwner,36,Files-4.0.24/src/Files.App/Services/Storage/StorageSecurityService.cs,False,Direct Analysis
GetAcl,69,Files-4.0.24/src/Files.App/Services/Storage/StorageSecurityService.cs,False,Direct Analysis
AddAce,169,Files-4.0.24/src/Files.App/Services/Storage/StorageSecurityService.cs,False,Direct Analysis
DeleteAce,250,Files-4.0.24/src/Files.App/Services/Storage/StorageSecurityService.cs,False,Direct Analysis
GetComputersAsync,72,Files-4.0.24/src/Files.App/Services/Storage/StorageNetworkService.cs,False,Direct Analysis
GetShortcutsAsync,100,Files-4.0.24/src/Files.App/Services/Storage/StorageNetworkService.cs,False,Direct Analysis
UpdateComputersAsync,150,Files-4.0.24/src/Files.App/Services/Storage/StorageNetworkService.cs,False,Direct Analysis
UpdateShortcutsAsync,172,Files-4.0.24/src/Files.App/Services/Storage/StorageNetworkService.cs,False,Direct Analysis
DisconnectNetworkDrive,190,Files-4.0.24/src/Files.App/Services/Storage/StorageNetworkService.cs,False,Direct Analysis
OpenMapNetworkDriveDialogAsync,201,Files-4.0.24/src/Files.App/Services/Storage/StorageNetworkService.cs,False,Direct Analysis
AuthenticateNetworkShare,213,Files-4.0.24/src/Files.App/Services/Storage/StorageNetworkService.cs,False,Direct Analysis
CreateWatcher,13,Files-4.0.24/src/Files.App/Services/Storage/StorageDevicesService.cs,False,Direct Analysis
GetDrivesAsync,18,Files-4.0.24/src/Files.App/Services/Storage/StorageDevicesService.cs,False,Direct Analysis
GetPrimaryDriveAsync,58,Files-4.0.24/src/Files.App/Services/Storage/StorageDevicesService.cs,False,Direct Analysis
UpdateDrivePropertiesAsync,64,Files-4.0.24/src/Files.App/Services/Storage/StorageDevicesService.cs,False,Direct Analysis
Unload,88,Files-4.0.24/src/Files.App/UserControls/TabBar/TabBarItem.cs,False,Direct Analysis
ContentFrame_Navigated,95,Files-4.0.24/src/Files.App/UserControls/TabBar/TabBarItem.cs,False,Direct Analysis
TabItemContent_ContentChanged,101,Files-4.0.24/src/Files.App/UserControls/TabBar/TabBarItem.cs,False,Direct Analysis
Dispose,107,Files-4.0.24/src/Files.App/UserControls/TabBar/TabBarItem.cs,False,Direct Analysis
CleanAsync,15,Files-4.0.24/src/Files.App/Services/SizeProvider/DrivesSizeProvider.cs,False,Direct Analysis
ClearAsync,26,Files-4.0.24/src/Files.App/Services/SizeProvider/DrivesSizeProvider.cs,False,Direct Analysis
UpdateAsync,37,Files-4.0.24/src/Files.App/Services/SizeProvider/DrivesSizeProvider.cs,False,Direct Analysis
TryGetSize,47,Files-4.0.24/src/Files.App/Services/SizeProvider/DrivesSizeProvider.cs,False,Direct Analysis
CreateProvider,61,Files-4.0.24/src/Files.App/Services/SizeProvider/DrivesSizeProvider.cs,False,Direct Analysis
Dispose,71,Files-4.0.24/src/Files.App/Services/SizeProvider/DrivesSizeProvider.cs,False,Direct Analysis
ClearAsync,17,Files-4.0.24/src/Files.App/Services/SizeProvider/CachedSizeProvider.cs,False,Direct Analysis
UpdateAsync,23,Files-4.0.24/src/Files.App/Services/SizeProvider/CachedSizeProvider.cs,False,Direct Analysis
Dispose,100,Files-4.0.24/src/Files.App/Services/SizeProvider/CachedSizeProvider.cs,False,Direct Analysis
HookBaseEvents,321,Files-4.0.24/src/Files.App/Views/Layouts/BaseLayoutPage.cs,False,Direct Analysis
UnhookBaseEvents,326,Files-4.0.24/src/Files.App/Views/Layouts/BaseLayoutPage.cs,False,Direct Analysis
JumpTimer_Tick,331,Files-4.0.24/src/Files.App/Views/Layouts/BaseLayoutPage.cs,False,Direct Analysis
GetAllItems,337,Files-4.0.24/src/Files.App/Views/Layouts/BaseLayoutPage.cs,False,Direct Analysis
ResetItemOpacity,346,Files-4.0.24/src/Files.App/Views/Layouts/BaseLayoutPage.cs,False,Direct Analysis
GetItemFromElement,359,Files-4.0.24/src/Files.App/Views/Layouts/BaseLayoutPage.cs,False,Direct Analysis
BaseFolderSettings_LayoutModeChangeRequested,367,Files-4.0.24/src/Files.App/Views/Layouts/BaseLayoutPage.cs,False,Direct Analysis
NotifyPropertyChanged,400,Files-4.0.24/src/Files.App/Views/Layouts/BaseLayoutPage.cs,False,Direct Analysis
OnNavigatedTo,405,Files-4.0.24/src/Files.App/Views/Layouts/BaseLayoutPage.cs,False,Direct Analysis
SetSelectedItemsOnNavigation,515,Files-4.0.24/src/Files.App/Views/Layouts/BaseLayoutPage.cs,False,Direct Analysis
GroupPreferenceUpdatedAsync,559,Files-4.0.24/src/Files.App/Views/Layouts/BaseLayoutPage.cs,False,Direct Analysis
OnNavigatingFrom,573,Files-4.0.24/src/Files.App/Views/Layouts/BaseLayoutPage.cs,False,Direct Analysis
ItemContextFlyout_Opening,591,Files-4.0.24/src/Files.App/Views/Layouts/BaseLayoutPage.cs,False,Direct Analysis
ExportSettings,64,Files-4.0.24/src/Files.App/Services/Settings/UserSettingsService.cs,False,Direct Analysis
ImportSettings,78,Files-4.0.24/src/Files.App/Services/Settings/UserSettingsService.cs,False,Direct Analysis
RaiseOnSettingChangedEvent,328,Files-4.0.24/src/Files.App/Services/Settings/LayoutSettingsService.cs,False,Direct Analysis
RaiseOnSettingChangedEvent,43,Files-4.0.24/src/Files.App/Services/Settings/InfoPaneSettingsService.cs,False,Direct Analysis
RaiseOnSettingChangedEvent,118,Files-4.0.24/src/Files.App/Services/Settings/FoldersSettingsService.cs,False,Direct Analysis
RaiseOnSettingChangedEvent,35,Files-4.0.24/src/Files.App/Services/Settings/DevToolsSettingsService.cs,False,Direct Analysis
RaiseOnSettingChangedEvent,169,Files-4.0.24/src/Files.App/Services/Settings/AppearanceSettingsService.cs,False,Direct Analysis
RaiseOnSettingChangedEvent,32,Files-4.0.24/src/Files.App/Services/Settings/AppSettingsService.cs,False,Direct Analysis
RaiseOnSettingChangedEvent,21,Files-4.0.24/src/Files.App/Services/Settings/ActionsSettingsService.cs,False,Direct Analysis
DoRemoveCredentials,125,Files-4.0.24/src/Files.App/ViewModels/Settings/DevToolsViewModel.cs,False,Direct Analysis
DoCancelIDEChanges,140,Files-4.0.24/src/Files.App/ViewModels/Settings/DevToolsViewModel.cs,False,Direct Analysis
DoSaveIDEChanges,149,Files-4.0.24/src/Files.App/ViewModels/Settings/DevToolsViewModel.cs,False,Direct Analysis
DoStartEditingIDE,158,Files-4.0.24/src/Files.App/ViewModels/Settings/DevToolsViewModel.cs,False,Direct Analysis
DoOpenFilePickerForIDE,163,Files-4.0.24/src/Files.App/ViewModels/Settings/DevToolsViewModel.cs,False,Direct Analysis
DoTestIDE,177,Files-4.0.24/src/Files.App/ViewModels/Settings/DevToolsViewModel.cs,False,Direct Analysis
CheckPathExists,185,Files-4.0.24/src/Files.App/ViewModels/Settings/DevToolsViewModel.cs,False,Direct Analysis
TogglePreviewPopupAsync,30,Files-4.0.24/src/Files.App/Services/PreviewPopupProviders/SeerProProvider.cs,False,Direct Analysis
SwitchPreviewAsync,49,Files-4.0.24/src/Files.App/Services/PreviewPopupProviders/SeerProProvider.cs,False,Direct Analysis
DetectAvailability,63,Files-4.0.24/src/Files.App/Services/PreviewPopupProviders/SeerProProvider.cs,False,Direct Analysis
TogglePreviewPopupAsync,21,Files-4.0.24/src/Files.App/Services/PreviewPopupProviders/QuickLookProvider.cs,False,Direct Analysis
SwitchPreviewAsync,26,Files-4.0.24/src/Files.App/Services/PreviewPopupProviders/QuickLookProvider.cs,False,Direct Analysis
DoPreviewAsync,31,Files-4.0.24/src/Files.App/Services/PreviewPopupProviders/QuickLookProvider.cs,False,Direct Analysis
DetectAvailability,50,Files-4.0.24/src/Files.App/Services/PreviewPopupProviders/QuickLookProvider.cs,False,Direct Analysis
GetProviderAsync,9,Files-4.0.24/src/Files.App/Services/PreviewPopupProviders/PreviewPopupService.cs,False,Direct Analysis
IsAppElevated,10,Files-4.0.24/src/Files.App/Services/Windows/WindowsSecurityService.cs,False,Direct Analysis
CanDragAndDrop,18,Files-4.0.24/src/Files.App/Services/Windows/WindowsSecurityService.cs,False,Direct Analysis
IsElevationRequired,24,Files-4.0.24/src/Files.App/Services/Windows/WindowsSecurityService.cs,False,Direct Analysis
TogglePreviewPopupAsync,14,Files-4.0.24/src/Files.App/Services/PreviewPopupProviders/PowerToysPeekProvider.cs,False,Direct Analysis
SwitchPreviewAsync,19,Files-4.0.24/src/Files.App/Services/PreviewPopupProviders/PowerToysPeekProvider.cs,False,Direct Analysis
DetectAvailability,48,Files-4.0.24/src/Files.App/Services/PreviewPopupProviders/PowerToysPeekProvider.cs,False,Direct Analysis
Update,31,Files-4.0.24/src/Files.App/Services/DateTimeFormatter/UserDateTimeFormatter.cs,False,Direct Analysis
UserSettingsService_OnSettingChangedEvent,39,Files-4.0.24/src/Files.App/Services/DateTimeFormatter/UserDateTimeFormatter.cs,False,Direct Analysis
ToTimeSpanLabel,19,Files-4.0.24/src/Files.App/Services/DateTimeFormatter/AbstractDateTimeFormatter.cs,False,Direct Analysis
IsSupportedAsync,16,Files-4.0.24/src/Files.App/Services/App/FileTagsService.cs,False,Direct Analysis
DownloadUpdatesAsync,53,Files-4.0.24/src/Files.App/Services/App/AppUpdateStoreService.cs,False,Direct Analysis
DownloadMandatoryUpdatesAsync,79,Files-4.0.24/src/Files.App/Services/App/AppUpdateStoreService.cs,False,Direct Analysis
CheckForUpdatesAsync,95,Files-4.0.24/src/Files.App/Services/App/AppUpdateStoreService.cs,False,Direct Analysis
CheckForReleaseNotesAsync,113,Files-4.0.24/src/Files.App/Services/App/AppUpdateStoreService.cs,False,Direct Analysis
DownloadAndInstallAsync,128,Files-4.0.24/src/Files.App/Services/App/AppUpdateStoreService.cs,False,Direct Analysis
GetUpdatePackagesAsync,142,Files-4.0.24/src/Files.App/Services/App/AppUpdateStoreService.cs,False,Direct Analysis
CheckAndUpdateFilesLauncherAsync,179,Files-4.0.24/src/Files.App/Services/App/AppUpdateStoreService.cs,False,Direct Analysis
HasUpdates,222,Files-4.0.24/src/Files.App/Services/App/AppUpdateStoreService.cs,False,Direct Analysis
OnUpdateInProgress,227,Files-4.0.24/src/Files.App/Services/App/AppUpdateStoreService.cs,False,Direct Analysis
OnUpdateCompleted,232,Files-4.0.24/src/Files.App/Services/App/AppUpdateStoreService.cs,False,Direct Analysis
OnUpdateCancelled,240,Files-4.0.24/src/Files.App/Services/App/AppUpdateStoreService.cs,False,Direct Analysis
CheckForUpdatesAsync,27,Files-4.0.24/src/Files.App/Services/App/AppUpdateNoneService.cs,False,Direct Analysis
CheckForReleaseNotesAsync,32,Files-4.0.24/src/Files.App/Services/App/AppUpdateNoneService.cs,False,Direct Analysis
DownloadMandatoryUpdatesAsync,47,Files-4.0.24/src/Files.App/Services/App/AppUpdateNoneService.cs,False,Direct Analysis
DownloadUpdatesAsync,52,Files-4.0.24/src/Files.App/Services/App/AppUpdateNoneService.cs,False,Direct Analysis
ExecuteOnUiThreadAsync,17,Files-4.0.24/src/Files.App/Services/App/AppThreadingService.cs,False,Direct Analysis
ExecuteOnUiThreadAsync,22,Files-4.0.24/src/Files.App/Services/App/AppThreadingService.cs,False,Direct Analysis
ApplyResources,67,Files-4.0.24/src/Files.App/Services/App/AppThemeModeService.cs,False,Direct Analysis
SetAppThemeMode,78,Files-4.0.24/src/Files.App/Services/App/AppThemeModeService.cs,False,Direct Analysis
ExecuteAsync,35,Files-4.0.24/src/Files.App/Actions/Open/OpenInIDEAction.cs,False,Direct Analysis
Context_PropertyChanged,46,Files-4.0.24/src/Files.App/Actions/Open/OpenInIDEAction.cs,False,Direct Analysis
DevSettings_PropertyChanged,52,Files-4.0.24/src/Files.App/Actions/Open/OpenInIDEAction.cs,False,Direct Analysis
ExecuteAsync,35,Files-4.0.24/src/Files.App/Actions/Open/EditInNotepadAction.cs,False,Direct Analysis
Context_PropertyChanged,40,Files-4.0.24/src/Files.App/Actions/Open/EditInNotepadAction.cs,False,Direct Analysis
ExecuteAsync,39,Files-4.0.24/src/Files.App/Actions/Open/OpenClassicPropertiesAction.cs,False,Direct Analysis
Context_PropertyChanged,65,Files-4.0.24/src/Files.App/Actions/Open/OpenClassicPropertiesAction.cs,False,Direct Analysis
ExecuteAsync,27,Files-4.0.24/src/Files.App/Actions/Open/OpenSettingsFileAction.cs,False,Direct Analysis
ExecuteAsync,33,Files-4.0.24/src/Files.App/Actions/Navigation/ReopenClosedTabAction.cs,False,Direct Analysis
Context_PropertyChanged,40,Files-4.0.24/src/Files.App/Actions/Navigation/ReopenClosedTabAction.cs,False,Direct Analysis
BaseMultitaskingControl_StaticPropertyChanged,46,Files-4.0.24/src/Files.App/Actions/Navigation/ReopenClosedTabAction.cs,False,Direct Analysis
ExecuteAsync,34,Files-4.0.24/src/Files.App/Actions/Navigation/PreviousTabAction.cs,False,Direct Analysis
MultitaskingContext_PropertyChanged,48,Files-4.0.24/src/Files.App/Actions/Navigation/PreviousTabAction.cs,False,Direct Analysis
ExecuteAsync,17,Files-4.0.24/src/Files.App/Actions/Navigation/OpenInNewTab/OpenInNewTabFromSidebarAction.cs,False,Direct Analysis
Context_PropertyChanged,28,Files-4.0.24/src/Files.App/Actions/Navigation/OpenInNewTab/OpenInNewTabFromSidebarAction.cs,False,Direct Analysis
ExecuteAsync,19,Files-4.0.24/src/Files.App/Actions/Navigation/CloseTabsToTheRightCurrentAction.cs,False,Direct Analysis
GetIsExecutable,26,Files-4.0.24/src/Files.App/Actions/Navigation/CloseTabsToTheRightCurrentAction.cs,False,Direct Analysis
Context_PropertyChanged,31,Files-4.0.24/src/Files.App/Actions/Navigation/CloseTabsToTheRightCurrentAction.cs,False,Direct Analysis
ExecuteAsync,176,Files-4.0.24/src/Files.App/Actions/Display/LayoutAction.cs,False,Direct Analysis
Context_PropertyChanged,183,Files-4.0.24/src/Files.App/Actions/Display/LayoutAction.cs,False,Direct Analysis
OnContextChanged,192,Files-4.0.24/src/Files.App/Actions/Display/LayoutAction.cs,False,Direct Analysis
ExecuteAsync,19,Files-4.0.24/src/Files.App/Actions/Navigation/CloseTabsToTheRightSelectedAction.cs,False,Direct Analysis
GetIsExecutable,26,Files-4.0.24/src/Files.App/Actions/Navigation/CloseTabsToTheRightSelectedAction.cs,False,Direct Analysis
Context_PropertyChanged,31,Files-4.0.24/src/Files.App/Actions/Navigation/CloseTabsToTheRightSelectedAction.cs,False,Direct Analysis
ExecuteAsync,43,Files-4.0.24/src/Files.App/Actions/Navigation/OpenInNewWindow/BaseOpenInNewWindowAction.cs,False,Direct Analysis
Context_PropertyChanged,59,Files-4.0.24/src/Files.App/Actions/Navigation/OpenInNewWindow/BaseOpenInNewWindowAction.cs,False,Direct Analysis
SelectTemplateCore,11,Files-4.0.24/src/Files.App/Data/TemplateSelectors/BaseTemplateSelector.cs,False,Direct Analysis
SelectTemplateCore,16,Files-4.0.24/src/Files.App/Data/TemplateSelectors/BaseTemplateSelector.cs,False,Direct Analysis
SelectTemplateCore,21,Files-4.0.24/src/Files.App/Data/TemplateSelectors/BaseTemplateSelector.cs,False,Direct Analysis
SelectTemplateCore,26,Files-4.0.24/src/Files.App/Data/TemplateSelectors/BaseTemplateSelector.cs,False,Direct Analysis
GetIsExecutable,35,Files-4.0.24/src/Files.App/Actions/Navigation/CloseTabBaseAction.cs,False,Direct Analysis
Context_PropertyChanged,40,Files-4.0.24/src/Files.App/Actions/Navigation/CloseTabBaseAction.cs,False,Direct Analysis
ExecuteAsync,34,Files-4.0.24/src/Files.App/Actions/Navigation/ArrangePanesHorizontallyAction.cs,False,Direct Analysis
ContentPageContext_PropertyChanged,41,Files-4.0.24/src/Files.App/Actions/Navigation/ArrangePanesHorizontallyAction.cs,False,Direct Analysis
MultiPanesContext_ShellPaneArrangementChanged,52,Files-4.0.24/src/Files.App/Actions/Navigation/ArrangePanesHorizontallyAction.cs,False,Direct Analysis
CopyAsync,58,Files-4.0.24/src/Files.App/Utils/Storage/StorageItems/SystemStorageFile.cs,False,Direct Analysis
MoveAsync,123,Files-4.0.24/src/Files.App/Utils/Storage/StorageItems/SystemStorageFile.cs,False,Direct Analysis
CopyAndReplaceAsync,139,Files-4.0.24/src/Files.App/Utils/Storage/StorageItems/SystemStorageFile.cs,False,Direct Analysis
MoveAndReplaceAsync,150,Files-4.0.24/src/Files.App/Utils/Storage/StorageItems/SystemStorageFile.cs,False,Direct Analysis
Log,23,Files-4.0.24/src/Files.App/Utils/Logger/SentryLogger.cs,False,Direct Analysis
ExecuteAsync,27,Files-4.0.24/src/Files.App/Actions/Display/SortFilesAndFoldersTogetherAction.cs,False,Direct Analysis
Context_PropertyChanged,35,Files-4.0.24/src/Files.App/Actions/Display/SortFilesAndFoldersTogetherAction.cs,False,Direct Analysis
ExecuteAsync,29,Files-4.0.24/src/Files.App/Actions/Global/ToggleFullScreenAction.cs,False,Direct Analysis
ExecuteAsync,28,Files-4.0.24/src/Files.App/Actions/Navigation/CloseSelectedTabAction.cs,False,Direct Analysis
GetIsExecutable,35,Files-4.0.24/src/Files.App/Actions/Navigation/CloseSelectedTabAction.cs,False,Direct Analysis
Context_PropertyChanged,43,Files-4.0.24/src/Files.App/Actions/Navigation/CloseSelectedTabAction.cs,False,Direct Analysis
GetHashCode,21,Files-4.0.24/src/Files.App/Utils/Cloud/CloudProvider.cs,False,Direct Analysis
Equals,26,Files-4.0.24/src/Files.App/Utils/Cloud/CloudProvider.cs,False,Direct Analysis
Equals,31,Files-4.0.24/src/Files.App/Utils/Cloud/CloudProvider.cs,False,Direct Analysis
ExecuteAsync,31,Files-4.0.24/src/Files.App/Actions/Global/RedoAction.cs,False,Direct Analysis
Context_PropertyChanged,36,Files-4.0.24/src/Files.App/Actions/Global/RedoAction.cs,False,Direct Analysis
ExecuteAsync,20,Files-4.0.24/src/Files.App/Actions/Global/OpenHelpAction.cs,False,Direct Analysis
ExecuteAsync,27,Files-4.0.24/src/Files.App/Actions/Git/GitPushAction.cs,False,Direct Analysis
Context_PropertyChanged,34,Files-4.0.24/src/Files.App/Actions/Git/GitPushAction.cs,False,Direct Analysis
ExecuteAsync,34,Files-4.0.24/src/Files.App/Actions/FileSystem/PasteItemAction.cs,False,Direct Analysis
GetIsExecutable,43,Files-4.0.24/src/Files.App/Actions/FileSystem/PasteItemAction.cs,False,Direct Analysis
Context_PropertyChanged,54,Files-4.0.24/src/Files.App/Actions/FileSystem/PasteItemAction.cs,False,Direct Analysis
AppModel_PropertyChanged,60,Files-4.0.24/src/Files.App/Actions/FileSystem/PasteItemAction.cs,False,Direct Analysis
Button_PointerPressed,22,Files-4.0.24/src/Files.App/UserControls/Widgets/QuickAccessWidget.xaml.cs,False,Direct Analysis
Button_Click,32,Files-4.0.24/src/Files.App/UserControls/Widgets/QuickAccessWidget.xaml.cs,False,Direct Analysis
Button_RightTapped,41,Files-4.0.24/src/Files.App/UserControls/Widgets/QuickAccessWidget.xaml.cs,False,Direct Analysis
ExecuteAsync,30,Files-4.0.24/src/Files.App/Actions/Git/GitPullAction.cs,False,Direct Analysis
Context_PropertyChanged,35,Files-4.0.24/src/Files.App/Actions/Git/GitPullAction.cs,False,Direct Analysis
ExecuteAsync,36,Files-4.0.24/src/Files.App/Actions/FileSystem/RenameAction.cs,False,Direct Analysis
IsPageTypeValid,50,Files-4.0.24/src/Files.App/Actions/FileSystem/RenameAction.cs,False,Direct Analysis
Context_PropertyChanged,61,Files-4.0.24/src/Files.App/Actions/FileSystem/RenameAction.cs,False,Direct Analysis
StreamedFileWriterAsync,85,Files-4.0.24/src/Files.App/Utils/Storage/StorageItems/VirtualStorageItem.cs,False,Direct Analysis
GetBasicPropertiesAsync,121,Files-4.0.24/src/Files.App/Utils/Storage/StorageItems/VirtualStorageItem.cs,False,Direct Analysis
IsOfType,134,Files-4.0.24/src/Files.App/Utils/Storage/StorageItems/VirtualStorageItem.cs,False,Direct Analysis
LoadBranches,57,Files-4.0.24/src/Files.App/ViewModels/Dialogs/AddBranchDialogViewModel.cs,False,Direct Analysis
ExecuteAsync,35,Files-4.0.24/src/Files.App/Actions/Content/Install/InstallInfDriverAction.cs,False,Direct Analysis
Context_PropertyChanged,40,Files-4.0.24/src/Files.App/Actions/Content/Install/InstallInfDriverAction.cs,False,Direct Analysis
ExecuteAsync,24,Files-4.0.24/src/Files.App/Actions/Content/Background/SetAsSlideshowBackgroundAction.cs,False,Direct Analysis
ExecuteAsync,34,Files-4.0.24/src/Files.App/Actions/Navigation/NextTabAction.cs,False,Direct Analysis
MultitaskingContext_PropertyChanged,45,Files-4.0.24/src/Files.App/Actions/Navigation/NextTabAction.cs,False,Direct Analysis
LoadPreviewAndDetailsAsync,30,Files-4.0.24/src/Files.App/ViewModels/UserControls/Previews/ImagePreviewViewModel.cs,False,Direct Analysis
ExecuteAsync,25,Files-4.0.24/src/Files.App/Actions/FileSystem/FormatDriveFromSidebarAction.cs,False,Direct Analysis
Dispose,15,Files-4.0.24/src/Files.App/Utils/Logger/SentryLoggerProvider.cs,False,Direct Analysis
ExecuteAsync,25,Files-4.0.24/src/Files.App/Actions/FileSystem/FormatDriveFromHomeAction.cs,False,Direct Analysis
ExecuteAsync,35,Files-4.0.24/src/Files.App/Actions/FileSystem/FormatDriveAction.cs,False,Direct Analysis
Context_PropertyChanged,40,Files-4.0.24/src/Files.App/Actions/FileSystem/FormatDriveAction.cs,False,Direct Analysis
DoRestartAsync,117,Files-4.0.24/src/Files.App/ViewModels/Settings/GeneralViewModel.cs,False,Direct Analysis
DoCancelRestart,132,Files-4.0.24/src/Files.App/ViewModels/Settings/GeneralViewModel.cs,False,Direct Analysis
AddDateTimeOptions,137,Files-4.0.24/src/Files.App/ViewModels/Settings/GeneralViewModel.cs,False,Direct Analysis
PagesOnStartupList_CollectionChanged,159,Files-4.0.24/src/Files.App/ViewModels/Settings/GeneralViewModel.cs,False,Direct Analysis
ChangePageAsync,334,Files-4.0.24/src/Files.App/ViewModels/Settings/GeneralViewModel.cs,False,Direct Analysis
RemovePage,341,Files-4.0.24/src/Files.App/ViewModels/Settings/GeneralViewModel.cs,False,Direct Analysis
AddPageAsync,346,Files-4.0.24/src/Files.App/ViewModels/Settings/GeneralViewModel.cs,False,Direct Analysis
Dispose,550,Files-4.0.24/src/Files.App/ViewModels/Settings/GeneralViewModel.cs,False,Direct Analysis
ExecuteAsync,27,Files-4.0.24/src/Files.App/Actions/Git/GitCloneAction.cs,False,Direct Analysis
Context_PropertyChanged,37,Files-4.0.24/src/Files.App/Actions/Git/GitCloneAction.cs,False,Direct Analysis
ExecuteAsync,43,Files-4.0.24/src/Files.App/Actions/FileSystem/FlattenFolderAction.cs,False,Direct Analysis
FlattenFolder,67,Files-4.0.24/src/Files.App/Actions/FileSystem/FlattenFolderAction.cs,False,Direct Analysis
Context_PropertyChanged,123,Files-4.0.24/src/Files.App/Actions/FileSystem/FlattenFolderAction.cs,False,Direct Analysis
GeneralSettingsService_PropertyChanged,134,Files-4.0.24/src/Files.App/Actions/FileSystem/FlattenFolderAction.cs,False,Direct Analysis
ExecuteAsync,38,Files-4.0.24/src/Files.App/Actions/FileSystem/EmptyRecycleBinAction.cs,False,Direct Analysis
Context_PropertyChanged,67,Files-4.0.24/src/Files.App/Actions/FileSystem/EmptyRecycleBinAction.cs,False,Direct Analysis
LoadPreviewAndDetailsAsync,40,Files-4.0.24/src/Files.App/ViewModels/UserControls/Previews/PDFPreviewViewModel.cs,False,Direct Analysis
LoadPagesAsync,71,Files-4.0.24/src/Files.App/ViewModels/UserControls/Previews/PDFPreviewViewModel.cs,False,Direct Analysis
GetData,10,Files-4.0.24/src/Files.App/Services/Windows/WindowsIniService.cs,False,Direct Analysis
ExecuteAsync,36,Files-4.0.24/src/Files.App/Actions/Show/ToggleShelfPaneAction.cs,False,Direct Analysis
GeneralSettingsService_PropertyChanged,43,Files-4.0.24/src/Files.App/Actions/Show/ToggleShelfPaneAction.cs,False,Direct Analysis
ExecuteAsync,33,Files-4.0.24/src/Files.App/Actions/FileSystem/CopyPathAction.cs,False,Direct Analysis
ExecuteAsync,24,Files-4.0.24/src/Files.App/Actions/Content/Selection/ToggleSelectAction.cs,False,Direct Analysis
GetIconAsync,12,Files-4.0.24/src/Files.App/Data/Contracts/ImagingService.cs,False,Direct Analysis
GetImageModelFromDataAsync,22,Files-4.0.24/src/Files.App/Data/Contracts/ImagingService.cs,False,Direct Analysis
GetImageModelFromPathAsync,27,Files-4.0.24/src/Files.App/Data/Contracts/ImagingService.cs,False,Direct Analysis
ExecuteAsync,33,Files-4.0.24/src/Files.App/Actions/FileSystem/CopyItemPathWithQuotesAction.cs,False,Direct Analysis
RetrievePropertiesAsync,13,Files-4.0.24/src/Files.App/Utils/Storage/StorageBaseItems/BaseStorageItemExtraProperties.cs,False,Direct Analysis
SavePropertiesAsync,25,Files-4.0.24/src/Files.App/Utils/Storage/StorageBaseItems/BaseStorageItemExtraProperties.cs,False,Direct Analysis
SavePropertiesAsync,30,Files-4.0.24/src/Files.App/Utils/Storage/StorageBaseItems/BaseStorageItemExtraProperties.cs,False,Direct Analysis
ExecuteAsync,33,Files-4.0.24/src/Files.App/Actions/FileSystem/CopyItemPathAction.cs,False,Direct Analysis
TryNavigateToPage,35,Files-4.0.24/src/Files.App/Views/Properties/MainPropertiesPage.xaml.cs,False,Direct Analysis
OnNavigatedTo,45,Files-4.0.24/src/Files.App/Views/Properties/MainPropertiesPage.xaml.cs,False,Direct Analysis
Page_Loaded,56,Files-4.0.24/src/Files.App/Views/Properties/MainPropertiesPage.xaml.cs,False,Direct Analysis
Page_KeyDown,76,Files-4.0.24/src/Files.App/Views/Properties/MainPropertiesPage.xaml.cs,False,Direct Analysis
UpdatePageLayout,82,Files-4.0.24/src/Files.App/Views/Properties/MainPropertiesPage.xaml.cs,False,Direct Analysis
AppThemeModeService_AppThemeModeChanged,96,Files-4.0.24/src/Files.App/Views/Properties/MainPropertiesPage.xaml.cs,False,Direct Analysis
Window_Closed,107,Files-4.0.24/src/Files.App/Views/Properties/MainPropertiesPage.xaml.cs,False,Direct Analysis
AppWindow_Changed,120,Files-4.0.24/src/Files.App/Views/Properties/MainPropertiesPage.xaml.cs,False,Direct Analysis
Dispose,128,Files-4.0.24/src/Files.App/Views/Properties/MainPropertiesPage.xaml.cs,False,Direct Analysis
InitializeWatcher,43,Files-4.0.24/src/Files.App/Utils/Library/LibraryManager.cs,False,Direct Analysis
UpdateLibrariesAsync,98,Files-4.0.24/src/Files.App/Utils/Library/LibraryManager.cs,False,Direct Analysis
TryGetLibrary,116,Files-4.0.24/src/Files.App/Utils/Library/LibraryManager.cs,False,Direct Analysis
CreateNewLibrary,132,Files-4.0.24/src/Files.App/Utils/Library/LibraryManager.cs,False,Direct Analysis
UpdateLibrary,175,Files-4.0.24/src/Files.App/Utils/Library/LibraryManager.cs,False,Direct Analysis
TagsUpdatedAsync,33,Files-4.0.24/src/Files.App/Utils/FileTags/FileTagsManager.cs,False,Direct Analysis
UpdateFileTagsAsync,42,Files-4.0.24/src/Files.App/Utils/FileTags/FileTagsManager.cs,False,Direct Analysis
GetPaths,29,Files-4.0.24/src/Files.App/Actions/Open/OpenTerminalFromSidebarAction.cs,False,Direct Analysis
SetCompatibilityOptions,114,Files-4.0.24/src/Files.App/ViewModels/Properties/CompatibilityViewModel.cs,False,Direct Analysis
ExecuteRunTroubleshooterCommand,119,Files-4.0.24/src/Files.App/ViewModels/Properties/CompatibilityViewModel.cs,False,Direct Analysis
DeleteItemsAsync,27,Files-4.0.24/src/Files.App/Actions/FileSystem/BaseDeleteAction.cs,False,Direct Analysis
Context_PropertyChanged,44,Files-4.0.24/src/Files.App/Actions/FileSystem/BaseDeleteAction.cs,False,Direct Analysis
ToString,50,Files-4.0.24/src/Files.App/Data/Items/WindowsCompatibilityOptions.cs,False,Direct Analysis
ExecuteAsync,19,Files-4.0.24/src/Files.App/Actions/Navigation/CloseOtherTabsSelectedAction.cs,False,Direct Analysis
ExecuteAsync,219,Files-4.0.24/src/Files.App/Actions/Display/SortAction.cs,False,Direct Analysis
Context_PropertyChanged,227,Files-4.0.24/src/Files.App/Actions/Display/SortAction.cs,False,Direct Analysis
OnLabelPropertyChanged,33,Files-4.0.24/src/Files.App.Controls/Toolbar/ToolbarToggleButton/ToolbarToggleButton.Properties.cs,False,Direct Analysis
OnThemedIconPropertyChanged,68,Files-4.0.24/src/Files.App.Controls/Toolbar/ToolbarToggleButton/ToolbarToggleButton.Properties.cs,False,Direct Analysis
OnIconSizePropertyChanged,100,Files-4.0.24/src/Files.App.Controls/Toolbar/ToolbarToggleButton/ToolbarToggleButton.Properties.cs,False,Direct Analysis
OnContentChanged,113,Files-4.0.24/src/Files.App.Controls/Toolbar/ToolbarToggleButton/ToolbarToggleButton.Properties.cs,False,Direct Analysis
OnApplyTemplate,16,Files-4.0.24/src/Files.App.Controls/Toolbar/ToolbarToggleButton/ToolbarToggleButton.cs,False,Direct Analysis
CheckHasContent,27,Files-4.0.24/src/Files.App.Controls/Toolbar/ToolbarToggleButton/ToolbarToggleButton.cs,False,Direct Analysis
SetHasContent,36,Files-4.0.24/src/Files.App.Controls/Toolbar/ToolbarToggleButton/ToolbarToggleButton.cs,False,Direct Analysis
UpdateContentStates,80,Files-4.0.24/src/Files.App.Controls/Toolbar/ToolbarToggleButton/ToolbarToggleButton.cs,False,Direct Analysis
GetBaseProperties,28,Files-4.0.24/src/Files.App/ViewModels/Properties/Items/CombinedProperties.cs,False,Direct Analysis
GetSpecialPropertiesAsync,51,Files-4.0.24/src/Files.App/ViewModels/Properties/Items/CombinedProperties.cs,False,Direct Analysis
ViewModel_PropertyChanged,125,Files-4.0.24/src/Files.App/ViewModels/Properties/Items/CombinedProperties.cs,False,Direct Analysis
Undo,23,Files-4.0.24/src/Files.App/Utils/Storage/History/StorageHistoryOperations.cs,False,Direct Analysis
Redo,107,Files-4.0.24/src/Files.App/Utils/Storage/History/StorageHistoryOperations.cs,False,Direct Analysis
Dispose,188,Files-4.0.24/src/Files.App/Utils/Storage/History/StorageHistoryOperations.cs,False,Direct Analysis
OnApplyTemplate,13,Files-4.0.24/src/Files.App.Controls/Toolbar/ToolbarFlyoutButton/ToolbarFlyoutButton.cs,False,Direct Analysis
SelectBackgroundImage,93,Files-4.0.24/src/Files.App/ViewModels/Settings/AppearanceViewModel.cs,False,Direct Analysis
RemoveBackgroundImage,115,Files-4.0.24/src/Files.App/ViewModels/Settings/AppearanceViewModel.cs,False,Direct Analysis
UpdateSelectedResource,123,Files-4.0.24/src/Files.App/ViewModels/Settings/AppearanceViewModel.cs,False,Direct Analysis
ExecuteAsync,27,Files-4.0.24/src/Files.App/Actions/FileSystem/Transfer/CutItemAction.cs,False,Direct Analysis
ContainerFromItem,49,Files-4.0.24/src/Files.App/UserControls/TabBar/BaseTabBar.cs,False,Direct Analysis
TabView_CurrentInstanceChanged,54,Files-4.0.24/src/Files.App/UserControls/TabBar/BaseTabBar.cs,False,Direct Analysis
TabView_SelectionChanged,65,Files-4.0.24/src/Files.App/UserControls/TabBar/BaseTabBar.cs,False,Direct Analysis
OnCurrentInstanceChanged,87,Files-4.0.24/src/Files.App/UserControls/TabBar/BaseTabBar.cs,False,Direct Analysis
NotifyPropertyChanged,92,Files-4.0.24/src/Files.App/UserControls/TabBar/BaseTabBar.cs,False,Direct Analysis
TabView_Loaded,97,Files-4.0.24/src/Files.App/UserControls/TabBar/BaseTabBar.cs,False,Direct Analysis
GetCurrentSelectedTabInstance,103,Files-4.0.24/src/Files.App/UserControls/TabBar/BaseTabBar.cs,False,Direct Analysis
GetAllTabInstances,119,Files-4.0.24/src/Files.App/UserControls/TabBar/BaseTabBar.cs,False,Direct Analysis
ReopenClosedTabAsync,124,Files-4.0.24/src/Files.App/UserControls/TabBar/BaseTabBar.cs,False,Direct Analysis
MoveTabToNewWindowAsync,137,Files-4.0.24/src/Files.App/UserControls/TabBar/BaseTabBar.cs,False,Direct Analysis
CloseTab,142,Files-4.0.24/src/Files.App/UserControls/TabBar/BaseTabBar.cs,False,Direct Analysis
SetLoadingIndicatorStatus,163,Files-4.0.24/src/Files.App/UserControls/TabBar/BaseTabBar.cs,False,Direct Analysis
OnHotKeysChanged,25,Files-4.0.24/src/Files.App/UserControls/KeyboardShortcut/KeyboardShortcut.cs,False,Direct Analysis
ExecuteAsync,24,Files-4.0.24/src/Files.App/Actions/FileSystem/DeleteItemAction.cs,False,Direct Analysis
OnApplyTemplate,13,Files-4.0.24/src/Files.App.Controls/Toolbar/ToolbarRadioButton/ToolbarRadioButton.cs,False,Direct Analysis
OnContextChanged,142,Files-4.0.24/src/Files.App/Actions/Display/LayoutAction.cs,False,Direct Analysis
Omnibar1_BreadcrumbBar_ItemDropDownFlyoutOpening,60,Files-4.0.24/tests/Files.App.UITests/Views/OmnibarPage.xaml.cs,False,Direct Analysis
Omnibar1_BreadcrumbBar_ItemDropDownFlyoutClosed,67,Files-4.0.24/tests/Files.App.UITests/Views/OmnibarPage.xaml.cs,False,Direct Analysis
Omnibar1_QuerySubmitted,72,Files-4.0.24/tests/Files.App.UITests/Views/OmnibarPage.xaml.cs,False,Direct Analysis
Omnibar1_TextChanged,78,Files-4.0.24/tests/Files.App.UITests/Views/OmnibarPage.xaml.cs,False,Direct Analysis
Omnibar1_SuggestionChosen,87,Files-4.0.24/tests/Files.App.UITests/Views/OmnibarPage.xaml.cs,False,Direct Analysis
ExecuteAsync,22,Files-4.0.24/src/Files.App/Actions/Navigation/OpenInNewWindow/OpenInNewWindowFromHomeAction.cs,False,Direct Analysis
Context_PropertyChanged,27,Files-4.0.24/src/Files.App/Actions/Navigation/OpenInNewWindow/OpenInNewWindowFromHomeAction.cs,False,Direct Analysis
GetBasicPropertiesAsync,39,Files-4.0.24/src/Files.App/Utils/Storage/StorageItems/VirtualStorageFolder.cs,False,Direct Analysis
GetItemAsync,44,Files-4.0.24/src/Files.App/Utils/Storage/StorageItems/VirtualStorageFolder.cs,False,Direct Analysis
TryGetItemAsync,48,Files-4.0.24/src/Files.App/Utils/Storage/StorageItems/VirtualStorageFolder.cs,False,Direct Analysis
GetItemsAsync,52,Files-4.0.24/src/Files.App/Utils/Storage/StorageItems/VirtualStorageFolder.cs,False,Direct Analysis
ExecuteAsync,494,Files-4.0.24/src/Files.App/Actions/Display/GroupAction.cs,False,Direct Analysis
Context_PropertyChanged,502,Files-4.0.24/src/Files.App/Actions/Display/GroupAction.cs,False,Direct Analysis
ExecuteAsync,448,Files-4.0.24/src/Files.App/Actions/Display/GroupAction.cs,False,Direct Analysis
Context_PropertyChanged,456,Files-4.0.24/src/Files.App/Actions/Display/GroupAction.cs,False,Direct Analysis
StartAngleChanged,51,Files-4.0.24/src/Files.App.Controls/Storage/RingShape/RingShape.cs,False,Direct Analysis
EndAngleChanged,58,Files-4.0.24/src/Files.App.Controls/Storage/RingShape/RingShape.cs,False,Direct Analysis
IsCircleChanged,65,Files-4.0.24/src/Files.App.Controls/Storage/RingShape/RingShape.cs,False,Direct Analysis
RadiusWidthChanged,72,Files-4.0.24/src/Files.App.Controls/Storage/RingShape/RingShape.cs,False,Direct Analysis
RadiusHeightChanged,79,Files-4.0.24/src/Files.App.Controls/Storage/RingShape/RingShape.cs,False,Direct Analysis
RingShape_SizeChanged,86,Files-4.0.24/src/Files.App.Controls/Storage/RingShape/RingShape.cs,False,Direct Analysis
MinMaxAngleChanged,98,Files-4.0.24/src/Files.App.Controls/Storage/RingShape/RingShape.cs,False,Direct Analysis
SweepDirectionChanged,105,Files-4.0.24/src/Files.App.Controls/Storage/RingShape/RingShape.cs,False,Direct Analysis
BeginUpdate,119,Files-4.0.24/src/Files.App.Controls/Storage/RingShape/RingShape.cs,False,Direct Analysis
EndUpdate,127,Files-4.0.24/src/Files.App.Controls/Storage/RingShape/RingShape.cs,False,Direct Analysis
UpdatePath,133,Files-4.0.24/src/Files.App.Controls/Storage/RingShape/RingShape.cs,False,Direct Analysis
UpdateSizeAndStroke,165,Files-4.0.24/src/Files.App.Controls/Storage/RingShape/RingShape.cs,False,Direct Analysis
ValidateAngle,413,Files-4.0.24/src/Files.App.Controls/Storage/RingShape/RingShape.cs,False,Direct Analysis
GetUserID,201,Files-4.0.24/src/Files.App/ViewModels/Settings/AboutViewModel.cs,False,Direct Analysis
InvokeVerb,53,Files-4.0.24/src/Files.App/Utils/Shell/ContextMenu.cs,False,Direct Analysis
InvokeItem,88,Files-4.0.24/src/Files.App/Utils/Shell/ContextMenu.cs,False,Direct Analysis
EnumMenuItems,184,Files-4.0.24/src/Files.App/Utils/Shell/ContextMenu.cs,False,Direct Analysis
LoadSubMenu,296,Files-4.0.24/src/Files.App/Utils/Shell/ContextMenu.cs,False,Direct Analysis
Dispose,356,Files-4.0.24/src/Files.App/Utils/Shell/ContextMenu.cs,False,Direct Analysis
Dispose,392,Files-4.0.24/src/Files.App/Utils/Shell/ContextMenu.cs,False,Direct Analysis
GetTagById,54,Files-4.0.24/src/Files.App/Services/Settings/FileTagsSettingsService.cs,False,Direct Analysis
GetTagsByIds,73,Files-4.0.24/src/Files.App/Services/Settings/FileTagsSettingsService.cs,False,Direct Analysis
GetTagsByName,80,Files-4.0.24/src/Files.App/Services/Settings/FileTagsSettingsService.cs,False,Direct Analysis
CreateNewTag,85,Files-4.0.24/src/Files.App/Services/Settings/FileTagsSettingsService.cs,False,Direct Analysis
EditTag,97,Files-4.0.24/src/Files.App/Services/Settings/FileTagsSettingsService.cs,False,Direct Analysis
DeleteTag,109,Files-4.0.24/src/Files.App/Services/Settings/FileTagsSettingsService.cs,False,Direct Analysis
ImportSettings,121,Files-4.0.24/src/Files.App/Services/Settings/FileTagsSettingsService.cs,False,Direct Analysis
ExportSettings,144,Files-4.0.24/src/Files.App/Services/Settings/FileTagsSettingsService.cs,False,Direct Analysis
GetTagIndex,155,Files-4.0.24/src/Files.App/Services/Settings/FileTagsSettingsService.cs,False,Direct Analysis
ExecuteAsync,255,Files-4.0.24/src/Files.App/Actions/Display/SortAction.cs,False,Direct Analysis
Context_PropertyChanged,263,Files-4.0.24/src/Files.App/Actions/Display/SortAction.cs,False,Direct Analysis
ExecuteAsync,83,Files-4.0.24/src/Files.App/Actions/FileSystem/OpenItemAction.cs,False,Direct Analysis
Context_PropertyChanged,91,Files-4.0.24/src/Files.App/Actions/FileSystem/OpenItemAction.cs,False,Direct Analysis
ExecuteAsync,175,Files-4.0.24/src/Files.App/Actions/Display/SortAction.cs,False,Direct Analysis
ContentContext_PropertyChanged,185,Files-4.0.24/src/Files.App/Actions/Display/SortAction.cs,False,Direct Analysis
DisplayContext_PropertyChanged,191,Files-4.0.24/src/Files.App/Actions/Display/SortAction.cs,False,Direct Analysis
Remove,38,Files-4.0.24/src/Files.App/Data/Items/ShelfItem.cs,False,Direct Analysis
IsContextPageTypeAdaptedToCommand,40,Files-4.0.24/src/Files.App/Actions/Content/Archives/Decompress/BaseDecompressArchiveAction.cs,False,Direct Analysis
DecompressArchiveHereAsync,50,Files-4.0.24/src/Files.App/Actions/Content/Archives/Decompress/BaseDecompressArchiveAction.cs,False,Direct Analysis
CanDecompressInsideArchive,124,Files-4.0.24/src/Files.App/Actions/Content/Archives/Decompress/BaseDecompressArchiveAction.cs,False,Direct Analysis
CanDecompressSelectedItems,129,Files-4.0.24/src/Files.App/Actions/Content/Archives/Decompress/BaseDecompressArchiveAction.cs,False,Direct Analysis
Context_PropertyChanged,134,Files-4.0.24/src/Files.App/Actions/Content/Archives/Decompress/BaseDecompressArchiveAction.cs,False,Direct Analysis
OnApplyTemplate,13,Files-4.0.24/src/Files.App.Controls/Toolbar/ToolbarSplitButton/ToolbarSplitButton.cs,False,Direct Analysis
OnItemTypePropertyChanged,35,Files-4.0.24/src/Files.App.Controls/Toolbar/ToolbarItem/ToolbarItem.Properties.cs,False,Direct Analysis
OnOverflowBehaviorPropertyChanged,70,Files-4.0.24/src/Files.App.Controls/Toolbar/ToolbarItem/ToolbarItem.Properties.cs,False,Direct Analysis
OnLabelPropertyChanged,105,Files-4.0.24/src/Files.App.Controls/Toolbar/ToolbarItem/ToolbarItem.Properties.cs,False,Direct Analysis
OnSubItemsPropertyChanged,134,Files-4.0.24/src/Files.App.Controls/Toolbar/ToolbarItem/ToolbarItem.Properties.cs,False,Direct Analysis
OnContentPropertyChanged,169,Files-4.0.24/src/Files.App.Controls/Toolbar/ToolbarItem/ToolbarItem.Properties.cs,False,Direct Analysis
OnThemedIconPropertyChanged,204,Files-4.0.24/src/Files.App.Controls/Toolbar/ToolbarItem/ToolbarItem.Properties.cs,False,Direct Analysis
OnIconSizePropertyChanged,236,Files-4.0.24/src/Files.App.Controls/Toolbar/ToolbarItem/ToolbarItem.Properties.cs,False,Direct Analysis
OnIsCheckedPropertyChanged,271,Files-4.0.24/src/Files.App.Controls/Toolbar/ToolbarItem/ToolbarItem.Properties.cs,False,Direct Analysis
OnKeyboardAcceleratorTextOverridePropertyChanged,306,Files-4.0.24/src/Files.App.Controls/Toolbar/ToolbarItem/ToolbarItem.Properties.cs,False,Direct Analysis
OnGroupNamePropertyChanged,341,Files-4.0.24/src/Files.App.Controls/Toolbar/ToolbarItem/ToolbarItem.Properties.cs,False,Direct Analysis
OnCommandPropertyChanged,376,Files-4.0.24/src/Files.App.Controls/Toolbar/ToolbarItem/ToolbarItem.Properties.cs,False,Direct Analysis
OnCommandParameterPropertyChanged,411,Files-4.0.24/src/Files.App.Controls/Toolbar/ToolbarItem/ToolbarItem.Properties.cs,False,Direct Analysis
Attach,37,Files-4.0.24/src/Files.App.CsWin32/ComPtr`1.cs,False,Direct Analysis
Detach,46,Files-4.0.24/src/Files.App.CsWin32/ComPtr`1.cs,False,Direct Analysis
Get,54,Files-4.0.24/src/Files.App.CsWin32/ComPtr`1.cs,False,Direct Analysis
GetAddressOf,60,Files-4.0.24/src/Files.App.CsWin32/ComPtr`1.cs,False,Direct Analysis
As,66,Files-4.0.24/src/Files.App.CsWin32/ComPtr`1.cs,False,Direct Analysis
As,72,Files-4.0.24/src/Files.App.CsWin32/ComPtr`1.cs,False,Direct Analysis
Dispose,86,Files-4.0.24/src/Files.App.CsWin32/ComPtr`1.cs,False,Direct Analysis
Convert,244,Files-4.0.24/src/Files.App/Converters/Converters.cs,False,Direct Analysis
ConvertBack,249,Files-4.0.24/src/Files.App/Converters/Converters.cs,False,Direct Analysis
AddHistory,17,Files-4.0.24/src/Files.App/Utils/Storage/History/StorageHistoryWrapper.cs,False,Direct Analysis
RemoveHistory,27,Files-4.0.24/src/Files.App/Utils/Storage/History/StorageHistoryWrapper.cs,False,Direct Analysis
Dispose,46,Files-4.0.24/src/Files.App/Utils/Storage/History/StorageHistoryWrapper.cs,False,Direct Analysis
OnApplyTemplate,13,Files-4.0.24/src/Files.App.Controls/Toolbar/ToolbarSeparator/ToolbarSeparator.cs,False,Direct Analysis
OnApplyTemplate,17,Files-4.0.24/src/Files.App.Controls/Omnibar/OmnibarModeSeparator.cs,False,Direct Analysis
ClearItems,31,Files-4.0.24/src/Files.App/ViewModels/UserControls/ShelfViewModel.cs,False,Direct Analysis
Items_CollectionChanged,36,Files-4.0.24/src/Files.App/ViewModels/UserControls/ShelfViewModel.cs,False,Direct Analysis
Watcher_CollectionChanged,87,Files-4.0.24/src/Files.App/ViewModels/UserControls/ShelfViewModel.cs,False,Direct Analysis
ExecuteAsync,19,Files-4.0.24/src/Files.App/Actions/Navigation/CloseTabsToTheLeftCurrentAction.cs,False,Direct Analysis
GetIsExecutable,26,Files-4.0.24/src/Files.App/Actions/Navigation/CloseTabsToTheLeftCurrentAction.cs,False,Direct Analysis
Context_PropertyChanged,31,Files-4.0.24/src/Files.App/Actions/Navigation/CloseTabsToTheLeftCurrentAction.cs,False,Direct Analysis
GridSplitter_Loaded,22,Files-4.0.24/src/Files.App.Controls/GridSplitter/GridSplitter.Events.cs,False,Direct Analysis
CreateGripperDisplay,50,Files-4.0.24/src/Files.App.Controls/GridSplitter/GridSplitter.Events.cs,False,Direct Analysis
OnKeyDown,80,Files-4.0.24/src/Files.App.Controls/GridSplitter/GridSplitter.Events.cs,False,Direct Analysis
OnManipulationStarted,129,Files-4.0.24/src/Files.App.Controls/GridSplitter/GridSplitter.Events.cs,False,Direct Analysis
OnManipulationCompleted,154,Files-4.0.24/src/Files.App.Controls/GridSplitter/GridSplitter.Events.cs,False,Direct Analysis
OnManipulationDelta,162,Files-4.0.24/src/Files.App.Controls/GridSplitter/GridSplitter.Events.cs,False,Direct Analysis
VerticalMove,190,Files-4.0.24/src/Files.App.Controls/GridSplitter/GridSplitter.Events.cs,False,Direct Analysis
HorizontalMove,256,Files-4.0.24/src/Files.App.Controls/GridSplitter/GridSplitter.Events.cs,False,Direct Analysis
GetTargetedColumn,120,Files-4.0.24/src/Files.App.Controls/GridSplitter/GridSplitter.Helper.cs,False,Direct Analysis
GetTargetedRow,127,Files-4.0.24/src/Files.App.Controls/GridSplitter/GridSplitter.Helper.cs,False,Direct Analysis
GetSiblingColumn,134,Files-4.0.24/src/Files.App.Controls/GridSplitter/GridSplitter.Helper.cs,False,Direct Analysis
GetSiblingRow,141,Files-4.0.24/src/Files.App.Controls/GridSplitter/GridSplitter.Helper.cs,False,Direct Analysis
GetTargetIndex,148,Files-4.0.24/src/Files.App.Controls/GridSplitter/GridSplitter.Helper.cs,False,Direct Analysis
GetSiblingIndex,164,Files-4.0.24/src/Files.App.Controls/GridSplitter/GridSplitter.Helper.cs,False,Direct Analysis
GetResizeDirection,180,Files-4.0.24/src/Files.App.Controls/GridSplitter/GridSplitter.Helper.cs,False,Direct Analysis
GetResizeBehavior,213,Files-4.0.24/src/Files.App.Controls/GridSplitter/GridSplitter.Helper.cs,False,Direct Analysis
OnApplyTemplate,168,Files-4.0.24/src/Files.App.Controls/GridSplitter/GridSplitter.cs,False,Direct Analysis
GridSplitter_PointerReleased,197,Files-4.0.24/src/Files.App.Controls/GridSplitter/GridSplitter.cs,False,Direct Analysis
GridSplitter_PointerPressed,203,Files-4.0.24/src/Files.App.Controls/GridSplitter/GridSplitter.cs,False,Direct Analysis
GridSplitter_PointerExited,209,Files-4.0.24/src/Files.App.Controls/GridSplitter/GridSplitter.cs,False,Direct Analysis
GridSplitter_PointerEntered,219,Files-4.0.24/src/Files.App.Controls/GridSplitter/GridSplitter.cs,False,Direct Analysis
GridSplitter_ManipulationCompleted,229,Files-4.0.24/src/Files.App.Controls/GridSplitter/GridSplitter.cs,False,Direct Analysis
GridSplitter_ManipulationStarted,236,Files-4.0.24/src/Files.App.Controls/GridSplitter/GridSplitter.cs,False,Direct Analysis
ExecuteAsync,34,Files-4.0.24/src/Files.App/Actions/FileSystem/CopyItemFromHomeAction.cs,False,Direct Analysis
GetIsExecutable,83,Files-4.0.24/src/Files.App/Actions/FileSystem/CopyItemFromHomeAction.cs,False,Direct Analysis
CreateCopy,15,Files-4.0.24/src/Files.App/Data/Models/DisposableArray.cs,False,Direct Analysis
Equals,20,Files-4.0.24/src/Files.App/Data/Models/DisposableArray.cs,False,Direct Analysis
GetHashCode,28,Files-4.0.24/src/Files.App/Data/Models/DisposableArray.cs,False,Direct Analysis
SecureFree,33,Files-4.0.24/src/Files.App/Data/Models/DisposableArray.cs,False,Direct Analysis
ExecuteAsync,17,Files-4.0.24/src/Files.App/Actions/Navigation/OpenInNewPane/OpenInNewPaneFromSidebarAction.cs,False,Direct Analysis
Context_PropertyChanged,28,Files-4.0.24/src/Files.App/Actions/Navigation/OpenInNewPane/OpenInNewPaneFromSidebarAction.cs,False,Direct Analysis
SetProgressValue,33,Files-4.0.24/src/Files.App.Storage/Windows/Managers/TaskbarManager.cs,False,Direct Analysis
SetProgressState,38,Files-4.0.24/src/Files.App.Storage/Windows/Managers/TaskbarManager.cs,False,Direct Analysis
Dispose,43,Files-4.0.24/src/Files.App.Storage/Windows/Managers/TaskbarManager.cs,False,Direct Analysis
ExecuteAsync,32,Files-4.0.24/src/Files.App/Actions/Show/ToggleInfoPaneAction.cs,False,Direct Analysis
ViewModel_PropertyChanged,39,Files-4.0.24/src/Files.App/Actions/Show/ToggleInfoPaneAction.cs,False,Direct Analysis
ExecuteAsync,38,Files-4.0.24/src/Files.App/Actions/FileSystem/AddItemAction.cs,False,Direct Analysis
Context_PropertyChanged,57,Files-4.0.24/src/Files.App/Actions/FileSystem/AddItemAction.cs,False,Direct Analysis
Dispose,66,Files-4.0.24/src/Files.App/Data/Items/WidgetContainerItem.cs,False,Direct Analysis
MeasureOverride,29,Files-4.0.24/src/Files.App.Controls/Toolbar/Primitives/ToolbarLayout.cs,False,Direct Analysis
ArrangeOverride,65,Files-4.0.24/src/Files.App.Controls/Toolbar/Primitives/ToolbarLayout.cs,False,Direct Analysis
ProvideValue,17,Files-4.0.24/src/Files.App.Controls/ThemedIcon/ThemedIconMarkup.cs,False,Direct Analysis
OnLaunched,61,Files-4.0.24/src/Files.App/App.xaml.cs,False,Direct Analysis
Window_Activated,176,Files-4.0.24/src/Files.App/App.xaml.cs,False,Direct Analysis
Window_Closed,196,Files-4.0.24/src/Files.App/App.xaml.cs,False,Direct Analysis
OnLaunched,15,Files-4.0.24/tests/Files.App.UITests/App.xaml.cs,False,Direct Analysis
NotifyInstanceRelatedPropertiesChanged,88,Files-4.0.24/src/Files.App/ViewModels/UserControls/SidebarViewModel.cs,False,Direct Analysis
UpdateSidebarSelectedItemFromArgs,95,Files-4.0.24/src/Files.App/ViewModels/UserControls/SidebarViewModel.cs,False,Direct Analysis
Manager_DataChanged,278,Files-4.0.24/src/Files.App/ViewModels/UserControls/SidebarViewModel.cs,False,Direct Analysis
Section_PropertyChanged,411,Files-4.0.24/src/Files.App/ViewModels/UserControls/SidebarViewModel.cs,False,Direct Analysis
GetSection,448,Files-4.0.24/src/Files.App/ViewModels/UserControls/SidebarViewModel.cs,False,Direct Analysis
CreateSectionAsync,453,Files-4.0.24/src/Files.App/ViewModels/UserControls/SidebarViewModel.cs,False,Direct Analysis
BuildSection,589,Files-4.0.24/src/Files.App/ViewModels/UserControls/SidebarViewModel.cs,False,Direct Analysis
AddSectionToSideBar,601,Files-4.0.24/src/Files.App/ViewModels/UserControls/SidebarViewModel.cs,False,Direct Analysis
UpdateSectionVisibilityAsync,607,Files-4.0.24/src/Files.App/ViewModels/UserControls/SidebarViewModel.cs,False,Direct Analysis
UserSettingsService_OnSettingChangedEvent,635,Files-4.0.24/src/Files.App/ViewModels/UserControls/SidebarViewModel.cs,False,Direct Analysis
Dispose,683,Files-4.0.24/src/Files.App/ViewModels/UserControls/SidebarViewModel.cs,False,Direct Analysis
UpdateTabControlMargin,696,Files-4.0.24/src/Files.App/ViewModels/UserControls/SidebarViewModel.cs,False,Direct Analysis
HandleItemContextInvokedAsync,706,Files-4.0.24/src/Files.App/ViewModels/UserControls/SidebarViewModel.cs,False,Direct Analysis
ItemContextMenuFlyout_Opened,771,Files-4.0.24/src/Files.App/ViewModels/UserControls/SidebarViewModel.cs,False,Direct Analysis
HandleItemInvokedAsync,780,Files-4.0.24/src/Files.App/ViewModels/UserControls/SidebarViewModel.cs,False,Direct Analysis
PinItem,866,Files-4.0.24/src/Files.App/ViewModels/UserControls/SidebarViewModel.cs,False,Direct Analysis
UnpinItem,871,Files-4.0.24/src/Files.App/ViewModels/UserControls/SidebarViewModel.cs,False,Direct Analysis
HideSection,877,Files-4.0.24/src/Files.App/ViewModels/UserControls/SidebarViewModel.cs,False,Direct Analysis
OpenProperties,912,Files-4.0.24/src/Files.App/ViewModels/UserControls/SidebarViewModel.cs,False,Direct Analysis
EjectDevice,948,Files-4.0.24/src/Files.App/ViewModels/UserControls/SidebarViewModel.cs,False,Direct Analysis
GetLocationItemMenuItems,953,Files-4.0.24/src/Files.App/ViewModels/UserControls/SidebarViewModel.cs,False,Direct Analysis
HandleLocationItemDroppedAsync,1281,Files-4.0.24/src/Files.App/ViewModels/UserControls/SidebarViewModel.cs,False,Direct Analysis
HandleTagItemDroppedAsync,1306,Files-4.0.24/src/Files.App/ViewModels/UserControls/SidebarViewModel.cs,False,Direct Analysis
GetFreshSettings,21,Files-4.0.24/src/Files.App/Utils/Serialization/Implementation/DefaultJsonSettingsDatabase.cs,False,Direct Analysis
SaveSettings,42,Files-4.0.24/src/Files.App/Utils/Serialization/Implementation/DefaultJsonSettingsDatabase.cs,False,Direct Analysis
SetValue,64,Files-4.0.24/src/Files.App/Utils/Serialization/Implementation/DefaultJsonSettingsDatabase.cs,False,Direct Analysis
RemoveKey,74,Files-4.0.24/src/Files.App/Utils/Serialization/Implementation/DefaultJsonSettingsDatabase.cs,False,Direct Analysis
FlushSettings,81,Files-4.0.24/src/Files.App/Utils/Serialization/Implementation/DefaultJsonSettingsDatabase.cs,False,Direct Analysis
ImportSettings,87,Files-4.0.24/src/Files.App/Utils/Serialization/Implementation/DefaultJsonSettingsDatabase.cs,False,Direct Analysis
ExportSettings,113,Files-4.0.24/src/Files.App/Utils/Serialization/Implementation/DefaultJsonSettingsDatabase.cs,False,Direct Analysis
ExecuteAsync,36,Files-4.0.24/src/Files.App/Actions/Global/SearchAction.cs,False,Direct Analysis
Context_PropertyChanged,47,Files-4.0.24/src/Files.App/Actions/Global/SearchAction.cs,False,Direct Analysis
ExecuteAsync,29,Files-4.0.24/src/Files.App/Actions/Open/OpenReleaseNotesAction.cs,False,Direct Analysis
UpdateService_PropertyChanged,34,Files-4.0.24/src/Files.App/Actions/Open/OpenReleaseNotesAction.cs,False,Direct Analysis
Img_ImageOpened,49,Files-4.0.24/src/Files.App/Data/Models/SuggestionModel.cs,False,Direct Analysis
GetTextMemberPath,81,Files-4.0.24/src/Files.App/Data/Models/SuggestionModel.cs,False,Direct Analysis
RenameTextBox_KeyDown,32,Files-4.0.24/src/Files.App/Views/Settings/TagsPage.xaml.cs,False,Direct Analysis
EditTag_Click,47,Files-4.0.24/src/Files.App/Views/Settings/TagsPage.xaml.cs,False,Direct Analysis
CommitRenameTag_Click,71,Files-4.0.24/src/Files.App/Views/Settings/TagsPage.xaml.cs,False,Direct Analysis
CancelRenameTag_Click,78,Files-4.0.24/src/Files.App/Views/Settings/TagsPage.xaml.cs,False,Direct Analysis
PreRemoveTag_Click,83,Files-4.0.24/src/Files.App/Views/Settings/TagsPage.xaml.cs,False,Direct Analysis
CancelRemoveTag_Click,88,Files-4.0.24/src/Files.App/Views/Settings/TagsPage.xaml.cs,False,Direct Analysis
RemoveTag_Click,93,Files-4.0.24/src/Files.App/Views/Settings/TagsPage.xaml.cs,False,Direct Analysis
RenameTextBox_TextChanged,98,Files-4.0.24/src/Files.App/Views/Settings/TagsPage.xaml.cs,False,Direct Analysis
EditColorPicker_ColorChanged,109,Files-4.0.24/src/Files.App/Views/Settings/TagsPage.xaml.cs,False,Direct Analysis
NewTagTextBox_TextChanged,120,Files-4.0.24/src/Files.App/Views/Settings/TagsPage.xaml.cs,False,Direct Analysis
KeyboardAccelerator_Invoked,127,Files-4.0.24/src/Files.App/Views/Settings/TagsPage.xaml.cs,False,Direct Analysis
CommitChanges,136,Files-4.0.24/src/Files.App/Views/Settings/TagsPage.xaml.cs,False,Direct Analysis
EndEditing,144,Files-4.0.24/src/Files.App/Views/Settings/TagsPage.xaml.cs,False,Direct Analysis
CloseEdit,150,Files-4.0.24/src/Files.App/Views/Settings/TagsPage.xaml.cs,False,Direct Analysis
Get,25,Files-4.0.24/src/Files.App.CsWin32/ComHeapPtr`1.cs,False,Direct Analysis
GetAddressOf,31,Files-4.0.24/src/Files.App.CsWin32/ComHeapPtr`1.cs,False,Direct Analysis
Dispose,37,Files-4.0.24/src/Files.App.CsWin32/ComHeapPtr`1.cs,False,Direct Analysis
TagItem_Click,49,Files-4.0.24/src/Files.App/UserControls/Menus/FileTagsContextMenu.cs,False,Direct Analysis
Item_Opening,62,Files-4.0.24/src/Files.App/UserControls/Menus/FileTagsContextMenu.cs,False,Direct Analysis
RemoveFileTag,79,Files-4.0.24/src/Files.App/UserControls/Menus/FileTagsContextMenu.cs,False,Direct Analysis
AddFileTag,93,Files-4.0.24/src/Files.App/UserControls/Menus/FileTagsContextMenu.cs,False,Direct Analysis
ExecuteAsync,34,Files-4.0.24/src/Files.App/Actions/Navigation/ArrangePanesVerticallyAction.cs,False,Direct Analysis
ContentPageContext_PropertyChanged,41,Files-4.0.24/src/Files.App/Actions/Navigation/ArrangePanesVerticallyAction.cs,False,Direct Analysis
MultiPanesContext_ShellPaneArrangementChanged,52,Files-4.0.24/src/Files.App/Actions/Navigation/ArrangePanesVerticallyAction.cs,False,Direct Analysis
ExecuteAsync,27,Files-4.0.24/src/Files.App/Actions/Show/ToggleShowFileExtensionsAction.cs,False,Direct Analysis
Settings_PropertyChanged,34,Files-4.0.24/src/Files.App/Actions/Show/ToggleShowFileExtensionsAction.cs,False,Direct Analysis
ExecuteAsync,42,Files-4.0.24/src/Files.App/Actions/Navigation/NavigateBackAction.cs,False,Direct Analysis
Context_PropertyChanged,49,Files-4.0.24/src/Files.App/Actions/Navigation/NavigateBackAction.cs,False,Direct Analysis
ExecuteLoadAllActionsCommand,112,Files-4.0.24/src/Files.App/ViewModels/Settings/ActionsViewModel.cs,False,Direct Analysis
ExecuteShowAddNewKeyBindingBlockCommand,164,Files-4.0.24/src/Files.App/ViewModels/Settings/ActionsViewModel.cs,False,Direct Analysis
ExecuteHideAddNewKeyBindingBlockCommand,177,Files-4.0.24/src/Files.App/ViewModels/Settings/ActionsViewModel.cs,False,Direct Analysis
ExecuteAddNewKeyBindingCommand,189,Files-4.0.24/src/Files.App/ViewModels/Settings/ActionsViewModel.cs,False,Direct Analysis
ExecuteShowRestoreDefaultsConfirmationCommand,265,Files-4.0.24/src/Files.App/ViewModels/Settings/ActionsViewModel.cs,False,Direct Analysis
ExecuteRestoreDefaultsCommand,270,Files-4.0.24/src/Files.App/ViewModels/Settings/ActionsViewModel.cs,False,Direct Analysis
ExecuteEditCommand,278,Files-4.0.24/src/Files.App/ViewModels/Settings/ActionsViewModel.cs,False,Direct Analysis
ExecuteSaveCommand,307,Files-4.0.24/src/Files.App/ViewModels/Settings/ActionsViewModel.cs,False,Direct Analysis
ExecuteDeleteCommand,392,Files-4.0.24/src/Files.App/ViewModels/Settings/ActionsViewModel.cs,False,Direct Analysis
FilterItems,453,Files-4.0.24/src/Files.App/ViewModels/Settings/ActionsViewModel.cs,False,Direct Analysis
ExecuteAsync,32,Files-4.0.24/src/Files.App/Actions/Navigation/SplitPaneVerticallyAction.cs,False,Direct Analysis
ContentPageContext_PropertyChanged,39,Files-4.0.24/src/Files.App/Actions/Navigation/SplitPaneVerticallyAction.cs,False,Direct Analysis
OnMinAngleChanged,52,Files-4.0.24/src/Files.App.Controls/Storage/StorageRing/StorageRing.Properties.cs,False,Direct Analysis
OnMaxAngleChanged,59,Files-4.0.24/src/Files.App.Controls/Storage/StorageRing/StorageRing.Properties.cs,False,Direct Analysis
OnStartAngleChanged,66,Files-4.0.24/src/Files.App.Controls/Storage/StorageRing/StorageRing.Properties.cs,False,Direct Analysis
OnPercentCautionChanged,94,Files-4.0.24/src/Files.App.Controls/Storage/StorageRing/StorageRing.Properties.cs,False,Direct Analysis
OnPercentCriticalChanged,101,Files-4.0.24/src/Files.App.Controls/Storage/StorageRing/StorageRing.Properties.cs,False,Direct Analysis
OnValueChanged,109,Files-4.0.24/src/Files.App.Controls/Storage/StorageRing/StorageRing.Properties.cs,False,Direct Analysis
OnMinimumChanged,118,Files-4.0.24/src/Files.App.Controls/Storage/StorageRing/StorageRing.Properties.cs,False,Direct Analysis
OnMaximumChanged,126,Files-4.0.24/src/Files.App.Controls/Storage/StorageRing/StorageRing.Properties.cs,False,Direct Analysis
OnApplyTemplate,72,Files-4.0.24/src/Files.App.Controls/Storage/StorageRing/StorageRing.cs,False,Direct Analysis
UpdateRings,94,Files-4.0.24/src/Files.App.Controls/Storage/StorageRing/StorageRing.cs,False,Direct Analysis
UpdateContainerCenterAndSizes,115,Files-4.0.24/src/Files.App.Controls/Storage/StorageRing/StorageRing.cs,False,Direct Analysis
UpdateNormalizedAngles,149,Files-4.0.24/src/Files.App.Controls/Storage/StorageRing/StorageRing.cs,False,Direct Analysis
UpdateRingSizes,169,Files-4.0.24/src/Files.App.Controls/Storage/StorageRing/StorageRing.cs,False,Direct Analysis
UpdateRadii,204,Files-4.0.24/src/Files.App.Controls/Storage/StorageRing/StorageRing.cs,False,Direct Analysis
UpdateGapAngle,222,Files-4.0.24/src/Files.App.Controls/Storage/StorageRing/StorageRing.cs,False,Direct Analysis
UpdateValues,228,Files-4.0.24/src/Files.App.Controls/Storage/StorageRing/StorageRing.cs,False,Direct Analysis
UpdateRingLayouts,251,Files-4.0.24/src/Files.App.Controls/Storage/StorageRing/StorageRing.cs,False,Direct Analysis
UpdateRingAngles,270,Files-4.0.24/src/Files.App.Controls/Storage/StorageRing/StorageRing.cs,False,Direct Analysis
UpdateRingStrokes,390,Files-4.0.24/src/Files.App.Controls/Storage/StorageRing/StorageRing.cs,False,Direct Analysis
UpdateRingThickness,476,Files-4.0.24/src/Files.App.Controls/Storage/StorageRing/StorageRing.cs,False,Direct Analysis
UpdateVisualState,507,Files-4.0.24/src/Files.App.Controls/Storage/StorageRing/StorageRing.cs,False,Direct Analysis
ValidateStartAngle,521,Files-4.0.24/src/Files.App.Controls/Storage/StorageRing/StorageRing.cs,False,Direct Analysis
DoubleToAngle,532,Files-4.0.24/src/Files.App.Controls/Storage/StorageRing/StorageRing.cs,False,Direct Analysis
StorageRing_SizeChanged,558,Files-4.0.24/src/Files.App.Controls/Storage/StorageRing/StorageRing.cs,False,Direct Analysis
StorageRing_IsEnabledChanged,579,Files-4.0.24/src/Files.App.Controls/Storage/StorageRing/StorageRing.cs,False,Direct Analysis
StorageRing_Unloaded,584,Files-4.0.24/src/Files.App.Controls/Storage/StorageRing/StorageRing.cs,False,Direct Analysis
ExecuteAsync,286,Files-4.0.24/src/Files.App/Actions/Display/SortAction.cs,False,Direct Analysis
ExecuteTransferAsync,25,Files-4.0.24/src/Files.App/Actions/FileSystem/Transfer/BaseTransferItemAction.cs,False,Direct Analysis
ContentPageContext_PropertyChanged,126,Files-4.0.24/src/Files.App/Actions/FileSystem/Transfer/BaseTransferItemAction.cs,False,Direct Analysis
ExecuteAsync,27,Files-4.0.24/src/Files.App/Actions/Open/OpenSettingsAction.cs,False,Direct Analysis
UpdateRecentFilesAsync,85,Files-4.0.24/src/Files.App/Services/Windows/WindowsRecentItemsService.cs,False,Direct Analysis
UpdateRecentFoldersAsync,94,Files-4.0.24/src/Files.App/Services/Windows/WindowsRecentItemsService.cs,False,Direct Analysis
Add,103,Files-4.0.24/src/Files.App/Services/Windows/WindowsRecentItemsService.cs,False,Direct Analysis
Remove,120,Files-4.0.24/src/Files.App/Services/Windows/WindowsRecentItemsService.cs,False,Direct Analysis
Clear,171,Files-4.0.24/src/Files.App/Services/Windows/WindowsRecentItemsService.cs,False,Direct Analysis
UpdateRecentItems,186,Files-4.0.24/src/Files.App/Services/Windows/WindowsRecentItemsService.cs,False,Direct Analysis
Watcher_Changed,292,Files-4.0.24/src/Files.App/Services/Windows/WindowsRecentItemsService.cs,False,Direct Analysis
OnApplyTemplate,16,Files-4.0.24/src/Files.App.Controls/SamplePanel/SamplePanel.cs,False,Direct Analysis
UpdateVisualStates,23,Files-4.0.24/src/Files.App.Controls/SamplePanel/SamplePanel.cs,False,Direct Analysis
Equals,75,Files-4.0.24/src/Files.App.Storage/Windows/WindowsStorable.cs,False,Direct Analysis
GetHashCode,81,Files-4.0.24/src/Files.App.Storage/Windows/WindowsStorable.cs,False,Direct Analysis
Dispose,87,Files-4.0.24/src/Files.App.Storage/Windows/WindowsStorable.cs,False,Direct Analysis
ToString,94,Files-4.0.24/src/Files.App.Storage/Windows/WindowsStorable.cs,False,Direct Analysis
Equals,100,Files-4.0.24/src/Files.App.Storage/Windows/WindowsStorable.cs,False,Direct Analysis
GetBasicPropertiesAsync,69,Files-4.0.24/src/Files.App/Utils/Storage/StorageItems/FtpStorageFolder.cs,False,Direct Analysis
GetItemAsync,84,Files-4.0.24/src/Files.App/Utils/Storage/StorageItems/FtpStorageFolder.cs,False,Direct Analysis
TryGetItemAsync,113,Files-4.0.24/src/Files.App/Utils/Storage/StorageItems/FtpStorageFolder.cs,False,Direct Analysis
GetItemsAsync,127,Files-4.0.24/src/Files.App/Utils/Storage/StorageItems/FtpStorageFolder.cs,False,Direct Analysis
AddOperation,1016,Files-4.0.24/src/Files.App/Utils/Storage/Operations/FileOperationsHelpers.cs,False,Direct Analysis
RemoveOperation,1023,Files-4.0.24/src/Files.App/Utils/Storage/Operations/FileOperationsHelpers.cs,False,Direct Analysis
UpdateOperation,1033,Files-4.0.24/src/Files.App/Utils/Storage/Operations/FileOperationsHelpers.cs,False,Direct Analysis
TryCancel,1047,Files-4.0.24/src/Files.App/Utils/Storage/Operations/FileOperationsHelpers.cs,False,Direct Analysis
UpdateTaskbarProgress,1056,Files-4.0.24/src/Files.App/Utils/Storage/Operations/FileOperationsHelpers.cs,False,Direct Analysis
WaitForCompletion,1072,Files-4.0.24/src/Files.App/Utils/Storage/Operations/FileOperationsHelpers.cs,False,Direct Analysis
Dispose,1077,Files-4.0.24/src/Files.App/Utils/Storage/Operations/FileOperationsHelpers.cs,False,Direct Analysis
Convert,18,Files-4.0.24/src/Files.App.Controls/AdaptiveGridView/AdaptiveHeightValueConverter.cs,False,Direct Analysis
ExecuteAsync,33,Files-4.0.24/src/Files.App/Actions/FileSystem/CreateFolderWithSelectionAction.cs,False,Direct Analysis
Context_PropertyChanged,38,Files-4.0.24/src/Files.App/Actions/FileSystem/CreateFolderWithSelectionAction.cs,False,Direct Analysis
ToggleAccess,40,Files-4.0.24/src/Files.App/Data/Items/AccessMaskItem.cs,False,Direct Analysis
AccessControlEntry_PropertyChanged,48,Files-4.0.24/src/Files.App/Data/Items/AccessMaskItem.cs,False,Direct Analysis
ExecuteAsync,22,Files-4.0.24/src/Files.App/Actions/Navigation/NewTabAction.cs,False,Direct Analysis
OnNavigatedTo,29,Files-4.0.24/src/Files.App/Views/ReleaseNotesPage.xaml.cs,False,Direct Analysis
OnNavigatedFrom,80,Files-4.0.24/src/Files.App/Views/ReleaseNotesPage.xaml.cs,False,Direct Analysis
Dispose,128,Files-4.0.24/src/Files.App/Views/ReleaseNotesPage.xaml.cs,False,Direct Analysis
GetIsExecutable,22,Files-4.0.24/src/Files.App/Actions/Navigation/CloseAllTabsAction.cs,False,Direct Analysis
ExecuteAsync,30,Files-4.0.24/src/Files.App/Actions/Navigation/CloseAllTabsAction.cs,False,Direct Analysis
Dispose,37,Files-4.0.24/src/Files.App/Services/SizeProvider/UserSizeProvider.cs,False,Direct Analysis
FolderPreferences_PropertyChanged,46,Files-4.0.24/src/Files.App/Services/SizeProvider/UserSizeProvider.cs,False,Direct Analysis
UpdateSelectedItemContainer,34,Files-4.0.24/src/Files.App.Controls/Sidebar/SidebarView.xaml.cs,False,Direct Analysis
RaiseItemInvoked,39,Files-4.0.24/src/Files.App.Controls/Sidebar/SidebarView.xaml.cs,False,Direct Analysis
RaiseItemDropped,53,Files-4.0.24/src/Files.App.Controls/Sidebar/SidebarView.xaml.cs,False,Direct Analysis
RaiseItemDragOver,59,Files-4.0.24/src/Files.App.Controls/Sidebar/SidebarView.xaml.cs,False,Direct Analysis
UpdateMinimalMode,65,Files-4.0.24/src/Files.App.Controls/Sidebar/SidebarView.xaml.cs,False,Direct Analysis
UpdateDisplayMode,79,Files-4.0.24/src/Files.App.Controls/Sidebar/SidebarView.xaml.cs,False,Direct Analysis
UpdateDisplayModeForPaneWidth,96,Files-4.0.24/src/Files.App.Controls/Sidebar/SidebarView.xaml.cs,False,Direct Analysis
UpdateOpenPaneLengthColumn,109,Files-4.0.24/src/Files.App.Controls/Sidebar/SidebarView.xaml.cs,False,Direct Analysis
SidebarView_Loaded,114,Files-4.0.24/src/Files.App.Controls/Sidebar/SidebarView.xaml.cs,False,Direct Analysis
SidebarResizer_ManipulationStarted,121,Files-4.0.24/src/Files.App.Controls/Sidebar/SidebarView.xaml.cs,False,Direct Analysis
SidebarResizer_ManipulationDelta,129,Files-4.0.24/src/Files.App.Controls/Sidebar/SidebarView.xaml.cs,False,Direct Analysis
SidebarResizerControl_KeyDown,136,Files-4.0.24/src/Files.App.Controls/Sidebar/SidebarView.xaml.cs,False,Direct Analysis
PaneLightDismissLayer_PointerPressed,179,Files-4.0.24/src/Files.App.Controls/Sidebar/SidebarView.xaml.cs,False,Direct Analysis
PaneLightDismissLayer_Tapped,185,Files-4.0.24/src/Files.App.Controls/Sidebar/SidebarView.xaml.cs,False,Direct Analysis
SidebarResizer_DoubleTapped,191,Files-4.0.24/src/Files.App.Controls/Sidebar/SidebarView.xaml.cs,False,Direct Analysis
SidebarResizer_PointerEntered,205,Files-4.0.24/src/Files.App.Controls/Sidebar/SidebarView.xaml.cs,False,Direct Analysis
SidebarResizer_PointerExited,213,Files-4.0.24/src/Files.App.Controls/Sidebar/SidebarView.xaml.cs,False,Direct Analysis
SidebarResizer_ManipulationCompleted,224,Files-4.0.24/src/Files.App.Controls/Sidebar/SidebarView.xaml.cs,False,Direct Analysis
MenuItemHostScrollViewer_ContextRequested,231,Files-4.0.24/src/Files.App.Controls/Sidebar/SidebarView.xaml.cs,False,Direct Analysis
GetInputStreamAt,153,Files-4.0.24/src/Files.App/Utils/Storage/StorageItems/StreamWithContentType.cs,False,Direct Analysis
Seek,164,Files-4.0.24/src/Files.App/Utils/Storage/StorageItems/StreamWithContentType.cs,False,Direct Analysis
ReadAsync,184,Files-4.0.24/src/Files.App/Utils/Storage/StorageItems/StreamWithContentType.cs,False,Direct Analysis
FlushAsync,217,Files-4.0.24/src/Files.App/Utils/Storage/StorageItems/StreamWithContentType.cs,False,Direct Analysis
Dispose,222,Files-4.0.24/src/Files.App/Utils/Storage/StorageItems/StreamWithContentType.cs,False,Direct Analysis
GetBasicPropertiesAsync,81,Files-4.0.24/src/Files.App/Utils/Storage/StorageItems/FtpStorageFile.cs,False,Direct Analysis
OpenAsync,96,Files-4.0.24/src/Files.App/Utils/Storage/StorageItems/FtpStorageFile.cs,False,Direct Analysis
OpenReadAsync,122,Files-4.0.24/src/Files.App/Utils/Storage/StorageItems/FtpStorageFile.cs,False,Direct Analysis
OpenSequentialReadAsync,137,Files-4.0.24/src/Files.App/Utils/Storage/StorageItems/FtpStorageFile.cs,False,Direct Analysis
CopyAsync,159,Files-4.0.24/src/Files.App/Utils/Storage/StorageItems/FtpStorageFile.cs,False,Direct Analysis
MoveAsync,189,Files-4.0.24/src/Files.App/Utils/Storage/StorageItems/FtpStorageFile.cs,False,Direct Analysis
RenameAsync,219,Files-4.0.24/src/Files.App/Utils/Storage/StorageItems/FtpStorageFile.cs,False,Direct Analysis
DeleteAsync,239,Files-4.0.24/src/Files.App/Utils/Storage/StorageItems/FtpStorageFile.cs,False,Direct Analysis
GetFtpClient,259,Files-4.0.24/src/Files.App/Utils/Storage/StorageItems/FtpStorageFile.cs,False,Direct Analysis
FtpDataStreamingHandlerAsync,270,Files-4.0.24/src/Files.App/Utils/Storage/StorageItems/FtpStorageFile.cs,False,Direct Analysis
InvokeFocusFilterHeader,204,Files-4.0.24/src/Files.App/ViewModels/ShellViewModel.cs,False,Direct Analysis
SetWorkingDirectoryAsync,209,Files-4.0.24/src/Files.App/ViewModels/ShellViewModel.cs,False,Direct Analysis
UpdateFolderThumbnailImageSource,310,Files-4.0.24/src/Files.App/ViewModels/ShellViewModel.cs,False,Direct Analysis
UpdateSortOptionStatusAsync,315,Files-4.0.24/src/Files.App/ViewModels/ShellViewModel.cs,False,Direct Analysis
UpdateSortDirectionStatusAsync,332,Files-4.0.24/src/Files.App/ViewModels/ShellViewModel.cs,False,Direct Analysis
UpdateSortDirectoriesAlongsideFilesAsync,341,Files-4.0.24/src/Files.App/ViewModels/ShellViewModel.cs,False,Direct Analysis
UpdateSortFilesFirstAsync,349,Files-4.0.24/src/Files.App/ViewModels/ShellViewModel.cs,False,Direct Analysis
UpdateSortAndGroupOptions,357,Files-4.0.24/src/Files.App/ViewModels/ShellViewModel.cs,False,Direct Analysis
LayoutModeChangeRequested,585,Files-4.0.24/src/Files.App/ViewModels/ShellViewModel.cs,False,Direct Analysis
RecycleBinRefreshRequestedAsync,590,Files-4.0.24/src/Files.App/ViewModels/ShellViewModel.cs,False,Direct Analysis
RecycleBinItemDeletedAsync,601,Files-4.0.24/src/Files.App/ViewModels/ShellViewModel.cs,False,Direct Analysis
RecycleBinItemCreatedAsync,612,Files-4.0.24/src/Files.App/ViewModels/ShellViewModel.cs,False,Direct Analysis
FolderSizeProvider_SizeChanged,632,Files-4.0.24/src/Files.App/ViewModels/ShellViewModel.cs,False,Direct Analysis
FileTagsSettingsService_OnSettingUpdated,672,Files-4.0.24/src/Files.App/ViewModels/ShellViewModel.cs,False,Direct Analysis
UserSettingsService_OnSettingChangedEvent,681,Files-4.0.24/src/Files.App/ViewModels/ShellViewModel.cs,False,Direct Analysis
CancelLoadAndClearFiles,724,Files-4.0.24/src/Files.App/ViewModels/ShellViewModel.cs,False,Direct Analysis
CancelExtendedPropertiesLoading,740,Files-4.0.24/src/Files.App/ViewModels/ShellViewModel.cs,False,Direct Analysis
CancelExtendedPropertiesLoadingForItem,746,Files-4.0.24/src/Files.App/ViewModels/ShellViewModel.cs,False,Direct Analysis
UpdateEmptyTextType,772,Files-4.0.24/src/Files.App/ViewModels/ShellViewModel.cs,False,Direct Analysis
FilesAndFolderFilterUpdated,790,Files-4.0.24/src/Files.App/ViewModels/ShellViewModel.cs,False,Direct Analysis
ApplyFilesAndFoldersChangesAsync,797,Files-4.0.24/src/Files.App/ViewModels/ShellViewModel.cs,False,Direct Analysis
RequestSelectionAsync,875,Files-4.0.24/src/Files.App/ViewModels/ShellViewModel.cs,False,Direct Analysis
OrderFilesAndFoldersAsync,892,Files-4.0.24/src/Files.App/ViewModels/ShellViewModel.cs,False,Direct Analysis
GroupOptionsUpdatedAsync,951,Files-4.0.24/src/Files.App/ViewModels/ShellViewModel.cs,False,Direct Analysis
ReloadItemGroupHeaderImagesAsync,1017,Files-4.0.24/src/Files.App/ViewModels/ShellViewModel.cs,False,Direct Analysis
UpdateGroupOptions,1036,Files-4.0.24/src/Files.App/ViewModels/ShellViewModel.cs,False,Direct Analysis
LoadThumbnailAsync,1058,Files-4.0.24/src/Files.App/ViewModels/ShellViewModel.cs,False,Direct Analysis
LoadExtendedItemPropertiesAsync,1181,Files-4.0.24/src/Files.App/ViewModels/ShellViewModel.cs,False,Direct Analysis
RefreshTagGroups,1405,Files-4.0.24/src/Files.App/ViewModels/ShellViewModel.cs,False,Direct Analysis
UpdateItemsTags,1418,Files-4.0.24/src/Files.App/ViewModels/ShellViewModel.cs,False,Direct Analysis
CheckElevationRights,1436,Files-4.0.24/src/Files.App/ViewModels/ShellViewModel.cs,False,Direct Analysis
LoadGitPropertiesAsync,1444,Files-4.0.24/src/Files.App/ViewModels/ShellViewModel.cs,False,Direct Analysis
GetItemTypeGroupIcon,1511,Files-4.0.24/src/Files.App/ViewModels/ShellViewModel.cs,False,Direct Analysis
RefreshItems,1559,Files-4.0.24/src/Files.App/ViewModels/ShellViewModel.cs,False,Direct Analysis
RapidAddItemsToCollectionAsync,1564,Files-4.0.24/src/Files.App/ViewModels/ShellViewModel.cs,False,Direct Analysis
RapidAddItemsToCollectionAsync,1629,Files-4.0.24/src/Files.App/ViewModels/ShellViewModel.cs,False,Direct Analysis
CloseWatcher,1695,Files-4.0.24/src/Files.App/ViewModels/ShellViewModel.cs,False,Direct Analysis
EnumerateItemsFromStandardFolderAsync,1708,Files-4.0.24/src/Files.App/ViewModels/ShellViewModel.cs,False,Direct Analysis
EnumFromStorageFolderAsync,1947,Files-4.0.24/src/Files.App/ViewModels/ShellViewModel.cs,False,Direct Analysis
CheckForSolutionFile,1980,Files-4.0.24/src/Files.App/ViewModels/ShellViewModel.cs,False,Direct Analysis
GetDesktopIniFileData,1987,Files-4.0.24/src/Files.App/ViewModels/ShellViewModel.cs,False,Direct Analysis
CheckForBackgroundImage,1993,Files-4.0.24/src/Files.App/ViewModels/ShellViewModel.cs,False,Direct Analysis
WatchForStorageFolderChangesAsync,2099,Files-4.0.24/src/Files.App/ViewModels/ShellViewModel.cs,False,Direct Analysis
WatchForWin32FolderChanges,2135,Files-4.0.24/src/Files.App/ViewModels/ShellViewModel.cs,False,Direct Analysis
DirectoryWatcher_Changed,2157,Files-4.0.24/src/Files.App/ViewModels/ShellViewModel.cs,False,Direct Analysis
ItemQueryResult_ContentsChanged,2167,Files-4.0.24/src/Files.App/ViewModels/ShellViewModel.cs,False,Direct Analysis
WatchForDirectoryChanges,2187,Files-4.0.24/src/Files.App/ViewModels/ShellViewModel.cs,False,Direct Analysis
WatchForGitChanges,2297,Files-4.0.24/src/Files.App/ViewModels/ShellViewModel.cs,False,Direct Analysis
ProcessGitChangesQueueAsync,2385,Files-4.0.24/src/Files.App/ViewModels/ShellViewModel.cs,False,Direct Analysis
ProcessOperationQueueAsync,2412,Files-4.0.24/src/Files.App/ViewModels/ShellViewModel.cs,False,Direct Analysis
AddFileOrFolderFromShellFile,2522,Files-4.0.24/src/Files.App/ViewModels/ShellViewModel.cs,False,Direct Analysis
AddFileOrFolderAsync,2530,Files-4.0.24/src/Files.App/ViewModels/ShellViewModel.cs,False,Direct Analysis
AddFileOrFolderAsync,2562,Files-4.0.24/src/Files.App/ViewModels/ShellViewModel.cs,False,Direct Analysis
UpdateFilesOrFoldersAsync,2637,Files-4.0.24/src/Files.App/ViewModels/ShellViewModel.cs,False,Direct Analysis
RemoveFileOrFolderAsync,2682,Files-4.0.24/src/Files.App/ViewModels/ShellViewModel.cs,False,Direct Analysis
AddSearchResultsToCollectionAsync,2719,Files-4.0.24/src/Files.App/ViewModels/ShellViewModel.cs,False,Direct Analysis
SearchAsync,2728,Files-4.0.24/src/Files.App/ViewModels/ShellViewModel.cs,False,Direct Analysis
CancelSearch,2769,Files-4.0.24/src/Files.App/ViewModels/ShellViewModel.cs,False,Direct Analysis
UpdateDateDisplay,2774,Files-4.0.24/src/Files.App/ViewModels/ShellViewModel.cs,False,Direct Analysis
Dispose,2796,Files-4.0.24/src/Files.App/ViewModels/ShellViewModel.cs,False,Direct Analysis
ExecuteAsync,19,Files-4.0.24/src/Files.App/Actions/Navigation/OpenInNewTab/OpenInNewTabFromHomeAction.cs,False,Direct Analysis
Context_PropertyChanged,30,Files-4.0.24/src/Files.App/Actions/Navigation/OpenInNewTab/OpenInNewTabFromHomeAction.cs,False,Direct Analysis
Equals,11,Files-4.0.24/src/Files.App/Data/Models/FreeableStore.cs,False,Direct Analysis
Dispose,27,Files-4.0.24/src/Files.App/Data/Models/FreeableStore.cs,False,Direct Analysis
UpdatePrimaryDisplay,84,Files-4.0.24/src/Files.App/Data/Items/NavigationBarSuggestionItem.cs,False,Direct Analysis
GetTextMemberPath,110,Files-4.0.24/src/Files.App/Data/Items/NavigationBarSuggestionItem.cs,False,Direct Analysis
Dispose,35,Files-4.0.24/src/Files.App/Utils/Storage/Collection/BlockingListEnumerator.cs,False,Direct Analysis
MoveNext,39,Files-4.0.24/src/Files.App/Utils/Storage/Collection/BlockingListEnumerator.cs,False,Direct Analysis
Reset,53,Files-4.0.24/src/Files.App/Utils/Storage/Collection/BlockingListEnumerator.cs,False,Direct Analysis
ExecuteAsync,27,Files-4.0.24/src/Files.App/Actions/Git/GitFetchAction.cs,False,Direct Analysis
Context_PropertyChanged,34,Files-4.0.24/src/Files.App/Actions/Git/GitFetchAction.cs,False,Direct Analysis
ShowAsync,70,Files-4.0.24/src/Files.App/Dialogs/CreateArchiveDialog.xaml.cs,False,Direct Analysis
ContentDialog_Loaded,82,Files-4.0.24/src/Files.App/Dialogs/CreateArchiveDialog.xaml.cs,False,Direct Analysis
ContentDialog_Closing,89,Files-4.0.24/src/Files.App/Dialogs/CreateArchiveDialog.xaml.cs,False,Direct Analysis
ViewModel_PropertyChanged,102,Files-4.0.24/src/Files.App/Dialogs/CreateArchiveDialog.xaml.cs,False,Direct Analysis
OnApplyTemplate,22,Files-4.0.24/src/Files.App.Controls/ThemedIcon/ThemedIconLayer/ThemedIconLayer.cs,False,Direct Analysis
LayerSizePropertyChanged,45,Files-4.0.24/src/Files.App.Controls/ThemedIcon/ThemedIconLayer/ThemedIconLayer.cs,False,Direct Analysis
UpdateIconLayerState,60,Files-4.0.24/src/Files.App.Controls/ThemedIcon/ThemedIconLayer/ThemedIconLayer.cs,False,Direct Analysis
SetPathData,104,Files-4.0.24/src/Files.App.Controls/ThemedIcon/ThemedIconLayer/ThemedIconLayer.cs,False,Direct Analysis
ExecuteAsync,32,Files-4.0.24/src/Files.App/Actions/Global/EditPathAction.cs,False,Direct Analysis
ThrowIfFailedOnDebug,16,Files-4.0.24/src/Files.App.CsWin32/HRESULT.cs,False,Direct Analysis
ToShortLabel,11,Files-4.0.24/src/Files.App/Services/DateTimeFormatter/SystemDateTimeFormatter.cs,False,Direct Analysis
ExecuteAsync,33,Files-4.0.24/src/Files.App/Actions/FileSystem/CopyPathWithQuotesAction.cs,False,Direct Analysis
ExecuteAsync,649,Files-4.0.24/src/Files.App/Actions/Display/GroupAction.cs,False,Direct Analysis
ExecuteAsync,35,Files-4.0.24/src/Files.App/Actions/Content/Share/ShareItemAction.cs,False,Direct Analysis
IsContextPageTypeAdaptedToCommand,40,Files-4.0.24/src/Files.App/Actions/Content/Share/ShareItemAction.cs,False,Direct Analysis
Context_PropertyChanged,50,Files-4.0.24/src/Files.App/Actions/Content/Share/ShareItemAction.cs,False,Direct Analysis
ExecuteAsync,33,Files-4.0.24/src/Files.App/Actions/Content/Run/RunWithPowershellAction.cs,False,Direct Analysis
Context_PropertyChanged,42,Files-4.0.24/src/Files.App/Actions/Content/Run/RunWithPowershellAction.cs,False,Direct Analysis
ExecuteAsync,29,Files-4.0.24/src/Files.App/Actions/Show/ToggleDualPaneAction.cs,False,Direct Analysis
ContentPageContext_PropertyChanged,39,Files-4.0.24/src/Files.App/Actions/Show/ToggleDualPaneAction.cs,False,Direct Analysis
Omnibar_SizeChanged,11,Files-4.0.24/src/Files.App.Controls/Omnibar/Omnibar.Events.cs,False,Direct Analysis
AutoSuggestBox_GettingFocus,17,Files-4.0.24/src/Files.App.Controls/Omnibar/Omnibar.Events.cs,False,Direct Analysis
AutoSuggestBox_GotFocus,38,Files-4.0.24/src/Files.App.Controls/Omnibar/Omnibar.Events.cs,False,Direct Analysis
AutoSuggestBox_LostFocus,48,Files-4.0.24/src/Files.App.Controls/Omnibar/Omnibar.Events.cs,False,Direct Analysis
AutoSuggestBox_KeyDown,69,Files-4.0.24/src/Files.App.Controls/Omnibar/Omnibar.Events.cs,False,Direct Analysis
AutoSuggestBox_TextChanged,132,Files-4.0.24/src/Files.App.Controls/Omnibar/Omnibar.Events.cs,False,Direct Analysis
AutoSuggestBoxSuggestionsPopup_Opened,158,Files-4.0.24/src/Files.App.Controls/Omnibar/Omnibar.Events.cs,False,Direct Analysis
AutoSuggestBoxSuggestionsListView_ItemClick,164,Files-4.0.24/src/Files.App.Controls/Omnibar/Omnibar.Events.cs,False,Direct Analysis
AutoSuggestBoxSuggestionsListView_SelectionChanged,173,Files-4.0.24/src/Files.App.Controls/Omnibar/Omnibar.Events.cs,False,Direct Analysis
OnCurrentSelectedModePropertyChanged,25,Files-4.0.24/src/Files.App.Controls/Omnibar/Omnibar.Properties.cs,False,Direct Analysis
OnCurrentSelectedModeNameChanged,39,Files-4.0.24/src/Files.App.Controls/Omnibar/Omnibar.Properties.cs,False,Direct Analysis
OnIsFocusedChanged,54,Files-4.0.24/src/Files.App.Controls/Omnibar/Omnibar.Properties.cs,False,Direct Analysis
OnApplyTemplate,57,Files-4.0.24/src/Files.App.Controls/Omnibar/Omnibar.cs,False,Direct Analysis
PopulateModes,92,Files-4.0.24/src/Files.App.Controls/Omnibar/Omnibar.cs,False,Direct Analysis
ChangeMode,118,Files-4.0.24/src/Files.App.Controls/Omnibar/Omnibar.cs,False,Direct Analysis
FocusTextBox,203,Files-4.0.24/src/Files.App.Controls/Omnibar/Omnibar.cs,False,Direct Analysis
TryToggleIsSuggestionsPopupOpen,208,Files-4.0.24/src/Files.App.Controls/Omnibar/Omnibar.cs,False,Direct Analysis
ChooseSuggestionItem,235,Files-4.0.24/src/Files.App.Controls/Omnibar/Omnibar.cs,False,Direct Analysis
ChangeTextBoxText,250,Files-4.0.24/src/Files.App.Controls/Omnibar/Omnibar.cs,False,Direct Analysis
SubmitQuery,259,Files-4.0.24/src/Files.App.Controls/Omnibar/Omnibar.cs,False,Direct Analysis
GetObjectText,269,Files-4.0.24/src/Files.App.Controls/Omnibar/Omnibar.cs,False,Direct Analysis
RevertTextToUserInput,282,Files-4.0.24/src/Files.App.Controls/Omnibar/Omnibar.cs,False,Direct Analysis
ExecuteAsync,21,Files-4.0.24/src/Files.App/Actions/Open/OpenLogFileLocationAction.cs,False,Direct Analysis
ExecuteAsync,188,Files-4.0.24/src/Files.App/Actions/Display/GroupAction.cs,False,Direct Analysis
GetIsExecutable,196,Files-4.0.24/src/Files.App/Actions/Display/GroupAction.cs,False,Direct Analysis
ContentContext_PropertyChanged,201,Files-4.0.24/src/Files.App/Actions/Display/GroupAction.cs,False,Direct Analysis
DisplayContext_PropertyChanged,207,Files-4.0.24/src/Files.App/Actions/Display/GroupAction.cs,False,Direct Analysis
QueueCopyOperation,97,Files-4.0.24/src/Files.App.Storage/Windows/WindowsBulkOperations.cs,False,Direct Analysis
QueueDeleteOperation,108,Files-4.0.24/src/Files.App.Storage/Windows/WindowsBulkOperations.cs,False,Direct Analysis
QueueMoveOperation,120,Files-4.0.24/src/Files.App.Storage/Windows/WindowsBulkOperations.cs,False,Direct Analysis
QueueCreateOperation,134,Files-4.0.24/src/Files.App.Storage/Windows/WindowsBulkOperations.cs,False,Direct Analysis
QueueRenameOperation,146,Files-4.0.24/src/Files.App.Storage/Windows/WindowsBulkOperations.cs,False,Direct Analysis
PerformAllOperations,156,Files-4.0.24/src/Files.App.Storage/Windows/WindowsBulkOperations.cs,False,Direct Analysis
Dispose,164,Files-4.0.24/src/Files.App.Storage/Windows/WindowsBulkOperations.cs,False,Direct Analysis
ExecuteAsync,39,Files-4.0.24/src/Files.App/Actions/Open/OpenTerminalAction.cs,False,Direct Analysis
GetProcessStartInfo,59,Files-4.0.24/src/Files.App/Actions/Open/OpenTerminalAction.cs,False,Direct Analysis
GetPaths,81,Files-4.0.24/src/Files.App/Actions/Open/OpenTerminalAction.cs,False,Direct Analysis
GetIsExecutable,98,Files-4.0.24/src/Files.App/Actions/Open/OpenTerminalAction.cs,False,Direct Analysis
Context_PropertyChanged,114,Files-4.0.24/src/Files.App/Actions/Open/OpenTerminalAction.cs,False,Direct Analysis
ExecuteAsync,34,Files-4.0.24/src/Files.App/Actions/FileSystem/OpenFileLocationAction.cs,False,Direct Analysis
Context_PropertyChanged,68,Files-4.0.24/src/Files.App/Actions/FileSystem/OpenFileLocationAction.cs,False,Direct Analysis
ItemChevronButton_Click,11,Files-4.0.24/src/Files.App.Controls/BreadcrumbBar/BreadcrumbBarItem.Events.cs,False,Direct Analysis
ItemChevronButton_PreviewKeyDown,16,Files-4.0.24/src/Files.App.Controls/BreadcrumbBar/BreadcrumbBarItem.Events.cs,False,Direct Analysis
ItemContentButton_PreviewKeyDown,22,Files-4.0.24/src/Files.App.Controls/BreadcrumbBar/BreadcrumbBarItem.Events.cs,False,Direct Analysis
ChevronDropDownMenuFlyout_Opening,28,Files-4.0.24/src/Files.App.Controls/BreadcrumbBar/BreadcrumbBarItem.Events.cs,False,Direct Analysis
ChevronDropDownMenuFlyout_Opened,38,Files-4.0.24/src/Files.App.Controls/BreadcrumbBar/BreadcrumbBarItem.Events.cs,False,Direct Analysis
ChevronDropDownMenuFlyout_Closed,43,Files-4.0.24/src/Files.App.Controls/BreadcrumbBar/BreadcrumbBarItem.Events.cs,False,Direct Analysis
OnIsEllipsisChanged,22,Files-4.0.24/src/Files.App.Controls/BreadcrumbBar/BreadcrumbBarItem.Properties.cs,False,Direct Analysis
OnIsLastItemChanged,27,Files-4.0.24/src/Files.App.Controls/BreadcrumbBar/BreadcrumbBarItem.Properties.cs,False,Direct Analysis
OnApplyTemplate,36,Files-4.0.24/src/Files.App.Controls/BreadcrumbBar/BreadcrumbBarItem.cs,False,Direct Analysis
OnItemClicked,70,Files-4.0.24/src/Files.App.Controls/BreadcrumbBar/BreadcrumbBarItem.cs,False,Direct Analysis
SetOwner,102,Files-4.0.24/src/Files.App.Controls/BreadcrumbBar/BreadcrumbBarItem.cs,False,Direct Analysis
OnApplyTemplate,35,Files-4.0.24/src/Files.App.Controls/BladeView/BladeView.cs,False,Direct Analysis
GetContainerForItemOverride,43,Files-4.0.24/src/Files.App.Controls/BladeView/BladeView.cs,False,Direct Analysis
IsItemItsOwnContainerOverride,49,Files-4.0.24/src/Files.App.Controls/BladeView/BladeView.cs,False,Direct Analysis
PrepareContainerForItemOverride,55,Files-4.0.24/src/Files.App.Controls/BladeView/BladeView.cs,False,Direct Analysis
ClearContainerForItemOverride,69,Files-4.0.24/src/Files.App.Controls/BladeView/BladeView.cs,False,Direct Analysis
OnCreateAutomationPeer,84,Files-4.0.24/src/Files.App.Controls/BladeView/BladeView.cs,False,Direct Analysis
CycleBlades,89,Files-4.0.24/src/Files.App.Controls/BladeView/BladeView.cs,False,Direct Analysis
BladeOnVisibilityChanged,116,Files-4.0.24/src/Files.App.Controls/BladeView/BladeView.cs,False,Direct Analysis
GetScrollViewer,148,Files-4.0.24/src/Files.App.Controls/BladeView/BladeView.cs,False,Direct Analysis
ScrollToEnd,153,Files-4.0.24/src/Files.App.Controls/BladeView/BladeView.cs,False,Direct Analysis
OnLayoutUpdatedScrollToEnd,158,Files-4.0.24/src/Files.App.Controls/BladeView/BladeView.cs,False,Direct Analysis
AdjustBladeItemSize,164,Files-4.0.24/src/Files.App.Controls/BladeView/BladeView.cs,False,Direct Analysis
ItemsVectorChanged,178,Files-4.0.24/src/Files.App.Controls/BladeView/BladeView.cs,False,Direct Analysis
ExecuteAsync,41,Files-4.0.24/src/Files.App/Actions/Content/ImageManipulation/BaseRotateAction.cs,False,Direct Analysis
Context_PropertyChanged,50,Files-4.0.24/src/Files.App/Actions/Content/ImageManipulation/BaseRotateAction.cs,False,Direct Analysis
GetPatternCore,24,Files-4.0.24/src/Files.App.Controls/Sidebar/SidebarViewAutomationPeer.cs,False,Direct Analysis
GetSelection,32,Files-4.0.24/src/Files.App.Controls/Sidebar/SidebarViewAutomationPeer.cs,False,Direct Analysis
OnValueChanged,59,Files-4.0.24/src/Files.App.Controls/Storage/StorageBar/StorageBar.Properties.cs,False,Direct Analysis
OnMaximumChanged,67,Files-4.0.24/src/Files.App.Controls/Storage/StorageBar/StorageBar.Properties.cs,False,Direct Analysis
OnMinimumChanged,75,Files-4.0.24/src/Files.App.Controls/Storage/StorageBar/StorageBar.Properties.cs,False,Direct Analysis
OnApplyTemplate,66,Files-4.0.24/src/Files.App.Controls/Storage/StorageBar/StorageBar.cs,False,Direct Analysis
UpdateValue,99,Files-4.0.24/src/Files.App.Controls/Storage/StorageBar/StorageBar.cs,False,Direct Analysis
UpdateContainerHeightsAndCorners,109,Files-4.0.24/src/Files.App.Controls/Storage/StorageBar/StorageBar.cs,False,Direct Analysis
UpdateColumnWidths,144,Files-4.0.24/src/Files.App.Controls/Storage/StorageBar/StorageBar.cs,False,Direct Analysis
UpdateContainer,329,Files-4.0.24/src/Files.App.Controls/Storage/StorageBar/StorageBar.cs,False,Direct Analysis
UpdateVisualState,337,Files-4.0.24/src/Files.App.Controls/Storage/StorageBar/StorageBar.cs,False,Direct Analysis
StorageBar_IsEnabledChanged,353,Files-4.0.24/src/Files.App.Controls/Storage/StorageBar/StorageBar.cs,False,Direct Analysis
StorageBar_SizeChanged,358,Files-4.0.24/src/Files.App.Controls/Storage/StorageBar/StorageBar.cs,False,Direct Analysis
StorageBar_Unloaded,379,Files-4.0.24/src/Files.App.Controls/Storage/StorageBar/StorageBar.cs,False,Direct Analysis
ToShortLabel,11,Files-4.0.24/src/Files.App/Services/DateTimeFormatter/UniversalDateTimeFormatter.cs,False,Direct Analysis
ExecuteAsync,397,Files-4.0.24/src/Files.App/Actions/Display/GroupAction.cs,False,Direct Analysis
GetIsExecutable,406,Files-4.0.24/src/Files.App/Actions/Display/GroupAction.cs,False,Direct Analysis
ContentContext_PropertyChanged,411,Files-4.0.24/src/Files.App/Actions/Display/GroupAction.cs,False,Direct Analysis
DisplayContext_PropertyChanged,417,Files-4.0.24/src/Files.App/Actions/Display/GroupAction.cs,False,Direct Analysis
ExecuteAsync,19,Files-4.0.24/src/Files.App/Actions/Content/Archives/Decompress/DecompressArchiveHere.cs,False,Direct Analysis
DownloadUpdatesAsync,67,Files-4.0.24/src/Files.App/Services/App/AppUpdateSideloadService.cs,False,Direct Analysis
DownloadMandatoryUpdatesAsync,72,Files-4.0.24/src/Files.App/Services/App/AppUpdateSideloadService.cs,False,Direct Analysis
CheckForUpdatesAsync,77,Files-4.0.24/src/Files.App/Services/App/AppUpdateSideloadService.cs,False,Direct Analysis
CheckAndUpdateFilesLauncherAsync,122,Files-4.0.24/src/Files.App/Services/App/AppUpdateSideloadService.cs,False,Direct Analysis
CheckForReleaseNotesAsync,176,Files-4.0.24/src/Files.App/Services/App/AppUpdateSideloadService.cs,False,Direct Analysis
StartBackgroundDownloadAsync,191,Files-4.0.24/src/Files.App/Services/App/AppUpdateSideloadService.cs,False,Direct Analysis
ApplyPackageUpdateAsync,223,Files-4.0.24/src/Files.App/Services/App/AppUpdateSideloadService.cs,False,Direct Analysis
Dispose,272,Files-4.0.24/src/Files.App/Services/App/AppUpdateSideloadService.cs,False,Direct Analysis
LocalizeFromResourceKey,8,Files-4.0.24/src/Files.App/Services/App/AppLocalizationService.cs,False,Direct Analysis
Dispose,417,Files-4.0.24/src/Files.App/ViewModels/Dialogs/DynamicDialogViewModel.cs,False,Direct Analysis
ExecuteAsync,30,Files-4.0.24/src/Files.App/Actions/Navigation/FocusOtherPane.cs,False,Direct Analysis
Context_PropertyChanged,37,Files-4.0.24/src/Files.App/Actions/Navigation/FocusOtherPane.cs,False,Direct Analysis
GetArchivePath,139,Files-4.0.24/src/Files.App/Data/Models/CompressArchiveModel.cs,False,Direct Analysis
RunCreationAsync,145,Files-4.0.24/src/Files.App/Data/Models/CompressArchiveModel.cs,False,Direct Analysis
Compressor_FileCompressionStarted,247,Files-4.0.24/src/Files.App/Data/Models/CompressArchiveModel.cs,False,Direct Analysis
Compressor_FileCompressionFinished,260,Files-4.0.24/src/Files.App/Data/Models/CompressArchiveModel.cs,False,Direct Analysis
Compressor_Compressing,266,Files-4.0.24/src/Files.App/Data/Models/CompressArchiveModel.cs,False,Direct Analysis
ExecuteAsync,611,Files-4.0.24/src/Files.App/Actions/Display/GroupAction.cs,False,Direct Analysis
Context_PropertyChanged,619,Files-4.0.24/src/Files.App/Actions/Display/GroupAction.cs,False,Direct Analysis
ExecuteAsync,29,Files-4.0.24/src/Files.App/Actions/Git/GitInitAction.cs,False,Direct Analysis
Context_PropertyChanged,34,Files-4.0.24/src/Files.App/Actions/Git/GitInitAction.cs,False,Direct Analysis
Execute,36,Files-4.0.24/src/Files.Core.SourceGenerator/Generators/StringsPropertyGenerator.cs,False,Direct Analysis
AddKey,86,Files-4.0.24/src/Files.Core.SourceGenerator/Generators/StringsPropertyGenerator.cs,False,Direct Analysis
AppRunningAsAdminPromptAsync,63,Files-4.0.24/src/Files.App/Views/MainPage.xaml.cs,False,Direct Analysis
UserSettingsService_OnSettingChangedEvent,88,Files-4.0.24/src/Files.App/Views/MainPage.xaml.cs,False,Direct Analysis
HorizontalMultitaskingControl_Loaded,101,Files-4.0.24/src/Files.App/Views/MainPage.xaml.cs,False,Direct Analysis
SetTitleBarDragRegion,113,Files-4.0.24/src/Files.App/Views/MainPage.xaml.cs,False,Direct Analysis
TabItemContent_ContentChanged,120,Files-4.0.24/src/Files.App/Views/MainPage.xaml.cs,False,Direct Analysis
MultitaskingControl_CurrentInstanceChanged,139,Files-4.0.24/src/Files.App/Views/MainPage.xaml.cs,False,Direct Analysis
PaneHolder_PropertyChanged,179,Files-4.0.24/src/Files.App/Views/MainPage.xaml.cs,False,Direct Analysis
UpdateStatusBarProperties,187,Files-4.0.24/src/Files.App/Views/MainPage.xaml.cs,False,Direct Analysis
UpdateNavToolbarProperties,196,Files-4.0.24/src/Files.App/Views/MainPage.xaml.cs,False,Direct Analysis
OnNavigatedTo,205,Files-4.0.24/src/Files.App/Views/MainPage.xaml.cs,False,Direct Analysis
OnPreviewKeyDownAsync,212,Files-4.0.24/src/Files.App/Views/MainPage.xaml.cs,False,Direct Analysis
OnPreviewKeyUp,253,Files-4.0.24/src/Files.App/Views/MainPage.xaml.cs,False,Direct Analysis
OnLostFocus,272,Files-4.0.24/src/Files.App/Views/MainPage.xaml.cs,False,Direct Analysis
Page_Loaded,279,Files-4.0.24/src/Files.App/Views/MainPage.xaml.cs,False,Direct Analysis
PreviewPane_Loaded,303,Files-4.0.24/src/Files.App/Views/MainPage.xaml.cs,False,Direct Analysis
PreviewPane_Unloaded,308,Files-4.0.24/src/Files.App/Views/MainPage.xaml.cs,False,Direct Analysis
UpdateDateDisplayTimer_Tick,313,Files-4.0.24/src/Files.App/Views/MainPage.xaml.cs,False,Direct Analysis
Page_SizeChanged,321,Files-4.0.24/src/Files.App/Views/MainPage.xaml.cs,False,Direct Analysis
SidebarControl_Loaded,336,Files-4.0.24/src/Files.App/Views/MainPage.xaml.cs,False,Direct Analysis
UpdatePositioning,344,Files-4.0.24/src/Files.App/Views/MainPage.xaml.cs,False,Direct Analysis
PaneSplitter_ManipulationCompleted,372,Files-4.0.24/src/Files.App/Views/MainPage.xaml.cs,False,Direct Analysis
ApplySidebarWidthState,387,Files-4.0.24/src/Files.App/Views/MainPage.xaml.cs,False,Direct Analysis
LoadPaneChanged,397,Files-4.0.24/src/Files.App/Views/MainPage.xaml.cs,False,Direct Analysis
ViewModel_PropertyChanged,421,Files-4.0.24/src/Files.App/Views/MainPage.xaml.cs,False,Direct Analysis
RootGrid_PreviewKeyDown,427,Files-4.0.24/src/Files.App/Views/MainPage.xaml.cs,False,Direct Analysis
PaneSplitter_ManipulationStarted,450,Files-4.0.24/src/Files.App/Views/MainPage.xaml.cs,False,Direct Analysis
Page_PointerReleased,463,Files-4.0.24/src/Files.App/Views/MainPage.xaml.cs,False,Direct Analysis
SidebarControl_ItemContextInvoked,470,Files-4.0.24/src/Files.App/Views/MainPage.xaml.cs,False,Direct Analysis
SidebarControl_ItemDragOver,475,Files-4.0.24/src/Files.App/Views/MainPage.xaml.cs,False,Direct Analysis
SidebarControl_ItemDropped,482,Files-4.0.24/src/Files.App/Views/MainPage.xaml.cs,False,Direct Analysis
SidebarControl_ItemInvoked,489,Files-4.0.24/src/Files.App/Views/MainPage.xaml.cs,False,Direct Analysis
GetParentAsync,54,Files-4.0.24/src/Files.App/Utils/Storage/StorageBaseItems/BaseStorageFolder.cs,False,Direct Analysis
GetBasicPropertiesAsync,61,Files-4.0.24/src/Files.App/Utils/Storage/StorageBaseItems/BaseStorageFolder.cs,False,Direct Analysis
GetFileAsync,76,Files-4.0.24/src/Files.App/Utils/Storage/StorageBaseItems/BaseStorageFolder.cs,False,Direct Analysis
GetFilesAsync,83,Files-4.0.24/src/Files.App/Utils/Storage/StorageBaseItems/BaseStorageFolder.cs,False,Direct Analysis
GetFilesAsync,92,Files-4.0.24/src/Files.App/Utils/Storage/StorageBaseItems/BaseStorageFolder.cs,False,Direct Analysis
GetFilesAsync,101,Files-4.0.24/src/Files.App/Utils/Storage/StorageBaseItems/BaseStorageFolder.cs,False,Direct Analysis
GetFolderAsync,110,Files-4.0.24/src/Files.App/Utils/Storage/StorageBaseItems/BaseStorageFolder.cs,False,Direct Analysis
GetFoldersAsync,126,Files-4.0.24/src/Files.App/Utils/Storage/StorageBaseItems/BaseStorageFolder.cs,False,Direct Analysis
GetFoldersAsync,135,Files-4.0.24/src/Files.App/Utils/Storage/StorageBaseItems/BaseStorageFolder.cs,False,Direct Analysis
GetFoldersAsync,144,Files-4.0.24/src/Files.App/Utils/Storage/StorageBaseItems/BaseStorageFolder.cs,False,Direct Analysis
CreateFileAsync,153,Files-4.0.24/src/Files.App/Utils/Storage/StorageBaseItems/BaseStorageFolder.cs,False,Direct Analysis
CreateFileAsync,162,Files-4.0.24/src/Files.App/Utils/Storage/StorageBaseItems/BaseStorageFolder.cs,False,Direct Analysis
CreateFolderAsync,171,Files-4.0.24/src/Files.App/Utils/Storage/StorageBaseItems/BaseStorageFolder.cs,False,Direct Analysis
CreateFolderAsync,180,Files-4.0.24/src/Files.App/Utils/Storage/StorageBaseItems/BaseStorageFolder.cs,False,Direct Analysis
ExecuteAsync,30,Files-4.0.24/src/Files.App/Actions/Navigation/NavigateHomeAction.cs,False,Direct Analysis
Context_PropertyChanged,37,Files-4.0.24/src/Files.App/Actions/Navigation/NavigateHomeAction.cs,False,Direct Analysis
ExecuteAsync,23,Files-4.0.24/src/Files.App/Actions/Content/Archives/Compress/CompressIntoArchiveAction.cs,False,Direct Analysis
ExecuteAsync,34,Files-4.0.24/src/Files.App/Actions/Content/PreviewPopup/LaunchPreviewPopupAction.cs,False,Direct Analysis
SwitchPopupPreviewAsync,45,Files-4.0.24/src/Files.App/Actions/Content/PreviewPopup/LaunchPreviewPopupAction.cs,False,Direct Analysis
Context_PropertyChanged,59,Files-4.0.24/src/Files.App/Actions/Content/PreviewPopup/LaunchPreviewPopupAction.cs,False,Direct Analysis
StartWatcher,38,Files-4.0.24/src/Files.App.Storage/Legacy/RecycleBinWatcher.cs,False,Direct Analysis
StopWatcher,75,Files-4.0.24/src/Files.App.Storage/Legacy/RecycleBinWatcher.cs,False,Direct Analysis
Watcher_Changed,81,Files-4.0.24/src/Files.App.Storage/Legacy/RecycleBinWatcher.cs,False,Direct Analysis
Dispose,106,Files-4.0.24/src/Files.App.Storage/Legacy/RecycleBinWatcher.cs,False,Direct Analysis
ExecuteAsync,20,Files-4.0.24/src/Files.App/Actions/Navigation/OpenInNewWindow/OpenInNewWindowFromSidebarAction.cs,False,Direct Analysis
Context_PropertyChanged,25,Files-4.0.24/src/Files.App/Actions/Navigation/OpenInNewWindow/OpenInNewWindowFromSidebarAction.cs,False,Direct Analysis
ExecuteAsync,31,Files-4.0.24/src/Files.App/Actions/FileSystem/CreateShortcutFromDialogAction.cs,False,Direct Analysis
Context_PropertyChanged,36,Files-4.0.24/src/Files.App/Actions/FileSystem/CreateShortcutFromDialogAction.cs,False,Direct Analysis
ExecuteAsync,35,Files-4.0.24/src/Files.App/Actions/Global/ExitCompactOverlayAction.cs,False,Direct Analysis
WindowContext_PropertyChanged,43,Files-4.0.24/src/Files.App/Actions/Global/ExitCompactOverlayAction.cs,False,Direct Analysis
ExecuteAsync,27,Files-4.0.24/src/Files.App/Actions/Display/SortFilesFirstAction.cs,False,Direct Analysis
Context_PropertyChanged,36,Files-4.0.24/src/Files.App/Actions/Display/SortFilesFirstAction.cs,False,Direct Analysis
ReloadWidgets,31,Files-4.0.24/src/Files.App/ViewModels/HomeViewModel.cs,False,Direct Analysis
RefreshWidgetList,106,Files-4.0.24/src/Files.App/ViewModels/HomeViewModel.cs,False,Direct Analysis
RefreshWidgetProperties,117,Files-4.0.24/src/Files.App/ViewModels/HomeViewModel.cs,False,Direct Analysis
InsertWidget,126,Files-4.0.24/src/Files.App/ViewModels/HomeViewModel.cs,False,Direct Analysis
CanAddWidget,158,Files-4.0.24/src/Files.App/ViewModels/HomeViewModel.cs,False,Direct Analysis
RemoveWidgetAt,166,Files-4.0.24/src/Files.App/ViewModels/HomeViewModel.cs,False,Direct Analysis
RemoveWidget,180,Files-4.0.24/src/Files.App/ViewModels/HomeViewModel.cs,False,Direct Analysis
Dispose,214,Files-4.0.24/src/Files.App/ViewModels/HomeViewModel.cs,False,Direct Analysis
ExecuteAsync,32,Files-4.0.24/src/Files.App/Actions/Navigation/SplitPaneHorizontallyAction.cs,False,Direct Analysis
ContentPageContext_PropertyChanged,39,Files-4.0.24/src/Files.App/Actions/Navigation/SplitPaneHorizontallyAction.cs,False,Direct Analysis
ContentPageContext_PropertyChanged,142,Files-4.0.24/src/Files.App/ViewModels/UserControls/InfoPaneViewModel.cs,False,Direct Analysis
LoadPreviewControlAsync,182,Files-4.0.24/src/Files.App/ViewModels/UserControls/InfoPaneViewModel.cs,False,Direct Analysis
GetBuiltInPreviewControlAsync,216,Files-4.0.24/src/Files.App/ViewModels/UserControls/InfoPaneViewModel.cs,False,Direct Analysis
UpdateSelectedItemPreviewAsync,358,Files-4.0.24/src/Files.App/ViewModels/UserControls/InfoPaneViewModel.cs,False,Direct Analysis
UpdateDateDisplay,434,Files-4.0.24/src/Files.App/ViewModels/UserControls/InfoPaneViewModel.cs,False,Direct Analysis
PreviewSettingsService_OnPropertyChangedEvent,443,Files-4.0.24/src/Files.App/ViewModels/UserControls/InfoPaneViewModel.cs,False,Direct Analysis
LoadBasicPreviewAsync,464,Files-4.0.24/src/Files.App/ViewModels/UserControls/InfoPaneViewModel.cs,False,Direct Analysis
SelectedItem_PropertyChanged,480,Files-4.0.24/src/Files.App/ViewModels/UserControls/InfoPaneViewModel.cs,False,Direct Analysis
UpdateTagsItems,488,Files-4.0.24/src/Files.App/ViewModels/UserControls/InfoPaneViewModel.cs,False,Direct Analysis
SetDriveItem,513,Files-4.0.24/src/Files.App/ViewModels/UserControls/InfoPaneViewModel.cs,False,Direct Analysis
Dispose,524,Files-4.0.24/src/Files.App/ViewModels/UserControls/InfoPaneViewModel.cs,False,Direct Analysis
Dispose,29,Files-4.0.24/src/Files.App.Storage/Windows/Managers/JumpListManager.cs,False,Direct Analysis
ExecuteAsync,34,Files-4.0.24/src/Files.App/Actions/FileSystem/CreateFolderAction.cs,False,Direct Analysis
Context_PropertyChanged,42,Files-4.0.24/src/Files.App/Actions/FileSystem/CreateFolderAction.cs,False,Direct Analysis
ExecuteAsync,27,Files-4.0.24/src/Files.App/Actions/Git/GitSyncAction.cs,False,Direct Analysis
Context_PropertyChanged,37,Files-4.0.24/src/Files.App/Actions/Git/GitSyncAction.cs,False,Direct Analysis
ShowAsync,24,Files-4.0.24/src/Files.App/Dialogs/BulkRenameDialog.xaml.cs,False,Direct Analysis
ExecuteAsync,19,Files-4.0.24/src/Files.App/Actions/Navigation/OpenInNewPane/OpenInNewPaneFromHomeAction.cs,False,Direct Analysis
Context_PropertyChanged,30,Files-4.0.24/src/Files.App/Actions/Navigation/OpenInNewPane/OpenInNewPaneFromHomeAction.cs,False,Direct Analysis
CreateIcon,42,Files-4.0.24/src/Files.App.Storage/Windows/Managers/SystemTrayManager.cs,False,Direct Analysis
DeleteIcon,78,Files-4.0.24/src/Files.App.Storage/Windows/Managers/SystemTrayManager.cs,False,Direct Analysis
CreateIconWindow,95,Files-4.0.24/src/Files.App.Storage/Windows/Managers/SystemTrayManager.cs,False,Direct Analysis
WndProc,120,Files-4.0.24/src/Files.App.Storage/Windows/Managers/SystemTrayManager.cs,False,Direct Analysis
Dispose,143,Files-4.0.24/src/Files.App.Storage/Windows/Managers/SystemTrayManager.cs,False,Direct Analysis
ExecuteAsync,36,Files-4.0.24/src/Files.App/Actions/FileSystem/RestoreRecycleBinAction.cs,False,Direct Analysis
Context_PropertyChanged,66,Files-4.0.24/src/Files.App/Actions/FileSystem/RestoreRecycleBinAction.cs,False,Direct Analysis
Initialize,77,Files-4.0.24/src/Files.App/Data/Behaviors/StickyHeaderBehavior.cs,False,Direct Analysis
Uninitialize,90,Files-4.0.24/src/Files.App/Data/Behaviors/StickyHeaderBehavior.cs,False,Direct Analysis
AssignAnimation,119,Files-4.0.24/src/Files.App/Data/Behaviors/StickyHeaderBehavior.cs,False,Direct Analysis
RemoveAnimation,194,Files-4.0.24/src/Files.App/Data/Behaviors/StickyHeaderBehavior.cs,False,Direct Analysis
StopAnimation,205,Files-4.0.24/src/Files.App/Data/Behaviors/StickyHeaderBehavior.cs,False,Direct Analysis
ScrollHeader_SizeChanged,221,Files-4.0.24/src/Files.App/Data/Behaviors/StickyHeaderBehavior.cs,False,Direct Analysis
MeasureOverride,31,Files-4.0.24/src/Files.App.Controls/BreadcrumbBar/BreadcrumbBarLayout.cs,False,Direct Analysis
ArrangeOverride,59,Files-4.0.24/src/Files.App.Controls/BreadcrumbBar/BreadcrumbBarLayout.cs,False,Direct Analysis
GetFirstIndexToRender,96,Files-4.0.24/src/Files.App.Controls/BreadcrumbBar/BreadcrumbBarLayout.cs,False,Direct Analysis
Dispose,78,Files-4.0.24/src/Files.App.Storage/Windows/WindowsFolder.cs,False,Direct Analysis
UIHelpers_PropertyChanged,19,Files-4.0.24/src/Files.App/Actions/BaseUIAction.cs,False,Direct Analysis
ExecuteAsync,24,Files-4.0.24/src/Files.App/Actions/Content/Background/SetAsLockscreenBackgroundAction.cs,False,Direct Analysis
InitializeAsync,11,Files-4.0.24/src/Files.App/Services/Windows/WindowsShellService.cs,False,Direct Analysis
GetEntries,16,Files-4.0.24/src/Files.App/Services/Windows/WindowsShellService.cs,False,Direct Analysis
GetDestination,32,Files-4.0.24/src/Files.App/Actions/Content/Archives/Compress/BaseCompressArchiveAction.cs,False,Direct Analysis
IsContextPageTypeAdaptedToCommand,52,Files-4.0.24/src/Files.App/Actions/Content/Archives/Compress/BaseCompressArchiveAction.cs,False,Direct Analysis
Context_PropertyChanged,62,Files-4.0.24/src/Files.App/Actions/Content/Archives/Compress/BaseCompressArchiveAction.cs,False,Direct Analysis
ContentPageContext_PropertyChanged,110,Files-4.0.24/src/Files.App/Actions/Display/LayoutAction.cs,False,Direct Analysis
ExecuteAsync,40,Files-4.0.24/src/Files.App/Actions/FileSystem/OpenItemAction.cs,False,Direct Analysis
Context_PropertyChanged,48,Files-4.0.24/src/Files.App/Actions/FileSystem/OpenItemAction.cs,False,Direct Analysis
ExecuteAsync,32,Files-4.0.24/src/Files.App/Actions/Content/Archives/Decompress/DecompressArchive.cs,False,Direct Analysis
CanDecompressInsideArchive,103,Files-4.0.24/src/Files.App/Actions/Content/Archives/Decompress/DecompressArchive.cs,False,Direct Analysis
CanDecompressSelectedItems,112,Files-4.0.24/src/Files.App/Actions/Content/Archives/Decompress/DecompressArchive.cs,False,Direct Analysis
GetArchivePath,117,Files-4.0.24/src/Files.App/Actions/Content/Archives/Decompress/DecompressArchive.cs,False,Direct Analysis
SaveExtractionLocation,128,Files-4.0.24/src/Files.App/Actions/Content/Archives/Decompress/DecompressArchive.cs,False,Direct Analysis
GetAutomationControlTypeCore,37,Files-4.0.24/src/Files.App.Controls/BladeView/BladeViewAutomationPeer.cs,False,Direct Analysis
GetClassNameCore,47,Files-4.0.24/src/Files.App.Controls/BladeView/BladeViewAutomationPeer.cs,False,Direct Analysis
GetNameCore,61,Files-4.0.24/src/Files.App.Controls/BladeView/BladeViewAutomationPeer.cs,False,Direct Analysis
GetChildrenCore,89,Files-4.0.24/src/Files.App.Controls/BladeView/BladeViewAutomationPeer.cs,False,Direct Analysis
GetAutomationControlTypeCore,35,Files-4.0.24/src/Files.App.Controls/BladeView/BladeItemAutomationPeer.cs,False,Direct Analysis
GetClassNameCore,45,Files-4.0.24/src/Files.App.Controls/BladeView/BladeItemAutomationPeer.cs,False,Direct Analysis
GetNameCore,59,Files-4.0.24/src/Files.App.Controls/BladeView/BladeItemAutomationPeer.cs,False,Direct Analysis
GetSizeOfSetCore,94,Files-4.0.24/src/Files.App.Controls/BladeView/BladeItemAutomationPeer.cs,False,Direct Analysis
GetPositionInSetCore,116,Files-4.0.24/src/Files.App.Controls/BladeView/BladeItemAutomationPeer.cs,False,Direct Analysis
ContentPageContext_PropertyChanged,230,Files-4.0.24/src/Files.App/Actions/Display/LayoutAction.cs,False,Direct Analysis
UserSettingsService_PropertyChanged,240,Files-4.0.24/src/Files.App/Actions/Display/LayoutAction.cs,False,Direct Analysis
ExecuteAsync,254,Files-4.0.24/src/Files.App/Actions/Display/LayoutAction.cs,False,Direct Analysis
ExecuteAsync,532,Files-4.0.24/src/Files.App/Actions/Display/GroupAction.cs,False,Direct Analysis
ExecuteAsync,22,Files-4.0.24/src/Files.App/Actions/Content/Archives/Decompress/DecompressArchiveHereSmart.cs,False,Direct Analysis
TabView_TabItemsChanged,78,Files-4.0.24/src/Files.App/UserControls/TabBar/TabBar.xaml.cs,False,Direct Analysis
TabViewItem_Drop,100,Files-4.0.24/src/Files.App/UserControls/TabBar/TabBar.xaml.cs,False,Direct Analysis
TabViewItem_DragEnter,107,Files-4.0.24/src/Files.App/UserControls/TabBar/TabBar.xaml.cs,False,Direct Analysis
TabViewItem_DragLeave,118,Files-4.0.24/src/Files.App/UserControls/TabBar/TabBar.xaml.cs,False,Direct Analysis
TabHoverSelected,125,Files-4.0.24/src/Files.App/UserControls/TabBar/TabBar.xaml.cs,False,Direct Analysis
TabView_TabDragStarting,132,Files-4.0.24/src/Files.App/UserControls/TabBar/TabBar.xaml.cs,False,Direct Analysis
TabDragging_PreviewKeyDown,151,Files-4.0.24/src/Files.App/UserControls/TabBar/TabBar.xaml.cs,False,Direct Analysis
TabView_TabStripDragOver,159,Files-4.0.24/src/Files.App/UserControls/TabBar/TabBar.xaml.cs,False,Direct Analysis
TabView_DragLeave,176,Files-4.0.24/src/Files.App/UserControls/TabBar/TabBar.xaml.cs,False,Direct Analysis
TabView_TabStripDrop,181,Files-4.0.24/src/Files.App/UserControls/TabBar/TabBar.xaml.cs,False,Direct Analysis
TabView_TabDragCompleted,210,Files-4.0.24/src/Files.App/UserControls/TabBar/TabBar.xaml.cs,False,Direct Analysis
TabView_TabDroppedOutside,225,Files-4.0.24/src/Files.App/UserControls/TabBar/TabBar.xaml.cs,False,Direct Analysis
TabView_PointerWheelChanged,258,Files-4.0.24/src/Files.App/UserControls/TabBar/TabBar.xaml.cs,False,Direct Analysis
TabItemContextMenu_Opening,278,Files-4.0.24/src/Files.App/UserControls/TabBar/TabBar.xaml.cs,False,Direct Analysis
TabBarAddNewTabButton_Drop,289,Files-4.0.24/src/Files.App/UserControls/TabBar/TabBar.xaml.cs,False,Direct Analysis
TabBarAddNewTabButton_DragOver,313,Files-4.0.24/src/Files.App/UserControls/TabBar/TabBar.xaml.cs,False,Direct Analysis
ContainerFromItem,343,Files-4.0.24/src/Files.App/UserControls/TabBar/TabBar.xaml.cs,False,Direct Analysis
TabViewItem_Loaded,348,Files-4.0.24/src/Files.App/UserControls/TabBar/TabBar.xaml.cs,False,Direct Analysis
DragAreaRectangle_Loaded,361,Files-4.0.24/src/Files.App/UserControls/TabBar/TabBar.xaml.cs,False,Direct Analysis
ExecuteAsync,25,Files-4.0.24/src/Files.App/Actions/Content/Archives/Decompress/DecompressArchiveToChildFolderAction.cs,False,Direct Analysis
Context_PropertyChanged,70,Files-4.0.24/src/Files.App/Actions/Content/Archives/Decompress/DecompressArchiveToChildFolderAction.cs,False,Direct Analysis
ComputeLabel,88,Files-4.0.24/src/Files.App/Actions/Content/Archives/Decompress/DecompressArchiveToChildFolderAction.cs,False,Direct Analysis
ContentPageContext_PropertyChanged,50,Files-4.0.24/src/Files.App/Actions/Content/Background/BaseSetAsAction.cs,False,Direct Analysis
ExecuteAsync,24,Files-4.0.24/src/Files.App/Actions/Content/Background/SetAsAppBackgroundAction.cs,False,Direct Analysis
ExecuteAsync,35,Files-4.0.24/src/Files.App/Actions/Open/OpenPropertiesAction.cs,False,Direct Analysis
OpenPropertiesFromItemContextMenuFlyout,49,Files-4.0.24/src/Files.App/Actions/Open/OpenPropertiesAction.cs,False,Direct Analysis
OpenPropertiesFromBaseContextMenuFlyout,58,Files-4.0.24/src/Files.App/Actions/Open/OpenPropertiesAction.cs,False,Direct Analysis
Context_PropertyChanged,67,Files-4.0.24/src/Files.App/Actions/Open/OpenPropertiesAction.cs,False,Direct Analysis
ContentPageContext_PropertyChanged,319,Files-4.0.24/src/Files.App/Actions/Display/LayoutAction.cs,False,Direct Analysis
UserSettingsService_PropertyChanged,329,Files-4.0.24/src/Files.App/Actions/Display/LayoutAction.cs,False,Direct Analysis
ExecuteAsync,342,Files-4.0.24/src/Files.App/Actions/Display/LayoutAction.cs,False,Direct Analysis
GetLocalizedControlTypeCore,20,Files-4.0.24/src/Files.App.Controls/BreadcrumbBar/BreadcrumbBarItemAutomationPeer.cs,False,Direct Analysis
GetPatternCore,25,Files-4.0.24/src/Files.App.Controls/BreadcrumbBar/BreadcrumbBarItemAutomationPeer.cs,False,Direct Analysis
GetClassNameCore,33,Files-4.0.24/src/Files.App.Controls/BreadcrumbBar/BreadcrumbBarItemAutomationPeer.cs,False,Direct Analysis
GetAutomationControlTypeCore,38,Files-4.0.24/src/Files.App.Controls/BreadcrumbBar/BreadcrumbBarItemAutomationPeer.cs,False,Direct Analysis
IsControlElementCore,43,Files-4.0.24/src/Files.App.Controls/BreadcrumbBar/BreadcrumbBarItemAutomationPeer.cs,False,Direct Analysis
ExecuteAsync,22,Files-4.0.24/src/Files.App/Actions/Content/Background/SetAsWallpaperBackgroundAction.cs,False,Direct Analysis
LoadRecentItemIconAsync,47,Files-4.0.24/src/Files.App/Data/Items/WidgetRecentItem.cs,False,Direct Analysis
Dispose,60,Files-4.0.24/src/Files.App/Data/Items/WidgetRecentItem.cs,False,Direct Analysis
OnApplyTemplate,38,Files-4.0.24/src/Files.App.Controls/BladeView/BladeItem.cs,False,Direct Analysis
OnCreateAutomationPeer,80,Files-4.0.24/src/Files.App.Controls/BladeView/BladeItem.cs,False,Direct Analysis
CloseButton_Click,85,Files-4.0.24/src/Files.App.Controls/BladeView/BladeItem.cs,False,Direct Analysis
BladeResizer_ManipulationStarted,90,Files-4.0.24/src/Files.App.Controls/BladeView/BladeItem.cs,False,Direct Analysis
BladeResizer_ManipulationDelta,98,Files-4.0.24/src/Files.App.Controls/BladeView/BladeItem.cs,False,Direct Analysis
BladeResizer_ManipulationCompleted,108,Files-4.0.24/src/Files.App.Controls/BladeView/BladeItem.cs,False,Direct Analysis
BladeResizer_DoubleTapped,115,Files-4.0.24/src/Files.App.Controls/BladeView/BladeItem.cs,False,Direct Analysis
SetWidth,121,Files-4.0.24/src/Files.App.Controls/BladeView/BladeItem.cs,False,Direct Analysis
BladeResizer_PointerEntered,236,Files-4.0.24/src/Files.App.Controls/BladeView/BladeItem.cs,False,Direct Analysis
BladeResizer_PointerExited,244,Files-4.0.24/src/Files.App.Controls/BladeView/BladeItem.cs,False,Direct Analysis
ExecuteAsync,39,Files-4.0.24/src/Files.App/Actions/Navigation/NavigateForwardAction.cs,False,Direct Analysis
Context_PropertyChanged,46,Files-4.0.24/src/Files.App/Actions/Navigation/NavigateForwardAction.cs,False,Direct Analysis
ExecuteAsync,31,Files-4.0.24/src/Files.App/Actions/Navigation/CloseActivePaneAction.cs,False,Direct Analysis
ContentPageContext_PropertyChanged,37,Files-4.0.24/src/Files.App/Actions/Navigation/CloseActivePaneAction.cs,False,Direct Analysis
ExecuteAsync,33,Files-4.0.24/src/Files.App/Actions/Global/ToggleCompactOverlayAction.cs,False,Direct Analysis
WindowContext_PropertyChanged,50,Files-4.0.24/src/Files.App/Actions/Global/ToggleCompactOverlayAction.cs,False,Direct Analysis
ExecuteAsync,35,Files-4.0.24/src/Files.App/Actions/Content/Install/InstallCertificateAction.cs,False,Direct Analysis
Context_PropertyChanged,40,Files-4.0.24/src/Files.App/Actions/Content/Install/InstallCertificateAction.cs,False,Direct Analysis
ExecuteAsync,19,Files-4.0.24/src/Files.App/Actions/Navigation/CloseOtherTabsCurrentAction.cs,False,Direct Analysis
PreviewMarkdownTextBlock_OnLinkClicked,27,Files-4.0.24/src/Files.App/UserControls/FilePreviews/MarkdownPreview.xaml.cs,False,Direct Analysis
ExecuteAsync,36,Files-4.0.24/src/Files.App/Actions/Content/Install/InstallFontAction.cs,False,Direct Analysis
Context_PropertyChanged,51,Files-4.0.24/src/Files.App/Actions/Content/Install/InstallFontAction.cs,False,Direct Analysis
GitHelpers_IsExecutingGitActionChanged,62,Files-4.0.24/src/Files.App/Data/Contexts/ContentPage/ContentPageContext.cs,False,Direct Analysis
Context_Changing,67,Files-4.0.24/src/Files.App/Data/Contexts/ContentPage/ContentPageContext.cs,False,Direct Analysis
Context_Changed,86,Files-4.0.24/src/Files.App/Data/Contexts/ContentPage/ContentPageContext.cs,False,Direct Analysis
Page_PropertyChanged,108,Files-4.0.24/src/Files.App/Data/Contexts/ContentPage/ContentPageContext.cs,False,Direct Analysis
PaneHolder_PropertyChanged,124,Files-4.0.24/src/Files.App/Data/Contexts/ContentPage/ContentPageContext.cs,False,Direct Analysis
InstanceViewModel_PropertyChanged,135,Files-4.0.24/src/Files.App/Data/Contexts/ContentPage/ContentPageContext.cs,False,Direct Analysis
ToolbarViewModel_PropertyChanged,158,Files-4.0.24/src/Files.App/Data/Contexts/ContentPage/ContentPageContext.cs,False,Direct Analysis
FilesystemViewModel_PropertyChanged,175,Files-4.0.24/src/Files.App/Data/Contexts/ContentPage/ContentPageContext.cs,False,Direct Analysis
Update,188,Files-4.0.24/src/Files.App/Data/Contexts/ContentPage/ContentPageContext.cs,False,Direct Analysis
UpdatePageType,205,Files-4.0.24/src/Files.App/Data/Contexts/ContentPage/ContentPageContext.cs,False,Direct Analysis
UpdateSelectedItems,226,Files-4.0.24/src/Files.App/Data/Contexts/ContentPage/ContentPageContext.cs,False,Direct Analysis
GetCanCreateItem,241,Files-4.0.24/src/Files.App/Data/Contexts/ContentPage/ContentPageContext.cs,False,Direct Analysis
ExecuteAsync,28,Files-4.0.24/src/Files.App/Actions/Content/Run/BaseRunAsAction.cs,False,Direct Analysis
Context_PropertyChanged,33,Files-4.0.24/src/Files.App/Actions/Content/Run/BaseRunAsAction.cs,False,Direct Analysis
RetrievePropertiesAsync,19,Files-4.0.24/src/Files.App/Utils/Storage/StorageBaseItems/BaseBasicStorageItemExtraProperties.cs,False,Direct Analysis
FocusFileList,36,Files-4.0.24/src/Files.App/Data/Models/ItemManipulationModel.cs,False,Direct Analysis
SelectAllItems,41,Files-4.0.24/src/Files.App/Data/Models/ItemManipulationModel.cs,False,Direct Analysis
ClearSelection,46,Files-4.0.24/src/Files.App/Data/Models/ItemManipulationModel.cs,False,Direct Analysis
InvertSelection,51,Files-4.0.24/src/Files.App/Data/Models/ItemManipulationModel.cs,False,Direct Analysis
AddSelectedItem,56,Files-4.0.24/src/Files.App/Data/Models/ItemManipulationModel.cs,False,Direct Analysis
RemoveSelectedItem,69,Files-4.0.24/src/Files.App/Data/Models/ItemManipulationModel.cs,False,Direct Analysis
FocusSelectedItems,94,Files-4.0.24/src/Files.App/Data/Models/ItemManipulationModel.cs,False,Direct Analysis
StartRenameItem,99,Files-4.0.24/src/Files.App/Data/Models/ItemManipulationModel.cs,False,Direct Analysis
ScrollIntoView,104,Files-4.0.24/src/Files.App/Data/Models/ItemManipulationModel.cs,False,Direct Analysis
ScrollToTop,109,Files-4.0.24/src/Files.App/Data/Models/ItemManipulationModel.cs,False,Direct Analysis
SetDragModeForItems,114,Files-4.0.24/src/Files.App/Data/Models/ItemManipulationModel.cs,False,Direct Analysis
RefreshItemsOpacity,119,Files-4.0.24/src/Files.App/Data/Models/ItemManipulationModel.cs,False,Direct Analysis
RefreshItemThumbnail,124,Files-4.0.24/src/Files.App/Data/Models/ItemManipulationModel.cs,False,Direct Analysis
RefreshItemsThumbnail,129,Files-4.0.24/src/Files.App/Data/Models/ItemManipulationModel.cs,False,Direct Analysis
Convert,101,Files-4.0.24/src/Files.App/Converters/Converters.cs,False,Direct Analysis
ConvertBack,113,Files-4.0.24/src/Files.App/Converters/Converters.cs,False,Direct Analysis
OnNavigatedTo,18,Files-4.0.24/src/Files.App/Views/Properties/CompatibilityPage.xaml.cs,False,Direct Analysis
SaveChangesAsync,27,Files-4.0.24/src/Files.App/Views/Properties/CompatibilityPage.xaml.cs,False,Direct Analysis
Dispose,35,Files-4.0.24/src/Files.App/Views/Properties/CompatibilityPage.xaml.cs,False,Direct Analysis
ExecuteAsync,31,Files-4.0.24/src/Files.App/Actions/Global/UndoAction.cs,False,Direct Analysis
Context_PropertyChanged,36,Files-4.0.24/src/Files.App/Actions/Global/UndoAction.cs,False,Direct Analysis
OnLabelPropertyChanged,33,Files-4.0.24/src/Files.App.Controls/Toolbar/ToolbarButton/ToolbarButton.Properties.cs,False,Direct Analysis
OnThemedIconPropertyChanged,68,Files-4.0.24/src/Files.App.Controls/Toolbar/ToolbarButton/ToolbarButton.Properties.cs,False,Direct Analysis
OnIconSizePropertyChanged,100,Files-4.0.24/src/Files.App.Controls/Toolbar/ToolbarButton/ToolbarButton.Properties.cs,False,Direct Analysis
OnContentChanged,113,Files-4.0.24/src/Files.App.Controls/Toolbar/ToolbarButton/ToolbarButton.Properties.cs,False,Direct Analysis
OnApplyTemplate,17,Files-4.0.24/src/Files.App.Controls/Toolbar/ToolbarButton/ToolbarButton.cs,False,Direct Analysis
CheckHasContent,28,Files-4.0.24/src/Files.App.Controls/Toolbar/ToolbarButton/ToolbarButton.cs,False,Direct Analysis
SetHasContent,37,Files-4.0.24/src/Files.App.Controls/Toolbar/ToolbarButton/ToolbarButton.cs,False,Direct Analysis
UpdateContentStates,81,Files-4.0.24/src/Files.App.Controls/Toolbar/ToolbarButton/ToolbarButton.cs,False,Direct Analysis
GetBaseProperties,32,Files-4.0.24/src/Files.App/ViewModels/Properties/Items/FileProperties.cs,False,Direct Analysis
GetSpecialPropertiesAsync,95,Files-4.0.24/src/Files.App/ViewModels/Properties/Items/FileProperties.cs,False,Direct Analysis
GetSystemFilePropertiesAsync,169,Files-4.0.24/src/Files.App/ViewModels/Properties/Items/FileProperties.cs,False,Direct Analysis
SyncPropertyChangesAsync,196,Files-4.0.24/src/Files.App/ViewModels/Properties/Items/FileProperties.cs,False,Direct Analysis
ClearPropertiesAsync,238,Files-4.0.24/src/Files.App/ViewModels/Properties/Items/FileProperties.cs,False,Direct Analysis
ViewModel_PropertyChanged,275,Files-4.0.24/src/Files.App/ViewModels/Properties/Items/FileProperties.cs,False,Direct Analysis
GetBasicProperties,145,Files-4.0.24/src/Files.App/Utils/Storage/StorageItems/ZipStorageFolder.cs,False,Direct Analysis
GetBasicPropertiesAsync,158,Files-4.0.24/src/Files.App/Utils/Storage/StorageItems/ZipStorageFolder.cs,False,Direct Analysis
GetItemAsync,171,Files-4.0.24/src/Files.App/Utils/Storage/StorageItems/ZipStorageFolder.cs,False,Direct Analysis
TryGetItemAsync,203,Files-4.0.24/src/Files.App/Utils/Storage/StorageItems/ZipStorageFolder.cs,False,Direct Analysis
GetItemsAsync,217,Files-4.0.24/src/Files.App/Utils/Storage/StorageItems/ZipStorageFolder.cs,False,Direct Analysis
ExecuteAsync,33,Files-4.0.24/src/Files.App/Actions/Navigation/NavigateUpAction.cs,False,Direct Analysis
Context_PropertyChanged,40,Files-4.0.24/src/Files.App/Actions/Navigation/NavigateUpAction.cs,False,Direct Analysis
RefreshSpaceUsed,133,Files-4.0.24/src/Files.App/Data/Items/LocationItem.cs,False,Direct Analysis
RefreshSpaceUsedAsync,138,Files-4.0.24/src/Files.App/Data/Items/LocationItem.cs,False,Direct Analysis
CanCompress,24,Files-4.0.24/src/Files.App/Services/Storage/StorageArchiveService.cs,False,Direct Analysis
CanDecompress,32,Files-4.0.24/src/Files.App/Services/Storage/StorageArchiveService.cs,False,Direct Analysis
CompressAsync,43,Files-4.0.24/src/Files.App/Services/Storage/StorageArchiveService.cs,False,Direct Analysis
DecompressAsync,92,Files-4.0.24/src/Files.App/Services/Storage/StorageArchiveService.cs,False,Direct Analysis
DecompressAsyncWithSevenZip,103,Files-4.0.24/src/Files.App/Services/Storage/StorageArchiveService.cs,False,Direct Analysis
DecompressAsyncWithSharpZipLib,204,Files-4.0.24/src/Files.App/Services/Storage/StorageArchiveService.cs,False,Direct Analysis
GenerateArchiveNameFromItems,331,Files-4.0.24/src/Files.App/Services/Storage/StorageArchiveService.cs,False,Direct Analysis
IsEncryptedAsync,345,Files-4.0.24/src/Files.App/Services/Storage/StorageArchiveService.cs,False,Direct Analysis
IsEncodingUndeterminedAsync,355,Files-4.0.24/src/Files.App/Services/Storage/StorageArchiveService.cs,False,Direct Analysis
DetectEncodingAsync,373,Files-4.0.24/src/Files.App/Services/Storage/StorageArchiveService.cs,False,Direct Analysis
GetSevenZipExtractorAsync,410,Files-4.0.24/src/Files.App/Services/Storage/StorageArchiveService.cs,False,Direct Analysis
ExecuteAsync,36,Files-4.0.24/src/Files.App/Actions/Content/RefreshItemsAction.cs,False,Direct Analysis
Context_PropertyChanged,44,Files-4.0.24/src/Files.App/Actions/Content/RefreshItemsAction.cs,False,Direct Analysis
ExecuteAsync,44,Files-4.0.24/src/Files.App/Actions/Content/Selection/InvertSelectionAction.cs,False,Direct Analysis
ExecuteAsync,50,Files-4.0.24/src/Files.App/Actions/Content/Selection/SelectAllAction.cs,False,Direct Analysis
ItemManipulationModel_ScrollIntoViewInvoked,158,Files-4.0.24/src/Files.App/Views/Layouts/GridLayoutPage.xaml.cs,False,Direct Analysis
ItemManipulationModel_ScrollToTopInvoked,163,Files-4.0.24/src/Files.App/Views/Layouts/GridLayoutPage.xaml.cs,False,Direct Analysis
ItemManipulationModel_FocusSelectedItemsInvoked,171,Files-4.0.24/src/Files.App/Views/Layouts/GridLayoutPage.xaml.cs,False,Direct Analysis
ItemManipulationModel_AddSelectedItemInvoked,180,Files-4.0.24/src/Files.App/Views/Layouts/GridLayoutPage.xaml.cs,False,Direct Analysis
ItemManipulationModel_RemoveSelectedItemInvoked,188,Files-4.0.24/src/Files.App/Views/Layouts/GridLayoutPage.xaml.cs,False,Direct Analysis
OnNavigatedTo,194,Files-4.0.24/src/Files.App/Views/Layouts/GridLayoutPage.xaml.cs,False,Direct Analysis
OnNavigatingFrom,217,Files-4.0.24/src/Files.App/Views/Layouts/GridLayoutPage.xaml.cs,False,Direct Analysis
LayoutSettingsService_PropertyChanged,227,Files-4.0.24/src/Files.App/Views/Layouts/GridLayoutPage.xaml.cs,False,Direct Analysis
FolderSettings_LayoutModeChangeRequested,259,Files-4.0.24/src/Files.App/Views/Layouts/GridLayoutPage.xaml.cs,False,Direct Analysis
SetItemTemplate,272,Files-4.0.24/src/Files.App/Views/Layouts/GridLayoutPage.xaml.cs,False,Direct Analysis
SetItemContainerStyle,305,Files-4.0.24/src/Files.App/Views/Layouts/GridLayoutPage.xaml.cs,False,Direct Analysis
FileList_Loaded,336,Files-4.0.24/src/Files.App/Views/Layouts/GridLayoutPage.xaml.cs,False,Direct Analysis
FileList_SelectionChanged,341,Files-4.0.24/src/Files.App/Views/Layouts/GridLayoutPage.xaml.cs,False,Direct Analysis
StartRenameItem,355,Files-4.0.24/src/Files.App/Views/Layouts/GridLayoutPage.xaml.cs,False,Direct Analysis
ItemNameTextBox_BeforeTextChanging,435,Files-4.0.24/src/Files.App/Views/Layouts/GridLayoutPage.xaml.cs,False,Direct Analysis
EndRename,447,Files-4.0.24/src/Files.App/Views/Layouts/GridLayoutPage.xaml.cs,False,Direct Analysis
FileList_PreviewKeyDown,490,Files-4.0.24/src/Files.App/Views/Layouts/GridLayoutPage.xaml.cs,False,Direct Analysis
FolderSettings_IconSizeChanged,560,Files-4.0.24/src/Files.App/Views/Layouts/GridLayoutPage.xaml.cs,False,Direct Analysis
ReloadItemIconsAsync,571,Files-4.0.24/src/Files.App/Views/Layouts/GridLayoutPage.xaml.cs,False,Direct Analysis
FileList_ItemTapped,597,Files-4.0.24/src/Files.App/Views/Layouts/GridLayoutPage.xaml.cs,False,Direct Analysis
FileList_DoubleTapped,660,Files-4.0.24/src/Files.App/Views/Layouts/GridLayoutPage.xaml.cs,False,Direct Analysis
ItemSelected_Checked,673,Files-4.0.24/src/Files.App/Views/Layouts/GridLayoutPage.xaml.cs,False,Direct Analysis
ItemSelected_Unchecked,681,Files-4.0.24/src/Files.App/Views/Layouts/GridLayoutPage.xaml.cs,False,Direct Analysis
Grid_Loaded,735,Files-4.0.24/src/Files.App/Views/Layouts/GridLayoutPage.xaml.cs,False,Direct Analysis
Grid_PointerEntered,759,Files-4.0.24/src/Files.App/Views/Layouts/GridLayoutPage.xaml.cs,False,Direct Analysis
SelectionCheckbox_PointerEntered,766,Files-4.0.24/src/Files.App/Views/Layouts/GridLayoutPage.xaml.cs,False,Direct Analysis
SelectionCheckbox_PointerExited,771,Files-4.0.24/src/Files.App/Views/Layouts/GridLayoutPage.xaml.cs,False,Direct Analysis
SelectionCheckbox_PointerCanceled,776,Files-4.0.24/src/Files.App/Views/Layouts/GridLayoutPage.xaml.cs,False,Direct Analysis
FileList_DragItemsStarting,786,Files-4.0.24/src/Files.App/Views/Layouts/GridLayoutPage.xaml.cs,False,Direct Analysis
ItemsLayout_DragEnter,797,Files-4.0.24/src/Files.App/Views/Layouts/GridLayoutPage.xaml.cs,False,Direct Analysis
ItemsLayout_DragLeave,803,Files-4.0.24/src/Files.App/Views/Layouts/GridLayoutPage.xaml.cs,False,Direct Analysis
ItemsLayout_Drop,809,Files-4.0.24/src/Files.App/Views/Layouts/GridLayoutPage.xaml.cs,False,Direct Analysis
Item_Drop,817,Files-4.0.24/src/Files.App/Views/Layouts/GridLayoutPage.xaml.cs,False,Direct Analysis
UpdateCheckboxVisibility,825,Files-4.0.24/src/Files.App/Views/Layouts/GridLayoutPage.xaml.cs,False,Direct Analysis
ExecuteAsync,124,Files-4.0.24/src/Files.App/Actions/FileSystem/OpenItemAction.cs,False,Direct Analysis
Context_PropertyChanged,143,Files-4.0.24/src/Files.App/Actions/FileSystem/OpenItemAction.cs,False,Direct Analysis
ToString,51,Files-4.0.24/src/Files.App/Data/Models/VolumeInfo.cs,False,Direct Analysis
GetHashCode,56,Files-4.0.24/src/Files.App/Data/Models/VolumeInfo.cs,False,Direct Analysis
Equals,61,Files-4.0.24/src/Files.App/Data/Models/VolumeInfo.cs,False,Direct Analysis
Equals,66,Files-4.0.24/src/Files.App/Data/Models/VolumeInfo.cs,False,Direct Analysis
RenderDocument,21,Files-4.0.24/src/Files.App/UserControls/FilePreviews/CodePreview.xaml.cs,False,Direct Analysis
UserControl_Loaded,32,Files-4.0.24/src/Files.App/UserControls/FilePreviews/CodePreview.xaml.cs,False,Direct Analysis
ExecuteAsync,27,Files-4.0.24/src/Files.App/Actions/FileSystem/Transfer/CopyItemAction.cs,False,Direct Analysis
FindOwnerControlStates,16,Files-4.0.24/src/Files.App.Controls/ThemedIcon/ThemedIcon.Owner.cs,False,Direct Analysis
OwnerControl_IsCheckedChanged,40,Files-4.0.24/src/Files.App.Controls/ThemedIcon/ThemedIcon.Owner.cs,False,Direct Analysis
OwnerControl_IsEnabledChanged,50,Files-4.0.24/src/Files.App.Controls/ThemedIcon/ThemedIcon.Owner.cs,False,Direct Analysis
OnUnloaded,33,Files-4.0.24/src/Files.App.Controls/ThemedIcon/ThemedIcon.cs,False,Direct Analysis
OnApplyTemplate,40,Files-4.0.24/src/Files.App.Controls/ThemedIcon/ThemedIcon.cs,False,Direct Analysis
GetTemplateParts,60,Files-4.0.24/src/Files.App.Controls/ThemedIcon/ThemedIcon.cs,False,Direct Analysis
OnFilledIconChanged,72,Files-4.0.24/src/Files.App.Controls/ThemedIcon/ThemedIcon.cs,False,Direct Analysis
OnOutlineIconChanged,81,Files-4.0.24/src/Files.App.Controls/ThemedIcon/ThemedIcon.cs,False,Direct Analysis
OnLayeredIconChanged,90,Files-4.0.24/src/Files.App.Controls/ThemedIcon/ThemedIcon.cs,False,Direct Analysis
OnIconTypeChanged,123,Files-4.0.24/src/Files.App.Controls/ThemedIcon/ThemedIcon.cs,False,Direct Analysis
OnIconColorTypeChanged,181,Files-4.0.24/src/Files.App.Controls/ThemedIcon/ThemedIcon.cs,False,Direct Analysis
SetPathData,234,Files-4.0.24/src/Files.App.Controls/ThemedIcon/ThemedIcon.cs,False,Direct Analysis
OnIsEnabledChanged,251,Files-4.0.24/src/Files.App.Controls/ThemedIcon/ThemedIcon.cs,False,Direct Analysis
OnIconColorChanged,256,Files-4.0.24/src/Files.App.Controls/ThemedIcon/ThemedIcon.cs,False,Direct Analysis
OnIconSizeChanged,265,Files-4.0.24/src/Files.App.Controls/ThemedIcon/ThemedIcon.cs,False,Direct Analysis
OnNavigatedTo,47,Files-4.0.24/src/Files.App/Views/Shells/ColumnShellPage.xaml.cs,False,Direct Analysis
ShellPage_NavigationRequested,56,Files-4.0.24/src/Files.App/Views/Shells/ColumnShellPage.xaml.cs,False,Direct Analysis
OnNavigationParamsChanged,61,Files-4.0.24/src/Files.App/Views/Shells/ColumnShellPage.xaml.cs,False,Direct Analysis
Page_Loaded,88,Files-4.0.24/src/Files.App/Views/Shells/ColumnShellPage.xaml.cs,False,Direct Analysis
Page_Unloaded,109,Files-4.0.24/src/Files.App/Views/Shells/ColumnShellPage.xaml.cs,False,Direct Analysis
ViewModel_WorkingDirectoryModified,123,Files-4.0.24/src/Files.App/Views/Shells/ColumnShellPage.xaml.cs,False,Direct Analysis
ItemDisplayFrame_Navigated,133,Files-4.0.24/src/Files.App/Views/Shells/ColumnShellPage.xaml.cs,False,Direct Analysis
Back_Click,154,Files-4.0.24/src/Files.App/Views/Shells/ColumnShellPage.xaml.cs,False,Direct Analysis
Forward_Click,165,Files-4.0.24/src/Files.App/Views/Shells/ColumnShellPage.xaml.cs,False,Direct Analysis
Up_Click,176,Files-4.0.24/src/Files.App/Views/Shells/ColumnShellPage.xaml.cs,False,Direct Analysis
NavigateToPath,184,Files-4.0.24/src/Files.App/Views/Shells/ColumnShellPage.xaml.cs,False,Direct Analysis
NavigateHome,222,Files-4.0.24/src/Files.App/Views/Shells/ColumnShellPage.xaml.cs,False,Direct Analysis
NavigateToReleaseNotes,227,Files-4.0.24/src/Files.App/Views/Shells/ColumnShellPage.xaml.cs,False,Direct Analysis
WhenIsCurrent,232,Files-4.0.24/src/Files.App/Views/Shells/ColumnShellPage.xaml.cs,False,Direct Analysis
ExecuteAsync,29,Files-4.0.24/src/Files.App/Actions/Navigation/DuplicateSelectedTabAction.cs,False,Direct Analysis
MultitaskingContext_PropertyChanged,43,Files-4.0.24/src/Files.App/Actions/Navigation/DuplicateSelectedTabAction.cs,False,Direct Analysis
ExecuteAsync,32,Files-4.0.24/src/Files.App/Actions/Navigation/OpenInNewPane/BaseOpenInNewPaneAction.cs,False,Direct Analysis
Context_PropertyChanged,41,Files-4.0.24/src/Files.App/Actions/Navigation/OpenInNewPane/BaseOpenInNewPaneAction.cs,False,Direct Analysis
ExecuteAsync,19,Files-4.0.24/src/Files.App/Actions/Content/Archives/Compress/CompressIntoZipAction.cs,False,Direct Analysis
GetPinnedFoldersAsync,12,Files-4.0.24/src/Files.App/Services/Windows/WindowsQuickAccessService.cs,False,Direct Analysis
PinToSidebarAsync,23,Files-4.0.24/src/Files.App/Services/Windows/WindowsQuickAccessService.cs,False,Direct Analysis
UnpinFromSidebarAsync,42,Files-4.0.24/src/Files.App/Services/Windows/WindowsQuickAccessService.cs,False,Direct Analysis
IsItemPinned,88,Files-4.0.24/src/Files.App/Services/Windows/WindowsQuickAccessService.cs,False,Direct Analysis
SaveAsync,93,Files-4.0.24/src/Files.App/Services/Windows/WindowsQuickAccessService.cs,False,Direct Analysis
ExecuteAsync,45,Files-4.0.24/src/Files.App/Actions/Content/Selection/ClearSelectionAction.cs,False,Direct Analysis
ExecuteAsync,32,Files-4.0.24/src/Files.App/Actions/Open/OpenRepoInIDEAction.cs,False,Direct Analysis
Context_PropertyChanged,43,Files-4.0.24/src/Files.App/Actions/Open/OpenRepoInIDEAction.cs,False,Direct Analysis
DevSettings_PropertyChanged,49,Files-4.0.24/src/Files.App/Actions/Open/OpenRepoInIDEAction.cs,False,Direct Analysis
ExecuteAsync,34,Files-4.0.24/src/Files.App/Actions/Open/OpenStorageSenseAction.cs,False,Direct Analysis
Context_PropertyChanged,39,Files-4.0.24/src/Files.App/Actions/Open/OpenStorageSenseAction.cs,False,Direct Analysis
ExecuteAsync,24,Files-4.0.24/src/Files.App/Actions/Open/OpenStorageSenseFromHomeAction.cs,False,Direct Analysis
SelectTemplateCore,14,Files-4.0.24/src/Files.App/Data/TemplateSelectors/FileSystemDialogItemSelector.cs,False,Direct Analysis
LoadCardThumbnailAsync,27,Files-4.0.24/src/Files.App/Data/Items/WidgetDriveCardItem.cs,False,Direct Analysis
GetProcessStartInfo,18,Files-4.0.24/src/Files.App/Actions/Open/OpenTerminalAsAdminAction.cs,False,Direct Analysis
GetPaths,32,Files-4.0.24/src/Files.App/Actions/Open/OpenTerminalFromHomeAction.cs,False,Direct Analysis
ExecuteAsync,32,Files-4.0.24/src/Files.App/Actions/Show/ToggleDetailsPaneAction.cs,False,Direct Analysis
ViewModel_PropertyChanged,39,Files-4.0.24/src/Files.App/Actions/Show/ToggleDetailsPaneAction.cs,False,Direct Analysis
LoadPreviewAndDetailsAsync,26,Files-4.0.24/src/Files.App/ViewModels/UserControls/Previews/TextPreviewViewModel.cs,False,Direct Analysis
Dispose,32,Files-4.0.24/src/Files.App/ViewModels/Properties/SignaturesViewModel.cs,False,Direct Analysis
ExecuteAsync,27,Files-4.0.24/src/Files.App/Actions/Show/ToggleDotFilesSettingAction.cs,False,Direct Analysis
Settings_PropertyChanged,34,Files-4.0.24/src/Files.App/Actions/Show/ToggleDotFilesSettingAction.cs,False,Direct Analysis
ExecuteAsync,32,Files-4.0.24/src/Files.App/Actions/Show/ToggleFilterHeaderAction.cs,False,Direct Analysis
GeneralSettingsService_PropertyChanged,48,Files-4.0.24/src/Files.App/Actions/Show/ToggleFilterHeaderAction.cs,False,Direct Analysis
ClickAsync,60,Files-4.0.24/src/Files.App/Data/Items/WidgetFileTagCardItem.cs,False,Direct Analysis
ExecuteAsync,32,Files-4.0.24/src/Files.App/Actions/Show/TogglePreviewPaneAction.cs,False,Direct Analysis
ViewModel_PropertyChanged,39,Files-4.0.24/src/Files.App/Actions/Show/TogglePreviewPaneAction.cs,False,Direct Analysis
RaiseOnSettingChangedEvent,390,Files-4.0.24/src/Files.App/Services/Settings/GeneralSettingsService.cs,False,Direct Analysis
ExecuteAsync,28,Files-4.0.24/src/Files.App/Actions/Show/ToggleToolbarAction.cs,False,Direct Analysis
ViewModel_PropertyChanged,35,Files-4.0.24/src/Files.App/Actions/Show/ToggleToolbarAction.cs,False,Direct Analysis
ExecuteAsync,35,Files-4.0.24/src/Files.App/Actions/Sidebar/PinFolderToSidebarAction.cs,False,Direct Analysis
GetIsExecutable,49,Files-4.0.24/src/Files.App/Actions/Sidebar/PinFolderToSidebarAction.cs,False,Direct Analysis
Context_PropertyChanged,68,Files-4.0.24/src/Files.App/Actions/Sidebar/PinFolderToSidebarAction.cs,False,Direct Analysis
QuickAccessManager_DataChanged,79,Files-4.0.24/src/Files.App/Actions/Sidebar/PinFolderToSidebarAction.cs,False,Direct Analysis
ExecuteAsync,33,Files-4.0.24/src/Files.App/Actions/Sidebar/UnpinFolderToSidebarAction.cs,False,Direct Analysis
GetIsExecutable,46,Files-4.0.24/src/Files.App/Actions/Sidebar/UnpinFolderToSidebarAction.cs,False,Direct Analysis
Context_PropertyChanged,60,Files-4.0.24/src/Files.App/Actions/Sidebar/UnpinFolderToSidebarAction.cs,False,Direct Analysis
QuickAccessManager_DataChanged,71,Files-4.0.24/src/Files.App/Actions/Sidebar/UnpinFolderToSidebarAction.cs,False,Direct Analysis
GetItemsAsync,23,Files-4.0.24/src/Files.App/Utils/Storage/StorageItems/BaseQueryResults.cs,False,Direct Analysis
GetItemsAsync,32,Files-4.0.24/src/Files.App/Utils/Storage/StorageItems/BaseQueryResults.cs,False,Direct Analysis
LoadPreviewAndDetailsAsync,25,Files-4.0.24/src/Files.App/ViewModels/UserControls/Previews/MarkdownPreviewViewModel.cs,False,Direct Analysis
ExecuteAsync,29,Files-4.0.24/src/Files.App/Actions/Start/UnpinFromStartAction.cs,False,Direct Analysis
Convert,131,Files-4.0.24/src/Files.App/Converters/Converters.cs,False,Direct Analysis
ConvertBack,143,Files-4.0.24/src/Files.App/Converters/Converters.cs,False,Direct Analysis
ReadAsync,255,Files-4.0.24/src/Files.App/Utils/Storage/StorageItems/StreamWithContentType.cs,False,Direct Analysis
Dispose,264,Files-4.0.24/src/Files.App/Utils/Storage/StorageItems/StreamWithContentType.cs,False,Direct Analysis
ShowAsync,26,Files-4.0.24/src/Files.App/Dialogs/CredentialDialog.xaml.cs,False,Direct Analysis
ContentDialog_PrimaryButtonClick,31,Files-4.0.24/src/Files.App/Dialogs/CredentialDialog.xaml.cs,False,Direct Analysis
Convert,71,Files-4.0.24/src/Files.App/Converters/Converters.cs,False,Direct Analysis
ConvertBack,83,Files-4.0.24/src/Files.App/Converters/Converters.cs,False,Direct Analysis
Convert,164,Files-4.0.24/src/Files.App/Converters/Converters.cs,False,Direct Analysis
ConvertBack,176,Files-4.0.24/src/Files.App/Converters/Converters.cs,False,Direct Analysis
GetAutomationControlTypeCore,37,Files-4.0.24/src/Files.App.Controls/Sidebar/SidebarItemAutomationPeer.cs,False,Direct Analysis
GetNameCore,42,Files-4.0.24/src/Files.App.Controls/Sidebar/SidebarItemAutomationPeer.cs,False,Direct Analysis
GetPatternCore,47,Files-4.0.24/src/Files.App.Controls/Sidebar/SidebarItemAutomationPeer.cs,False,Direct Analysis
Collapse,62,Files-4.0.24/src/Files.App.Controls/Sidebar/SidebarItemAutomationPeer.cs,False,Direct Analysis
Expand,68,Files-4.0.24/src/Files.App.Controls/Sidebar/SidebarItemAutomationPeer.cs,False,Direct Analysis
Invoke,74,Files-4.0.24/src/Files.App.Controls/Sidebar/SidebarItemAutomationPeer.cs,False,Direct Analysis
AddToSelection,79,Files-4.0.24/src/Files.App.Controls/Sidebar/SidebarItemAutomationPeer.cs,False,Direct Analysis
Select,89,Files-4.0.24/src/Files.App.Controls/Sidebar/SidebarItemAutomationPeer.cs,False,Direct Analysis
GetSizeOfSetCore,94,Files-4.0.24/src/Files.App.Controls/Sidebar/SidebarItemAutomationPeer.cs,False,Direct Analysis
GetPositionInSetCore,99,Files-4.0.24/src/Files.App.Controls/Sidebar/SidebarItemAutomationPeer.cs,False,Direct Analysis
GetOwnerCollection,104,Files-4.0.24/src/Files.App.Controls/Sidebar/SidebarItemAutomationPeer.cs,False,Direct Analysis
Convert,197,Files-4.0.24/src/Files.App/Converters/Converters.cs,False,Direct Analysis
ConvertBack,209,Files-4.0.24/src/Files.App/Converters/Converters.cs,False,Direct Analysis
GetSystemFilePropertiesAsync,18,Files-4.0.24/src/Files.App/ViewModels/Properties/Items/CombinedFileProperties.cs,False,Direct Analysis
SyncPropertyChangesAsync,76,Files-4.0.24/src/Files.App/ViewModels/Properties/Items/CombinedFileProperties.cs,False,Direct Analysis
ClearPropertiesAsync,127,Files-4.0.24/src/Files.App/ViewModels/Properties/Items/CombinedFileProperties.cs,False,Direct Analysis
ExecuteAsync,31,Files-4.0.24/src/Files.App/Actions/FileSystem/PasteItemAsShortcutAction.cs,False,Direct Analysis
GetIsExecutable,40,Files-4.0.24/src/Files.App/Actions/FileSystem/PasteItemAsShortcutAction.cs,False,Direct Analysis
Context_PropertyChanged,51,Files-4.0.24/src/Files.App/Actions/FileSystem/PasteItemAsShortcutAction.cs,False,Direct Analysis
AppModel_PropertyChanged,57,Files-4.0.24/src/Files.App/Actions/FileSystem/PasteItemAsShortcutAction.cs,False,Direct Analysis
ModeButton_PointerEntered,10,Files-4.0.24/src/Files.App.Controls/Omnibar/OmnibarMode.Events.cs,False,Direct Analysis
ModeButton_PointerPressed,20,Files-4.0.24/src/Files.App.Controls/Omnibar/OmnibarMode.Events.cs,False,Direct Analysis
ModeButton_PointerReleased,30,Files-4.0.24/src/Files.App.Controls/Omnibar/OmnibarMode.Events.cs,False,Direct Analysis
ModeButton_PointerExited,40,Files-4.0.24/src/Files.App.Controls/Omnibar/OmnibarMode.Events.cs,False,Direct Analysis
ModeButton_Click,47,Files-4.0.24/src/Files.App.Controls/Omnibar/OmnibarMode.Events.cs,False,Direct Analysis
OnTextChanged,46,Files-4.0.24/src/Files.App.Controls/Omnibar/OmnibarMode.Properties.cs,False,Direct Analysis
OnApplyTemplate,32,Files-4.0.24/src/Files.App.Controls/Omnibar/OmnibarMode.cs,False,Direct Analysis
OnKeyUp,55,Files-4.0.24/src/Files.App.Controls/Omnibar/OmnibarMode.cs,False,Direct Analysis
OnItemsChanged,80,Files-4.0.24/src/Files.App.Controls/Omnibar/OmnibarMode.cs,False,Direct Analysis
OmnibarMode_Loaded,88,Files-4.0.24/src/Files.App.Controls/Omnibar/OmnibarMode.cs,False,Direct Analysis
SetOwner,100,Files-4.0.24/src/Files.App.Controls/Omnibar/OmnibarMode.cs,False,Direct Analysis
ToString,105,Files-4.0.24/src/Files.App.Controls/Omnibar/OmnibarMode.cs,False,Direct Analysis
Convert,224,Files-4.0.24/src/Files.App/Converters/Converters.cs,False,Direct Analysis
ConvertBack,236,Files-4.0.24/src/Files.App/Converters/Converters.cs,False,Direct Analysis
Convert,257,Files-4.0.24/src/Files.App/Converters/Converters.cs,False,Direct Analysis
ConvertBack,262,Files-4.0.24/src/Files.App/Converters/Converters.cs,False,Direct Analysis
GetFilesAsync,207,Files-4.0.24/src/Files.App/Utils/Storage/StorageItems/BaseQueryResults.cs,False,Direct Analysis
GetFilesAsync,216,Files-4.0.24/src/Files.App/Utils/Storage/StorageItems/BaseQueryResults.cs,False,Direct Analysis
ExecuteAsync,35,Files-4.0.24/src/Files.App/Actions/Content/Tags/OpenAllTaggedActions.cs,False,Direct Analysis
Context_PropertyChanged,54,Files-4.0.24/src/Files.App/Actions/Content/Tags/OpenAllTaggedActions.cs,False,Direct Analysis
ExecuteAsync,19,Files-4.0.24/src/Files.App/Actions/Navigation/CloseTabsToTheLeftSelectedAction.cs,False,Direct Analysis
GetIsExecutable,26,Files-4.0.24/src/Files.App/Actions/Navigation/CloseTabsToTheLeftSelectedAction.cs,False,Direct Analysis
Context_PropertyChanged,31,Files-4.0.24/src/Files.App/Actions/Navigation/CloseTabsToTheLeftSelectedAction.cs,False,Direct Analysis
Convert,12,Files-4.0.24/src/Files.App/Converters/EnumToHumanizedConverter.cs,False,Direct Analysis
Convert,84,Files-4.0.24/src/Files.App/Converters/StatusCenterStateToBrushConverter.cs,False,Direct Analysis
Convert,14,Files-4.0.24/src/Files.App/Converters/StatusCenterStateToStateIconConverter.cs,False,Direct Analysis
UpdateHoverElement,64,Files-4.0.24/src/Files.App.Controls/GridSplitter/GripperHoverWrapper.cs,False,Direct Analysis
Element_PointerExited,72,Files-4.0.24/src/Files.App.Controls/GridSplitter/GripperHoverWrapper.cs,False,Direct Analysis
Element_PointerEntered,89,Files-4.0.24/src/Files.App.Controls/GridSplitter/GripperHoverWrapper.cs,False,Direct Analysis
UpdateDisplayCursor,109,Files-4.0.24/src/Files.App.Controls/GridSplitter/GripperHoverWrapper.cs,False,Direct Analysis
SplitterManipulationStarted,144,Files-4.0.24/src/Files.App.Controls/GridSplitter/GripperHoverWrapper.cs,False,Direct Analysis
SplitterManipulationCompleted,156,Files-4.0.24/src/Files.App.Controls/GridSplitter/GripperHoverWrapper.cs,False,Direct Analysis
UnhookEvents,172,Files-4.0.24/src/Files.App.Controls/GridSplitter/GripperHoverWrapper.cs,False,Direct Analysis
EnsureSettingsFileAsync,106,Files-4.0.24/src/Files.App/Data/AppModels/SingleFileDatabaseModel.cs,False,Direct Analysis
ExecuteAsync,25,Files-4.0.24/src/Files.App/Actions/Navigation/NewWindowAction.cs,False,Direct Analysis
SidebarControl_RightClickedItemChanged,35,Files-4.0.24/src/Files.App/Data/Contexts/SideBar/SideBarContext.cs,False,Direct Analysis
UpdateItemsWithExplorerAsync,35,Files-4.0.24/src/Files.App/Data/Models/PinnedFoldersManager.cs,False,Direct Analysis
IndexOfItem,64,Files-4.0.24/src/Files.App/Data/Models/PinnedFoldersManager.cs,False,Direct Analysis
CreateLocationItemFromPathAsync,72,Files-4.0.24/src/Files.App/Data/Models/PinnedFoldersManager.cs,False,Direct Analysis
AddLocationItemToSidebar,170,Files-4.0.24/src/Files.App/Data/Models/PinnedFoldersManager.cs,False,Direct Analysis
AddAllItemsToSidebarAsync,189,Files-4.0.24/src/Files.App/Data/Models/PinnedFoldersManager.cs,False,Direct Analysis
RemoveStaleSidebarItems,199,Files-4.0.24/src/Files.App/Data/Models/PinnedFoldersManager.cs,False,Direct Analysis
LoadAsync,218,Files-4.0.24/src/Files.App/Data/Models/PinnedFoldersManager.cs,False,Direct Analysis
OverwriteKeyBindings,62,Files-4.0.24/src/Files.App/Data/Commands/Manager/CommandManager.cs,False,Direct Analysis
CanExecute,98,Files-4.0.24/src/Files.App/Data/Commands/ModifiableCommand.cs,False,Direct Analysis
ExecuteAsync,110,Files-4.0.24/src/Files.App/Data/Commands/ModifiableCommand.cs,False,Direct Analysis
ExecuteTapped,120,Files-4.0.24/src/Files.App/Data/Commands/ModifiableCommand.cs,False,Direct Analysis
Action_PropertyChanging,125,Files-4.0.24/src/Files.App/Data/Commands/ModifiableCommand.cs,False,Direct Analysis
Action_PropertyChanged,143,Files-4.0.24/src/Files.App/Data/Commands/ModifiableCommand.cs,False,Direct Analysis
ExecuteAsync,103,Files-4.0.24/src/Files.App/Data/Commands/NoneCommand.cs,False,Direct Analysis
ExecuteTapped,109,Files-4.0.24/src/Files.App/Data/Commands/NoneCommand.cs,False,Direct Analysis
ExecuteAsync,38,Files-4.0.24/src/Files.App/Actions/FileSystem/CreateAlternateDataStreamAction.cs,False,Direct Analysis
Context_PropertyChanged,109,Files-4.0.24/src/Files.App/Actions/FileSystem/CreateAlternateDataStreamAction.cs,False,Direct Analysis
Deconstruct,30,Files-4.0.24/src/Files.App/Data/Commands/RichGlyph.cs,False,Direct Analysis
ToFontIcon,42,Files-4.0.24/src/Files.App/Data/Commands/RichGlyph.cs,False,Direct Analysis
ToThemedIcon,58,Files-4.0.24/src/Files.App/Data/Commands/RichGlyph.cs,False,Direct Analysis
ToThemedIconStyle,69,Files-4.0.24/src/Files.App/Data/Commands/RichGlyph.cs,False,Direct Analysis
Context_Changing,134,Files-4.0.24/src/Files.App/Data/Contexts/DisplayPage/DisplayPageContext.cs,False,Direct Analysis
Context_Changed,141,Files-4.0.24/src/Files.App/Data/Contexts/DisplayPage/DisplayPageContext.cs,False,Direct Analysis
FolderSettings_PropertyChanged,149,Files-4.0.24/src/Files.App/Data/Contexts/DisplayPage/DisplayPageContext.cs,False,Direct Analysis
Settings_PropertyChanged,185,Files-4.0.24/src/Files.App/Data/Contexts/DisplayPage/DisplayPageContext.cs,False,Direct Analysis
Update,194,Files-4.0.24/src/Files.App/Data/Contexts/DisplayPage/DisplayPageContext.cs,False,Direct Analysis
GetLayoutType,219,Files-4.0.24/src/Files.App/Data/Contexts/DisplayPage/DisplayPageContext.cs,False,Direct Analysis
SetupInteractionTracker,95,Files-4.0.24/src/Files.App/Helpers/Navigation/NavigationInteractionTracker.cs,False,Direct Analysis
SetupAnimations,112,Files-4.0.24/src/Files.App/Helpers/Navigation/NavigationInteractionTracker.cs,False,Direct Analysis
PointerPressed,132,Files-4.0.24/src/Files.App/Helpers/Navigation/NavigationInteractionTracker.cs,False,Direct Analysis
CreateResistanceCondition,140,Files-4.0.24/src/Files.App/Helpers/Navigation/NavigationInteractionTracker.cs,False,Direct Analysis
Dispose,161,Files-4.0.24/src/Files.App/Helpers/Navigation/NavigationInteractionTracker.cs,False,Direct Analysis
Image_ImageOpened,27,Files-4.0.24/src/Files.App/Views/SplashScreenPage.xaml.cs,False,Direct Analysis
Image_ImageFailed,32,Files-4.0.24/src/Files.App/Views/SplashScreenPage.xaml.cs,False,Direct Analysis
FileTagsWidget_SelectedTaggedItemsChanged,36,Files-4.0.24/src/Files.App/Data/Contexts/HomePage/HomePageContext.cs,False,Direct Analysis
HomePageWidget_RightClickedItemChanged,41,Files-4.0.24/src/Files.App/Data/Contexts/HomePage/HomePageContext.cs,False,Direct Analysis
Button_Click,22,Files-4.0.24/src/Files.App/UserControls/Widgets/NetworkLocationsWidget.xaml.cs,False,Direct Analysis
Button_PointerPressed,31,Files-4.0.24/src/Files.App/UserControls/Widgets/NetworkLocationsWidget.xaml.cs,False,Direct Analysis
Button_RightTapped,44,Files-4.0.24/src/Files.App/UserControls/Widgets/NetworkLocationsWidget.xaml.cs,False,Direct Analysis
NoNetworkLocationsInfoBarButton_Click,49,Files-4.0.24/src/Files.App/UserControls/Widgets/NetworkLocationsWidget.xaml.cs,False,Direct Analysis
ToShortLabel,24,Files-4.0.24/src/Files.App/Services/DateTimeFormatter/ApplicationDateTimeFormatter.cs,False,Direct Analysis
ToLongLabel,54,Files-4.0.24/src/Files.App/Services/DateTimeFormatter/ApplicationDateTimeFormatter.cs,False,Direct Analysis
ExecuteAsync,32,Files-4.0.24/src/Files.App/Actions/Start/PinToStartAction.cs,False,Direct Analysis
InitializeApplicationAsync,53,Files-4.0.24/src/Files.App/MainWindow.xaml.cs,False,Direct Analysis
EnsureWindowIsInitialized,224,Files-4.0.24/src/Files.App/MainWindow.xaml.cs,False,Direct Analysis
InitializeFromCmdLineArgsAsync,252,Files-4.0.24/src/Files.App/MainWindow.xaml.cs,False,Direct Analysis
SetCanWindowToFront,366,Files-4.0.24/src/Files.App/MainWindow.xaml.cs,False,Direct Analysis
WindowManager_WindowMessageReceived,379,Files-4.0.24/src/Files.App/MainWindow.xaml.cs,False,Direct Analysis
NavigationView_SelectionChanged,40,Files-4.0.24/tests/Files.App.UITests/MainWindow.xaml.cs,False,Direct Analysis
AppThemeChangeToggleButton_Click,60,Files-4.0.24/tests/Files.App.UITests/MainWindow.xaml.cs,False,Direct Analysis
UpdateImageSourceAsync,79,Files-4.0.24/src/Files.App/UserControls/FileIcon.xaml.cs,False,Direct Analysis
ExecuteAsync,34,Files-4.0.24/src/Files.App/Actions/Sidebar/CopyItemFromSidebarAction.cs,False,Direct Analysis
GetIsExecutable,83,Files-4.0.24/src/Files.App/Actions/Sidebar/CopyItemFromSidebarAction.cs,False,Direct Analysis
AppInstances_CollectionChanged,39,Files-4.0.24/src/Files.App/Data/Contexts/Multitasking/MultitaskingContext.cs,False,Direct Analysis
AppModel_PropertyChanged,43,Files-4.0.24/src/Files.App/Data/Contexts/Multitasking/MultitaskingContext.cs,False,Direct Analysis
BaseMultitaskingControl_OnLoaded,49,Files-4.0.24/src/Files.App/Data/Contexts/Multitasking/MultitaskingContext.cs,False,Direct Analysis
HorizontalMultitaskingControl_SelectedTabItemChanged,56,Files-4.0.24/src/Files.App/Data/Contexts/Multitasking/MultitaskingContext.cs,False,Direct Analysis
FocusManager_GotFocus,63,Files-4.0.24/src/Files.App/Data/Contexts/Multitasking/MultitaskingContext.cs,False,Direct Analysis
FocusManager_LosingFocus,75,Files-4.0.24/src/Files.App/Data/Contexts/Multitasking/MultitaskingContext.cs,False,Direct Analysis
UpdateTabCount,86,Files-4.0.24/src/Files.App/Data/Contexts/Multitasking/MultitaskingContext.cs,False,Direct Analysis
UpdateCurrentTabIndex,91,Files-4.0.24/src/Files.App/Data/Contexts/Multitasking/MultitaskingContext.cs,False,Direct Analysis
UpdateSelectedTabIndex,99,Files-4.0.24/src/Files.App/Data/Contexts/Multitasking/MultitaskingContext.cs,False,Direct Analysis
Dispose,36,Files-4.0.24/src/Files.App/Data/AppModels/BaseDatabaseModel.cs,False,Direct Analysis
SelectedTagsChanged,35,Files-4.0.24/src/Files.App/Data/Contexts/Tags/TagsContext.cs,False,Direct Analysis
ExecuteAsync,565,Files-4.0.24/src/Files.App/Actions/Display/GroupAction.cs,False,Direct Analysis
Context_PropertyChanged,573,Files-4.0.24/src/Files.App/Actions/Display/GroupAction.cs,False,Direct Analysis
GetDialog,38,Files-4.0.24/src/Files.App/Services/App/AppDialogService.cs,False,Direct Analysis
ShowDialogAsync,57,Files-4.0.24/src/Files.App/Services/App/AppDialogService.cs,False,Direct Analysis
SessionGetsInitialized,10,Files-4.0.24/tests/Files.InteractionTests/Tests/GeneralAppTests.cs,False,Direct Analysis
CloseAllItemsButton_Click,21,Files-4.0.24/src/Files.App/UserControls/StatusCenter/StatusCenter.xaml.cs,False,Direct Analysis
CloseItemButton_Click,26,Files-4.0.24/src/Files.App/UserControls/StatusCenter/StatusCenter.xaml.cs,False,Direct Analysis
ExpandCollapseChevronItemButton_Click,32,Files-4.0.24/src/Files.App/UserControls/StatusCenter/StatusCenter.xaml.cs,False,Direct Analysis
PrepareContainerForItemOverride,51,Files-4.0.24/src/Files.App.Controls/AdaptiveGridView/AdaptiveGridView.cs,False,Direct Analysis
CalculateItemWidth,92,Files-4.0.24/src/Files.App.Controls/AdaptiveGridView/AdaptiveGridView.cs,False,Direct Analysis
OnApplyTemplate,125,Files-4.0.24/src/Files.App.Controls/AdaptiveGridView/AdaptiveGridView.cs,False,Direct Analysis
OnItemClick,142,Files-4.0.24/src/Files.App.Controls/AdaptiveGridView/AdaptiveGridView.cs,False,Direct Analysis
OnSizeChanged,154,Files-4.0.24/src/Files.App.Controls/AdaptiveGridView/AdaptiveGridView.cs,False,Direct Analysis
OnLoaded,176,Files-4.0.24/src/Files.App.Controls/AdaptiveGridView/AdaptiveGridView.cs,False,Direct Analysis
OnUnloaded,182,Files-4.0.24/src/Files.App.Controls/AdaptiveGridView/AdaptiveGridView.cs,False,Direct Analysis
DetermineOneRowMode,187,Files-4.0.24/src/Files.App.Controls/AdaptiveGridView/AdaptiveGridView.cs,False,Direct Analysis
RecalculateLayout,246,Files-4.0.24/src/Files.App.Controls/AdaptiveGridView/AdaptiveGridView.cs,False,Direct Analysis
ExecuteAsync,34,Files-4.0.24/src/Files.App/Actions/Content/PlayAllAction.cs,False,Direct Analysis
Context_PropertyChanged,39,Files-4.0.24/src/Files.App/Actions/Content/PlayAllAction.cs,False,Direct Analysis
ExecuteAddAccessControlEntryCommandAsync,115,Files-4.0.24/src/Files.App/ViewModels/Properties/SecurityViewModel.cs,False,Direct Analysis
ExecuteRemoveAccessControlEntryCommandAsync,133,Files-4.0.24/src/Files.App/ViewModels/Properties/SecurityViewModel.cs,False,Direct Analysis
ExecuteAsync,24,Files-4.0.24/src/Files.App/Actions/Open/OpenLogFileAction.cs,False,Direct Analysis
OnCreateAutomationPeer,46,Files-4.0.24/src/Files.App.Controls/Sidebar/SidebarItem.cs,False,Direct Analysis
Select,51,Files-4.0.24/src/Files.App.Controls/Sidebar/SidebarItem.cs,False,Direct Analysis
SidebarItem_Loaded,57,Files-4.0.24/src/Files.App.Controls/Sidebar/SidebarItem.cs,False,Direct Analysis
HandleItemChange,88,Files-4.0.24/src/Files.App.Controls/Sidebar/SidebarItem.cs,False,Direct Analysis
HookupOwners,98,Files-4.0.24/src/Files.App.Controls/Sidebar/SidebarItem.cs,False,Direct Analysis
HookupItemChangeListener,120,Files-4.0.24/src/Files.App.Controls/Sidebar/SidebarItem.cs,False,Direct Analysis
SidebarItem_DragStarting,145,Files-4.0.24/src/Files.App.Controls/Sidebar/SidebarItem.cs,False,Direct Analysis
SetFlyoutOpen,150,Files-4.0.24/src/Files.App.Controls/Sidebar/SidebarItem.cs,False,Direct Analysis
ChildItems_CollectionChanged,165,Files-4.0.24/src/Files.App.Controls/Sidebar/SidebarItem.cs,False,Direct Analysis
ItemPropertyChangedHandler,175,Files-4.0.24/src/Files.App.Controls/Sidebar/SidebarItem.cs,False,Direct Analysis
ReevaluateSelection,183,Files-4.0.24/src/Files.App.Controls/Sidebar/SidebarItem.cs,False,Direct Analysis
ChildrenPresenter_ElementPrepared,208,Files-4.0.24/src/Files.App.Controls/Sidebar/SidebarItem.cs,False,Direct Analysis
Clicked,228,Files-4.0.24/src/Files.App.Controls/Sidebar/SidebarItem.cs,False,Direct Analysis
RaiseItemInvoked,244,Files-4.0.24/src/Files.App.Controls/Sidebar/SidebarItem.cs,False,Direct Analysis
SidebarDisplayModeChanged,249,Files-4.0.24/src/Files.App.Controls/Sidebar/SidebarItem.cs,False,Direct Analysis
UpdateSelectionState,274,Files-4.0.24/src/Files.App.Controls/Sidebar/SidebarItem.cs,False,Direct Analysis
UpdateIcon,280,Files-4.0.24/src/Files.App.Controls/Sidebar/SidebarItem.cs,False,Direct Analysis
ShouldShowSelectionIndicator,287,Files-4.0.24/src/Files.App.Controls/Sidebar/SidebarItem.cs,False,Direct Analysis
UpdatePointerState,299,Files-4.0.24/src/Files.App.Controls/Sidebar/SidebarItem.cs,False,Direct Analysis
UpdateExpansionState,316,Files-4.0.24/src/Files.App.Controls/Sidebar/SidebarItem.cs,False,Direct Analysis
ItemBorder_PointerEntered,342,Files-4.0.24/src/Files.App.Controls/Sidebar/SidebarItem.cs,False,Direct Analysis
ItemBorder_PointerExited,348,Files-4.0.24/src/Files.App.Controls/Sidebar/SidebarItem.cs,False,Direct Analysis
ItemBorder_PointerCanceled,355,Files-4.0.24/src/Files.App.Controls/Sidebar/SidebarItem.cs,False,Direct Analysis
ItemBorder_PointerPressed,361,Files-4.0.24/src/Files.App.Controls/Sidebar/SidebarItem.cs,False,Direct Analysis
Item_PointerReleased,368,Files-4.0.24/src/Files.App.Controls/Sidebar/SidebarItem.cs,False,Direct Analysis
ItemBorder_DragOver,386,Files-4.0.24/src/Files.App.Controls/Sidebar/SidebarItem.cs,False,Direct Analysis
ItemBorder_ContextRequested,410,Files-4.0.24/src/Files.App.Controls/Sidebar/SidebarItem.cs,False,Direct Analysis
ItemBorder_DragLeave,416,Files-4.0.24/src/Files.App.Controls/Sidebar/SidebarItem.cs,False,Direct Analysis
ItemBorder_Drop,421,Files-4.0.24/src/Files.App.Controls/Sidebar/SidebarItem.cs,False,Direct Analysis
DetermineDropTargetPosition,427,Files-4.0.24/src/Files.App.Controls/Sidebar/SidebarItem.cs,False,Direct Analysis
GetFtpClient,34,Files-4.0.24/src/Files.App.Storage/Ftp/FtpStorable.cs,False,Direct Analysis
LoadCardThumbnailAsync,41,Files-4.0.24/src/Files.App/Data/Items/WidgetFolderCardItem.cs,False,Direct Analysis
Dispose,56,Files-4.0.24/src/Files.App/Data/Items/WidgetFolderCardItem.cs,False,Direct Analysis
CopyAsync,66,Files-4.0.24/src/Files.App/Utils/Storage/StorageItems/NativeStorageFile.cs,False,Direct Analysis
CreateFile,97,Files-4.0.24/src/Files.App/Utils/Storage/StorageItems/NativeStorageFile.cs,False,Direct Analysis
DeleteAsync,106,Files-4.0.24/src/Files.App/Utils/Storage/StorageItems/NativeStorageFile.cs,False,Direct Analysis
DeleteAsync,119,Files-4.0.24/src/Files.App/Utils/Storage/StorageItems/NativeStorageFile.cs,False,Direct Analysis
GetBasicPropertiesAsync,128,Files-4.0.24/src/Files.App/Utils/Storage/StorageItems/NativeStorageFile.cs,False,Direct Analysis
MoveAsync,180,Files-4.0.24/src/Files.App/Utils/Storage/StorageItems/NativeStorageFile.cs,False,Direct Analysis
OpenAsync,204,Files-4.0.24/src/Files.App/Utils/Storage/StorageItems/NativeStorageFile.cs,False,Direct Analysis
OpenReadAsync,212,Files-4.0.24/src/Files.App/Utils/Storage/StorageItems/NativeStorageFile.cs,False,Direct Analysis
OpenSequentialReadAsync,220,Files-4.0.24/src/Files.App/Utils/Storage/StorageItems/NativeStorageFile.cs,False,Direct Analysis
RenameAsync,235,Files-4.0.24/src/Files.App/Utils/Storage/StorageItems/NativeStorageFile.cs,False,Direct Analysis
Hide,98,Files-4.0.24/src/Files.App/Data/Items/DetailsLayoutColumnItem.cs,False,Direct Analysis
Show,104,Files-4.0.24/src/Files.App/Data/Items/DetailsLayoutColumnItem.cs,False,Direct Analysis
Equals,119,Files-4.0.24/src/Files.App/Data/Items/DetailsLayoutColumnItem.cs,False,Direct Analysis
GetHashCode,139,Files-4.0.24/src/Files.App/Data/Items/DetailsLayoutColumnItem.cs,False,Direct Analysis
Update,149,Files-4.0.24/src/Files.App/Data/Items/DetailsLayoutColumnItem.cs,False,Direct Analysis
EjectAsync,27,Files-4.0.24/src/Files.App/Data/Models/RemovableDevice.cs,False,Direct Analysis
LockVolumeAsync,48,Files-4.0.24/src/Files.App/Data/Models/RemovableDevice.cs,False,Direct Analysis
DismountVolume,72,Files-4.0.24/src/Files.App/Data/Models/RemovableDevice.cs,False,Direct Analysis
PreventRemovalOfVolume,77,Files-4.0.24/src/Files.App/Data/Models/RemovableDevice.cs,False,Direct Analysis
AutoEjectVolume,83,Files-4.0.24/src/Files.App/Data/Models/RemovableDevice.cs,False,Direct Analysis
CloseVolume,88,Files-4.0.24/src/Files.App/Data/Models/RemovableDevice.cs,False,Direct Analysis
ExecuteAsync,25,Files-4.0.24/src/Files.App/Actions/Open/OpenCommandPaletteAction.cs,False,Direct Analysis
ExecuteAsync,22,Files-4.0.24/src/Files.App/Actions/Navigation/DuplicateCurrentTabAction.cs,False,Direct Analysis
TryUndo,15,Files-4.0.24/src/Files.App/Utils/Storage/History/StorageHistoryHelpers.cs,False,Direct Analysis
TryRedo,42,Files-4.0.24/src/Files.App/Utils/Storage/History/StorageHistoryHelpers.cs,False,Direct Analysis
Dispose,64,Files-4.0.24/src/Files.App/Utils/Storage/History/StorageHistoryHelpers.cs,False,Direct Analysis
ExecuteAsync,30,Files-4.0.24/src/Files.App/Actions/Show/ToggleShowHiddenItemsAction.cs,False,Direct Analysis
Settings_PropertyChanged,37,Files-4.0.24/src/Files.App/Actions/Show/ToggleShowHiddenItemsAction.cs,False,Direct Analysis
ShowAsync,27,Files-4.0.24/src/Files.App/Dialogs/AddItemDialog.xaml.cs,False,Direct Analysis
ListView_ItemClick,32,Files-4.0.24/src/Files.App/Dialogs/AddItemDialog.xaml.cs,False,Direct Analysis
AddItemDialog_Loaded,39,Files-4.0.24/src/Files.App/Dialogs/AddItemDialog.xaml.cs,False,Direct Analysis
ExecuteAsync,27,Files-4.0.24/src/Files.App/Actions/FileSystem/RestoreAllRecycleBinAction.cs,False,Direct Analysis
OnToolbarSizePropertyChanged,37,Files-4.0.24/src/Files.App.Controls/Toolbar/Toolbar.Properties.cs,False,Direct Analysis
OnItemTemplatePropertyChanged,105,Files-4.0.24/src/Files.App.Controls/Toolbar/Toolbar.Properties.cs,False,Direct Analysis
OnApplyTemplate,35,Files-4.0.24/src/Files.App.Controls/Toolbar/Toolbar.cs,False,Direct Analysis
GetAvailableSize,60,Files-4.0.24/src/Files.App.Controls/Toolbar/Toolbar.cs,False,Direct Analysis
GetItemsRepeater,65,Files-4.0.24/src/Files.App.Controls/Toolbar/Toolbar.cs,False,Direct Analysis
GetToolbarItemsList,70,Files-4.0.24/src/Files.App.Controls/Toolbar/Toolbar.cs,False,Direct Analysis
GetToolbarItemsOverflowList,75,Files-4.0.24/src/Files.App.Controls/Toolbar/Toolbar.cs,False,Direct Analysis
GetSmallMinWidth,80,Files-4.0.24/src/Files.App.Controls/Toolbar/Toolbar.cs,False,Direct Analysis
GetMediumMinWidth,85,Files-4.0.24/src/Files.App.Controls/Toolbar/Toolbar.cs,False,Direct Analysis
GetLargeMinWidth,90,Files-4.0.24/src/Files.App.Controls/Toolbar/Toolbar.cs,False,Direct Analysis
GetSmallMinHeight,95,Files-4.0.24/src/Files.App.Controls/Toolbar/Toolbar.cs,False,Direct Analysis
GetMediumMinHeight,100,Files-4.0.24/src/Files.App.Controls/Toolbar/Toolbar.cs,False,Direct Analysis
GetLargeMinHeight,105,Files-4.0.24/src/Files.App.Controls/Toolbar/Toolbar.cs,False,Direct Analysis
GetCurrentMinWidth,110,Files-4.0.24/src/Files.App.Controls/Toolbar/Toolbar.cs,False,Direct Analysis
GetCurrentMinHeight,115,Files-4.0.24/src/Files.App.Controls/Toolbar/Toolbar.cs,False,Direct Analysis
SetAvailableSize,124,Files-4.0.24/src/Files.App.Controls/Toolbar/Toolbar.cs,False,Direct Analysis
SetItemsRepeater,129,Files-4.0.24/src/Files.App.Controls/Toolbar/Toolbar.cs,False,Direct Analysis
SetToolbarItemsList,134,Files-4.0.24/src/Files.App.Controls/Toolbar/Toolbar.cs,False,Direct Analysis
SetToolbarItemsOverflowList,139,Files-4.0.24/src/Files.App.Controls/Toolbar/Toolbar.cs,False,Direct Analysis
SetSmallMinWidth,144,Files-4.0.24/src/Files.App.Controls/Toolbar/Toolbar.cs,False,Direct Analysis
SetMediumMinWidth,149,Files-4.0.24/src/Files.App.Controls/Toolbar/Toolbar.cs,False,Direct Analysis
SetLargeMinWidth,154,Files-4.0.24/src/Files.App.Controls/Toolbar/Toolbar.cs,False,Direct Analysis
SetSmallMinHeight,159,Files-4.0.24/src/Files.App.Controls/Toolbar/Toolbar.cs,False,Direct Analysis
SetMediumMinHeight,164,Files-4.0.24/src/Files.App.Controls/Toolbar/Toolbar.cs,False,Direct Analysis
SetLargeMinHeight,169,Files-4.0.24/src/Files.App.Controls/Toolbar/Toolbar.cs,False,Direct Analysis
SetCurrentMinWidth,174,Files-4.0.24/src/Files.App.Controls/Toolbar/Toolbar.cs,False,Direct Analysis
SetCurrentMinHeight,179,Files-4.0.24/src/Files.App.Controls/Toolbar/Toolbar.cs,False,Direct Analysis
UpdateItems,192,Files-4.0.24/src/Files.App.Controls/Toolbar/Toolbar.cs,False,Direct Analysis
UpdateMinSizesFromResources,257,Files-4.0.24/src/Files.App.Controls/Toolbar/Toolbar.cs,False,Direct Analysis
AddItemToOverflowList,710,Files-4.0.24/src/Files.App.Controls/Toolbar/Toolbar.cs,False,Direct Analysis
AddItemToItemList,725,Files-4.0.24/src/Files.App.Controls/Toolbar/Toolbar.cs,False,Direct Analysis
NewEmptySpace_Opening,35,Files-4.0.24/src/Files.App/UserControls/Toolbar.xaml.cs,False,Direct Analysis
SortGroup_AccessKeyInvoked,86,Files-4.0.24/src/Files.App/UserControls/Toolbar.xaml.cs,False,Direct Analysis
LayoutButton_Click,112,Files-4.0.24/src/Files.App/UserControls/Toolbar.xaml.cs,False,Direct Analysis
AppWindow_Changed,31,Files-4.0.24/src/Files.App/Data/Contexts/Window/WindowContext.cs,False,Direct Analysis
ExecuteAsync,32,Files-4.0.24/src/Files.App/Actions/FileSystem/CreateShortcutAction.cs,False,Direct Analysis
Context_PropertyChanged,37,Files-4.0.24/src/Files.App/Actions/FileSystem/CreateShortcutAction.cs,False,Direct Analysis
ToggleAllowAccess,374,Files-4.0.24/src/Files.App/Data/Items/AccessControlEntry.cs,False,Direct Analysis
ToggleDenyAccess,390,Files-4.0.24/src/Files.App/Data/Items/AccessControlEntry.cs,False,Direct Analysis
Initialize,32,Files-4.0.24/src/Files.App/Utils/Storage/Helpers/DeviceManager.cs,False,Direct Analysis
DeviceModifiedEvent,50,Files-4.0.24/src/Files.App/Utils/Storage/Helpers/DeviceManager.cs,False,Direct Analysis
DeviceRemovedEvent,68,Files-4.0.24/src/Files.App/Utils/Storage/Helpers/DeviceManager.cs,False,Direct Analysis
DeviceInsertedEvent,77,Files-4.0.24/src/Files.App/Utils/Storage/Helpers/DeviceManager.cs,False,Direct Analysis
Unregister,86,Files-4.0.24/src/Files.App/Utils/Storage/Helpers/DeviceManager.cs,False,Direct Analysis
Equals,162,Files-4.0.24/src/Files.App/Data/Models/ColumnsViewModel.cs,False,Direct Analysis
GetHashCode,193,Files-4.0.24/src/Files.App/Data/Models/ColumnsViewModel.cs,False,Direct Analysis
ItemDecorator_Click,230,Files-4.0.24/src/Files.App/Data/Items/DriveItem.cs,False,Direct Analysis
UpdateLabelAsync,264,Files-4.0.24/src/Files.App/Data/Items/DriveItem.cs,False,Direct Analysis
UpdatePropertiesAsync,277,Files-4.0.24/src/Files.App/Data/Items/DriveItem.cs,False,Direct Analysis
CompareTo,324,Files-4.0.24/src/Files.App/Data/Items/DriveItem.cs,False,Direct Analysis
LoadThumbnailAsync,330,Files-4.0.24/src/Files.App/Data/Items/DriveItem.cs,False,Direct Analysis
GetSizeString,357,Files-4.0.24/src/Files.App/Data/Items/DriveItem.cs,False,Direct Analysis
HandleIntersectionWithItem,17,Files-4.0.24/src/Files.App/UserControls/Selection/InvertPreviousItemSelectionStrategy.cs,False,Direct Analysis
HandleNoIntersectionWithItem,35,Files-4.0.24/src/Files.App/UserControls/Selection/InvertPreviousItemSelectionStrategy.cs,False,Direct Analysis
InitializeAsync,15,Files-4.0.24/src/Files.App/Services/Windows/WindowsJumpListService.cs,False,Direct Analysis
AddFolderAsync,30,Files-4.0.24/src/Files.App/Services/Windows/WindowsJumpListService.cs,False,Direct Analysis
GetFoldersAsync,55,Files-4.0.24/src/Files.App/Services/Windows/WindowsJumpListService.cs,False,Direct Analysis
RefreshPinnedFoldersAsync,78,Files-4.0.24/src/Files.App/Services/Windows/WindowsJumpListService.cs,False,Direct Analysis
RemoveFolderAsync,110,Files-4.0.24/src/Files.App/Services/Windows/WindowsJumpListService.cs,False,Direct Analysis
UpdateQuickAccessWidget_Invoked,194,Files-4.0.24/src/Files.App/Services/Windows/WindowsJumpListService.cs,False,Direct Analysis
ToString,403,Files-4.0.24/src/Files.App/Data/Items/ListedItem.cs,False,Direct Analysis
UpdateContainsFilesFolders,459,Files-4.0.24/src/Files.App/Data/Items/ListedItem.cs,False,Direct Analysis
ExecuteAsync,38,Files-4.0.24/src/Files.App/Actions/Navigation/OpenInNewTab/BaseOpenInNewTabAction.cs,False,Direct Analysis
Context_PropertyChanged,53,Files-4.0.24/src/Files.App/Actions/Navigation/OpenInNewTab/BaseOpenInNewTabAction.cs,False,Direct Analysis
ExecuteAsync,19,Files-4.0.24/src/Files.App/Actions/Content/Archives/Compress/CompressIntoSevenZipAction.cs,False,Direct Analysis
ShowAsync,37,Files-4.0.24/src/Files.App/Dialogs/FilesystemOperationDialog.xaml.cs,False,Direct Analysis
Current_SizeChanged,51,Files-4.0.24/src/Files.App/Dialogs/FilesystemOperationDialog.xaml.cs,False,Direct Analysis
UpdateDialogLayout,56,Files-4.0.24/src/Files.App/Dialogs/FilesystemOperationDialog.xaml.cs,False,Direct Analysis
OnApplyTemplate,72,Files-4.0.24/src/Files.App/Dialogs/FilesystemOperationDialog.xaml.cs,False,Direct Analysis
PrimaryButton_GotFocus,81,Files-4.0.24/src/Files.App/Dialogs/FilesystemOperationDialog.xaml.cs,False,Direct Analysis
RootDialog_Closing,92,Files-4.0.24/src/Files.App/Dialogs/FilesystemOperationDialog.xaml.cs,False,Direct Analysis
NameStackPanel_Tapped,101,Files-4.0.24/src/Files.App/Dialogs/FilesystemOperationDialog.xaml.cs,False,Direct Analysis
NameEdit_LostFocus,111,Files-4.0.24/src/Files.App/Dialogs/FilesystemOperationDialog.xaml.cs,False,Direct Analysis
NameEdit_Loaded,117,Files-4.0.24/src/Files.App/Dialogs/FilesystemOperationDialog.xaml.cs,False,Direct Analysis
NameEdit_PreviewKeyDown,127,Files-4.0.24/src/Files.App/Dialogs/FilesystemOperationDialog.xaml.cs,False,Direct Analysis
EndRename,173,Files-4.0.24/src/Files.App/Dialogs/FilesystemOperationDialog.xaml.cs,False,Direct Analysis
ExecuteAsync,24,Files-4.0.24/src/Files.App/Actions/Open/OpenStorageSenseFromSidebarAction.cs,False,Direct Analysis
ShellViewModel_FocusFilterHeader,57,Files-4.0.24/src/Files.App/Views/Shells/ModernShellPage.xaml.cs,False,Direct Analysis
ModernShellPage_RefreshWidgetsRequested,65,Files-4.0.24/src/Files.App/Views/Shells/ModernShellPage.xaml.cs,False,Direct Analysis
OnNavigatedTo,71,Files-4.0.24/src/Files.App/Views/Shells/ModernShellPage.xaml.cs,False,Direct Analysis
ShellPage_NavigationRequested,81,Files-4.0.24/src/Files.App/Views/Shells/ModernShellPage.xaml.cs,False,Direct Analysis
OnNavigationParamsChanged,91,Files-4.0.24/src/Files.App/Views/Shells/ModernShellPage.xaml.cs,False,Direct Analysis
ViewModel_WorkingDirectoryModified,142,Files-4.0.24/src/Files.App/Views/Shells/ModernShellPage.xaml.cs,False,Direct Analysis
ItemDisplayFrame_Navigated,153,Files-4.0.24/src/Files.App/Views/Shells/ModernShellPage.xaml.cs,False,Direct Analysis
OverscrollNavigationRequested,185,Files-4.0.24/src/Files.App/Views/Shells/ModernShellPage.xaml.cs,False,Direct Analysis
Back_Click,199,Files-4.0.24/src/Files.App/Views/Shells/ModernShellPage.xaml.cs,False,Direct Analysis
Forward_Click,208,Files-4.0.24/src/Files.App/Views/Shells/ModernShellPage.xaml.cs,False,Direct Analysis
Up_Click,217,Files-4.0.24/src/Files.App/Views/Shells/ModernShellPage.xaml.cs,False,Direct Analysis
Dispose,262,Files-4.0.24/src/Files.App/Views/Shells/ModernShellPage.xaml.cs,False,Direct Analysis
NavigateHome,271,Files-4.0.24/src/Files.App/Views/Shells/ModernShellPage.xaml.cs,False,Direct Analysis
NavigateToReleaseNotes,283,Files-4.0.24/src/Files.App/Views/Shells/ModernShellPage.xaml.cs,False,Direct Analysis
NavigateToPath,295,Files-4.0.24/src/Files.App/Views/Shells/ModernShellPage.xaml.cs,False,Direct Analysis
FilterTextBox_PreviewKeyDown,342,Files-4.0.24/src/Files.App/Views/Shells/ModernShellPage.xaml.cs,False,Direct Analysis
IsNameAvailableForItem,77,Files-4.0.24/src/Files.App/ViewModels/Dialogs/FileSystemDialog/FileSystemDialogViewModel.cs,False,Direct Analysis
ApplyConflictOptionToAll,82,Files-4.0.24/src/Files.App/ViewModels/Dialogs/FileSystemDialog/FileSystemDialogViewModel.cs,False,Direct Analysis
GetItemsResult,97,Files-4.0.24/src/Files.App/ViewModels/Dialogs/FileSystemDialog/FileSystemDialogViewModel.cs,False,Direct Analysis
Receive,102,Files-4.0.24/src/Files.App/ViewModels/Dialogs/FileSystemDialog/FileSystemDialogViewModel.cs,False,Direct Analysis
SaveConflictResolveOption,118,Files-4.0.24/src/Files.App/ViewModels/Dialogs/FileSystemDialog/FileSystemDialogViewModel.cs,False,Direct Analysis
CancelCts,127,Files-4.0.24/src/Files.App/ViewModels/Dialogs/FileSystemDialog/FileSystemDialogViewModel.cs,False,Direct Analysis
CheckDefaultSaveFolderAccess,31,Files-4.0.24/src/Files.App/Data/Items/SidebarLibraryItem.cs,False,Direct Analysis
LoadLibraryIconAsync,47,Files-4.0.24/src/Files.App/Data/Items/SidebarLibraryItem.cs,False,Direct Analysis
TryGetSize,16,Files-4.0.24/src/Files.App/Services/SizeProvider/NoSizeProvider.cs,False,Direct Analysis
Dispose,22,Files-4.0.24/src/Files.App/Services/SizeProvider/NoSizeProvider.cs,False,Direct Analysis
OnApplyTemplate,51,Files-4.0.24/src/Files.App.Controls/BreadcrumbBar/BreadcrumbBar.cs,False,Direct Analysis
RaiseItemClickedEvent,71,Files-4.0.24/src/Files.App.Controls/BreadcrumbBar/BreadcrumbBar.cs,False,Direct Analysis
RaiseItemDropDownFlyoutOpening,78,Files-4.0.24/src/Files.App.Controls/BreadcrumbBar/BreadcrumbBar.cs,False,Direct Analysis
RaiseItemDropDownFlyoutClosed,84,Files-4.0.24/src/Files.App.Controls/BreadcrumbBar/BreadcrumbBar.cs,False,Direct Analysis
OnLayoutUpdated,90,Files-4.0.24/src/Files.App.Controls/BreadcrumbBar/BreadcrumbBar.cs,False,Direct Analysis
ExecuteAsync,36,Files-4.0.24/src/Files.App/Actions/Global/EnterCompactOverlayAction.cs,False,Direct Analysis
WindowContext_PropertyChanged,45,Files-4.0.24/src/Files.App/Actions/Global/EnterCompactOverlayAction.cs,False,Direct Analysis
ExecuteAsync,27,Files-4.0.24/src/Files.App/Actions/Display/SortFoldersFirstAction.cs,False,Direct Analysis
Context_PropertyChanged,36,Files-4.0.24/src/Files.App/Actions/Display/SortFoldersFirstAction.cs,False,Direct Analysis
ViewMore,69,Files-4.0.24/src/Files.App/Data/Items/WidgetFileTagsContainerItem.cs,False,Direct Analysis
OpenAll,74,Files-4.0.24/src/Files.App/Data/Items/WidgetFileTagsContainerItem.cs,False,Direct Analysis
StoreWindowPlacementData,96,Files-4.0.24/src/Files.App/Data/Items/WindowEx.cs,False,Direct Analysis
RestoreWindowPlacementData,140,Files-4.0.24/src/Files.App/Data/Items/WindowEx.cs,False,Direct Analysis
GetDataStore,198,Files-4.0.24/src/Files.App/Data/Items/WindowEx.cs,False,Direct Analysis
NewWindowProc,251,Files-4.0.24/src/Files.App/Data/Items/WindowEx.cs,False,Direct Analysis
WindowEx_Closed,280,Files-4.0.24/src/Files.App/Data/Items/WindowEx.cs,False,Direct Analysis
Dispose,285,Files-4.0.24/src/Files.App/Data/Items/WindowEx.cs,False,Direct Analysis
CreateAsync,61,Files-4.0.24/src/Files.App/Utils/Storage/Operations/FilesystemHelpers.cs,False,Direct Analysis
DeleteItemsAsync,86,Files-4.0.24/src/Files.App/Utils/Storage/Operations/FilesystemHelpers.cs,False,Direct Analysis
RestoreItemsFromTrashAsync,201,Files-4.0.24/src/Files.App/Utils/Storage/Operations/FilesystemHelpers.cs,False,Direct Analysis
GetDisplayName,14,Files-4.0.24/src/Files.App/Services/Storage/StorageCacheService.cs,False,Direct Analysis
AddDisplayName,23,Files-4.0.24/src/Files.App/Services/Storage/StorageCacheService.cs,False,Direct Analysis
Clipboard_ContentChanged,20,Files-4.0.24/src/Files.App/Data/Models/AppModel.cs,False,Direct Analysis
IncrementPropertiesWindowCount,88,Files-4.0.24/src/Files.App/Data/Models/AppModel.cs,False,Direct Analysis
DecrementPropertiesWindowCount,95,Files-4.0.24/src/Files.App/Data/Models/AppModel.cs,False,Direct Analysis
DoOpenDetails,86,Files-4.0.24/src/Files.App/Data/Models/SignatureInfoItem.cs,False,Direct Analysis
Build,42,Files-4.0.24/src/Files.App/Data/Models/ContextMenuFlyoutItemViewModelBuilder.cs,False,Direct Analysis
UpdateGitInfo,117,Files-4.0.24/src/Files.App/Data/Models/DirectoryPropertiesViewModel.cs,False,Direct Analysis
LoadBranches,142,Files-4.0.24/src/Files.App/Data/Models/DirectoryPropertiesViewModel.cs,False,Direct Analysis
ExecuteDeleteBranch,163,Files-4.0.24/src/Files.App/Data/Models/DirectoryPropertiesViewModel.cs,False,Direct Analysis
Watcher_EnumerationCompleted,46,Files-4.0.24/src/Files.App/Data/Models/DrivesViewModel.cs,False,Direct Analysis
Watcher_DeviceModified,52,Files-4.0.24/src/Files.App/Data/Models/DrivesViewModel.cs,False,Direct Analysis
Watcher_DeviceRemoved,59,Files-4.0.24/src/Files.App/Data/Models/DrivesViewModel.cs,False,Direct Analysis
Watcher_DeviceAdded,73,Files-4.0.24/src/Files.App/Data/Models/DrivesViewModel.cs,False,Direct Analysis
UpdateDrivesAsync,95,Files-4.0.24/src/Files.App/Data/Models/DrivesViewModel.cs,False,Direct Analysis
Dispose,116,Files-4.0.24/src/Files.App/Data/Models/DrivesViewModel.cs,False,Direct Analysis
ProvideValue,28,Files-4.0.24/src/Files.App/Helpers/Xaml/SystemTypeToXaml.cs,False,Direct Analysis
Add,73,Files-4.0.24/src/Files.App/Utils/Storage/Collection/ConcurrentCollection.cs,False,Direct Analysis
Clear,84,Files-4.0.24/src/Files.App/Utils/Storage/Collection/ConcurrentCollection.cs,False,Direct Analysis
Contains,92,Files-4.0.24/src/Files.App/Utils/Storage/Collection/ConcurrentCollection.cs,False,Direct Analysis
CopyTo,103,Files-4.0.24/src/Files.App/Utils/Storage/Collection/ConcurrentCollection.cs,False,Direct Analysis
Remove,111,Files-4.0.24/src/Files.App/Utils/Storage/Collection/ConcurrentCollection.cs,False,Direct Analysis
GetEnumerator,129,Files-4.0.24/src/Files.App/Utils/Storage/Collection/ConcurrentCollection.cs,False,Direct Analysis
GetEnumerator,134,Files-4.0.24/src/Files.App/Utils/Storage/Collection/ConcurrentCollection.cs,False,Direct Analysis
IndexOf,139,Files-4.0.24/src/Files.App/Utils/Storage/Collection/ConcurrentCollection.cs,False,Direct Analysis
Insert,150,Files-4.0.24/src/Files.App/Utils/Storage/Collection/ConcurrentCollection.cs,False,Direct Analysis
RemoveAt,161,Files-4.0.24/src/Files.App/Utils/Storage/Collection/ConcurrentCollection.cs,False,Direct Analysis
AddRange,169,Files-4.0.24/src/Files.App/Utils/Storage/Collection/ConcurrentCollection.cs,False,Direct Analysis
InsertRange,180,Files-4.0.24/src/Files.App/Utils/Storage/Collection/ConcurrentCollection.cs,False,Direct Analysis
RemoveRange,191,Files-4.0.24/src/Files.App/Utils/Storage/Collection/ConcurrentCollection.cs,False,Direct Analysis
ReplaceRange,202,Files-4.0.24/src/Files.App/Utils/Storage/Collection/ConcurrentCollection.cs,False,Direct Analysis
Sort,216,Files-4.0.24/src/Files.App/Utils/Storage/Collection/ConcurrentCollection.cs,False,Direct Analysis
Sort,224,Files-4.0.24/src/Files.App/Utils/Storage/Collection/ConcurrentCollection.cs,False,Direct Analysis
Order,232,Files-4.0.24/src/Files.App/Utils/Storage/Collection/ConcurrentCollection.cs,False,Direct Analysis
OrderOne,244,Files-4.0.24/src/Files.App/Utils/Storage/Collection/ConcurrentCollection.cs,False,Direct Analysis
ToList,260,Files-4.0.24/src/Files.App/Utils/Storage/Collection/ConcurrentCollection.cs,False,Direct Analysis
Add,268,Files-4.0.24/src/Files.App/Utils/Storage/Collection/ConcurrentCollection.cs,False,Direct Analysis
Page_CurrentInstanceChanged,43,Files-4.0.24/src/Files.App/Data/Contexts/MultiPanes/MultiPanesContext.cs,False,Direct Analysis
Page_PropertyChanged,60,Files-4.0.24/src/Files.App/Data/Contexts/MultiPanes/MultiPanesContext.cs,False,Direct Analysis
UpdatePage,74,Files-4.0.24/src/Files.App/Data/Contexts/MultiPanes/MultiPanesContext.cs,False,Direct Analysis
UpdateContent,96,Files-4.0.24/src/Files.App/Data/Contexts/MultiPanes/MultiPanesContext.cs,False,Direct Analysis
OnTargetConnected,27,Files-4.0.24/src/Files.App/Helpers/UI/AppSystemBackdrop.cs,False,Direct Analysis
OnDefaultSystemBackdropConfigurationChanged,41,Files-4.0.24/src/Files.App/Helpers/UI/AppSystemBackdrop.cs,False,Direct Analysis
OnTargetDisconnected,52,Files-4.0.24/src/Files.App/Helpers/UI/AppSystemBackdrop.cs,False,Direct Analysis
OnSettingChanged,72,Files-4.0.24/src/Files.App/Helpers/UI/AppSystemBackdrop.cs,False,Direct Analysis
GetSystemBackdropController,91,Files-4.0.24/src/Files.App/Helpers/UI/AppSystemBackdrop.cs,False,Direct Analysis
GetOutputStreamAt,60,Files-4.0.24/src/Files.App/Utils/Storage/StorageItems/StreamWithContentType.cs,False,Direct Analysis
WriteAsync,96,Files-4.0.24/src/Files.App/Utils/Storage/StorageItems/StreamWithContentType.cs,False,Direct Analysis
FlushAsync,109,Files-4.0.24/src/Files.App/Utils/Storage/StorageItems/StreamWithContentType.cs,False,Direct Analysis
Dispose,125,Files-4.0.24/src/Files.App/Utils/Storage/StorageItems/StreamWithContentType.cs,False,Direct Analysis
CheckAllFileExtensions,546,Files-4.0.24/src/Files.App/Data/Models/SelectedItemsPropertiesViewModel.cs,False,Direct Analysis
ExecuteAsync,18,Files-4.0.24/src/Files.App/Actions/FileSystem/DeleteItemPermanentlyAction.cs,False,Direct Analysis
ToThemedIcon,13,Files-4.0.24/src/Files.App/Data/Models/ThemedIconModel.cs,False,Direct Analysis
DoCommitRenameAsync,43,Files-4.0.24/src/Files.App/ViewModels/Dialogs/BulkRenameDialogViewModel.cs,False,Direct Analysis
AsCollection,344,Files-4.0.24/src/Files.App/Data/Commands/HotKey/HotKey.cs,False,Direct Analysis
ExecuteAsync,34,Files-4.0.24/src/Files.App/Actions/FileSystem/PasteItemToSelectionAction.cs,False,Direct Analysis
GetIsExecutable,46,Files-4.0.24/src/Files.App/Actions/FileSystem/PasteItemToSelectionAction.cs,False,Direct Analysis
Context_PropertyChanged,62,Files-4.0.24/src/Files.App/Actions/FileSystem/PasteItemToSelectionAction.cs,False,Direct Analysis
AppModel_PropertyChanged,72,Files-4.0.24/src/Files.App/Actions/FileSystem/PasteItemToSelectionAction.cs,False,Direct Analysis
Serialize,14,Files-4.0.24/src/Files.App/Data/Parameters/TabBarItemParameter.cs,False,Direct Analysis
ContentDialog_Closing,27,Files-4.0.24/src/Files.App/Dialogs/AddBranchDialog.xaml.cs,False,Direct Analysis
ShowAsync,25,Files-4.0.24/src/Files.App/Dialogs/CloneRepoDialog.xaml.cs,False,Direct Analysis
CreateShortcutDialog_Closing,32,Files-4.0.24/src/Files.App/Dialogs/CreateShortcutDialog.xaml.cs,False,Direct Analysis
ShowAsync,38,Files-4.0.24/src/Files.App/Dialogs/CreateShortcutDialog.xaml.cs,False,Direct Analysis
ContentDialog_PrimaryButtonClick,38,Files-4.0.24/src/Files.App/Dialogs/DynamicDialog.xaml.cs,False,Direct Analysis
ContentDialog_SecondaryButtonClick,43,Files-4.0.24/src/Files.App/Dialogs/DynamicDialog.xaml.cs,False,Direct Analysis
ContentDialog_CloseButtonClick,48,Files-4.0.24/src/Files.App/Dialogs/DynamicDialog.xaml.cs,False,Direct Analysis
ContentDialog_KeyDown,53,Files-4.0.24/src/Files.App/Dialogs/DynamicDialog.xaml.cs,False,Direct Analysis
Dispose,58,Files-4.0.24/src/Files.App/Dialogs/DynamicDialog.xaml.cs,False,Direct Analysis
ShowAsync,25,Files-4.0.24/src/Files.App/Dialogs/ElevateConfirmDialog.xaml.cs,False,Direct Analysis
ShowAsync,25,Files-4.0.24/src/Files.App/Dialogs/FileTooLargeDialog.xaml.cs,False,Direct Analysis
ShowAsync,34,Files-4.0.24/src/Files.App/Dialogs/GitHubLoginDialog.xaml.cs,False,Direct Analysis
ContentDialog_PrimaryButtonClick,39,Files-4.0.24/src/Files.App/Dialogs/GitHubLoginDialog.xaml.cs,False,Direct Analysis
ViewModel_PropertyChanged,53,Files-4.0.24/src/Files.App/Dialogs/GitHubLoginDialog.xaml.cs,False,Direct Analysis
MoveItemAsync,28,Files-4.0.24/src/Files.App/Dialogs/ReorderSidebarItemsDialog.xaml.cs,False,Direct Analysis
ListViewItem_DragStarting,41,Files-4.0.24/src/Files.App/Dialogs/ReorderSidebarItemsDialog.xaml.cs,False,Direct Analysis
ListViewItem_DragOver,51,Files-4.0.24/src/Files.App/Dialogs/ReorderSidebarItemsDialog.xaml.cs,False,Direct Analysis
ListViewItem_Drop,81,Files-4.0.24/src/Files.App/Dialogs/ReorderSidebarItemsDialog.xaml.cs,False,Direct Analysis
ShowAsync,90,Files-4.0.24/src/Files.App/Dialogs/ReorderSidebarItemsDialog.xaml.cs,False,Direct Analysis
ShowAsync,26,Files-4.0.24/src/Files.App/Dialogs/SettingsDialog.xaml.cs,False,Direct Analysis
NavigateTo,31,Files-4.0.24/src/Files.App/Dialogs/SettingsDialog.xaml.cs,False,Direct Analysis
Current_SizeChanged,44,Files-4.0.24/src/Files.App/Dialogs/SettingsDialog.xaml.cs,False,Direct Analysis
UpdateDialogLayout,49,Files-4.0.24/src/Files.App/Dialogs/SettingsDialog.xaml.cs,False,Direct Analysis
MainSettingsNavigationView_SelectionChanged,62,Files-4.0.24/src/Files.App/Dialogs/SettingsDialog.xaml.cs,False,Direct Analysis
ContentDialog_Closing,82,Files-4.0.24/src/Files.App/Dialogs/SettingsDialog.xaml.cs,False,Direct Analysis
CloseSettingsDialogButton_Click,87,Files-4.0.24/src/Files.App/Dialogs/SettingsDialog.xaml.cs,False,Direct Analysis
CanExecute,131,Files-4.0.24/src/Files.App/Data/Commands/ActionCommand.cs,False,Direct Analysis
ExecuteAsync,143,Files-4.0.24/src/Files.App/Data/Commands/ActionCommand.cs,False,Direct Analysis
ExecuteTapped,156,Files-4.0.24/src/Files.App/Data/Commands/ActionCommand.cs,False,Direct Analysis
OverwriteKeyBindings,161,Files-4.0.24/src/Files.App/Data/Commands/ActionCommand.cs,False,Direct Analysis
RestoreKeyBindings,166,Files-4.0.24/src/Files.App/Data/Commands/ActionCommand.cs,False,Direct Analysis
Action_PropertyChanging,172,Files-4.0.24/src/Files.App/Data/Commands/ActionCommand.cs,False,Direct Analysis
Action_PropertyChanged,190,Files-4.0.24/src/Files.App/Data/Commands/ActionCommand.cs,False,Direct Analysis
Equals,83,Files-4.0.24/src/Files.App/Helpers/Layout/LayoutPreferencesItem.cs,False,Direct Analysis
GetHashCode,108,Files-4.0.24/src/Files.App/Helpers/Layout/LayoutPreferencesItem.cs,False,Direct Analysis
Set,41,Files-4.0.24/src/Files.Shared/Helpers/AsyncManualResetEvent.cs,False,Direct Analysis
Reset,49,Files-4.0.24/src/Files.Shared/Helpers/AsyncManualResetEvent.cs,False,Direct Analysis
Reset,23,Files-4.0.24/src/Files.App/Helpers/IntervalSampler.cs,False,Direct Analysis
CheckNow,28,Files-4.0.24/src/Files.App/Helpers/IntervalSampler.cs,False,Direct Analysis
ContentDialog_PrimaryButtonClick,26,Files-4.0.24/src/Files.App/Dialogs/DecompressArchiveDialog.xaml.cs,False,Direct Analysis
DestinationFolderPath_TextChanged,32,Files-4.0.24/src/Files.App/Dialogs/DecompressArchiveDialog.xaml.cs,False,Direct Analysis
GetLayoutType,205,Files-4.0.24/src/Files.App/Helpers/Layout/LayoutPreferencesManager.cs,False,Direct Analysis
ReloadGroupAndSortPreferences,228,Files-4.0.24/src/Files.App/Helpers/Layout/LayoutPreferencesManager.cs,False,Direct Analysis
ToggleLayoutModeColumnView,253,Files-4.0.24/src/Files.App/Helpers/Layout/LayoutPreferencesManager.cs,False,Direct Analysis
ToggleLayoutModeGridView,263,Files-4.0.24/src/Files.App/Helpers/Layout/LayoutPreferencesManager.cs,False,Direct Analysis
ToggleLayoutModeCards,273,Files-4.0.24/src/Files.App/Helpers/Layout/LayoutPreferencesManager.cs,False,Direct Analysis
ToggleLayoutModeList,283,Files-4.0.24/src/Files.App/Helpers/Layout/LayoutPreferencesManager.cs,False,Direct Analysis
ToggleLayoutModeDetailsView,293,Files-4.0.24/src/Files.App/Helpers/Layout/LayoutPreferencesManager.cs,False,Direct Analysis
ToggleLayoutModeAdaptive,303,Files-4.0.24/src/Files.App/Helpers/Layout/LayoutPreferencesManager.cs,False,Direct Analysis
OnDefaultPreferencesChanged,311,Files-4.0.24/src/Files.App/Helpers/Layout/LayoutPreferencesManager.cs,False,Direct Analysis
SetProperty,613,Files-4.0.24/src/Files.App/Helpers/Layout/LayoutPreferencesManager.cs,False,Direct Analysis
ExecuteDoBackwardNavigationCommand,107,Files-4.0.24/src/Files.App/ViewModels/Properties/MainPropertiesViewModel.cs,False,Direct Analysis
ExecuteSaveChangedPropertiesCommandAsync,126,Files-4.0.24/src/Files.App/ViewModels/Properties/MainPropertiesViewModel.cs,False,Direct Analysis
ExecuteCancelChangedPropertiesCommand,132,Files-4.0.24/src/Files.App/ViewModels/Properties/MainPropertiesViewModel.cs,False,Direct Analysis
ApplyChangesAsync,137,Files-4.0.24/src/Files.App/ViewModels/Properties/MainPropertiesViewModel.cs,False,Direct Analysis
SelectStyleCore,17,Files-4.0.24/src/Files.App/UserControls/KeyboardShortcut/KeyboardShortcutItemStyleSelector.cs,False,Direct Analysis
Initialize,113,Files-4.0.24/src/Files.App/Helpers/WMI/ManagementEventWatcher.cs,False,Direct Analysis
OnEventArrived,125,Files-4.0.24/src/Files.App/Helpers/WMI/ManagementEventWatcher.cs,False,Direct Analysis
Start,145,Files-4.0.24/src/Files.App/Helpers/WMI/ManagementEventWatcher.cs,False,Direct Analysis
Stop,162,Files-4.0.24/src/Files.App/Helpers/WMI/ManagementEventWatcher.cs,False,Direct Analysis
Dispose,179,Files-4.0.24/src/Files.App/Helpers/WMI/ManagementEventWatcher.cs,False,Direct Analysis
Dispose,193,Files-4.0.24/src/Files.App/Helpers/WMI/ManagementEventWatcher.cs,False,Direct Analysis
SetAppThemeBackgroundColor,15,Files-4.0.24/src/Files.App/Services/App/AppResourcesService.cs,False,Direct Analysis
SetAppThemeAddressBarBackgroundColor,21,Files-4.0.24/src/Files.App/Services/App/AppResourcesService.cs,False,Direct Analysis
SetAppThemeToolbarBackgroundColor,30,Files-4.0.24/src/Files.App/Services/App/AppResourcesService.cs,False,Direct Analysis
SetAppThemeSidebarBackgroundColor,36,Files-4.0.24/src/Files.App/Services/App/AppResourcesService.cs,False,Direct Analysis
SetAppThemeFileAreaBackgroundColor,42,Files-4.0.24/src/Files.App/Services/App/AppResourcesService.cs,False,Direct Analysis
SetAppThemeFileAreaSecondaryBackgroundColor,48,Files-4.0.24/src/Files.App/Services/App/AppResourcesService.cs,False,Direct Analysis
SetAppThemeInfoPaneBackgroundColor,54,Files-4.0.24/src/Files.App/Services/App/AppResourcesService.cs,False,Direct Analysis
SetAppThemeFontFamily,60,Files-4.0.24/src/Files.App/Services/App/AppResourcesService.cs,False,Direct Analysis
ApplyResources,66,Files-4.0.24/src/Files.App/Services/App/AppResourcesService.cs,False,Direct Analysis
BeginScope,22,Files-4.0.24/src/Files.Shared/Utils/Logger/FileLogger.cs,False,This method is an implementation of ILogger.BeginScope.
IsEnabled,27,Files-4.0.24/src/Files.Shared/Utils/Logger/FileLogger.cs,False,This method is an implementation of ILogger.IsEnabled.
Initialize,9,Files-4.0.24/src/Files.Core.SourceGenerator/Generators/VTableFunctionGenerator.cs,False,This method is an implementation of IIncrementalGenerator.Initialize.
UpdateAdditionalActions,630,Files-4.0.24/src/Files.App/ViewModels/UserControls/NavigationToolbarViewModel.cs,False,This method is an implementation of IAddressToolbarViewModel.UpdateAdditionalActions.
GetScaledImageAsThumbnailAsync,136,Files-4.0.24/src/Files.App/Utils/Storage/StorageBaseItems/BaseStorageFile.cs,False,This method is an implementation of IStorageItemProperties.GetScaledImageAsThumbnailAsync.
GetScaledImageAsThumbnailAsync,141,Files-4.0.24/src/Files.App/Utils/Storage/StorageBaseItems/BaseStorageFile.cs,False,This method is an implementation of IStorageItemProperties.GetScaledImageAsThumbnailAsync.
GetScaledImageAsThumbnailAsync,146,Files-4.0.24/src/Files.App/Utils/Storage/StorageBaseItems/BaseStorageFile.cs,False,This method is an implementation of IStorageItemProperties.GetScaledImageAsThumbnailAsync.
WriteTextAsync,175,Files-4.0.24/src/Files.App/Utils/Storage/StorageBaseItems/BaseStorageFile.cs,False,This method is an implementation of IBaseStorageFile.WriteTextAsync.
WriteBytesAsync,185,Files-4.0.24/src/Files.App/Utils/Storage/StorageBaseItems/BaseStorageFile.cs,False,This method is an implementation of IBaseStorageFile.WriteBytesAsync.
Contains,524,Files-4.0.24/src/Files.App/Utils/Storage/Collection/BulkConcurrentObservableCollection.cs,False,This method is an implementation of IList.Contains.
IndexOf,529,Files-4.0.24/src/Files.App/Utils/Storage/Collection/BulkConcurrentObservableCollection.cs,False,This method is an implementation of IList.IndexOf.
Insert,534,Files-4.0.24/src/Files.App/Utils/Storage/Collection/BulkConcurrentObservableCollection.cs,False,This method is an implementation of IList.Insert.
Remove,539,Files-4.0.24/src/Files.App/Utils/Storage/Collection/BulkConcurrentObservableCollection.cs,False,This method is an implementation of IList.Remove.
CopyTo,544,Files-4.0.24/src/Files.App/Utils/Storage/Collection/BulkConcurrentObservableCollection.cs,False,This method is an implementation of ICollection.CopyTo.
ICollection,72,Files-4.0.24/src/Files.App/Utils/Shell/ShellLibraryFolders.cs,False,"This appears to be an explicit interface implementation or a typo in the provided data, but given the context of ICollection parent, it is treated as an implementation."
Initialize,9,Files-4.0.24/src/Files.Core.SourceGenerator/Generators/CommandManagerGenerator.cs,False,This method is an implementation of IIncrementalGenerator.Initialize.
BeginScope,13,Files-4.0.24/src/Files.App/Utils/Logger/SentryLogger.cs,False,This method is an implementation of ILogger.BeginScope.
IsEnabled,18,Files-4.0.24/src/Files.App/Utils/Logger/SentryLogger.cs,False,This method is an implementation of ILogger.IsEnabled.
Convert,11,Files-4.0.24/src/Files.App/Converters/StorageDeleteOptionToBooleanConverter.cs,False,This method is an implementation of IValueConverter.Convert.
ConvertBack,16,Files-4.0.24/src/Files.App/Converters/StorageDeleteOptionToBooleanConverter.cs,False,This method is an implementation of IValueConverter.ConvertBack.
RenameAsync,101,Files-4.0.24/src/Files.App/Utils/Storage/StorageItems/VirtualStorageItem.cs,False,This method is an implementation of IStorageItem.RenameAsync.
RenameAsync,106,Files-4.0.24/src/Files.App/Utils/Storage/StorageItems/VirtualStorageItem.cs,False,This method is an implementation of IStorageItem.RenameAsync.
DeleteAsync,111,Files-4.0.24/src/Files.App/Utils/Storage/StorageItems/VirtualStorageItem.cs,False,This method is an implementation of IStorageItem.DeleteAsync.
DeleteAsync,116,Files-4.0.24/src/Files.App/Utils/Storage/StorageItems/VirtualStorageItem.cs,False,This method is an implementation of IStorageItem.DeleteAsync.
CreateLogger,10,Files-4.0.24/src/Files.App/Utils/Logger/SentryLoggerProvider.cs,False,This method is an implementation of ILoggerProvider.CreateLogger.
Convert,10,Files-4.0.24/src/Files.App/Converters/GenericEnumConverter.cs,False,This method is an implementation of IValueConverter.Convert.
ConvertBack,16,Files-4.0.24/src/Files.App/Converters/GenericEnumConverter.cs,False,This method is an implementation of IValueConverter.ConvertBack.
ConvertBack,40,Files-4.0.24/src/Files.App.Controls/AdaptiveGridView/AdaptiveHeightValueConverter.cs,False,This method is an implementation of IValueConverter.ConvertBack.
GetOutputStreamAt,159,Files-4.0.24/src/Files.App/Utils/Storage/StorageItems/StreamWithContentType.cs,False,This method is an implementation of IRandomAccessStream.GetOutputStreamAt.
WriteAsync,212,Files-4.0.24/src/Files.App/Utils/Storage/StorageItems/StreamWithContentType.cs,False,This method is an implementation of IOutputStream.WriteAsync.
Initialize,23,Files-4.0.24/src/Files.Core.SourceGenerator/Generators/StringsPropertyGenerator.cs,False,This method is an implementation of IIncrementalGenerator.Initialize.
GetScaledImageAsThumbnailAsync,205,Files-4.0.24/src/Files.App/Utils/Storage/StorageBaseItems/BaseStorageFolder.cs,False,This method is an implementation of IStorageItemProperties.GetScaledImageAsThumbnailAsync.
GetScaledImageAsThumbnailAsync,213,Files-4.0.24/src/Files.App/Utils/Storage/StorageBaseItems/BaseStorageFolder.cs,False,This method is an implementation of IStorageItemProperties.GetScaledImageAsThumbnailAsync.
Invoke,49,Files-4.0.24/src/Files.App.Controls/BreadcrumbBar/BreadcrumbBarItemAutomationPeer.cs,False,This method is an implementation of IInvokeProvider.Invoke.
Convert,11,Files-4.0.24/src/Files.App/Converters/VisibilityInvertConverter.cs,False,This method is an implementation of IValueConverter.Convert.
ConvertBack,21,Files-4.0.24/src/Files.App/Converters/VisibilityInvertConverter.cs,False,This method is an implementation of IValueConverter.ConvertBack.
Convert,10,Files-4.0.24/src/Files.App/Converters/EnumToBoolConverter.cs,False,This method is an implementation of IValueConverter.Convert.
ConvertBack,18,Files-4.0.24/src/Files.App/Converters/EnumToBoolConverter.cs,False,This method is an implementation of IValueConverter.ConvertBack.
Convert,11,Files-4.0.24/src/Files.App/Converters/BoolToSelectionModeConverter.cs,False,This method is an implementation of IValueConverter.Convert.
ConvertBack,16,Files-4.0.24/src/Files.App/Converters/BoolToSelectionModeConverter.cs,False,This method is an implementation of IValueConverter.ConvertBack.
Convert,44,Files-4.0.24/src/Files.App/Converters/Converters.cs,False,This method is an implementation of IValueConverter.Convert.
ConvertBack,58,Files-4.0.24/src/Files.App/Converters/Converters.cs,False,This method is an implementation of IValueConverter.ConvertBack.
RemoveFromSelection,84,Files-4.0.24/src/Files.App.Controls/Sidebar/SidebarItemAutomationPeer.cs,False,This method is an implementation of ISelectionItemProvider.RemoveFromSelection.
Convert,11,Files-4.0.24/src/Files.App/Converters/DoubleArrayToStringConverter.cs,False,This method is an implementation of IValueConverter.Convert.
ConvertBack,28,Files-4.0.24/src/Files.App/Converters/DoubleArrayToStringConverter.cs,False,This method is an implementation of IValueConverter.ConvertBack.
Convert,10,Files-4.0.24/src/Files.App/Converters/DoubleToStringConverter.cs,False,This method is an implementation of IValueConverter.Convert.
ConvertBack,20,Files-4.0.24/src/Files.App/Converters/DoubleToStringConverter.cs,False,This method is an implementation of IValueConverter.ConvertBack.
ConvertBack,32,Files-4.0.24/src/Files.App/Converters/EnumToHumanizedConverter.cs,False,This method is an implementation of IValueConverter.ConvertBack.
Convert,10,Files-4.0.24/src/Files.App/Converters/EnumToStringConverter.cs,False,This method is an implementation of IValueConverter.Convert.
ConvertBack,15,Files-4.0.24/src/Files.App/Converters/EnumToStringConverter.cs,False,This method is an implementation of IValueConverter.ConvertBack.
ConvertBack,115,Files-4.0.24/src/Files.App/Converters/StatusCenterStateToBrushConverter.cs,False,This method is an implementation of IValueConverter.ConvertBack.
Convert,11,Files-4.0.24/src/Files.App/Converters/StringArrayToStringConverter.cs,False,This method is an implementation of IValueConverter.Convert.
ConvertBack,27,Files-4.0.24/src/Files.App/Converters/StringArrayToStringConverter.cs,False,This method is an implementation of IValueConverter.ConvertBack.
ConvertBack,50,Files-4.0.24/src/Files.App/Converters/StatusCenterStateToStateIconConverter.cs,False,This method is an implementation of IValueConverter.ConvertBack.
Convert,13,Files-4.0.24/src/Files.App/Converters/StringToBrushConverter.cs,False,This method is an implementation of IValueConverter.Convert.
ConvertBack,28,Files-4.0.24/src/Files.App/Converters/StringToBrushConverter.cs,False,This method is an implementation of IValueConverter.ConvertBack.
Convert,10,Files-4.0.24/src/Files.App/Converters/UInt32ToStringConverter.cs,False,This method is an implementation of IValueConverter.Convert.
ConvertBack,15,Files-4.0.24/src/Files.App/Converters/UInt32ToStringConverter.cs,False,This method is an implementation of IValueConverter.ConvertBack.
Execute,104,Files-4.0.24/src/Files.App/Data/Commands/ModifiableCommand.cs,False,This method is an implementation of ICommand.Execute.
Execute,98,Files-4.0.24/src/Files.App/Data/Commands/NoneCommand.cs,False,This method is an implementation of ICommand.Execute.
ResetHotKeys,113,Files-4.0.24/src/Files.App/Data/Commands/NoneCommand.cs,False,This method is an implementation of IRichCommand.ResetHotKeys.
Convert,10,Files-4.0.24/src/Files.App/Converters/ConflictResolveOptionToIndexConverter.cs,False,This method is an implementation of IValueConverter.Convert.
ConvertBack,22,Files-4.0.24/src/Files.App/Converters/ConflictResolveOptionToIndexConverter.cs,False,This method is an implementation of IValueConverter.ConvertBack.
Convert,10,Files-4.0.24/src/Files.App/Converters/ImageModelToImageConverter.cs,False,This method is an implementation of IValueConverter.Convert.
ConvertBack,18,Files-4.0.24/src/Files.App/Converters/ImageModelToImageConverter.cs,False,This method is an implementation of IValueConverter.ConvertBack.
Contains,283,Files-4.0.24/src/Files.App/Utils/Storage/Collection/ConcurrentCollection.cs,False,This method is an implementation of IList.Contains.
IndexOf,288,Files-4.0.24/src/Files.App/Utils/Storage/Collection/ConcurrentCollection.cs,False,This method is an implementation of IList.IndexOf.
Insert,293,Files-4.0.24/src/Files.App/Utils/Storage/Collection/ConcurrentCollection.cs,False,This method is an implementation of IList.Insert.
Remove,298,Files-4.0.24/src/Files.App/Utils/Storage/Collection/ConcurrentCollection.cs,False,This method is an implementation of IList.Remove.
CopyTo,303,Files-4.0.24/src/Files.App/Utils/Storage/Collection/ConcurrentCollection.cs,False,This method is an implementation of ICollection.CopyTo.
GetInputStreamAt,55,Files-4.0.24/src/Files.App/Utils/Storage/StorageItems/StreamWithContentType.cs,False,This method is an implementation of IRandomAccessStream.GetInputStreamAt.
Seek,69,Files-4.0.24/src/Files.App/Utils/Storage/StorageItems/StreamWithContentType.cs,False,This method is an implementation of IRandomAccessStream.Seek.
ReadAsync,91,Files-4.0.24/src/Files.App/Utils/Storage/StorageItems/StreamWithContentType.cs,False,This method is an implementation of IInputStream.ReadAsync.
Execute,137,Files-4.0.24/src/Files.App/Data/Commands/ActionCommand.cs,False,This method is an implementation of ICommand.Execute.
Convert,12,Files-4.0.24/src/Files.App/Converters/DateTimeOffsetToStringConverter.cs,False,This method is an implementation of IValueConverter.Convert.
ConvertBack,19,Files-4.0.24/src/Files.App/Converters/DateTimeOffsetToStringConverter.cs,False,This method is an implementation of IValueConverter.ConvertBack.
OnCompleted,132,Files-4.0.24/src/Files.App/Helpers/WMI/ManagementEventWatcher.cs,False,This method is an implementation of IObserver.OnCompleted.
OnError,136,Files-4.0.24/src/Files.App/Helpers/WMI/ManagementEventWatcher.cs,False,This method is an implementation of IObserver.OnError.
OnNext,140,Files-4.0.24/src/Files.App/Helpers/WMI/ManagementEventWatcher.cs,False,This method is an implementation of IObserver.OnNext.
RaiseContentChanged,566,Files-4.0.24/src/Files.App/Views/Shells/BaseShellPage.cs,True,Cascading + LLM (No Internal Calls)
IsCorrectColumn,886,Files-4.0.24/src/Files.App/Views/Layouts/DetailsLayoutPage.xaml.cs,True,Cascading + LLM (No Internal Calls)
SetToolTip,1064,Files-4.0.24/src/Files.App/Views/Layouts/DetailsLayoutPage.xaml.cs,True,Cascading + LLM (No Internal Calls)
FileList_LosingFocus,1069,Files-4.0.24/src/Files.App/Views/Layouts/DetailsLayoutPage.xaml.cs,True,Cascading + LLM (No Internal Calls)
ExecuteEjectDeviceCommand,190,Files-4.0.24/src/Files.App/ViewModels/UserControls/Widgets/DrivesWidgetViewModel.cs,True,Cascading + LLM (No Internal Calls)
ResetLayoutPreferences,283,Files-4.0.24/src/Files.App/ViewModels/Settings/LayoutViewModel.cs,True,Cascading + LLM (No Internal Calls)
SetAsOpenFileDialogAsync,109,Files-4.0.24/src/Files.App/ViewModels/Settings/AdvancedViewModel.cs,True,Cascading + LLM (No Internal Calls)
ConvertBack,268,Files-4.0.24/src/Files.App/ViewModels/Properties/Items/FileProperty.cs,True,Cascading + LLM (No Internal Calls)
CalculateFileHashAsync,171,Files-4.0.24/src/Files.App/ViewModels/Properties/HashesViewModel.cs,True,Cascading + LLM (No Internal Calls)
ExecuteEjectDeviceCommand,188,Files-4.0.24/src/Files.App/ViewModels/UserControls/Widgets/NetworkLocationsWidgetViewModel.cs,True,Cascading + LLM (No Internal Calls)
ExecuteFormatDriveCommand,201,Files-4.0.24/src/Files.App/ViewModels/UserControls/Widgets/NetworkLocationsWidgetViewModel.cs,True,Cascading + LLM (No Internal Calls)
IsValidAbsolutePath,226,Files-4.0.24/src/Files.App/ViewModels/Dialogs/CreateShortcutDialogViewModel.cs,True,Cascading + LLM (No Internal Calls)
OnDocumentationClicked,282,Files-4.0.24/src/Files.App/Utils/Taskbar/SystemTrayIcon.cs,True,Cascading + LLM (No Internal Calls)
OnRestartClicked,287,Files-4.0.24/src/Files.App/Utils/Taskbar/SystemTrayIcon.cs,True,Cascading + LLM (No Internal Calls)
CheckIsRecentItemsEnabled,242,Files-4.0.24/src/Files.App/ViewModels/UserControls/Widgets/RecentFilesWidgetViewModel.cs,True,Cascading + LLM (No Internal Calls)
ShowLibraryManagementDialog,218,Files-4.0.24/src/Files.App/Utils/Shell/ShellLibraryEx.cs,True,Cascading + LLM (No Internal Calls)
HandleSelectionChange,37,Files-4.0.24/src/Files.App/Views/Layouts/ColumnsLayoutPage.xaml.cs,True,Cascading + LLM (No Internal Calls)
SetWidth,84,Files-4.0.24/src/Files.App/Views/Layouts/ColumnsLayoutPage.xaml.cs,True,Cascading + LLM (No Internal Calls)
RetrieveBladeColumnViewBase,357,Files-4.0.24/src/Files.App/Views/Layouts/ColumnsLayoutPage.xaml.cs,True,Cascading + LLM (No Internal Calls)
Button_AccessKeyInvoked,71,Files-4.0.24/src/Files.App/UserControls/NavigationToolbar.xaml.cs,True,Cascading + LLM (No Internal Calls)
OnItemTypeChanged,22,Files-4.0.24/src/Files.App/UserControls/KeyboardShortcut/KeyboardShortcutItem.cs,True,Cascading + LLM (No Internal Calls)
OnTextChanged,42,Files-4.0.24/src/Files.App/UserControls/KeyboardShortcut/KeyboardShortcutItem.cs,True,Cascading + LLM (No Internal Calls)
GetPreviewSize,40,Files-4.0.24/src/Files.App/UserControls/FilePreviews/ShellPreview.xaml.cs,True,Cascading + LLM (No Internal Calls)
OnColumnSortOptionChanged,25,Files-4.0.24/src/Files.App/UserControls/DataGridHeader.xaml.cs,True,Cascading + LLM (No Internal Calls)
GetPane,407,Files-4.0.24/src/Files.App/Views/ShellPanesPage.xaml.cs,True,Cascading + LLM (No Internal Calls)
GetPaneCount,416,Files-4.0.24/src/Files.App/Views/ShellPanesPage.xaml.cs,True,Cascading + LLM (No Internal Calls)
GetSizers,421,Files-4.0.24/src/Files.App/Views/ShellPanesPage.xaml.cs,True,Cascading + LLM (No Internal Calls)
DoConnectToGitHubAsync,131,Files-4.0.24/src/Files.App/ViewModels/Settings/DevToolsViewModel.cs,True,Cascading + LLM (No Internal Calls)
GenerateCommandCodes,47,Files-4.0.24/src/Files.Core.SourceGenerator/Generators/CommandManagerGenerator.cs,True,Cascading + LLM (No Internal Calls)
GenerateICommandManager,68,Files-4.0.24/src/Files.Core.SourceGenerator/Generators/CommandManagerGenerator.cs,True,Cascading + LLM (No Internal Calls)
GenerateCommandManager,94,Files-4.0.24/src/Files.Core.SourceGenerator/Generators/CommandManagerGenerator.cs,True,Cascading + LLM (No Internal Calls)
ExecuteShellCommand,49,Files-4.0.24/src/Files.App/Actions/Open/OpenClassicPropertiesAction.cs,True,Cascading + LLM (No Internal Calls)
InitStartupSettingsRecentFoldersFlyout,147,Files-4.0.24/src/Files.App/ViewModels/Settings/GeneralViewModel.cs,True,Cascading + LLM (No Internal Calls)
SetTitleBarDragRegion,67,Files-4.0.24/src/Files.App/Views/Properties/MainPropertiesPage.xaml.cs,True,Cascading + LLM (No Internal Calls)
UpdateLabel,49,Files-4.0.24/src/Files.App.Controls/Toolbar/ToolbarToggleButton/ToolbarToggleButton.cs,True,Cascading + LLM (No Internal Calls)
UpdateThemedIcon,98,Files-4.0.24/src/Files.App.Controls/Toolbar/ToolbarToggleButton/ToolbarToggleButton.cs,True,Cascading + LLM (No Internal Calls)
UpdateIconSize,112,Files-4.0.24/src/Files.App.Controls/Toolbar/ToolbarToggleButton/ToolbarToggleButton.cs,True,Cascading + LLM (No Internal Calls)
OnItemTypeChanged,17,Files-4.0.24/src/Files.App/UserControls/KeyboardShortcut/KeyboardShortcut.cs,True,Cascading + LLM (No Internal Calls)
OnSizeChanged,21,Files-4.0.24/src/Files.App/UserControls/KeyboardShortcut/KeyboardShortcut.cs,True,Cascading + LLM (No Internal Calls)
AdjustRadiusWidth,452,Files-4.0.24/src/Files.App.Controls/Storage/RingShape/RingShape.cs,True,Cascading + LLM (No Internal Calls)
AdjustRadiusHeight,473,Files-4.0.24/src/Files.App.Controls/Storage/RingShape/RingShape.cs,True,Cascading + LLM (No Internal Calls)
OpenLogLocation,101,Files-4.0.24/src/Files.App/ViewModels/Settings/AboutViewModel.cs,True,Cascading + LLM (No Internal Calls)
DoOpenDocumentation,117,Files-4.0.24/src/Files.App/ViewModels/Settings/AboutViewModel.cs,True,Cascading + LLM (No Internal Calls)
DoOpenDiscord,122,Files-4.0.24/src/Files.App/ViewModels/Settings/AboutViewModel.cs,True,Cascading + LLM (No Internal Calls)
DoSubmitFeatureRequest,127,Files-4.0.24/src/Files.App/ViewModels/Settings/AboutViewModel.cs,True,Cascading + LLM (No Internal Calls)
DoSubmitBugReport,132,Files-4.0.24/src/Files.App/ViewModels/Settings/AboutViewModel.cs,True,Cascading + LLM (No Internal Calls)
DoOpenGitHubRepo,137,Files-4.0.24/src/Files.App/ViewModels/Settings/AboutViewModel.cs,True,Cascading + LLM (No Internal Calls)
DoOpenPrivacyPolicy,142,Files-4.0.24/src/Files.App/ViewModels/Settings/AboutViewModel.cs,True,Cascading + LLM (No Internal Calls)
DoOpenCrowdin,147,Files-4.0.24/src/Files.App/ViewModels/Settings/AboutViewModel.cs,True,Cascading + LLM (No Internal Calls)
SupportUs,185,Files-4.0.24/src/Files.App/ViewModels/Settings/AboutViewModel.cs,True,Cascading + LLM (No Internal Calls)
GetAppVersion,190,Files-4.0.24/src/Files.App/ViewModels/Settings/AboutViewModel.cs,True,Cascading + LLM (No Internal Calls)
GetWindowsVersion,195,Files-4.0.24/src/Files.App/ViewModels/Settings/AboutViewModel.cs,True,Cascading + LLM (No Internal Calls)
UpdateItemType,17,Files-4.0.24/src/Files.App.Controls/Toolbar/ToolbarItem/ToolbarItem.cs,True,Cascading + LLM (No Internal Calls)
UpdateLabel,55,Files-4.0.24/src/Files.App.Controls/Toolbar/ToolbarItem/ToolbarItem.cs,True,Cascading + LLM (No Internal Calls)
UpdateSubItems,69,Files-4.0.24/src/Files.App.Controls/Toolbar/ToolbarItem/ToolbarItem.cs,True,Cascading + LLM (No Internal Calls)
UpdateContent,75,Files-4.0.24/src/Files.App.Controls/Toolbar/ToolbarItem/ToolbarItem.cs,True,Cascading + LLM (No Internal Calls)
UpdateThemedIcon,85,Files-4.0.24/src/Files.App.Controls/Toolbar/ToolbarItem/ToolbarItem.cs,True,Cascading + LLM (No Internal Calls)
UpdateKeyboardAcceleratorTextOverride,95,Files-4.0.24/src/Files.App.Controls/Toolbar/ToolbarItem/ToolbarItem.cs,True,Cascading + LLM (No Internal Calls)
UpdateGroupName,105,Files-4.0.24/src/Files.App.Controls/Toolbar/ToolbarItem/ToolbarItem.cs,True,Cascading + LLM (No Internal Calls)
UpdateCommand,115,Files-4.0.24/src/Files.App.Controls/Toolbar/ToolbarItem/ToolbarItem.cs,True,Cascading + LLM (No Internal Calls)
UpdateCommandParameter,129,Files-4.0.24/src/Files.App.Controls/Toolbar/ToolbarItem/ToolbarItem.cs,True,Cascading + LLM (No Internal Calls)
UpdateOverflowBehavior,143,Files-4.0.24/src/Files.App.Controls/Toolbar/ToolbarItem/ToolbarItem.cs,True,Cascading + LLM (No Internal Calls)
UpdateIconSize,171,Files-4.0.24/src/Files.App.Controls/Toolbar/ToolbarItem/ToolbarItem.cs,True,Cascading + LLM (No Internal Calls)
UpdateIsChecked,185,Files-4.0.24/src/Files.App.Controls/Toolbar/ToolbarItem/ToolbarItem.cs,True,Cascading + LLM (No Internal Calls)
IsCtrlDown,68,Files-4.0.24/src/Files.App.Controls/GridSplitter/GridSplitter.Events.cs,True,Cascading + LLM (No Internal Calls)
SetColumnWidth,21,Files-4.0.24/src/Files.App.Controls/GridSplitter/GridSplitter.Helper.cs,True,Cascading + LLM (No Internal Calls)
IsValidColumnWidth,46,Files-4.0.24/src/Files.App.Controls/GridSplitter/GridSplitter.Helper.cs,True,Cascading + LLM (No Internal Calls)
SetRowHeight,70,Files-4.0.24/src/Files.App.Controls/GridSplitter/GridSplitter.Helper.cs,True,Cascading + LLM (No Internal Calls)
IsValidRowHeight,95,Files-4.0.24/src/Files.App.Controls/GridSplitter/GridSplitter.Helper.cs,True,Cascading + LLM (No Internal Calls)
CopyPathFallback,92,Files-4.0.24/src/Files.App/Actions/FileSystem/CopyItemFromHomeAction.cs,True,Cascading + LLM (No Internal Calls)
IsNonCopyableLocation,104,Files-4.0.24/src/Files.App/Actions/FileSystem/CopyItemFromHomeAction.cs,True,Cascading + LLM (No Internal Calls)
ConvertInternal,22,Files-4.0.24/src/Files.App/Converters/GenericEnumConverter.cs,True,Cascading + LLM (No Internal Calls)
GetItemCount,17,Files-4.0.24/src/Files.App.Controls/Toolbar/Primitives/ToolbarLayout.cs,True,Cascading + LLM (No Internal Calls)
GetElementAt,22,Files-4.0.24/src/Files.App.Controls/Toolbar/Primitives/ToolbarLayout.cs,True,Cascading + LLM (No Internal Calls)
ArrangeItem,59,Files-4.0.24/src/Files.App.Controls/Toolbar/Primitives/ToolbarLayout.cs,True,Cascading + LLM (No Internal Calls)
OnActivatedAsync,160,Files-4.0.24/src/Files.App/App.xaml.cs,True,Cascading + LLM (No Internal Calls)
AddElementToSectionAsync,362,Files-4.0.24/src/Files.App/ViewModels/UserControls/SidebarViewModel.cs,True,Cascading + LLM (No Internal Calls)
ReorderItemsAsync,905,Files-4.0.24/src/Files.App/ViewModels/UserControls/SidebarViewModel.cs,True,Cascading + LLM (No Internal Calls)
HandleLocationItemDragOverAsync,1110,Files-4.0.24/src/Files.App/ViewModels/UserControls/SidebarViewModel.cs,True,Cascading + LLM (No Internal Calls)
HandleDriveItemDragOverAsync,1196,Files-4.0.24/src/Files.App/ViewModels/UserControls/SidebarViewModel.cs,True,Cascading + LLM (No Internal Calls)
HandleTagItemDragOverAsync,1250,Files-4.0.24/src/Files.App/ViewModels/UserControls/SidebarViewModel.cs,True,Cascading + LLM (No Internal Calls)
HandleDriveItemDroppedAsync,1301,Files-4.0.24/src/Files.App/ViewModels/UserControls/SidebarViewModel.cs,True,Cascading + LLM (No Internal Calls)
IsNameValid,160,Files-4.0.24/src/Files.App/Views/Settings/TagsPage.xaml.cs,True,Cascading + LLM (No Internal Calls)
ExecuteCancelCommand,383,Files-4.0.24/src/Files.App/ViewModels/Settings/ActionsViewModel.cs,True,Cascading + LLM (No Internal Calls)
OnPercentChanged,74,Files-4.0.24/src/Files.App.Controls/Storage/StorageRing/StorageRing.Properties.cs,True,Cascading + LLM (No Internal Calls)
CheckCanceled,1042,Files-4.0.24/src/Files.App/Utils/Storage/Operations/FileOperationsHelpers.cs,True,Cascading + LLM (No Internal Calls)
BlogPostWebView_CoreWebView2Initialized,85,Files-4.0.24/src/Files.App/Views/ReleaseNotesPage.xaml.cs,True,Cascading + LLM (No Internal Calls)
WebView_WebMessageReceived,117,Files-4.0.24/src/Files.App/Views/ReleaseNotesPage.xaml.cs,True,Cascading + LLM (No Internal Calls)
RaiseContextRequested,48,Files-4.0.24/src/Files.App.Controls/Sidebar/SidebarView.xaml.cs,True,Cascading + LLM (No Internal Calls)
MenuItemsHost_ElementPrepared,237,Files-4.0.24/src/Files.App.Controls/Sidebar/SidebarView.xaml.cs,True,Cascading + LLM (No Internal Calls)
GetShieldIcon,1051,Files-4.0.24/src/Files.App/ViewModels/ShellViewModel.cs,True,Cascading + LLM (No Internal Calls)
CheckCloudDriveSyncStatusAsync,2061,Files-4.0.24/src/Files.App/ViewModels/ShellViewModel.cs,True,Cascading + LLM (No Internal Calls)
GetExtraProperties,2088,Files-4.0.24/src/Files.App/ViewModels/ShellViewModel.cs,True,Cascading + LLM (No Internal Calls)
AutoSuggestBox_LosingFocus,27,Files-4.0.24/src/Files.App.Controls/Omnibar/Omnibar.Events.cs,True,Cascading + LLM (No Internal Calls)
AutoSuggestBoxSuggestionsPopup_GettingFocus,152,Files-4.0.24/src/Files.App.Controls/Omnibar/Omnibar.Events.cs,True,Cascading + LLM (No Internal Calls)
GetBladeItem,105,Files-4.0.24/src/Files.App.Controls/BladeView/BladeView.cs,True,Cascading + LLM (No Internal Calls)
OnPercentChanged,43,Files-4.0.24/src/Files.App.Controls/Storage/StorageBar/StorageBar.Properties.cs,True,Cascading + LLM (No Internal Calls)
ReadAllKeys,116,Files-4.0.24/src/Files.Core.SourceGenerator/Generators/StringsPropertyGenerator.cs,True,Cascading + LLM (No Internal Calls)
KeyNameValidator,131,Files-4.0.24/src/Files.Core.SourceGenerator/Generators/StringsPropertyGenerator.cs,True,Cascading + LLM (No Internal Calls)
SetContentDialogRoot,80,Files-4.0.24/src/Files.App/Views/MainPage.xaml.cs,True,Cascading + LLM (No Internal Calls)
SettingsButton_AccessKeyInvoked,456,Files-4.0.24/src/Files.App/Views/MainPage.xaml.cs,True,Cascading + LLM (No Internal Calls)
GetAutomaticDestinations,19,Files-4.0.24/src/Files.App.Storage/Windows/Managers/JumpListManager.cs,True,Cascading + LLM (No Internal Calls)
GetCustomDestinations,24,Files-4.0.24/src/Files.App.Storage/Windows/Managers/JumpListManager.cs,True,Cascading + LLM (No Internal Calls)
TabItemContextMenu_Closing,284,Files-4.0.24/src/Files.App/UserControls/TabBar/TabBar.xaml.cs,True,Cascading + LLM (No Internal Calls)
ShowErrorDialog,35,Files-4.0.24/src/Files.App/Actions/Content/Background/BaseSetAsAction.cs,True,Cascading + LLM (No Internal Calls)
UpdateLabel,50,Files-4.0.24/src/Files.App.Controls/Toolbar/ToolbarButton/ToolbarButton.cs,True,Cascading + LLM (No Internal Calls)
UpdateThemedIcon,99,Files-4.0.24/src/Files.App.Controls/Toolbar/ToolbarButton/ToolbarButton.cs,True,Cascading + LLM (No Internal Calls)
UpdateIconSize,113,Files-4.0.24/src/Files.App.Controls/Toolbar/ToolbarButton/ToolbarButton.cs,True,Cascading + LLM (No Internal Calls)
GetUncompressedSize,76,Files-4.0.24/src/Files.App/Utils/Storage/StorageItems/ZipStorageFolder.cs,True,Cascading + LLM (No Internal Calls)
DeleteLogFiles,31,Files-4.0.24/src/Files.App.BackgroundTasks/UpdateTask.cs,True,Cascading + LLM (No Internal Calls)
RefreshJumpListAsync,37,Files-4.0.24/src/Files.App.BackgroundTasks/UpdateTask.cs,True,Cascading + LLM (No Internal Calls)
CopyPathFallback,93,Files-4.0.24/src/Files.App/Actions/Sidebar/CopyItemFromSidebarAction.cs,True,Cascading + LLM (No Internal Calls)
IsNonCopyableLocation,105,Files-4.0.24/src/Files.App/Actions/Sidebar/CopyItemFromSidebarAction.cs,True,Cascading + LLM (No Internal Calls)
UpdateVisibility,110,Files-4.0.24/src/Files.App/Data/Items/DetailsLayoutColumnItem.cs,True,Cascading + LLM (No Internal Calls)
UpdateItemTemplate,222,Files-4.0.24/src/Files.App.Controls/Toolbar/Toolbar.cs,True,Cascading + LLM (No Internal Calls)
SortByItemTypeForOverflowItemList,473,Files-4.0.24/src/Files.App.Controls/Toolbar/Toolbar.cs,True,Cascading + LLM (No Internal Calls)
CreateToolbarButton,662,Files-4.0.24/src/Files.App.Controls/Toolbar/Toolbar.cs,True,Cascading + LLM (No Internal Calls)
CreateToolbarToggleButton,678,Files-4.0.24/src/Files.App.Controls/Toolbar/Toolbar.cs,True,Cascading + LLM (No Internal Calls)
CreateToolbarSeparator,695,Files-4.0.24/src/Files.App.Controls/Toolbar/Toolbar.cs,True,Cascading + LLM (No Internal Calls)
RemoveItemFromOverflowList,742,Files-4.0.24/src/Files.App.Controls/Toolbar/Toolbar.cs,True,Cascading + LLM (No Internal Calls)
RemoveItemFromList,753,Files-4.0.24/src/Files.App.Controls/Toolbar/Toolbar.cs,True,Cascading + LLM (No Internal Calls)
AppBarButton_AccessKeyInvoked,105,Files-4.0.24/src/Files.App/UserControls/Toolbar.xaml.cs,True,Cascading + LLM (No Internal Calls)
int,19,Files-4.0.24/src/Files.App/Utils/Shell/PreviewHandler.cs,True,Cascading + LLM (No Internal Calls)
SetContentDialogRoot,43,Files-4.0.24/src/Files.App/Dialogs/FilesystemOperationDialog.xaml.cs,True,Cascading + LLM (No Internal Calls)
StartRename,167,Files-4.0.24/src/Files.App/Dialogs/FilesystemOperationDialog.xaml.cs,True,Cascading + LLM (No Internal Calls)
GetAllMonitorInfo,222,Files-4.0.24/src/Files.App/Data/Items/WindowEx.cs,True,Cascading + LLM (No Internal Calls)
SetThinAcrylicBackdropProperties,129,Files-4.0.24/src/Files.App/Helpers/UI/AppSystemBackdrop.cs,True,Cascading + LLM (No Internal Calls)
SetContentDialogRoot,31,Files-4.0.24/src/Files.App/Dialogs/FileTooLargeDialog.xaml.cs,True,Cascading + LLM (No Internal Calls)
DragOver_SetCaptions,65,Files-4.0.24/src/Files.App/Dialogs/ReorderSidebarItemsDialog.xaml.cs,True,Cascading + LLM (No Internal Calls)
IsPathUsingDefaultLayout,246,Files-4.0.24/src/Files.App/Helpers/Layout/LayoutPreferencesManager.cs,True,Cascading + LLM (No Internal Calls)
UpdateTag,96,Files-4.0.24/src/Files.App/Utils/FileTags/FileTagsDatabase.cs,True,Cascading Analysis
UpdateTag,124,Files-4.0.24/src/Files.App/Utils/FileTags/FileTagsDatabase.cs,True,Cascading Analysis
GetTags,152,Files-4.0.24/src/Files.App/Utils/FileTags/FileTagsDatabase.cs,True,Cascading Analysis
GetPreferences,17,Files-4.0.24/src/Files.App/Helpers/Layout/LayoutPreferencesDatabase.cs,True,Cascading Analysis
SetPreferences,22,Files-4.0.24/src/Files.App/Helpers/Layout/LayoutPreferencesDatabase.cs,True,Cascading Analysis
Page_ContentChanged,55,Files-4.0.24/src/Files.App/Data/Contexts/MultiPanes/MultiPanesContext.cs,True,Cascading Analysis
MeasureTagColumnEstimate,832,Files-4.0.24/src/Files.App/Views/Layouts/DetailsLayoutPage.xaml.cs,True,Cascading + LLM (With Internal Calls)
MeasureTextColumnEstimate,858,Files-4.0.24/src/Files.App/Views/Layouts/DetailsLayoutPage.xaml.cs,True,Cascading + LLM (With Internal Calls)
TextBlock_IsTextTrimmedChanged,1053,Files-4.0.24/src/Files.App/Views/Layouts/DetailsLayoutPage.xaml.cs,True,Cascading + LLM (With Internal Calls)
TextBlock_DataContextChanged,1058,Files-4.0.24/src/Files.App/Views/Layouts/DetailsLayoutPage.xaml.cs,True,Cascading + LLM (With Internal Calls)
OnItemTypePropertyChanged,49,Files-4.0.24/src/Files.App/UserControls/KeyboardShortcut/KeyboardShortcutItem.Properties.cs,True,Cascading + LLM (With Internal Calls)
OnSizePropertyChanged,54,Files-4.0.24/src/Files.App/UserControls/KeyboardShortcut/KeyboardShortcutItem.Properties.cs,True,Cascading + LLM (With Internal Calls)
OnTextPropertyChanged,59,Files-4.0.24/src/Files.App/UserControls/KeyboardShortcut/KeyboardShortcutItem.Properties.cs,True,Cascading + LLM (With Internal Calls)
LabelChanged,128,Files-4.0.24/src/Files.App.Controls/Toolbar/ToolbarToggleButton/ToolbarToggleButton.cs,True,Cascading + LLM (With Internal Calls)
ThemedIconChanged,139,Files-4.0.24/src/Files.App.Controls/Toolbar/ToolbarToggleButton/ToolbarToggleButton.cs,True,Cascading + LLM (With Internal Calls)
IconSizeChanged,150,Files-4.0.24/src/Files.App.Controls/Toolbar/ToolbarToggleButton/ToolbarToggleButton.cs,True,Cascading + LLM (With Internal Calls)
OnItemTypePropertyChanged,49,Files-4.0.24/src/Files.App/UserControls/KeyboardShortcut/KeyboardShortcut.Properties.cs,True,Cascading + LLM (With Internal Calls)
OnSizePropertyChanged,54,Files-4.0.24/src/Files.App/UserControls/KeyboardShortcut/KeyboardShortcut.Properties.cs,True,Cascading + LLM (With Internal Calls)
CopyAppVersion,152,Files-4.0.24/src/Files.App/ViewModels/Settings/AboutViewModel.cs,True,Cascading + LLM (With Internal Calls)
CopyWindowsVersion,163,Files-4.0.24/src/Files.App/ViewModels/Settings/AboutViewModel.cs,True,Cascading + LLM (With Internal Calls)
ItemTypeChanged,198,Files-4.0.24/src/Files.App.Controls/Toolbar/ToolbarItem/ToolbarItem.cs,True,Cascading + LLM (With Internal Calls)
OverflowBehaviorChanged,205,Files-4.0.24/src/Files.App.Controls/Toolbar/ToolbarItem/ToolbarItem.cs,True,Cascading + LLM (With Internal Calls)
LabelChanged,212,Files-4.0.24/src/Files.App.Controls/Toolbar/ToolbarItem/ToolbarItem.cs,True,Cascading + LLM (With Internal Calls)
SubItemsChanged,224,Files-4.0.24/src/Files.App.Controls/Toolbar/ToolbarItem/ToolbarItem.cs,True,Cascading + LLM (With Internal Calls)
ContentChanged,231,Files-4.0.24/src/Files.App.Controls/Toolbar/ToolbarItem/ToolbarItem.cs,True,Cascading + LLM (With Internal Calls)
ThemedIconChanged,238,Files-4.0.24/src/Files.App.Controls/Toolbar/ToolbarItem/ToolbarItem.cs,True,Cascading + LLM (With Internal Calls)
KeyboardAcceleratorTextOverrideChanged,245,Files-4.0.24/src/Files.App.Controls/Toolbar/ToolbarItem/ToolbarItem.cs,True,Cascading + LLM (With Internal Calls)
GroupNameChanged,252,Files-4.0.24/src/Files.App.Controls/Toolbar/ToolbarItem/ToolbarItem.cs,True,Cascading + LLM (With Internal Calls)
CommandChanged,259,Files-4.0.24/src/Files.App.Controls/Toolbar/ToolbarItem/ToolbarItem.cs,True,Cascading + LLM (With Internal Calls)
CommandParameterChanged,266,Files-4.0.24/src/Files.App.Controls/Toolbar/ToolbarItem/ToolbarItem.cs,True,Cascading + LLM (With Internal Calls)
IconSizeChanged,276,Files-4.0.24/src/Files.App.Controls/Toolbar/ToolbarItem/ToolbarItem.cs,True,Cascading + LLM (With Internal Calls)
IsCheckedChanged,286,Files-4.0.24/src/Files.App.Controls/Toolbar/ToolbarItem/ToolbarItem.cs,True,Cascading + LLM (With Internal Calls)
HandleItemDragOverAsync,1100,Files-4.0.24/src/Files.App/ViewModels/UserControls/SidebarViewModel.cs,True,Cascading + LLM (With Internal Calls)
GetFileOrFolderUpdateInfoAsync,2602,Files-4.0.24/src/Files.App/ViewModels/ShellViewModel.cs,True,Cascading + LLM (With Internal Calls)
LabelChanged,129,Files-4.0.24/src/Files.App.Controls/Toolbar/ToolbarButton/ToolbarButton.cs,True,Cascading + LLM (With Internal Calls)
ThemedIconChanged,140,Files-4.0.24/src/Files.App.Controls/Toolbar/ToolbarButton/ToolbarButton.cs,True,Cascading + LLM (With Internal Calls)
IconSizeChanged,150,Files-4.0.24/src/Files.App.Controls/Toolbar/ToolbarButton/ToolbarButton.cs,True,Cascading + LLM (With Internal Calls)
RunAsync,18,Files-4.0.24/src/Files.App.BackgroundTasks/UpdateTask.cs,True,Cascading + LLM (With Internal Calls)
ItemTemplateChanged,340,Files-4.0.24/src/Files.App.Controls/Toolbar/Toolbar.cs,True,Cascading + LLM (With Internal Calls)
MeasureColumnEstimate,821,Files-4.0.24/src/Files.App/Views/Layouts/DetailsLayoutPage.xaml.cs,True,Cascading + LLM (With Internal Calls)
ColumnViewBrowser_ContentChanged,272,Files-4.0.24/src/Files.App/Views/Layouts/ColumnsLayoutPage.xaml.cs,True,Cascading + LLM (With Internal Calls)
Add,264,Files-4.0.24/src/Files.Core.SourceGenerator/Utilities/HashCode.cs,False,Cascading Analysis
Add,269,Files-4.0.24/src/Files.Core.SourceGenerator/Utilities/HashCode.cs,False,Cascading Analysis
AddBytes,274,Files-4.0.24/src/Files.Core.SourceGenerator/Utilities/HashCode.cs,False,Cascading Analysis
AddItemsForLibraryAsync,179,Files-4.0.24/src/Files.App/Utils/Storage/Search/FolderSearch.cs,False,Cascading Analysis
ComputeSizeRecursively,41,Files-4.0.24/src/Files.App/Utils/Storage/Operations/FileSizeCalculator.cs,False,Cascading Analysis
ForceComputeFileSize,131,Files-4.0.24/src/Files.App/Utils/Storage/Operations/FileSizeCalculator.cs,False,Cascading Analysis
GetAll,157,Files-4.0.24/src/Files.App/Utils/FileTags/FileTagsDatabase.cs,False,Cascading Analysis
GetAllUnderPath,176,Files-4.0.24/src/Files.App/Utils/FileTags/FileTagsDatabase.cs,False,Cascading Analysis
Export,220,Files-4.0.24/src/Files.App/Utils/FileTags/FileTagsDatabase.cs,False,Cascading Analysis
IterateKeys,230,Files-4.0.24/src/Files.App/Utils/FileTags/FileTagsDatabase.cs,False,Cascading Analysis
UISettings_ColorValuesChanged,124,Files-4.0.24/src/Files.App/Services/App/AppThemeModeService.cs,False,Cascading Analysis
AddSelectedItems,61,Files-4.0.24/src/Files.App/Data/Models/ItemManipulationModel.cs,False,Cascading Analysis
RemoveSelectedItems,74,Files-4.0.24/src/Files.App/Data/Models/ItemManipulationModel.cs,False,Cascading Analysis
SetSelectedItem,82,Files-4.0.24/src/Files.App/Data/Models/ItemManipulationModel.cs,False,Cascading Analysis
SetSelectedItems,88,Files-4.0.24/src/Files.App/Data/Models/ItemManipulationModel.cs,False,Cascading Analysis
AddItemToSidebarAsync,159,Files-4.0.24/src/Files.App/Data/Models/PinnedFoldersManager.cs,False,Cascading Analysis
LoadAsync,227,Files-4.0.24/src/Files.App/Data/Models/PinnedFoldersManager.cs,False,Cascading Analysis
ToIcon,37,Files-4.0.24/src/Files.App/Data/Commands/RichGlyph.cs,False,Cascading Analysis
Export,104,Files-4.0.24/src/Files.App/Helpers/Layout/LayoutPreferencesDatabase.cs,False,Cascading Analysis
IterateKeys,111,Files-4.0.24/src/Files.App/Helpers/Layout/LayoutPreferencesDatabase.cs,False,Cascading Analysis
FolderSettings_SortOptionPreferenceUpdated,291,Files-4.0.24/src/Files.App/Views/Layouts/DetailsLayoutPage.xaml.cs,False,Cascading + LLM (With Internal Calls)
FolderSettings_SortDirectionPreferenceUpdated,296,Files-4.0.24/src/Files.App/Views/Layouts/DetailsLayoutPage.xaml.cs,False,Cascading + LLM (With Internal Calls)
FileList_ContainerContentChanging,943,Files-4.0.24/src/Files.App/Views/Layouts/DetailsLayoutPage.xaml.cs,False,Cascading + LLM (With Internal Calls)
SetCheckboxSelectionState,959,Files-4.0.24/src/Files.App/Views/Layouts/DetailsLayoutPage.xaml.cs,False,Cascading + LLM (With Internal Calls)
SetAsDefaultExplorerAsync,47,Files-4.0.24/src/Files.App/ViewModels/Settings/AdvancedViewModel.cs,False,Cascading + LLM (With Internal Calls)
UpdateGroups,141,Files-4.0.24/src/Files.App/Utils/Storage/Collection/BulkConcurrentObservableCollection.cs,False,Cascading + LLM (With Internal Calls)
DismissOtherBlades,194,Files-4.0.24/src/Files.App/Views/Layouts/ColumnsLayoutPage.xaml.cs,False,Cascading + LLM (With Internal Calls)
DismissOtherBlades,199,Files-4.0.24/src/Files.App/Views/Layouts/ColumnsLayoutPage.xaml.cs,False,Cascading + LLM (With Internal Calls)
CloseUnnecessaryColumns,465,Files-4.0.24/src/Files.App/Views/Layouts/ColumnsLayoutPage.xaml.cs,False,Cascading + LLM (With Internal Calls)
BackHistoryFlyout_Opening,78,Files-4.0.24/src/Files.App/UserControls/NavigationToolbar.xaml.cs,False,Cascading + LLM (With Internal Calls)
ForwardHistoryFlyout_Opening,87,Files-4.0.24/src/Files.App/UserControls/NavigationToolbar.xaml.cs,False,Cascading + LLM (With Internal Calls)
TogglePlaybackAcceleratorInvoked,65,Files-4.0.24/src/Files.App/UserControls/FilePreviews/MediaPreview.xaml.cs,False,Cascading + LLM (With Internal Calls)
FolderSettings_GroupOptionPreferenceUpdated,544,Files-4.0.24/src/Files.App/Views/Layouts/BaseLayoutPage.cs,False,Cascading + LLM (With Internal Calls)
FolderSettings_GroupDirectionPreferenceUpdated,549,Files-4.0.24/src/Files.App/Views/Layouts/BaseLayoutPage.cs,False,Cascading + LLM (With Internal Calls)
FolderSettings_GroupByDateUnitPreferenceUpdated,554,Files-4.0.24/src/Files.App/Views/Layouts/BaseLayoutPage.cs,False,Cascading + LLM (With Internal Calls)
TryLoadPagesAsync,55,Files-4.0.24/src/Files.App/ViewModels/UserControls/Previews/PDFPreviewViewModel.cs,False,Cascading + LLM (With Internal Calls)
UpdateContent,59,Files-4.0.24/src/Files.App.Controls/Toolbar/ToolbarToggleButton/ToolbarToggleButton.cs,False,Cascading + LLM (With Internal Calls)
ContentChanged,164,Files-4.0.24/src/Files.App.Controls/Toolbar/ToolbarToggleButton/ToolbarToggleButton.cs,False,Cascading + LLM (With Internal Calls)
TabView_TabCloseRequested,82,Files-4.0.24/src/Files.App/UserControls/TabBar/BaseTabBar.cs,False,Cascading + LLM (With Internal Calls)
SelectionChanged,108,Files-4.0.24/src/Files.App/UserControls/TabBar/BaseTabBar.cs,False,Cascading + LLM (With Internal Calls)
OnHotKeysPropertyChanged,59,Files-4.0.24/src/Files.App/UserControls/KeyboardShortcut/KeyboardShortcut.Properties.cs,False,Cascading + LLM (With Internal Calls)
OnStartAngleChanged,46,Files-4.0.24/src/Files.App.Controls/Storage/RingShape/RingShape.Properties.cs,False,Cascading + LLM (With Internal Calls)
OnEndAngleChanged,51,Files-4.0.24/src/Files.App.Controls/Storage/RingShape/RingShape.Properties.cs,False,Cascading + LLM (With Internal Calls)
OnSweepDirectionChanged,56,Files-4.0.24/src/Files.App.Controls/Storage/RingShape/RingShape.Properties.cs,False,Cascading + LLM (With Internal Calls)
OnMinAngleChanged,61,Files-4.0.24/src/Files.App.Controls/Storage/RingShape/RingShape.Properties.cs,False,Cascading + LLM (With Internal Calls)
OnMaxAngleChanged,66,Files-4.0.24/src/Files.App.Controls/Storage/RingShape/RingShape.Properties.cs,False,Cascading + LLM (With Internal Calls)
OnRadiusWidthChanged,71,Files-4.0.24/src/Files.App.Controls/Storage/RingShape/RingShape.Properties.cs,False,Cascading + LLM (With Internal Calls)
OnRadiusHeightChanged,76,Files-4.0.24/src/Files.App.Controls/Storage/RingShape/RingShape.Properties.cs,False,Cascading + LLM (With Internal Calls)
OnIsCircleChanged,81,Files-4.0.24/src/Files.App.Controls/Storage/RingShape/RingShape.Properties.cs,False,Cascading + LLM (With Internal Calls)
OnStrokeThicknessChanged,92,Files-4.0.24/src/Files.App.Controls/Storage/RingShape/RingShape.cs,False,Cascading + LLM (With Internal Calls)
CopyUserID,174,Files-4.0.24/src/Files.App/ViewModels/Settings/AboutViewModel.cs,False,Cascading + LLM (With Internal Calls)
GetVersionsQueryString,206,Files-4.0.24/src/Files.App/ViewModels/Settings/AboutViewModel.cs,False,Cascading + LLM (With Internal Calls)
CoCreateInstance,78,Files-4.0.24/src/Files.App.CsWin32/ComPtr`1.cs,False,Cascading + LLM (With Internal Calls)
CreateItemHomeAsync,273,Files-4.0.24/src/Files.App/ViewModels/UserControls/SidebarViewModel.cs,False,Cascading + LLM (With Internal Calls)
SyncSidebarItemsAsync,303,Files-4.0.24/src/Files.App/ViewModels/UserControls/SidebarViewModel.cs,False,Cascading + LLM (With Internal Calls)
GetOrCreateSectionAsync,442,Files-4.0.24/src/Files.App/ViewModels/UserControls/SidebarViewModel.cs,False,Cascading + LLM (With Internal Calls)
HandleItemDroppedAsync,1271,Files-4.0.24/src/Files.App/ViewModels/UserControls/SidebarViewModel.cs,False,Cascading + LLM (With Internal Calls)
OnValueRingThicknessChanged,40,Files-4.0.24/src/Files.App.Controls/Storage/StorageRing/StorageRing.Properties.cs,False,Cascading + LLM (With Internal Calls)
OnTrackRingThicknessChanged,46,Files-4.0.24/src/Files.App.Controls/Storage/StorageRing/StorageRing.Properties.cs,False,Cascading + LLM (With Internal Calls)
OnSideContentChanged,19,Files-4.0.24/src/Files.App.Controls/SamplePanel/SamplePanel.Properties.cs,False,Cascading + LLM (With Internal Calls)
OnLayerTypeChanged,26,Files-4.0.24/src/Files.App.Controls/ThemedIcon/ThemedIconLayer/ThemedIconLayer.Properties.cs,False,Cascading + LLM (With Internal Calls)
OnPathDataChanged,31,Files-4.0.24/src/Files.App.Controls/ThemedIcon/ThemedIconLayer/ThemedIconLayer.Properties.cs,False,Cascading + LLM (With Internal Calls)
OnLayerSizeChanged,36,Files-4.0.24/src/Files.App.Controls/ThemedIcon/ThemedIconLayer/ThemedIconLayer.Properties.cs,False,Cascading + LLM (With Internal Calls)
OnLayerColorChanged,41,Files-4.0.24/src/Files.App.Controls/ThemedIcon/ThemedIconLayer/ThemedIconLayer.Properties.cs,False,Cascading + LLM (With Internal Calls)
OnIconColorTypeChanged,46,Files-4.0.24/src/Files.App.Controls/ThemedIcon/ThemedIconLayer/ThemedIconLayer.Properties.cs,False,Cascading + LLM (With Internal Calls)
LayerTypeChanged,32,Files-4.0.24/src/Files.App.Controls/ThemedIcon/ThemedIconLayer/ThemedIconLayer.cs,False,Cascading + LLM (With Internal Calls)
LayerPathDataChanged,37,Files-4.0.24/src/Files.App.Controls/ThemedIcon/ThemedIconLayer/ThemedIconLayer.cs,False,Cascading + LLM (With Internal Calls)
IconColorTypeChanged,55,Files-4.0.24/src/Files.App.Controls/ThemedIcon/ThemedIconLayer/ThemedIconLayer.cs,False,Cascading + LLM (With Internal Calls)
OnValueBarHeightChanged,28,Files-4.0.24/src/Files.App.Controls/Storage/StorageBar/StorageBar.Properties.cs,False,Cascading + LLM (With Internal Calls)
OnTrackBarHeightChanged,33,Files-4.0.24/src/Files.App.Controls/Storage/StorageBar/StorageBar.Properties.cs,False,Cascading + LLM (With Internal Calls)
OnBarShapeChanged,38,Files-4.0.24/src/Files.App.Controls/Storage/StorageBar/StorageBar.Properties.cs,False,Cascading + LLM (With Internal Calls)
OnPercentCautionChanged,48,Files-4.0.24/src/Files.App.Controls/Storage/StorageBar/StorageBar.Properties.cs,False,Cascading + LLM (With Internal Calls)
OnPercentCriticalChanged,53,Files-4.0.24/src/Files.App.Controls/Storage/StorageBar/StorageBar.Properties.cs,False,Cascading + LLM (With Internal Calls)
UpdateControl,92,Files-4.0.24/src/Files.App.Controls/Storage/StorageBar/StorageBar.cs,False,Cascading + LLM (With Internal Calls)
ExecuteReloadWidgetsCommand,206,Files-4.0.24/src/Files.App/ViewModels/HomeViewModel.cs,False,Cascading + LLM (With Internal Calls)
CalculateOptimalWidth,135,Files-4.0.24/src/Files.App.Controls/BladeView/BladeItem.cs,False,Cascading + LLM (With Internal Calls)
MeasureContentWidth,159,Files-4.0.24/src/Files.App.Controls/BladeView/BladeItem.cs,False,Cascading + LLM (With Internal Calls)
GetTextBlocksFromVisualTree,212,Files-4.0.24/src/Files.App.Controls/BladeView/BladeItem.cs,False,Cascading + LLM (With Internal Calls)
UpdateContent,60,Files-4.0.24/src/Files.App.Controls/Toolbar/ToolbarButton/ToolbarButton.cs,False,Cascading + LLM (With Internal Calls)
ContentChanged,164,Files-4.0.24/src/Files.App.Controls/Toolbar/ToolbarButton/ToolbarButton.cs,False,Cascading + LLM (With Internal Calls)
FileList_ContainerContentChanging,697,Files-4.0.24/src/Files.App/Views/Layouts/GridLayoutPage.xaml.cs,False,Cascading + LLM (With Internal Calls)
SetCheckboxSelectionState,713,Files-4.0.24/src/Files.App/Views/Layouts/GridLayoutPage.xaml.cs,False,Cascading + LLM (With Internal Calls)
UserControl_ActualThemeChanged,37,Files-4.0.24/src/Files.App/UserControls/FilePreviews/CodePreview.xaml.cs,False,Cascading + LLM (With Internal Calls)
OnFilledIconDataChanged,44,Files-4.0.24/src/Files.App.Controls/ThemedIcon/ThemedIcon.Properties.cs,False,Cascading + LLM (With Internal Calls)
OnOutlineIconDataChanged,49,Files-4.0.24/src/Files.App.Controls/ThemedIcon/ThemedIcon.Properties.cs,False,Cascading + LLM (With Internal Calls)
OnColorChanged,54,Files-4.0.24/src/Files.App.Controls/ThemedIcon/ThemedIcon.Properties.cs,False,Cascading + LLM (With Internal Calls)
OnIconTypeChanged,60,Files-4.0.24/src/Files.App.Controls/ThemedIcon/ThemedIcon.Properties.cs,False,Cascading + LLM (With Internal Calls)
OnIconColorTypeChanged,65,Files-4.0.24/src/Files.App.Controls/ThemedIcon/ThemedIcon.Properties.cs,False,Cascading + LLM (With Internal Calls)
OnIconSizeChanged,70,Files-4.0.24/src/Files.App.Controls/ThemedIcon/ThemedIcon.Properties.cs,False,Cascading + LLM (With Internal Calls)
OnIsToggledChanged,76,Files-4.0.24/src/Files.App.Controls/ThemedIcon/ThemedIcon.Properties.cs,False,Cascading + LLM (With Internal Calls)
OnIsFilledChanged,81,Files-4.0.24/src/Files.App.Controls/ThemedIcon/ThemedIcon.Properties.cs,False,Cascading + LLM (With Internal Calls)
OnIsHighContrastChanged,86,Files-4.0.24/src/Files.App.Controls/ThemedIcon/ThemedIcon.Properties.cs,False,Cascading + LLM (With Internal Calls)
OnLayersChanged,91,Files-4.0.24/src/Files.App.Controls/ThemedIcon/ThemedIcon.Properties.cs,False,Cascading + LLM (With Internal Calls)
OnToggleBehaviorChanged,96,Files-4.0.24/src/Files.App.Controls/ThemedIcon/ThemedIcon.Properties.cs,False,Cascading + LLM (With Internal Calls)
OnStylePropertyChanged,101,Files-4.0.24/src/Files.App.Controls/ThemedIcon/ThemedIcon.Properties.cs,False,Cascading + LLM (With Internal Calls)
UpdateVisualStates,228,Files-4.0.24/src/Files.App.Controls/ThemedIcon/ThemedIcon.cs,False,Cascading + LLM (With Internal Calls)
Convert,21,Files-4.0.24/src/Files.App/Converters/Converters.cs,False,Cascading + LLM (With Internal Calls)
ConvertBack,31,Files-4.0.24/src/Files.App/Converters/Converters.cs,False,Cascading + LLM (With Internal Calls)
ShowSplashScreen,46,Files-4.0.24/src/Files.App/MainWindow.xaml.cs,False,Cascading + LLM (With Internal Calls)
ItemsOnVectorChanged,132,Files-4.0.24/src/Files.App.Controls/AdaptiveGridView/AdaptiveGridView.cs,False,Cascading + LLM (With Internal Calls)
OnItemsPropertyChanged,66,Files-4.0.24/src/Files.App.Controls/Toolbar/Toolbar.Properties.cs,False,Cascading + LLM (With Internal Calls)
OnItemListPropertyChanged,140,Files-4.0.24/src/Files.App.Controls/Toolbar/Toolbar.Properties.cs,False,Cascading + LLM (With Internal Calls)
OnItemOverflowListPropertyChanged,174,Files-4.0.24/src/Files.App.Controls/Toolbar/Toolbar.Properties.cs,False,Cascading + LLM (With Internal Calls)
UpdateToolbarSize,228,Files-4.0.24/src/Files.App.Controls/Toolbar/Toolbar.cs,False,Cascading + LLM (With Internal Calls)
UpdateAvailableSize,235,Files-4.0.24/src/Files.App.Controls/Toolbar/Toolbar.cs,False,Cascading + LLM (With Internal Calls)
UpdatePrivateItemList,305,Files-4.0.24/src/Files.App.Controls/Toolbar/Toolbar.cs,False,Cascading + LLM (With Internal Calls)
UpdatePrivateItemOverflowList,316,Files-4.0.24/src/Files.App.Controls/Toolbar/Toolbar.cs,False,Cascading + LLM (With Internal Calls)
ItemsChanged,329,Files-4.0.24/src/Files.App.Controls/Toolbar/Toolbar.cs,False,Cascading + LLM (With Internal Calls)
ToolbarSizeChanged,351,Files-4.0.24/src/Files.App.Controls/Toolbar/Toolbar.cs,False,Cascading + LLM (With Internal Calls)
PrivateItemListChanged,362,Files-4.0.24/src/Files.App.Controls/Toolbar/Toolbar.cs,False,Cascading + LLM (With Internal Calls)
PrivateItemOverflowListChanged,373,Files-4.0.24/src/Files.App.Controls/Toolbar/Toolbar.cs,False,Cascading + LLM (With Internal Calls)
SortItemsByOverflowBehavior,386,Files-4.0.24/src/Files.App.Controls/Toolbar/Toolbar.cs,False,Cascading + LLM (With Internal Calls)
SortByItemTypeForItemList,429,Files-4.0.24/src/Files.App.Controls/Toolbar/Toolbar.cs,False,Cascading + LLM (With Internal Calls)
PopulateItemsSourceForItemsRepeater,521,Files-4.0.24/src/Files.App.Controls/Toolbar/Toolbar.cs,False,Cascading + LLM (With Internal Calls)
PopulateItemsSourceForOverflowMenu,594,Files-4.0.24/src/Files.App.Controls/Toolbar/Toolbar.cs,False,Cascading + LLM (With Internal Calls)
FilesystemOperationDialog_Opened,122,Files-4.0.24/src/Files.App/Dialogs/FilesystemOperationDialog.xaml.cs,False,Cascading + LLM (With Internal Calls)
SecondaryButtonClick,132,Files-4.0.24/src/Files.App/ViewModels/Dialogs/FileSystemDialog/FileSystemDialogViewModel.cs,False,Cascading + LLM (With Internal Calls)
ShowAsync,25,Files-4.0.24/src/Files.App/Dialogs/DynamicDialog.xaml.cs,False,Cascading + LLM (With Internal Calls)
