method_name,line_number,file_name,to_static,reasoning
TestRevivifyAsync,154,garnet-1.0.92/test/Garnet.test/RespRevivificationTests.cs,True,Direct Analysis
ToNullableInt,1605,garnet-1.0.92/test/Garnet.test/RespListTests.cs,True,Direct Analysis
IsArray,83,garnet-1.0.92/test/Garnet.test/Resp/ACL/UserAclResult.cs,True,Direct Analysis
IsValue,88,garnet-1.0.92/test/Garnet.test/Resp/ACL/UserAclResult.cs,True,Direct Analysis
DynamicallyRegisterCustomCommands,635,garnet-1.0.92/test/Garnet.test/RespCommandTests.cs,True,Direct Analysis
ShowStats,63,garnet-1.0.92/libs/storage/Tsavorite/cs/benchmark/YCSB.benchmark/TestStats.cs,True,Direct Analysis
ShowStats,71,garnet-1.0.92/libs/storage/Tsavorite/cs/benchmark/YCSB.benchmark/TestStats.cs,True,Direct Analysis
SubscribeAndPublish,204,garnet-1.0.92/test/Garnet.test/RespPubSubTests.cs,True,Direct Analysis
_get_register,158,garnet-1.0.92/libs/server/Resp/HyperLogLog/HyperLogLog.cs,True,Direct Analysis
OperationParamsProvider,27,garnet-1.0.92/benchmark/BDN.benchmark/Operations/OperationsBase.cs,True,Direct Analysis
SetupOperation,108,garnet-1.0.92/benchmark/BDN.benchmark/Operations/OperationsBase.cs,True,Direct Analysis
SetupOperation,116,garnet-1.0.92/benchmark/BDN.benchmark/Operations/OperationsBase.cs,True,Direct Analysis
SetupOperation,127,garnet-1.0.92/benchmark/BDN.benchmark/Operations/OperationsBase.cs,True,Direct Analysis
Dump,59,garnet-1.0.92/libs/storage/Tsavorite/cs/src/core/Index/Tsavorite/Implementation/Revivification/RevivificationStats.cs,True,Direct Analysis
CustomDeserialize,59,garnet-1.0.92/libs/server/Objects/Types/GarnetObjectSerializer.cs,True,Direct Analysis
LoadData,95,garnet-1.0.92/libs/storage/Tsavorite/cs/benchmark/YCSB.benchmark/TestLoader.cs,True,Direct Analysis
CheckIfKeyExists,17,garnet-1.0.92/libs/cluster/Session/SlotVerification/ClusterSlotVerify.cs,True,Direct Analysis
SingleKeySlotVerify,26,garnet-1.0.92/libs/cluster/Session/SlotVerification/ClusterSlotVerify.cs,True,Direct Analysis
GetSlotVerificationMessage,42,garnet-1.0.92/libs/cluster/Session/SlotVerification/RespClusterSlotVerify.cs,True,Direct Analysis
Add,82,garnet-1.0.92/libs/server/Metrics/GarnetSessionMetrics.cs,True,Direct Analysis
GetBitmapSize,17,garnet-1.0.92/benchmark/BDN.benchmark/Bitmap/UnaryOperations.cs,True,Direct Analysis
Initialize,590,garnet-1.0.92/libs/server/Servers/GarnetServerOptions.cs,True,Direct Analysis
WriteHeader,12,garnet-1.0.92/benchmark/Resp.benchmark/ReqGenUtils.cs,True,Direct Analysis
WriteInteger,377,garnet-1.0.92/benchmark/Resp.benchmark/ReqGenUtils.cs,True,Direct Analysis
WriteInteger,397,garnet-1.0.92/benchmark/Resp.benchmark/ReqGenUtils.cs,True,Direct Analysis
WriteStringBytes,418,garnet-1.0.92/benchmark/Resp.benchmark/ReqGenUtils.cs,True,Direct Analysis
WriteHeader,12,garnet-1.0.92/playground/ClusterStress/ReqGenUtilsCluster.cs,True,Direct Analysis
WriteInteger,40,garnet-1.0.92/playground/ClusterStress/ReqGenUtilsCluster.cs,True,Direct Analysis
WriteInteger,60,garnet-1.0.92/playground/ClusterStress/ReqGenUtilsCluster.cs,True,Direct Analysis
WriteStringBytes,81,garnet-1.0.92/playground/ClusterStress/ReqGenUtilsCluster.cs,True,Direct Analysis
Initialize,27,garnet-1.0.92/libs/storage/Tsavorite/cs/src/core/Index/CheckpointManagement/NullNamedDeviceFactory.cs,True,Direct Analysis
GetBitmapSizes,20,garnet-1.0.92/benchmark/BDN.benchmark/Bitmap/BinaryOperations.cs,True,Direct Analysis
IsUserNameAuthorized,112,garnet-1.0.92/libs/server/Auth/GarnetAadAuthenticator.cs,True,Direct Analysis
UpdateSlot,354,garnet-1.0.92/libs/storage/Tsavorite/cs/src/core/Index/Tsavorite/TsavoriteBase.cs,True,Direct Analysis
IncrementValue,646,garnet-1.0.92/libs/storage/Tsavorite/cs/test/ExpirationTests.cs,True,Direct Analysis
ConvertToHeap,78,garnet-1.0.92/libs/server/Objects/Types/GarnetObjectStoreOutput.cs,True,Direct Analysis
IsValid,184,garnet-1.0.92/modules/GarnetJSON/JSONPath/ArraySliceFilter.cs,True,Direct Analysis
EvaluateExpireInPlace,277,garnet-1.0.92/libs/server/Storage/Functions/MainStore/PrivateMethods.cs,True,Direct Analysis
EvaluateExpireCopyUpdate,335,garnet-1.0.92/libs/server/Storage/Functions/MainStore/PrivateMethods.cs,True,Direct Analysis
WriteLock,42,garnet-1.0.92/libs/common/SingleWriterMultiReaderLock.cs,True,Direct Analysis
CloseLock,127,garnet-1.0.92/libs/common/SingleWriterMultiReaderLock.cs,True,Direct Analysis
IncorrectObjectType,193,garnet-1.0.92/libs/server/Storage/Functions/ObjectStore/PrivateMethods.cs,True,Direct Analysis
IsValid,203,garnet-1.0.92/modules/GarnetJSON/JSONPath/ScanArraySliceFilter.cs,True,Direct Analysis
GetUserHandle,57,garnet-1.0.92/libs/server/ACL/AccessControlList.cs,True,Direct Analysis
SkipRecord,459,garnet-1.0.92/libs/server/AOF/AofProcessor.cs,True,Direct Analysis
ReplayStoredProc,268,garnet-1.0.92/libs/server/AOF/ReplayCoordinator/AofReplayCoordinator.cs,True,Direct Analysis
ConnectionStressTest,270,garnet-1.0.92/samples/GarnetClientSample/GarnetClientSamples.cs,True,Direct Analysis
TryGetCustomObjectSubCommand,292,garnet-1.0.92/libs/server/Custom/CustomCommandManager.cs,True,Direct Analysis
ClusterState,251,garnet-1.0.92/test/Garnet.test.cluster/RedirectTests/ClusterSlotVerificationTests.cs,True,Direct Analysis
EtagAndValMatches,1624,garnet-1.0.92/test/Garnet.test/RespEtagTests.cs,True,Direct Analysis
string,44,garnet-1.0.92/test/Garnet.test.cluster/ClusterRedirectTests.cs,True,Direct Analysis
AssertCompleted,69,garnet-1.0.92/libs/storage/Tsavorite/cs/test/BasicTests.cs,True,Direct Analysis
CheckExistenceConditionOnAllKeys,152,garnet-1.0.92/test/Garnet.test/ExpiredKeyDeletionTests.cs,True,Direct Analysis
Increment,72,garnet-1.0.92/libs/storage/Tsavorite/cs/test/LockableUnsafeContextTests.cs,True,Direct Analysis
Decrement,80,garnet-1.0.92/libs/storage/Tsavorite/cs/test/LockableUnsafeContextTests.cs,True,Direct Analysis
GetStat,327,garnet-1.0.92/test/Garnet.test.cluster/ClusterManagementTests.cs,True,Direct Analysis
CreateKeys,306,garnet-1.0.92/libs/storage/Tsavorite/cs/test/OverflowBucketLockTableTests.cs,True,Direct Analysis
AddThreads,391,garnet-1.0.92/libs/storage/Tsavorite/cs/test/OverflowBucketLockTableTests.cs,True,Direct Analysis
AssertCompleted,65,garnet-1.0.92/libs/storage/Tsavorite/cs/test/UnsafeContextTests.cs,True,Direct Analysis
Execute,145,garnet-1.0.92/test/Garnet.test.cluster/ClusterTestUtils.cs,True,Direct Analysis
NodesMyself,165,garnet-1.0.92/test/Garnet.test.cluster/ClusterTestUtils.cs,True,Direct Analysis
NodesMyself,182,garnet-1.0.92/test/Garnet.test.cluster/ClusterTestUtils.cs,True,Direct Analysis
NodesAll,200,garnet-1.0.92/test/Garnet.test.cluster/ClusterTestUtils.cs,True,Direct Analysis
IsStaticPath,75,garnet-1.0.92/modules/GarnetJSON/JSONPath/JsonPath.cs,True,Direct Analysis
NetworkParamsProvider,25,garnet-1.0.92/benchmark/BDN.benchmark/Network/NetworkBase.cs,True,Direct Analysis
SetupOperation,69,garnet-1.0.92/benchmark/BDN.benchmark/Network/NetworkBase.cs,True,Direct Analysis
GetDatabasePersistenceStats,361,garnet-1.0.92/libs/server/Metrics/Info/GarnetInfoMetrics.cs,True,Direct Analysis
RespPingAsync,39,garnet-1.0.92/samples/GarnetClientSample/SERedisSamples.cs,True,Direct Analysis
RespPing,47,garnet-1.0.92/samples/GarnetClientSample/SERedisSamples.cs,True,Direct Analysis
SingleSetRename,56,garnet-1.0.92/samples/GarnetClientSample/SERedisSamples.cs,True,Direct Analysis
SingleSetGet,73,garnet-1.0.92/samples/GarnetClientSample/SERedisSamples.cs,True,Direct Analysis
SingleIncr,89,garnet-1.0.92/samples/GarnetClientSample/SERedisSamples.cs,True,Direct Analysis
SingleIncrBy,109,garnet-1.0.92/samples/GarnetClientSample/SERedisSamples.cs,True,Direct Analysis
SingleDecrBy,131,garnet-1.0.92/samples/GarnetClientSample/SERedisSamples.cs,True,Direct Analysis
SingleDecr,151,garnet-1.0.92/samples/GarnetClientSample/SERedisSamples.cs,True,Direct Analysis
SingleIncrNoKey,166,garnet-1.0.92/samples/GarnetClientSample/SERedisSamples.cs,True,Direct Analysis
SingleExists,187,garnet-1.0.92/samples/GarnetClientSample/SERedisSamples.cs,True,Direct Analysis
SingleDelete,204,garnet-1.0.92/samples/GarnetClientSample/SERedisSamples.cs,True,Direct Analysis
ExecuteTxnBulkRead,768,garnet-1.0.92/test/Garnet.test.cluster/ClusterTestContext.cs,True,Direct Analysis
ResponseToLong,52,garnet-1.0.92/test/Garnet.test/GarnetBitmapTests.cs,True,Direct Analysis
singleSlotKeys,114,garnet-1.0.92/test/Garnet.test.cluster/RedirectTests/BaseCommand.cs,True,Direct Analysis
crossSlotKeys,136,garnet-1.0.92/test/Garnet.test.cluster/RedirectTests/BaseCommand.cs,True,Direct Analysis
ClusterParamsProvider,26,garnet-1.0.92/benchmark/BDN.benchmark/Cluster/ClusterMigrate.cs,True,Direct Analysis
GetNodeInfo,296,garnet-1.0.92/test/Garnet.test.cluster/ClientClusterConfig.cs,True,Direct Analysis
ClusterParamsProvider,23,garnet-1.0.92/benchmark/BDN.benchmark/Cluster/ClusterOperations.cs,True,Direct Analysis
Dispose,167,garnet-1.0.92/test/Garnet.test/TestProcess.cs,False,Direct Analysis
Prepare,22,garnet-1.0.92/test/Garnet.test/TestProcedureSortedSets.cs,False,Direct Analysis
Main,35,garnet-1.0.92/test/Garnet.test/TestProcedureSortedSets.cs,False,Direct Analysis
Prepare,22,garnet-1.0.92/test/Garnet.test/TestProcedureHash.cs,False,Direct Analysis
Main,34,garnet-1.0.92/test/Garnet.test/TestProcedureHash.cs,False,Direct Analysis
Prepare,21,garnet-1.0.92/test/Garnet.test/TestProcedureHLL.cs,False,Direct Analysis
Main,33,garnet-1.0.92/test/Garnet.test/TestProcedureHLL.cs,False,Direct Analysis
Prepare,22,garnet-1.0.92/test/Garnet.test/TestProcedureBitmap.cs,False,Direct Analysis
Main,45,garnet-1.0.92/test/Garnet.test/TestProcedureBitmap.cs,False,Direct Analysis
Setup,18,garnet-1.0.92/test/Garnet.test/RespTransactionProcTests.cs,False,Direct Analysis
TearDown,26,garnet-1.0.92/test/Garnet.test/RespTransactionProcTests.cs,False,Direct Analysis
TransactionProcTest1,33,garnet-1.0.92/test/Garnet.test/RespTransactionProcTests.cs,False,Direct Analysis
TransactionProcTest2,62,garnet-1.0.92/test/Garnet.test/RespTransactionProcTests.cs,False,Direct Analysis
TransactionProcSampleUpdateTest,101,garnet-1.0.92/test/Garnet.test/RespTransactionProcTests.cs,False,Direct Analysis
TransactionProcSampleDeleteTest,136,garnet-1.0.92/test/Garnet.test/RespTransactionProcTests.cs,False,Direct Analysis
TransactionWriteExpiryProcTest,173,garnet-1.0.92/test/Garnet.test/RespTransactionProcTests.cs,False,Direct Analysis
TransactionObjectExpiryProcTest,199,garnet-1.0.92/test/Garnet.test/RespTransactionProcTests.cs,False,Direct Analysis
TransactionSortedSetRemoveProcTest,233,garnet-1.0.92/test/Garnet.test/RespTransactionProcTests.cs,False,Direct Analysis
TransactionDeleteProcTest,257,garnet-1.0.92/test/Garnet.test/RespTransactionProcTests.cs,False,Direct Analysis
TransactionObjectsOperTest,280,garnet-1.0.92/test/Garnet.test/RespTransactionProcTests.cs,False,Direct Analysis
TransactionListsOperTest,299,garnet-1.0.92/test/Garnet.test/RespTransactionProcTests.cs,False,Direct Analysis
TransactionSetProcTest,325,garnet-1.0.92/test/Garnet.test/RespTransactionProcTests.cs,False,Direct Analysis
TransactionHashProcTest,347,garnet-1.0.92/test/Garnet.test/RespTransactionProcTests.cs,False,Direct Analysis
TransactionProcFinalizeTest,365,garnet-1.0.92/test/Garnet.test/RespTransactionProcTests.cs,False,Direct Analysis
TransactionProcMSetPxTest,387,garnet-1.0.92/test/Garnet.test/RespTransactionProcTests.cs,False,Direct Analysis
TransactionProcMGetIfPMTest,435,garnet-1.0.92/test/Garnet.test/RespTransactionProcTests.cs,False,Direct Analysis
Setup,78,garnet-1.0.92/test/Garnet.test/RespSortedSetTests.cs,False,Direct Analysis
TearDown,87,garnet-1.0.92/test/Garnet.test/RespSortedSetTests.cs,False,Direct Analysis
SortedSetPopTest,95,garnet-1.0.92/test/Garnet.test/RespSortedSetTests.cs,False,Direct Analysis
SortedSetPopWithExpire,120,garnet-1.0.92/test/Garnet.test/RespSortedSetTests.cs,False,Direct Analysis
SortedSetAddWithExpire,150,garnet-1.0.92/test/Garnet.test/RespSortedSetTests.cs,False,Direct Analysis
AddAndLength,191,garnet-1.0.92/test/Garnet.test/RespSortedSetTests.cs,False,Direct Analysis
AddWithOptions,254,garnet-1.0.92/test/Garnet.test/RespSortedSetTests.cs,False,Direct Analysis
AddInfinites,389,garnet-1.0.92/test/Garnet.test/RespSortedSetTests.cs,False,Direct Analysis
AddWithOptionsErrorConditions,454,garnet-1.0.92/test/Garnet.test/RespSortedSetTests.cs,False,Direct Analysis
CanCreateLeaderBoard,494,garnet-1.0.92/test/Garnet.test/RespSortedSetTests.cs,False,Direct Analysis
CanGetScoresZCount,514,garnet-1.0.92/test/Garnet.test/RespSortedSetTests.cs,False,Direct Analysis
CanGetScoresZCountWithMinHigherThanMaxScore,533,garnet-1.0.92/test/Garnet.test/RespSortedSetTests.cs,False,Direct Analysis
ZCountAndZCardWithExpiredAndExpiringItems,546,garnet-1.0.92/test/Garnet.test/RespSortedSetTests.cs,False,Direct Analysis
AddRemove,574,garnet-1.0.92/test/Garnet.test/RespSortedSetTests.cs,False,Direct Analysis
AddRemoveBy,673,garnet-1.0.92/test/Garnet.test/RespSortedSetTests.cs,False,Direct Analysis
AddPopDesc,722,garnet-1.0.92/test/Garnet.test/RespSortedSetTests.cs,False,Direct Analysis
AddScore,771,garnet-1.0.92/test/Garnet.test/RespSortedSetTests.cs,False,Direct Analysis
CanDoZMScore,794,garnet-1.0.92/test/Garnet.test/RespSortedSetTests.cs,False,Direct Analysis
CanDoZMScoreLC,819,garnet-1.0.92/test/Garnet.test/RespSortedSetTests.cs,False,Direct Analysis
CandDoZIncrby,839,garnet-1.0.92/test/Garnet.test/RespSortedSetTests.cs,False,Direct Analysis
CanManageNotExistingKeySE,860,garnet-1.0.92/test/Garnet.test/RespSortedSetTests.cs,False,Direct Analysis
CanUseZScanNoParameters,918,garnet-1.0.92/test/Garnet.test/RespSortedSetTests.cs,False,Direct Analysis
CanUseZScanWithMatch,948,garnet-1.0.92/test/Garnet.test/RespSortedSetTests.cs,False,Direct Analysis
CanUseZScanWithCollection,964,garnet-1.0.92/test/Garnet.test/RespSortedSetTests.cs,False,Direct Analysis
CanUseZScanWithDoubleDifferentFormats,1002,garnet-1.0.92/test/Garnet.test/RespSortedSetTests.cs,False,Direct Analysis
CanDoZScanWithCursor,1047,garnet-1.0.92/test/Garnet.test/RespSortedSetTests.cs,False,Direct Analysis
CanUseZRangeByScoreWithSE,1094,garnet-1.0.92/test/Garnet.test/RespSortedSetTests.cs,False,Direct Analysis
CanManageZRangeByScoreWhenStartHigherThanExistingMaxScoreSE,1112,garnet-1.0.92/test/Garnet.test/RespSortedSetTests.cs,False,Direct Analysis
CheckEmptySortedSetKeyRemoved,1129,garnet-1.0.92/test/Garnet.test/RespSortedSetTests.cs,False,Direct Analysis
CheckSortedSetOperationsOnWrongTypeObjectSE,1146,garnet-1.0.92/test/Garnet.test/RespSortedSetTests.cs,False,Direct Analysis
CanDoZDiff,1211,garnet-1.0.92/test/Garnet.test/RespSortedSetTests.cs,False,Direct Analysis
CheckSortedSetDifferenceStoreSE,1285,garnet-1.0.92/test/Garnet.test/RespSortedSetTests.cs,False,Direct Analysis
CheckSortedSetDifferenceStoreWithNoMatchSE,1315,garnet-1.0.92/test/Garnet.test/RespSortedSetTests.cs,False,Direct Analysis
TestCheckSortedSetRangeStoreWithExistingDestinationKeySE,1464,garnet-1.0.92/test/Garnet.test/RespSortedSetTests.cs,False,Direct Analysis
SortedSetMultiPopTest,1502,garnet-1.0.92/test/Garnet.test/RespSortedSetTests.cs,False,Direct Analysis
SortedSetMultiPopWithFirstKeyEmptyOnSecondPopTest,1576,garnet-1.0.92/test/Garnet.test/RespSortedSetTests.cs,False,Direct Analysis
CanDoZInterWithSE,1599,garnet-1.0.92/test/Garnet.test/RespSortedSetTests.cs,False,Direct Analysis
CanDoZInterCardWithSE,1712,garnet-1.0.92/test/Garnet.test/RespSortedSetTests.cs,False,Direct Analysis
CanDoZInterStoreWithSE,1753,garnet-1.0.92/test/Garnet.test/RespSortedSetTests.cs,False,Direct Analysis
Setup,17,garnet-1.0.92/test/Garnet.test/RespSlowLogTests.cs,False,Direct Analysis
TearDown,25,garnet-1.0.92/test/Garnet.test/RespSlowLogTests.cs,False,Direct Analysis
TestSlowLogHelp,32,garnet-1.0.92/test/Garnet.test/RespSlowLogTests.cs,False,Direct Analysis
TestSlowLogGet,43,garnet-1.0.92/test/Garnet.test/RespSlowLogTests.cs,False,Direct Analysis
TestSlowLogGetCount,52,garnet-1.0.92/test/Garnet.test/RespSlowLogTests.cs,False,Direct Analysis
TestSlowLogGetWithEntry,61,garnet-1.0.92/test/Garnet.test/RespSlowLogTests.cs,False,Direct Analysis
TestSlowLogLen,93,garnet-1.0.92/test/Garnet.test/RespSlowLogTests.cs,False,Direct Analysis
TestSlowLogReset,102,garnet-1.0.92/test/Garnet.test/RespSlowLogTests.cs,False,Direct Analysis
Setup,21,garnet-1.0.92/test/Garnet.test/RespScanCommandsTests.cs,False,Direct Analysis
TearDown,31,garnet-1.0.92/test/Garnet.test/RespScanCommandsTests.cs,False,Direct Analysis
SeDbsizeTest,38,garnet-1.0.92/test/Garnet.test/RespScanCommandsTests.cs,False,Direct Analysis
SeKeysTest,50,garnet-1.0.92/test/Garnet.test/RespScanCommandsTests.cs,False,Direct Analysis
SeKeysCursorTest,87,garnet-1.0.92/test/Garnet.test/RespScanCommandsTests.cs,False,Direct Analysis
CanDoMemoryUsage,110,garnet-1.0.92/test/Garnet.test/RespScanCommandsTests.cs,False,Direct Analysis
CanGetKeyType,153,garnet-1.0.92/test/Garnet.test/RespScanCommandsTests.cs,False,Direct Analysis
CanUsePatternsInKeysTest,182,garnet-1.0.92/test/Garnet.test/RespScanCommandsTests.cs,False,Direct Analysis
SeKeysPatternTest,234,garnet-1.0.92/test/Garnet.test/RespScanCommandsTests.cs,False,Direct Analysis
SeKeysPatternMatchingTest,247,garnet-1.0.92/test/Garnet.test/RespScanCommandsTests.cs,False,Direct Analysis
SeKeysPatternMatchingTestVerbatim,270,garnet-1.0.92/test/Garnet.test/RespScanCommandsTests.cs,False,Direct Analysis
CanUseScanWithEmptyStore,298,garnet-1.0.92/test/Garnet.test/RespScanCommandsTests.cs,False,Direct Analysis
CanUseScanWithMatch,312,garnet-1.0.92/test/Garnet.test/RespScanCommandsTests.cs,False,Direct Analysis
CanUseScanAllKeys,325,garnet-1.0.92/test/Garnet.test/RespScanCommandsTests.cs,False,Direct Analysis
CanUseScanKeysWithCount,351,garnet-1.0.92/test/Garnet.test/RespScanCommandsTests.cs,False,Direct Analysis
CanUseScanKeysWithMatchAndCount,380,garnet-1.0.92/test/Garnet.test/RespScanCommandsTests.cs,False,Direct Analysis
CanUseScanKeysCountAndStringType,400,garnet-1.0.92/test/Garnet.test/RespScanCommandsTests.cs,False,Direct Analysis
CanUseScanKeysCountAndTypeWithObjects,420,garnet-1.0.92/test/Garnet.test/RespScanCommandsTests.cs,False,Direct Analysis
CanUseScanKeysAndObjects,472,garnet-1.0.92/test/Garnet.test/RespScanCommandsTests.cs,False,Direct Analysis
CanUseScanKeysTypeAndMatch,509,garnet-1.0.92/test/Garnet.test/RespScanCommandsTests.cs,False,Direct Analysis
CustomObjectScanCommandTest,553,garnet-1.0.92/test/Garnet.test/RespScanCommandsTests.cs,False,Direct Analysis
CanUsePatternsInKeysTestLC,594,garnet-1.0.92/test/Garnet.test/RespScanCommandsTests.cs,False,Direct Analysis
Setup,25,garnet-1.0.92/test/Garnet.test/RespRevivificationTests.cs,False,Direct Analysis
TearDown,33,garnet-1.0.92/test/Garnet.test/RespRevivificationTests.cs,False,Direct Analysis
SetupServerWithReviv,39,garnet-1.0.92/test/Garnet.test/RespRevivificationTests.cs,False,Direct Analysis
RevivificationWithRmwWorksAsync,51,garnet-1.0.92/test/Garnet.test/RespRevivificationTests.cs,False,Direct Analysis
RevivificationWithRmwWorksWhenNeedingShrinkingAndThenExpanding,68,garnet-1.0.92/test/Garnet.test/RespRevivificationTests.cs,False,Direct Analysis
RevivificationWithRMWWorksViaSetIfGreater,96,garnet-1.0.92/test/Garnet.test/RespRevivificationTests.cs,False,Direct Analysis
RevivificationWithRMWWorksViaAppend,113,garnet-1.0.92/test/Garnet.test/RespRevivificationTests.cs,False,Direct Analysis
RevivificationWithRMWWorksViaSetBit,127,garnet-1.0.92/test/Garnet.test/RespRevivificationTests.cs,False,Direct Analysis
RevivificationWithRMWWorksViaBitfield,141,garnet-1.0.92/test/Garnet.test/RespRevivificationTests.cs,False,Direct Analysis
RevivificationWithRMWWorksForRecordPool,177,garnet-1.0.92/test/Garnet.test/RespRevivificationTests.cs,False,Direct Analysis
RevivifiedRecordsShouldStillEnqueueToAofViaRmwAndClearEtagState,210,garnet-1.0.92/test/Garnet.test/RespRevivificationTests.cs,False,Direct Analysis
RevivifiedRecordsShouldStillEnqueueToAofViaUpsert,249,garnet-1.0.92/test/Garnet.test/RespRevivificationTests.cs,False,Direct Analysis
Setup,357,garnet-1.0.92/test/Garnet.test/RespModuleTests.cs,False,Direct Analysis
TearDown,365,garnet-1.0.92/test/Garnet.test/RespModuleTests.cs,False,Direct Analysis
TestNoAllowedPathsForModuleLoading,372,garnet-1.0.92/test/Garnet.test/RespModuleTests.cs,False,Direct Analysis
TestModuleCommandNotEnabled,396,garnet-1.0.92/test/Garnet.test/RespModuleTests.cs,False,Direct Analysis
Prepare,22,garnet-1.0.92/test/Garnet.test/TestProcedureLists.cs,False,Direct Analysis
Main,39,garnet-1.0.92/test/Garnet.test/TestProcedureLists.cs,False,Direct Analysis
StartServer,22,garnet-1.0.92/test/Garnet.test/RespMetricsTest.cs,False,Direct Analysis
Setup,29,garnet-1.0.92/test/Garnet.test/RespMetricsTest.cs,False,Direct Analysis
TearDown,38,garnet-1.0.92/test/Garnet.test/RespMetricsTest.cs,False,Direct Analysis
MetricsDisabledTest,45,garnet-1.0.92/test/Garnet.test/RespMetricsTest.cs,False,Direct Analysis
MetricsEnabledTest,74,garnet-1.0.92/test/Garnet.test/RespMetricsTest.cs,False,Direct Analysis
Setup,24,garnet-1.0.92/test/Garnet.test/RespListTests.cs,False,Direct Analysis
TearDown,33,garnet-1.0.92/test/Garnet.test/RespListTests.cs,False,Direct Analysis
BasicLPUSHAndLPOP,40,garnet-1.0.92/test/Garnet.test/RespListTests.cs,False,Direct Analysis
MultiLPUSHAndLTRIMWithMemoryCheck,69,garnet-1.0.92/test/Garnet.test/RespListTests.cs,False,Direct Analysis
MultiRPUSHAndLTRIM,142,garnet-1.0.92/test/Garnet.test/RespListTests.cs,False,Direct Analysis
MultiLPUSHAndLLENWithPendingStatus,168,garnet-1.0.92/test/Garnet.test/RespListTests.cs,False,Direct Analysis
BasicLPUSHAndLTRIM,191,garnet-1.0.92/test/Garnet.test/RespListTests.cs,False,Direct Analysis
BasicLPUSHAndLRANGE,216,garnet-1.0.92/test/Garnet.test/RespListTests.cs,False,Direct Analysis
BasicRPUSHAndLINDEX,249,garnet-1.0.92/test/Garnet.test/RespListTests.cs,False,Direct Analysis
BasicRPUSHAndLINSERT,279,garnet-1.0.92/test/Garnet.test/RespListTests.cs,False,Direct Analysis
BasicRPUSHAndLREM,326,garnet-1.0.92/test/Garnet.test/RespListTests.cs,False,Direct Analysis
MultiLPUSHAndLPOPV1,377,garnet-1.0.92/test/Garnet.test/RespListTests.cs,False,Direct Analysis
MultiLPUSHAndLPOPV2,423,garnet-1.0.92/test/Garnet.test/RespListTests.cs,False,Direct Analysis
MultiRPUSHAndRPOP,456,garnet-1.0.92/test/Garnet.test/RespListTests.cs,False,Direct Analysis
BasicRPUSHAndRPOP,513,garnet-1.0.92/test/Garnet.test/RespListTests.cs,False,Direct Analysis
CanDoRPopLPush,527,garnet-1.0.92/test/Garnet.test/RespListTests.cs,False,Direct Analysis
CanDoLRANGEbasic,569,garnet-1.0.92/test/Garnet.test/RespListTests.cs,False,Direct Analysis
CanDoLRANGEcorrect,600,garnet-1.0.92/test/Garnet.test/RespListTests.cs,False,Direct Analysis
CanDoLSETbasic,664,garnet-1.0.92/test/Garnet.test/RespListTests.cs,False,Direct Analysis
CanDoRPopLPushGC,687,garnet-1.0.92/test/Garnet.test/RespListTests.cs,False,Direct Analysis
CanUseLMoveGC,724,garnet-1.0.92/test/Garnet.test/RespListTests.cs,False,Direct Analysis
CanUseLMoveWithCaseInsensitiveDirectionGC,780,garnet-1.0.92/test/Garnet.test/RespListTests.cs,False,Direct Analysis
CanUseLMoveWithCancellationTokenGC,813,garnet-1.0.92/test/Garnet.test/RespListTests.cs,False,Direct Analysis
CanReturnEmptyArrayinListLC,844,garnet-1.0.92/test/Garnet.test/RespListTests.cs,False,Direct Analysis
CanReturnNilWhenNonExistingListLC,862,garnet-1.0.92/test/Garnet.test/RespListTests.cs,False,Direct Analysis
CanReturnErrorWhenMissingParametersLC,872,garnet-1.0.92/test/Garnet.test/RespListTests.cs,False,Direct Analysis
CanDoPushAndTrimLC,881,garnet-1.0.92/test/Garnet.test/RespListTests.cs,False,Direct Analysis
CanDoLInsertBeforeAndAfterLC,900,garnet-1.0.92/test/Garnet.test/RespListTests.cs,False,Direct Analysis
CanDoLInsertWithNoElementLC,925,garnet-1.0.92/test/Garnet.test/RespListTests.cs,False,Direct Analysis
CanSendErrorInWrongTypeLC,937,garnet-1.0.92/test/Garnet.test/RespListTests.cs,False,Direct Analysis
CanDoLSETbasicLC,947,garnet-1.0.92/test/Garnet.test/RespListTests.cs,False,Direct Analysis
CanReturnErrorLSETWhenNosuchkey,957,garnet-1.0.92/test/Garnet.test/RespListTests.cs,False,Direct Analysis
CanReturnErrorLSETWhenIndexNotInteger,966,garnet-1.0.92/test/Garnet.test/RespListTests.cs,False,Direct Analysis
CanReturnErrorLSETWhenIndexOutRange,976,garnet-1.0.92/test/Garnet.test/RespListTests.cs,False,Direct Analysis
CanReturnErrorLSETWhenArgumentsWrong,991,garnet-1.0.92/test/Garnet.test/RespListTests.cs,False,Direct Analysis
CanHandleNoPrexistentKey,1003,garnet-1.0.92/test/Garnet.test/RespListTests.cs,False,Direct Analysis
ListPushPopStressTest,1079,garnet-1.0.92/test/Garnet.test/RespListTests.cs,False,Direct Analysis
CanDoLMoveChunks,1133,garnet-1.0.92/test/Garnet.test/RespListTests.cs,False,Direct Analysis
CanDoBasicLMove,1152,garnet-1.0.92/test/Garnet.test/RespListTests.cs,False,Direct Analysis
CanDoLPopMultipleValues,1196,garnet-1.0.92/test/Garnet.test/RespListTests.cs,False,Direct Analysis
CanDoLPushXRpushX,1213,garnet-1.0.92/test/Garnet.test/RespListTests.cs,False,Direct Analysis
CanDoLPushxRPushx,1264,garnet-1.0.92/test/Garnet.test/RespListTests.cs,False,Direct Analysis
CheckEmptyListKeyRemoved,1280,garnet-1.0.92/test/Garnet.test/RespListTests.cs,False,Direct Analysis
CanDoBasicLMPOP,1297,garnet-1.0.92/test/Garnet.test/RespListTests.cs,False,Direct Analysis
CanDoLMPOPLeftWithoutCount,1330,garnet-1.0.92/test/Garnet.test/RespListTests.cs,False,Direct Analysis
CanDoLMPOPRightMultipleTimes,1347,garnet-1.0.92/test/Garnet.test/RespListTests.cs,False,Direct Analysis
CanDoRejectBadLMPOPCommand,1371,garnet-1.0.92/test/Garnet.test/RespListTests.cs,False,Direct Analysis
CanHandleLowerCaseBefore,1388,garnet-1.0.92/test/Garnet.test/RespListTests.cs,False,Direct Analysis
CheckListOperationsOnWrongTypeObjectSE,1402,garnet-1.0.92/test/Garnet.test/RespListTests.cs,False,Direct Analysis
LPOSWithoutOptions,1458,garnet-1.0.92/test/Garnet.test/RespListTests.cs,False,Direct Analysis
LPOSWithInvalidKey,1473,garnet-1.0.92/test/Garnet.test/RespListTests.cs,False,Direct Analysis
LPOSWithOptions,1523,garnet-1.0.92/test/Garnet.test/RespListTests.cs,False,Direct Analysis
LPOSWithListPosition,1558,garnet-1.0.92/test/Garnet.test/RespListTests.cs,False,Direct Analysis
LPOSWithInvalidOptions,1592,garnet-1.0.92/test/Garnet.test/RespListTests.cs,False,Direct Analysis
Setup,21,garnet-1.0.92/test/Garnet.test/RespInfoTests.cs,False,Direct Analysis
TearDown,29,garnet-1.0.92/test/Garnet.test/RespInfoTests.cs,False,Direct Analysis
ResetStatsTest,36,garnet-1.0.92/test/Garnet.test/RespInfoTests.cs,False,Direct Analysis
InfoHlogScanTest,77,garnet-1.0.92/test/Garnet.test/RespInfoTests.cs,False,Direct Analysis
Setup,21,garnet-1.0.92/test/Garnet.test/RespGetLowMemoryTests.cs,False,Direct Analysis
TearDown,30,garnet-1.0.92/test/Garnet.test/RespGetLowMemoryTests.cs,False,Direct Analysis
ScatterGatherGet,37,garnet-1.0.92/test/Garnet.test/RespGetLowMemoryTests.cs,False,Direct Analysis
ScatterGatherMGet,71,garnet-1.0.92/test/Garnet.test/RespGetLowMemoryTests.cs,False,Direct Analysis
Setup,233,garnet-1.0.92/test/Garnet.test/RespCustomCommandTests.cs,False,Direct Analysis
TearDown,248,garnet-1.0.92/test/Garnet.test/RespCustomCommandTests.cs,False,Direct Analysis
CustomCommandTest1,256,garnet-1.0.92/test/Garnet.test/RespCustomCommandTests.cs,False,Direct Analysis
CustomCommandTest2,301,garnet-1.0.92/test/Garnet.test/RespCustomCommandTests.cs,False,Direct Analysis
CustomCommandTest3,381,garnet-1.0.92/test/Garnet.test/RespCustomCommandTests.cs,False,Direct Analysis
CustomCommandTest4,411,garnet-1.0.92/test/Garnet.test/RespCustomCommandTests.cs,False,Direct Analysis
CustomCommandTest5,441,garnet-1.0.92/test/Garnet.test/RespCustomCommandTests.cs,False,Direct Analysis
CustomCommandTest6,480,garnet-1.0.92/test/Garnet.test/RespCustomCommandTests.cs,False,Direct Analysis
CustomCommandCaseInsensitiveTest,509,garnet-1.0.92/test/Garnet.test/RespCustomCommandTests.cs,False,Direct Analysis
CustomObjectCommandTest1,531,garnet-1.0.92/test/Garnet.test/RespCustomCommandTests.cs,False,Direct Analysis
CustomCommandSetWhileKeyHasTtlTest,569,garnet-1.0.92/test/Garnet.test/RespCustomCommandTests.cs,False,Direct Analysis
CustomCommandSetAfterKeyDeletedWithTtlTest,602,garnet-1.0.92/test/Garnet.test/RespCustomCommandTests.cs,False,Direct Analysis
CustomObjectCommandTest2,632,garnet-1.0.92/test/Garnet.test/RespCustomCommandTests.cs,False,Direct Analysis
CustomObjectCommandTest3,669,garnet-1.0.92/test/Garnet.test/RespCustomCommandTests.cs,False,Direct Analysis
CustomObjectCommandTest4,700,garnet-1.0.92/test/Garnet.test/RespCustomCommandTests.cs,False,Direct Analysis
CustomCommandSetFollowedByTtlTestAsync,739,garnet-1.0.92/test/Garnet.test/RespCustomCommandTests.cs,False,Direct Analysis
CustomCommandSetWithCustomExpirationTestAsync,768,garnet-1.0.92/test/Garnet.test/RespCustomCommandTests.cs,False,Direct Analysis
CustomCommandRegistrationTest,801,garnet-1.0.92/test/Garnet.test/RespCustomCommandTests.cs,False,Direct Analysis
CustomProcedureFreeBufferTest,818,garnet-1.0.92/test/Garnet.test/RespCustomCommandTests.cs,False,Direct Analysis
CustomTxnFreeBufferTest,842,garnet-1.0.92/test/Garnet.test/RespCustomCommandTests.cs,False,Direct Analysis
CustomProcedureOutOfOrderFreeBufferTest,866,garnet-1.0.92/test/Garnet.test/RespCustomCommandTests.cs,False,Direct Analysis
CreateTestLibraries,879,garnet-1.0.92/test/Garnet.test/RespCustomCommandTests.cs,False,Direct Analysis
RegisterCustomCommandTest,957,garnet-1.0.92/test/Garnet.test/RespCustomCommandTests.cs,False,Direct Analysis
RegisterCustomCommandErrorConditionsTest,1032,garnet-1.0.92/test/Garnet.test/RespCustomCommandTests.cs,False,Direct Analysis
RateLimiterTest,1131,garnet-1.0.92/test/Garnet.test/RespCustomCommandTests.cs,False,Direct Analysis
SortedSetCountTxn,1167,garnet-1.0.92/test/Garnet.test/RespCustomCommandTests.cs,False,Direct Analysis
CustomProcInvokingCustomCmdTest,1186,garnet-1.0.92/test/Garnet.test/RespCustomCommandTests.cs,False,Direct Analysis
CustomTransactionInvokingCustomCmdTest,1217,garnet-1.0.92/test/Garnet.test/RespCustomCommandTests.cs,False,Direct Analysis
CustomProcedureInvokingInvalidCommandTest,1244,garnet-1.0.92/test/Garnet.test/RespCustomCommandTests.cs,False,Direct Analysis
MultiRegisterCommandTest,1258,garnet-1.0.92/test/Garnet.test/RespCustomCommandTests.cs,False,Direct Analysis
MultiRegisterSubCommandTest,1304,garnet-1.0.92/test/Garnet.test/RespCustomCommandTests.cs,False,Direct Analysis
MultiRegisterTxnTest,1371,garnet-1.0.92/test/Garnet.test/RespCustomCommandTests.cs,False,Direct Analysis
MultiRegisterProcTest,1405,garnet-1.0.92/test/Garnet.test/RespCustomCommandTests.cs,False,Direct Analysis
CustomTxnEtagInteractionTest,1433,garnet-1.0.92/test/Garnet.test/RespCustomCommandTests.cs,False,Direct Analysis
CustomProcEtagInteractionTest,1471,garnet-1.0.92/test/Garnet.test/RespCustomCommandTests.cs,False,Direct Analysis
Execute,147,garnet-1.0.92/test/Garnet.test/RespCustomCommandTests.cs,False,Direct Analysis
Execute,127,garnet-1.0.92/test/Garnet.test/RespCustomCommandTests.cs,False,Direct Analysis
Execute,97,garnet-1.0.92/test/Garnet.test/RespCustomCommandTests.cs,False,Direct Analysis
Setup,710,garnet-1.0.92/test/Garnet.test/RespConfigTests.cs,False,Direct Analysis
TearDown,726,garnet-1.0.92/test/Garnet.test/RespConfigTests.cs,False,Direct Analysis
ConfigSetHeapSizeUtilizationTest,739,garnet-1.0.92/test/Garnet.test/RespConfigTests.cs,False,Direct Analysis
Setup,582,garnet-1.0.92/test/Garnet.test/RespConfigTests.cs,False,Direct Analysis
TearDown,598,garnet-1.0.92/test/Garnet.test/RespConfigTests.cs,False,Direct Analysis
ConfigSetIndexSizeUtilizationTest,614,garnet-1.0.92/test/Garnet.test/RespConfigTests.cs,False,Direct Analysis
Execute,26,garnet-1.0.92/test/Garnet.test/RespCustomCommandTests.cs,False,Direct Analysis
Setup,40,garnet-1.0.92/test/Garnet.test/RespConfigTests.cs,False,Direct Analysis
TearDown,54,garnet-1.0.92/test/Garnet.test/RespConfigTests.cs,False,Direct Analysis
ConfigSetMemorySizeTest,74,garnet-1.0.92/test/Garnet.test/RespConfigTests.cs,False,Direct Analysis
ConfigSetIndexSizeTest,161,garnet-1.0.92/test/Garnet.test/RespConfigTests.cs,False,Direct Analysis
ConfigObjHeapSizeTest,225,garnet-1.0.92/test/Garnet.test/RespConfigTests.cs,False,Direct Analysis
Setup,22,garnet-1.0.92/test/Garnet.test/RespBlockingCollectionTests.cs,False,Direct Analysis
TearDown,30,garnet-1.0.92/test/Garnet.test/RespBlockingCollectionTests.cs,False,Direct Analysis
BasicListBlockingPopTest,39,garnet-1.0.92/test/Garnet.test/RespBlockingCollectionTests.cs,False,Direct Analysis
MultiListBlockingPopTest,89,garnet-1.0.92/test/Garnet.test/RespBlockingCollectionTests.cs,False,Direct Analysis
BasicBlockingListMoveTest,129,garnet-1.0.92/test/Garnet.test/RespBlockingCollectionTests.cs,False,Direct Analysis
ListBlockingPopOrderTest,196,garnet-1.0.92/test/Garnet.test/RespBlockingCollectionTests.cs,False,Direct Analysis
BlockingListPopWrongTypeTests,225,garnet-1.0.92/test/Garnet.test/RespBlockingCollectionTests.cs,False,Direct Analysis
BlockingSortedSetPopWrongTypeTests,320,garnet-1.0.92/test/Garnet.test/RespBlockingCollectionTests.cs,False,Direct Analysis
BlockingListMultiPopWrongTypeTest,412,garnet-1.0.92/test/Garnet.test/RespBlockingCollectionTests.cs,False,Direct Analysis
BlockingSortedSetMultiPopWrongTypeTest,506,garnet-1.0.92/test/Garnet.test/RespBlockingCollectionTests.cs,False,Direct Analysis
BlockingListMoveWrongTypeTest,600,garnet-1.0.92/test/Garnet.test/RespBlockingCollectionTests.cs,False,Direct Analysis
BlockingClientEventsTests,728,garnet-1.0.92/test/Garnet.test/RespBlockingCollectionTests.cs,False,Direct Analysis
BasicBlockingListPopPushTest,772,garnet-1.0.92/test/Garnet.test/RespBlockingCollectionTests.cs,False,Direct Analysis
BasicBlmpopTest,839,garnet-1.0.92/test/Garnet.test/RespBlockingCollectionTests.cs,False,Direct Analysis
BlmpopMultipleKeysTest,853,garnet-1.0.92/test/Garnet.test/RespBlockingCollectionTests.cs,False,Direct Analysis
BlmpopTimeoutTest,865,garnet-1.0.92/test/Garnet.test/RespBlockingCollectionTests.cs,False,Direct Analysis
BlmpopBlockingBehaviorTest,874,garnet-1.0.92/test/Garnet.test/RespBlockingCollectionTests.cs,False,Direct Analysis
BlmpopBlockingWithCountTest,900,garnet-1.0.92/test/Garnet.test/RespBlockingCollectionTests.cs,False,Direct Analysis
BasicBzmpopTest,939,garnet-1.0.92/test/Garnet.test/RespBlockingCollectionTests.cs,False,Direct Analysis
BasicBzmpopWithExpireItemsTest,953,garnet-1.0.92/test/Garnet.test/RespBlockingCollectionTests.cs,False,Direct Analysis
BzmpopReturnTest,969,garnet-1.0.92/test/Garnet.test/RespBlockingCollectionTests.cs,False,Direct Analysis
BzmpopMultipleKeysTest,995,garnet-1.0.92/test/Garnet.test/RespBlockingCollectionTests.cs,False,Direct Analysis
BzmpopTimeoutTest,1007,garnet-1.0.92/test/Garnet.test/RespBlockingCollectionTests.cs,False,Direct Analysis
BzmpopBlockingBehaviorTest,1016,garnet-1.0.92/test/Garnet.test/RespBlockingCollectionTests.cs,False,Direct Analysis
BasicBzpopMinMaxTest,1057,garnet-1.0.92/test/Garnet.test/RespBlockingCollectionTests.cs,False,Direct Analysis
BasicBzpopMinMaxWithExpireItemsTest,1071,garnet-1.0.92/test/Garnet.test/RespBlockingCollectionTests.cs,False,Direct Analysis
BzpopMinMaxMultipleKeysTest,1089,garnet-1.0.92/test/Garnet.test/RespBlockingCollectionTests.cs,False,Direct Analysis
BzpopMinMaxBlockingTest,1103,garnet-1.0.92/test/Garnet.test/RespBlockingCollectionTests.cs,False,Direct Analysis
BzpopMinMaxTimeoutTest,1132,garnet-1.0.92/test/Garnet.test/RespBlockingCollectionTests.cs,False,Direct Analysis
Setup,36,garnet-1.0.92/test/Garnet.test/RespAofTests.cs,False,Direct Analysis
TearDown,46,garnet-1.0.92/test/Garnet.test/RespAofTests.cs,False,Direct Analysis
AofUpsertStoreRecoverTest,53,garnet-1.0.92/test/Garnet.test/RespAofTests.cs,False,Direct Analysis
AofUpsertStoreAutoCommitRecoverTest,78,garnet-1.0.92/test/Garnet.test/RespAofTests.cs,False,Direct Analysis
AofUpsertStoreCommitTaskRecoverTest,104,garnet-1.0.92/test/Garnet.test/RespAofTests.cs,False,Direct Analysis
AofUpsertStoreAutoCommitCommitWaitRecoverTest,133,garnet-1.0.92/test/Garnet.test/RespAofTests.cs,False,Direct Analysis
AofTransactionStoreAutoCommitCommitWaitRecoverTest,160,garnet-1.0.92/test/Garnet.test/RespAofTests.cs,False,Direct Analysis
AofUpsertStoreCkptRecoverTest,190,garnet-1.0.92/test/Garnet.test/RespAofTests.cs,False,Direct Analysis
AofRMWStoreRecoverTest,225,garnet-1.0.92/test/Garnet.test/RespAofTests.cs,False,Direct Analysis
AofDeleteStoreRecoverTest,257,garnet-1.0.92/test/Garnet.test/RespAofTests.cs,False,Direct Analysis
AofExpiryRMWStoreRecoverTest,294,garnet-1.0.92/test/Garnet.test/RespAofTests.cs,False,Direct Analysis
AofRMWObjectStoreRecoverTest,371,garnet-1.0.92/test/Garnet.test/RespAofTests.cs,False,Direct Analysis
AofDeleteObjectStoreRecoverTest,408,garnet-1.0.92/test/Garnet.test/RespAofTests.cs,False,Direct Analysis
AofExpiryRMWObjectStoreRecoverTest,451,garnet-1.0.92/test/Garnet.test/RespAofTests.cs,False,Direct Analysis
AofRMWObjectStoreCopyUpdateRecoverTest,540,garnet-1.0.92/test/Garnet.test/RespAofTests.cs,False,Direct Analysis
AofUpsertObjectStoreRecoverTest,579,garnet-1.0.92/test/Garnet.test/RespAofTests.cs,False,Direct Analysis
AofUpsertCustomObjectRecoverTest,618,garnet-1.0.92/test/Garnet.test/RespAofTests.cs,False,Direct Analysis
AofUpsertCustomScriptRecoverTest,669,garnet-1.0.92/test/Garnet.test/RespAofTests.cs,False,Direct Analysis
AofMultiRMWStoreCkptRecoverTest,710,garnet-1.0.92/test/Garnet.test/RespAofTests.cs,False,Direct Analysis
AofListObjectStoreRecoverTest,760,garnet-1.0.92/test/Garnet.test/RespAofTests.cs,False,Direct Analysis
AofCustomTxnRecoverTest,792,garnet-1.0.92/test/Garnet.test/RespAofTests.cs,False,Direct Analysis
AofTransactionFinalizeStepTest,835,garnet-1.0.92/test/Garnet.test/RespAofTests.cs,False,Direct Analysis
Setup,31,garnet-1.0.92/test/Garnet.test/RespAofAzureTests.cs,False,Direct Analysis
TearDown,38,garnet-1.0.92/test/Garnet.test/RespAofAzureTests.cs,False,Direct Analysis
AofUpsertStoreRecoverTest,44,garnet-1.0.92/test/Garnet.test/RespAofAzureTests.cs,False,Direct Analysis
AofUpsertStoreAutoCommitRecoverTest,69,garnet-1.0.92/test/Garnet.test/RespAofAzureTests.cs,False,Direct Analysis
AofUpsertStoreAutoCommitCommitWaitRecoverTest,94,garnet-1.0.92/test/Garnet.test/RespAofAzureTests.cs,False,Direct Analysis
AofUpsertStoreCkptRecoverTest,121,garnet-1.0.92/test/Garnet.test/RespAofAzureTests.cs,False,Direct Analysis
AofRMWStoreRecoverTest,156,garnet-1.0.92/test/Garnet.test/RespAofAzureTests.cs,False,Direct Analysis
AofDeleteStoreRecoverTest,181,garnet-1.0.92/test/Garnet.test/RespAofAzureTests.cs,False,Direct Analysis
AofExpiryRMWStoreRecoverTest,218,garnet-1.0.92/test/Garnet.test/RespAofAzureTests.cs,False,Direct Analysis
AofRMWObjectStoreRecoverTest,251,garnet-1.0.92/test/Garnet.test/RespAofAzureTests.cs,False,Direct Analysis
AofDeleteObjectStoreRecoverTest,288,garnet-1.0.92/test/Garnet.test/RespAofAzureTests.cs,False,Direct Analysis
AofRMWObjectStoreCopyUpdateRecoverTest,331,garnet-1.0.92/test/Garnet.test/RespAofAzureTests.cs,False,Direct Analysis
AofMultiRMWStoreCkptRecoverTest,370,garnet-1.0.92/test/Garnet.test/RespAofAzureTests.cs,False,Direct Analysis
Setup,23,garnet-1.0.92/test/Garnet.test/RespAdminCommandsTests.cs,False,Direct Analysis
TearDown,31,garnet-1.0.92/test/Garnet.test/RespAdminCommandsTests.cs,False,Direct Analysis
PingTest,40,garnet-1.0.92/test/Garnet.test/RespAdminCommandsTests.cs,False,Direct Analysis
PingMessageTest,49,garnet-1.0.92/test/Garnet.test/RespAdminCommandsTests.cs,False,Direct Analysis
PingErrorMessageTest,58,garnet-1.0.92/test/Garnet.test/RespAdminCommandsTests.cs,False,Direct Analysis
EchoWithNoMessageReturnErrorTest,67,garnet-1.0.92/test/Garnet.test/RespAdminCommandsTests.cs,False,Direct Analysis
EchoWithMessagesReturnErrorTest,76,garnet-1.0.92/test/Garnet.test/RespAdminCommandsTests.cs,False,Direct Analysis
EchoWithMessageTest,88,garnet-1.0.92/test/Garnet.test/RespAdminCommandsTests.cs,False,Direct Analysis
EchoTwoCommandsTest,97,garnet-1.0.92/test/Garnet.test/RespAdminCommandsTests.cs,False,Direct Analysis
TimeCommandTest,107,garnet-1.0.92/test/Garnet.test/RespAdminCommandsTests.cs,False,Direct Analysis
TimeWithReturnErrorTest,118,garnet-1.0.92/test/Garnet.test/RespAdminCommandsTests.cs,False,Direct Analysis
SeSaveTest,131,garnet-1.0.92/test/Garnet.test/RespAdminCommandsTests.cs,False,Direct Analysis
SeSaveRecoverTest,149,garnet-1.0.92/test/Garnet.test/RespAdminCommandsTests.cs,False,Direct Analysis
SeSaveRecoverObjectTest,181,garnet-1.0.92/test/Garnet.test/RespAdminCommandsTests.cs,False,Direct Analysis
SeSaveInProgressTest,219,garnet-1.0.92/test/Garnet.test/RespAdminCommandsTests.cs,False,Direct Analysis
SeSaveRecoverCustomObjectTest,249,garnet-1.0.92/test/Garnet.test/RespAdminCommandsTests.cs,False,Direct Analysis
SeSaveRecoverCustomScriptTest,288,garnet-1.0.92/test/Garnet.test/RespAdminCommandsTests.cs,False,Direct Analysis
SeSaveRecoverMultipleObjectsTest,335,garnet-1.0.92/test/Garnet.test/RespAdminCommandsTests.cs,False,Direct Analysis
SeSaveRecoverMultipleKeysTest,384,garnet-1.0.92/test/Garnet.test/RespAdminCommandsTests.cs,False,Direct Analysis
SeAofRecoverTest,443,garnet-1.0.92/test/Garnet.test/RespAdminCommandsTests.cs,False,Direct Analysis
SeFlushDbAndFlushAllTest,470,garnet-1.0.92/test/Garnet.test/RespAdminCommandsTests.cs,False,Direct Analysis
SePingTest,500,garnet-1.0.92/test/Garnet.test/RespAdminCommandsTests.cs,False,Direct Analysis
SePingMessageTest,511,garnet-1.0.92/test/Garnet.test/RespAdminCommandsTests.cs,False,Direct Analysis
SePingErrorMessageTest,522,garnet-1.0.92/test/Garnet.test/RespAdminCommandsTests.cs,False,Direct Analysis
SeEchoWithNoMessageReturnErrorTest,532,garnet-1.0.92/test/Garnet.test/RespAdminCommandsTests.cs,False,Direct Analysis
SeEchoWithMessageTest,540,garnet-1.0.92/test/Garnet.test/RespAdminCommandsTests.cs,False,Direct Analysis
SeEchoWithMultiTokenMessageTest,550,garnet-1.0.92/test/Garnet.test/RespAdminCommandsTests.cs,False,Direct Analysis
SeTimeCommandTest,561,garnet-1.0.92/test/Garnet.test/RespAdminCommandsTests.cs,False,Direct Analysis
SeTimeWithReturnErrorTest,574,garnet-1.0.92/test/Garnet.test/RespAdminCommandsTests.cs,False,Direct Analysis
SeFlushDbAndFlushAllTest2,582,garnet-1.0.92/test/Garnet.test/RespAdminCommandsTests.cs,False,Direct Analysis
SimpleConfigGet,626,garnet-1.0.92/test/Garnet.test/RespAdminCommandsTests.cs,False,Direct Analysis
ConfigWrongNumberOfArguments,642,garnet-1.0.92/test/Garnet.test/RespAdminCommandsTests.cs,False,Direct Analysis
ConfigGetWrongNumberOfArguments,653,garnet-1.0.92/test/Garnet.test/RespAdminCommandsTests.cs,False,Direct Analysis
MakeUpperCaseAccessViolation,21,garnet-1.0.92/test/Garnet.test/Resp/RespParseFuzzRegressionTests.cs,False,Direct Analysis
FastParseArrayCommandLongCommandAssertFailure,51,garnet-1.0.92/test/Garnet.test/Resp/RespParseFuzzRegressionTests.cs,False,Direct Analysis
FastParseArrayCommandShortCommandAssertFailure,79,garnet-1.0.92/test/Garnet.test/Resp/RespParseFuzzRegressionTests.cs,False,Direct Analysis
FastParseArrayCommandArrayCountAssertFailure,106,garnet-1.0.92/test/Garnet.test/Resp/RespParseFuzzRegressionTests.cs,False,Direct Analysis
IsWellStructured,51,garnet-1.0.92/test/Garnet.test/Resp/ACL/UserAclResult.cs,False,Direct Analysis
ContainsPasswordHash,69,garnet-1.0.92/test/Garnet.test/Resp/ACL/UserAclResult.cs,False,Direct Analysis
Setup,32,garnet-1.0.92/test/Garnet.test/Resp/ACL/RespCommandTests.cs,False,Direct Analysis
TearDown,52,garnet-1.0.92/test/Garnet.test/Resp/ACL/RespCommandTests.cs,False,Direct Analysis
AllCommandsCovered,59,garnet-1.0.92/test/Garnet.test/Resp/ACL/RespCommandTests.cs,False,Direct Analysis
AsyncACLsAsync,120,garnet-1.0.92/test/Garnet.test/Resp/ACL/RespCommandTests.cs,False,Direct Analysis
AclCatACLsAsync,149,garnet-1.0.92/test/Garnet.test/Resp/ACL/RespCommandTests.cs,False,Direct Analysis
AclDelUserACLsAsync,164,garnet-1.0.92/test/Garnet.test/Resp/ACL/RespCommandTests.cs,False,Direct Analysis
AclGenPassACLsAsync,185,garnet-1.0.92/test/Garnet.test/Resp/ACL/RespCommandTests.cs,False,Direct Analysis
AclGetUserACLsAsync,200,garnet-1.0.92/test/Garnet.test/Resp/ACL/RespCommandTests.cs,False,Direct Analysis
AclListACLsAsync,216,garnet-1.0.92/test/Garnet.test/Resp/ACL/RespCommandTests.cs,False,Direct Analysis
AclLoadACLsAsync,231,garnet-1.0.92/test/Garnet.test/Resp/ACL/RespCommandTests.cs,False,Direct Analysis
AclSaveACLsAsync,257,garnet-1.0.92/test/Garnet.test/Resp/ACL/RespCommandTests.cs,False,Direct Analysis
AclSetUserACLsAsync,283,garnet-1.0.92/test/Garnet.test/Resp/ACL/RespCommandTests.cs,False,Direct Analysis
AclUsersACLsAsync,310,garnet-1.0.92/test/Garnet.test/Resp/ACL/RespCommandTests.cs,False,Direct Analysis
AclWhoAmIACLsAsync,325,garnet-1.0.92/test/Garnet.test/Resp/ACL/RespCommandTests.cs,False,Direct Analysis
ExpDelScanACLsAsync,340,garnet-1.0.92/test/Garnet.test/Resp/ACL/RespCommandTests.cs,False,Direct Analysis
AppendACLsAsync,354,garnet-1.0.92/test/Garnet.test/Resp/ACL/RespCommandTests.cs,False,Direct Analysis
AskingACLsAsync,373,garnet-1.0.92/test/Garnet.test/Resp/ACL/RespCommandTests.cs,False,Direct Analysis
BGSaveACLsAsync,388,garnet-1.0.92/test/Garnet.test/Resp/ACL/RespCommandTests.cs,False,Direct Analysis
BitcountACLsAsync,431,garnet-1.0.92/test/Garnet.test/Resp/ACL/RespCommandTests.cs,False,Direct Analysis
BitfieldACLsAsync,464,garnet-1.0.92/test/Garnet.test/Resp/ACL/RespCommandTests.cs,False,Direct Analysis
BitfieldROACLsAsync,575,garnet-1.0.92/test/Garnet.test/Resp/ACL/RespCommandTests.cs,False,Direct Analysis
BitOpACLsAsync,603,garnet-1.0.92/test/Garnet.test/Resp/ACL/RespCommandTests.cs,False,Direct Analysis
BitPosACLsAsync,654,garnet-1.0.92/test/Garnet.test/Resp/ACL/RespCommandTests.cs,False,Direct Analysis
ClientIdACLsAsync,693,garnet-1.0.92/test/Garnet.test/Resp/ACL/RespCommandTests.cs,False,Direct Analysis
ClientInfoACLsAsync,708,garnet-1.0.92/test/Garnet.test/Resp/ACL/RespCommandTests.cs,False,Direct Analysis
ClientListACLsAsync,723,garnet-1.0.92/test/Garnet.test/Resp/ACL/RespCommandTests.cs,False,Direct Analysis
ClientKillACLsAsync,756,garnet-1.0.92/test/Garnet.test/Resp/ACL/RespCommandTests.cs,False,Direct Analysis
ClientGetNameACLsAsync,788,garnet-1.0.92/test/Garnet.test/Resp/ACL/RespCommandTests.cs,False,Direct Analysis
ClientSetNameACLsAsync,803,garnet-1.0.92/test/Garnet.test/Resp/ACL/RespCommandTests.cs,False,Direct Analysis
ClientSetInfoACLsAsync,818,garnet-1.0.92/test/Garnet.test/Resp/ACL/RespCommandTests.cs,False,Direct Analysis
SSubscribeACLsAsync,833,garnet-1.0.92/test/Garnet.test/Resp/ACL/RespCommandTests.cs,False,Direct Analysis
SPublishACLsAsync,862,garnet-1.0.92/test/Garnet.test/Resp/ACL/RespCommandTests.cs,False,Direct Analysis
ClientUnblockACLsAsync,891,garnet-1.0.92/test/Garnet.test/Resp/ACL/RespCommandTests.cs,False,Direct Analysis
ClusterAddSlotsACLsAsync,906,garnet-1.0.92/test/Garnet.test/Resp/ACL/RespCommandTests.cs,False,Direct Analysis
ClusterAddSlotsRangeACLsAsync,953,garnet-1.0.92/test/Garnet.test/Resp/ACL/RespCommandTests.cs,False,Direct Analysis
ClusterAofSyncACLsAsync,1000,garnet-1.0.92/test/Garnet.test/Resp/ACL/RespCommandTests.cs,False,Direct Analysis
ClusterAppendLogACLsAsync,1029,garnet-1.0.92/test/Garnet.test/Resp/ACL/RespCommandTests.cs,False,Direct Analysis
ClusterAttachSyncACLsAsync,1058,garnet-1.0.92/test/Garnet.test/Resp/ACL/RespCommandTests.cs,False,Direct Analysis
ClusterBanListACLsAsync,1106,garnet-1.0.92/test/Garnet.test/Resp/ACL/RespCommandTests.cs,False,Direct Analysis
ClusterBeginReplicaRecoverACLsAsync,1135,garnet-1.0.92/test/Garnet.test/Resp/ACL/RespCommandTests.cs,False,Direct Analysis
ClusterBumpEpochACLsAsync,1164,garnet-1.0.92/test/Garnet.test/Resp/ACL/RespCommandTests.cs,False,Direct Analysis
ClusterCountKeysInSlotACLsAsync,1193,garnet-1.0.92/test/Garnet.test/Resp/ACL/RespCommandTests.cs,False,Direct Analysis
ClusterDelKeysInSlotACLsAsync,1222,garnet-1.0.92/test/Garnet.test/Resp/ACL/RespCommandTests.cs,False,Direct Analysis
ClusterDelKeysInSlotRangeACLsAsync,1251,garnet-1.0.92/test/Garnet.test/Resp/ACL/RespCommandTests.cs,False,Direct Analysis
ClusterDelSlotsACLsAsync,1298,garnet-1.0.92/test/Garnet.test/Resp/ACL/RespCommandTests.cs,False,Direct Analysis
ClusterDelSlotsRangeACLsAsync,1345,garnet-1.0.92/test/Garnet.test/Resp/ACL/RespCommandTests.cs,False,Direct Analysis
ClusterEndpointACLsAsync,1392,garnet-1.0.92/test/Garnet.test/Resp/ACL/RespCommandTests.cs,False,Direct Analysis
ClusterFailoverACLsAsync,1421,garnet-1.0.92/test/Garnet.test/Resp/ACL/RespCommandTests.cs,False,Direct Analysis
ClusterFailStopWritesACLsAsync,1468,garnet-1.0.92/test/Garnet.test/Resp/ACL/RespCommandTests.cs,False,Direct Analysis
ClusterFlushAllACLsAsync,1497,garnet-1.0.92/test/Garnet.test/Resp/ACL/RespCommandTests.cs,False,Direct Analysis
ClusterFailReplicationOffsetACLsAsync,1526,garnet-1.0.92/test/Garnet.test/Resp/ACL/RespCommandTests.cs,False,Direct Analysis
ClusterForgetACLsAsync,1555,garnet-1.0.92/test/Garnet.test/Resp/ACL/RespCommandTests.cs,False,Direct Analysis
ClusterGetKeysInSlotACLsAsync,1584,garnet-1.0.92/test/Garnet.test/Resp/ACL/RespCommandTests.cs,False,Direct Analysis
ClusterGossipACLsAsync,1613,garnet-1.0.92/test/Garnet.test/Resp/ACL/RespCommandTests.cs,False,Direct Analysis
ClusterHelpACLsAsync,1642,garnet-1.0.92/test/Garnet.test/Resp/ACL/RespCommandTests.cs,False,Direct Analysis
ClusterInfoACLsAsync,1671,garnet-1.0.92/test/Garnet.test/Resp/ACL/RespCommandTests.cs,False,Direct Analysis
ClusterInitiateReplicaSyncACLsAsync,1700,garnet-1.0.92/test/Garnet.test/Resp/ACL/RespCommandTests.cs,False,Direct Analysis
ClusterKeySlotACLsAsync,1729,garnet-1.0.92/test/Garnet.test/Resp/ACL/RespCommandTests.cs,False,Direct Analysis
ClusterMeetACLsAsync,1758,garnet-1.0.92/test/Garnet.test/Resp/ACL/RespCommandTests.cs,False,Direct Analysis
ClusterMigrateACLsAsync,1805,garnet-1.0.92/test/Garnet.test/Resp/ACL/RespCommandTests.cs,False,Direct Analysis
ClusterSyncACLsAsync,1834,garnet-1.0.92/test/Garnet.test/Resp/ACL/RespCommandTests.cs,False,Direct Analysis
ClusterMTasksACLsAsync,1863,garnet-1.0.92/test/Garnet.test/Resp/ACL/RespCommandTests.cs,False,Direct Analysis
ClusterMyIdACLsAsync,1892,garnet-1.0.92/test/Garnet.test/Resp/ACL/RespCommandTests.cs,False,Direct Analysis
ClusterMyParentIdACLsAsync,1921,garnet-1.0.92/test/Garnet.test/Resp/ACL/RespCommandTests.cs,False,Direct Analysis
ClusterNodesACLsAsync,1950,garnet-1.0.92/test/Garnet.test/Resp/ACL/RespCommandTests.cs,False,Direct Analysis
ClusterReplicasACLsAsync,1979,garnet-1.0.92/test/Garnet.test/Resp/ACL/RespCommandTests.cs,False,Direct Analysis
ClusterReplicateACLsAsync,2008,garnet-1.0.92/test/Garnet.test/Resp/ACL/RespCommandTests.cs,False,Direct Analysis
ClusterResetACLsAsync,2037,garnet-1.0.92/test/Garnet.test/Resp/ACL/RespCommandTests.cs,False,Direct Analysis
ClusterSendCkptFileSegmentACLsAsync,2084,garnet-1.0.92/test/Garnet.test/Resp/ACL/RespCommandTests.cs,False,Direct Analysis
ClusterSendCkptMetadataACLsAsync,2113,garnet-1.0.92/test/Garnet.test/Resp/ACL/RespCommandTests.cs,False,Direct Analysis
ClusterSetConfigEpochACLsAsync,2142,garnet-1.0.92/test/Garnet.test/Resp/ACL/RespCommandTests.cs,False,Direct Analysis
ClusterSetSlotACLsAsync,2171,garnet-1.0.92/test/Garnet.test/Resp/ACL/RespCommandTests.cs,False,Direct Analysis
ClusterSetSlotsRangeACLsAsync,2236,garnet-1.0.92/test/Garnet.test/Resp/ACL/RespCommandTests.cs,False,Direct Analysis
ClusterShardsACLsAsync,2319,garnet-1.0.92/test/Garnet.test/Resp/ACL/RespCommandTests.cs,False,Direct Analysis
ClusterSlotsACLsAsync,2348,garnet-1.0.92/test/Garnet.test/Resp/ACL/RespCommandTests.cs,False,Direct Analysis
ClusterSlotStateACLsAsync,2377,garnet-1.0.92/test/Garnet.test/Resp/ACL/RespCommandTests.cs,False,Direct Analysis
ClusterPublishACLsAsync,2406,garnet-1.0.92/test/Garnet.test/Resp/ACL/RespCommandTests.cs,False,Direct Analysis
ClusterSPublishACLsAsync,2435,garnet-1.0.92/test/Garnet.test/Resp/ACL/RespCommandTests.cs,False,Direct Analysis
CommandACLsAsync,2464,garnet-1.0.92/test/Garnet.test/Resp/ACL/RespCommandTests.cs,False,Direct Analysis
CommandCountACLsAsync,2480,garnet-1.0.92/test/Garnet.test/Resp/ACL/RespCommandTests.cs,False,Direct Analysis
CommandInfoACLsAsync,2495,garnet-1.0.92/test/Garnet.test/Resp/ACL/RespCommandTests.cs,False,Direct Analysis
CommandDocsACLsAsync,2523,garnet-1.0.92/test/Garnet.test/Resp/ACL/RespCommandTests.cs,False,Direct Analysis
CommandGetKeysACLsAsync,2551,garnet-1.0.92/test/Garnet.test/Resp/ACL/RespCommandTests.cs,False,Direct Analysis
CommandGetKeysAndFlagsACLsAsync,2567,garnet-1.0.92/test/Garnet.test/Resp/ACL/RespCommandTests.cs,False,Direct Analysis
CommitAOFACLsAsync,2582,garnet-1.0.92/test/Garnet.test/Resp/ACL/RespCommandTests.cs,False,Direct Analysis
ConfigGetACLsAsync,2597,garnet-1.0.92/test/Garnet.test/Resp/ACL/RespCommandTests.cs,False,Direct Analysis
ConfigRewriteACLsAsync,2617,garnet-1.0.92/test/Garnet.test/Resp/ACL/RespCommandTests.cs,False,Direct Analysis
ConfigSetACLsAsync,2632,garnet-1.0.92/test/Garnet.test/Resp/ACL/RespCommandTests.cs,False,Direct Analysis
COScanACLsAsync,2679,garnet-1.0.92/test/Garnet.test/Resp/ACL/RespCommandTests.cs,False,Direct Analysis
CustomRawStringCmdACLsAsync,2698,garnet-1.0.92/test/Garnet.test/Resp/ACL/RespCommandTests.cs,False,Direct Analysis
CustomObjCmdACLsAsync,2721,garnet-1.0.92/test/Garnet.test/Resp/ACL/RespCommandTests.cs,False,Direct Analysis
CustomTxnACLsAsync,2740,garnet-1.0.92/test/Garnet.test/Resp/ACL/RespCommandTests.cs,False,Direct Analysis
CustomProcedureACLsAsync,2759,garnet-1.0.92/test/Garnet.test/Resp/ACL/RespCommandTests.cs,False,Direct Analysis
DebugACLsAsync,2778,garnet-1.0.92/test/Garnet.test/Resp/ACL/RespCommandTests.cs,False,Direct Analysis
EvalACLsAsync,2793,garnet-1.0.92/test/Garnet.test/Resp/ACL/RespCommandTests.cs,False,Direct Analysis
EvalShaACLsAsync,2809,garnet-1.0.92/test/Garnet.test/Resp/ACL/RespCommandTests.cs,False,Direct Analysis
ScriptLoadACLsAsync,2837,garnet-1.0.92/test/Garnet.test/Resp/ACL/RespCommandTests.cs,False,Direct Analysis
ScriptExistsACLsAsync,2852,garnet-1.0.92/test/Garnet.test/Resp/ACL/RespCommandTests.cs,False,Direct Analysis
ScriptFlushACLsAsync,2876,garnet-1.0.92/test/Garnet.test/Resp/ACL/RespCommandTests.cs,False,Direct Analysis
DBSizeACLsAsync,2903,garnet-1.0.92/test/Garnet.test/Resp/ACL/RespCommandTests.cs,False,Direct Analysis
DecrACLsAsync,2918,garnet-1.0.92/test/Garnet.test/Resp/ACL/RespCommandTests.cs,False,Direct Analysis
DecrByACLsAsync,2936,garnet-1.0.92/test/Garnet.test/Resp/ACL/RespCommandTests.cs,False,Direct Analysis
DelACLsAsync,2954,garnet-1.0.92/test/Garnet.test/Resp/ACL/RespCommandTests.cs,False,Direct Analysis
DiscardACLsAsync,2975,garnet-1.0.92/test/Garnet.test/Resp/ACL/RespCommandTests.cs,False,Direct Analysis
EchoACLsAsync,3004,garnet-1.0.92/test/Garnet.test/Resp/ACL/RespCommandTests.cs,False,Direct Analysis
ExecACLsAsync,3019,garnet-1.0.92/test/Garnet.test/Resp/ACL/RespCommandTests.cs,False,Direct Analysis
ExistsACLsAsync,3048,garnet-1.0.92/test/Garnet.test/Resp/ACL/RespCommandTests.cs,False,Direct Analysis
ExpireACLsAsync,3069,garnet-1.0.92/test/Garnet.test/Resp/ACL/RespCommandTests.cs,False,Direct Analysis
ExpireAtACLsAsync,3108,garnet-1.0.92/test/Garnet.test/Resp/ACL/RespCommandTests.cs,False,Direct Analysis
PExpireAtACLsAsync,3153,garnet-1.0.92/test/Garnet.test/Resp/ACL/RespCommandTests.cs,False,Direct Analysis
FailoverACLsAsync,3198,garnet-1.0.92/test/Garnet.test/Resp/ACL/RespCommandTests.cs,False,Direct Analysis
FlushDBACLsAsync,3345,garnet-1.0.92/test/Garnet.test/Resp/ACL/RespCommandTests.cs,False,Direct Analysis
FlushAllACLsAsync,3366,garnet-1.0.92/test/Garnet.test/Resp/ACL/RespCommandTests.cs,False,Direct Analysis
ForceGCACLsAsync,3387,garnet-1.0.92/test/Garnet.test/Resp/ACL/RespCommandTests.cs,False,Direct Analysis
GetACLsAsync,3408,garnet-1.0.92/test/Garnet.test/Resp/ACL/RespCommandTests.cs,False,Direct Analysis
GetEXACLsAsync,3423,garnet-1.0.92/test/Garnet.test/Resp/ACL/RespCommandTests.cs,False,Direct Analysis
GetBitACLsAsync,3438,garnet-1.0.92/test/Garnet.test/Resp/ACL/RespCommandTests.cs,False,Direct Analysis
GetDelACLsAsync,3453,garnet-1.0.92/test/Garnet.test/Resp/ACL/RespCommandTests.cs,False,Direct Analysis
GetSetACLsAsync,3468,garnet-1.0.92/test/Garnet.test/Resp/ACL/RespCommandTests.cs,False,Direct Analysis
SubStrACLsAsync,3485,garnet-1.0.92/test/Garnet.test/Resp/ACL/RespCommandTests.cs,False,Direct Analysis
GetRangeACLsAsync,3500,garnet-1.0.92/test/Garnet.test/Resp/ACL/RespCommandTests.cs,False,Direct Analysis
SubStringACLsAsync,3515,garnet-1.0.92/test/Garnet.test/Resp/ACL/RespCommandTests.cs,False,Direct Analysis
HExpireACLsAsync,3530,garnet-1.0.92/test/Garnet.test/Resp/ACL/RespCommandTests.cs,False,Direct Analysis
HPExpireACLsAsync,3546,garnet-1.0.92/test/Garnet.test/Resp/ACL/RespCommandTests.cs,False,Direct Analysis
HExpireAtACLsAsync,3562,garnet-1.0.92/test/Garnet.test/Resp/ACL/RespCommandTests.cs,False,Direct Analysis
HPExpireAtACLsAsync,3578,garnet-1.0.92/test/Garnet.test/Resp/ACL/RespCommandTests.cs,False,Direct Analysis
HExpireTimeACLsAsync,3594,garnet-1.0.92/test/Garnet.test/Resp/ACL/RespCommandTests.cs,False,Direct Analysis
HPExpireTimeACLsAsync,3610,garnet-1.0.92/test/Garnet.test/Resp/ACL/RespCommandTests.cs,False,Direct Analysis
HTTLACLsAsync,3626,garnet-1.0.92/test/Garnet.test/Resp/ACL/RespCommandTests.cs,False,Direct Analysis
HPTTLACLsAsync,3642,garnet-1.0.92/test/Garnet.test/Resp/ACL/RespCommandTests.cs,False,Direct Analysis
HPersistACLsAsync,3658,garnet-1.0.92/test/Garnet.test/Resp/ACL/RespCommandTests.cs,False,Direct Analysis
HCollectACLsAsync,3674,garnet-1.0.92/test/Garnet.test/Resp/ACL/RespCommandTests.cs,False,Direct Analysis
HDelACLsAsync,3689,garnet-1.0.92/test/Garnet.test/Resp/ACL/RespCommandTests.cs,False,Direct Analysis
HExistsACLsAsync,3710,garnet-1.0.92/test/Garnet.test/Resp/ACL/RespCommandTests.cs,False,Direct Analysis
HGetACLsAsync,3725,garnet-1.0.92/test/Garnet.test/Resp/ACL/RespCommandTests.cs,False,Direct Analysis
HGetAllACLsAsync,3740,garnet-1.0.92/test/Garnet.test/Resp/ACL/RespCommandTests.cs,False,Direct Analysis
HIncrByACLsAsync,3756,garnet-1.0.92/test/Garnet.test/Resp/ACL/RespCommandTests.cs,False,Direct Analysis
HIncrByFloatACLsAsync,3774,garnet-1.0.92/test/Garnet.test/Resp/ACL/RespCommandTests.cs,False,Direct Analysis
HKeysACLsAsync,3792,garnet-1.0.92/test/Garnet.test/Resp/ACL/RespCommandTests.cs,False,Direct Analysis
HLenACLsAsync,3807,garnet-1.0.92/test/Garnet.test/Resp/ACL/RespCommandTests.cs,False,Direct Analysis
HMGetACLsAsync,3822,garnet-1.0.92/test/Garnet.test/Resp/ACL/RespCommandTests.cs,False,Direct Analysis
HMSetACLsAsync,3846,garnet-1.0.92/test/Garnet.test/Resp/ACL/RespCommandTests.cs,False,Direct Analysis
HRandFieldACLsAsync,3867,garnet-1.0.92/test/Garnet.test/Resp/ACL/RespCommandTests.cs,False,Direct Analysis
HScanACLsAsync,3894,garnet-1.0.92/test/Garnet.test/Resp/ACL/RespCommandTests.cs,False,Direct Analysis
HSetACLsAsync,3953,garnet-1.0.92/test/Garnet.test/Resp/ACL/RespCommandTests.cs,False,Direct Analysis
HSetNXACLsAsync,3980,garnet-1.0.92/test/Garnet.test/Resp/ACL/RespCommandTests.cs,False,Direct Analysis
HStrLenACLsAsync,3999,garnet-1.0.92/test/Garnet.test/Resp/ACL/RespCommandTests.cs,False,Direct Analysis
HValsACLsAsync,4014,garnet-1.0.92/test/Garnet.test/Resp/ACL/RespCommandTests.cs,False,Direct Analysis
IncrACLsAsync,4029,garnet-1.0.92/test/Garnet.test/Resp/ACL/RespCommandTests.cs,False,Direct Analysis
IncrByACLsAsync,4047,garnet-1.0.92/test/Garnet.test/Resp/ACL/RespCommandTests.cs,False,Direct Analysis
IncrByFloatACLsAsync,4065,garnet-1.0.92/test/Garnet.test/Resp/ACL/RespCommandTests.cs,False,Direct Analysis
InfoACLsAsync,4083,garnet-1.0.92/test/Garnet.test/Resp/ACL/RespCommandTests.cs,False,Direct Analysis
RoleACLsAsync,4110,garnet-1.0.92/test/Garnet.test/Resp/ACL/RespCommandTests.cs,False,Direct Analysis
KeysACLsAsync,4125,garnet-1.0.92/test/Garnet.test/Resp/ACL/RespCommandTests.cs,False,Direct Analysis
LastSaveACLsAsync,4140,garnet-1.0.92/test/Garnet.test/Resp/ACL/RespCommandTests.cs,False,Direct Analysis
LatencyHelpACLsAsync,4155,garnet-1.0.92/test/Garnet.test/Resp/ACL/RespCommandTests.cs,False,Direct Analysis
LatencyHistogramACLsAsync,4170,garnet-1.0.92/test/Garnet.test/Resp/ACL/RespCommandTests.cs,False,Direct Analysis
LatencyResetACLsAsync,4197,garnet-1.0.92/test/Garnet.test/Resp/ACL/RespCommandTests.cs,False,Direct Analysis
BLMoveACLsAsync,4224,garnet-1.0.92/test/Garnet.test/Resp/ACL/RespCommandTests.cs,False,Direct Analysis
BRPopLPushACLsAsync,4239,garnet-1.0.92/test/Garnet.test/Resp/ACL/RespCommandTests.cs,False,Direct Analysis
BLMPopACLsAsync,4254,garnet-1.0.92/test/Garnet.test/Resp/ACL/RespCommandTests.cs,False,Direct Analysis
BLPopACLsAsync,4269,garnet-1.0.92/test/Garnet.test/Resp/ACL/RespCommandTests.cs,False,Direct Analysis
BRPopACLsAsync,4284,garnet-1.0.92/test/Garnet.test/Resp/ACL/RespCommandTests.cs,False,Direct Analysis
BZMPopACLsAsync,4299,garnet-1.0.92/test/Garnet.test/Resp/ACL/RespCommandTests.cs,False,Direct Analysis
BZPopMaxACLsAsync,4314,garnet-1.0.92/test/Garnet.test/Resp/ACL/RespCommandTests.cs,False,Direct Analysis
BZPopMinACLsAsync,4329,garnet-1.0.92/test/Garnet.test/Resp/ACL/RespCommandTests.cs,False,Direct Analysis
LPopACLsAsync,4344,garnet-1.0.92/test/Garnet.test/Resp/ACL/RespCommandTests.cs,False,Direct Analysis
LPosACLsAsync,4365,garnet-1.0.92/test/Garnet.test/Resp/ACL/RespCommandTests.cs,False,Direct Analysis
LPushACLsAsync,4380,garnet-1.0.92/test/Garnet.test/Resp/ACL/RespCommandTests.cs,False,Direct Analysis
LPushXACLsAsync,4407,garnet-1.0.92/test/Garnet.test/Resp/ACL/RespCommandTests.cs,False,Direct Analysis
RPopACLsAsync,4428,garnet-1.0.92/test/Garnet.test/Resp/ACL/RespCommandTests.cs,False,Direct Analysis
LRushACLsAsync,4449,garnet-1.0.92/test/Garnet.test/Resp/ACL/RespCommandTests.cs,False,Direct Analysis
RPushACLsAsync,4476,garnet-1.0.92/test/Garnet.test/Resp/ACL/RespCommandTests.cs,False,Direct Analysis
RPushXACLsAsync,4501,garnet-1.0.92/test/Garnet.test/Resp/ACL/RespCommandTests.cs,False,Direct Analysis
LCSACLsAsync,4522,garnet-1.0.92/test/Garnet.test/Resp/ACL/RespCommandTests.cs,False,Direct Analysis
LLenACLsAsync,4537,garnet-1.0.92/test/Garnet.test/Resp/ACL/RespCommandTests.cs,False,Direct Analysis
LTrimACLsAsync,4552,garnet-1.0.92/test/Garnet.test/Resp/ACL/RespCommandTests.cs,False,Direct Analysis
LRangeACLsAsync,4567,garnet-1.0.92/test/Garnet.test/Resp/ACL/RespCommandTests.cs,False,Direct Analysis
LIndexACLsAsync,4582,garnet-1.0.92/test/Garnet.test/Resp/ACL/RespCommandTests.cs,False,Direct Analysis
LInsertACLsAsync,4597,garnet-1.0.92/test/Garnet.test/Resp/ACL/RespCommandTests.cs,False,Direct Analysis
LRemACLsAsync,4618,garnet-1.0.92/test/Garnet.test/Resp/ACL/RespCommandTests.cs,False,Direct Analysis
RPopLPushACLsAsync,4633,garnet-1.0.92/test/Garnet.test/Resp/ACL/RespCommandTests.cs,False,Direct Analysis
LMoveACLsAsync,4648,garnet-1.0.92/test/Garnet.test/Resp/ACL/RespCommandTests.cs,False,Direct Analysis
LMPopACLsAsync,4663,garnet-1.0.92/test/Garnet.test/Resp/ACL/RespCommandTests.cs,False,Direct Analysis
LSetACLsAsync,4684,garnet-1.0.92/test/Garnet.test/Resp/ACL/RespCommandTests.cs,False,Direct Analysis
MemoryUsageACLsAsync,4709,garnet-1.0.92/test/Garnet.test/Resp/ACL/RespCommandTests.cs,False,Direct Analysis
MGetACLsAsync,4730,garnet-1.0.92/test/Garnet.test/Resp/ACL/RespCommandTests.cs,False,Direct Analysis
MigrateACLsAsync,4754,garnet-1.0.92/test/Garnet.test/Resp/ACL/RespCommandTests.cs,False,Direct Analysis
PurgeBPACLsAsync,4783,garnet-1.0.92/test/Garnet.test/Resp/ACL/RespCommandTests.cs,False,Direct Analysis
ModuleLoadCSACLsAsync,4818,garnet-1.0.92/test/Garnet.test/Resp/ACL/RespCommandTests.cs,False,Direct Analysis
MonitorACLsAsync,4847,garnet-1.0.92/test/Garnet.test/Resp/ACL/RespCommandTests.cs,False,Direct Analysis
MSetACLsAsync,4864,garnet-1.0.92/test/Garnet.test/Resp/ACL/RespCommandTests.cs,False,Direct Analysis
MSetNXACLsAsync,4885,garnet-1.0.92/test/Garnet.test/Resp/ACL/RespCommandTests.cs,False,Direct Analysis
MultiACLsAsync,4912,garnet-1.0.92/test/Garnet.test/Resp/ACL/RespCommandTests.cs,False,Direct Analysis
PersistACLsAsync,4942,garnet-1.0.92/test/Garnet.test/Resp/ACL/RespCommandTests.cs,False,Direct Analysis
PExpireACLsAsync,4957,garnet-1.0.92/test/Garnet.test/Resp/ACL/RespCommandTests.cs,False,Direct Analysis
PFAddACLsAsync,4998,garnet-1.0.92/test/Garnet.test/Resp/ACL/RespCommandTests.cs,False,Direct Analysis
PFCountACLsAsync,5025,garnet-1.0.92/test/Garnet.test/Resp/ACL/RespCommandTests.cs,False,Direct Analysis
PFMergeACLsAsync,5046,garnet-1.0.92/test/Garnet.test/Resp/ACL/RespCommandTests.cs,False,Direct Analysis
PingACLsAsync,5067,garnet-1.0.92/test/Garnet.test/Resp/ACL/RespCommandTests.cs,False,Direct Analysis
PSetEXACLsAsync,5088,garnet-1.0.92/test/Garnet.test/Resp/ACL/RespCommandTests.cs,False,Direct Analysis
PSubscribeACLsAsync,5103,garnet-1.0.92/test/Garnet.test/Resp/ACL/RespCommandTests.cs,False,Direct Analysis
PUnsubscribeACLsAsync,5120,garnet-1.0.92/test/Garnet.test/Resp/ACL/RespCommandTests.cs,False,Direct Analysis
PTTLACLsAsync,5135,garnet-1.0.92/test/Garnet.test/Resp/ACL/RespCommandTests.cs,False,Direct Analysis
PublishACLsAsync,5150,garnet-1.0.92/test/Garnet.test/Resp/ACL/RespCommandTests.cs,False,Direct Analysis
PubSubChannelsACLsAsync,5165,garnet-1.0.92/test/Garnet.test/Resp/ACL/RespCommandTests.cs,False,Direct Analysis
PubSubNumPatACLsAsync,5180,garnet-1.0.92/test/Garnet.test/Resp/ACL/RespCommandTests.cs,False,Direct Analysis
PubSubNumSubACLsAsync,5195,garnet-1.0.92/test/Garnet.test/Resp/ACL/RespCommandTests.cs,False,Direct Analysis
ReadOnlyACLsAsync,5210,garnet-1.0.92/test/Garnet.test/Resp/ACL/RespCommandTests.cs,False,Direct Analysis
ReadWriteACLsAsync,5225,garnet-1.0.92/test/Garnet.test/Resp/ACL/RespCommandTests.cs,False,Direct Analysis
RegisterCSACLsAsync,5240,garnet-1.0.92/test/Garnet.test/Resp/ACL/RespCommandTests.cs,False,Direct Analysis
ExpireTimeACLsAsync,5269,garnet-1.0.92/test/Garnet.test/Resp/ACL/RespCommandTests.cs,False,Direct Analysis
PExpireTimeACLsAsync,5284,garnet-1.0.92/test/Garnet.test/Resp/ACL/RespCommandTests.cs,False,Direct Analysis
RenameACLsAsync,5299,garnet-1.0.92/test/Garnet.test/Resp/ACL/RespCommandTests.cs,False,Direct Analysis
RenameNxACLsAsync,5326,garnet-1.0.92/test/Garnet.test/Resp/ACL/RespCommandTests.cs,False,Direct Analysis
ReplicaOfACLsAsync,5353,garnet-1.0.92/test/Garnet.test/Resp/ACL/RespCommandTests.cs,False,Direct Analysis
RunTxpACLsAsync,5400,garnet-1.0.92/test/Garnet.test/Resp/ACL/RespCommandTests.cs,False,Direct Analysis
SaveACLsAsync,5431,garnet-1.0.92/test/Garnet.test/Resp/ACL/RespCommandTests.cs,False,Direct Analysis
ScanACLsAsync,5446,garnet-1.0.92/test/Garnet.test/Resp/ACL/RespCommandTests.cs,False,Direct Analysis
SecondaryOfACLsAsync,5504,garnet-1.0.92/test/Garnet.test/Resp/ACL/RespCommandTests.cs,False,Direct Analysis
SelectACLsAsync,5551,garnet-1.0.92/test/Garnet.test/Resp/ACL/RespCommandTests.cs,False,Direct Analysis
SetACLsAsync,5566,garnet-1.0.92/test/Garnet.test/Resp/ACL/RespCommandTests.cs,False,Direct Analysis
SetIfMatchACLsAsync,5607,garnet-1.0.92/test/Garnet.test/Resp/ACL/RespCommandTests.cs,False,Direct Analysis
SetIfGreaterACLsAsync,5622,garnet-1.0.92/test/Garnet.test/Resp/ACL/RespCommandTests.cs,False,Direct Analysis
DelIfGreaterACLsAsync,5637,garnet-1.0.92/test/Garnet.test/Resp/ACL/RespCommandTests.cs,False,Direct Analysis
GetIfNotMatchACLsAsync,5652,garnet-1.0.92/test/Garnet.test/Resp/ACL/RespCommandTests.cs,False,Direct Analysis
GetWithEtagACLsAsync,5667,garnet-1.0.92/test/Garnet.test/Resp/ACL/RespCommandTests.cs,False,Direct Analysis
SetBitACLsAsync,5682,garnet-1.0.92/test/Garnet.test/Resp/ACL/RespCommandTests.cs,False,Direct Analysis
SetEXACLsAsync,5700,garnet-1.0.92/test/Garnet.test/Resp/ACL/RespCommandTests.cs,False,Direct Analysis
SetNXACLsAsync,5715,garnet-1.0.92/test/Garnet.test/Resp/ACL/RespCommandTests.cs,False,Direct Analysis
SetRangeACLsAsync,5732,garnet-1.0.92/test/Garnet.test/Resp/ACL/RespCommandTests.cs,False,Direct Analysis
StrLenACLsAsync,5747,garnet-1.0.92/test/Garnet.test/Resp/ACL/RespCommandTests.cs,False,Direct Analysis
SAddACLsAsync,5762,garnet-1.0.92/test/Garnet.test/Resp/ACL/RespCommandTests.cs,False,Direct Analysis
SRemACLsAsync,5789,garnet-1.0.92/test/Garnet.test/Resp/ACL/RespCommandTests.cs,False,Direct Analysis
SPopACLsAsync,5810,garnet-1.0.92/test/Garnet.test/Resp/ACL/RespCommandTests.cs,False,Direct Analysis
SMembersACLsAsync,5831,garnet-1.0.92/test/Garnet.test/Resp/ACL/RespCommandTests.cs,False,Direct Analysis
SCardACLsAsync,5846,garnet-1.0.92/test/Garnet.test/Resp/ACL/RespCommandTests.cs,False,Direct Analysis
SScanACLsAsync,5861,garnet-1.0.92/test/Garnet.test/Resp/ACL/RespCommandTests.cs,False,Direct Analysis
SlaveOfACLsAsync,5895,garnet-1.0.92/test/Garnet.test/Resp/ACL/RespCommandTests.cs,False,Direct Analysis
SlowlogGetACLsAsync,5942,garnet-1.0.92/test/Garnet.test/Resp/ACL/RespCommandTests.cs,False,Direct Analysis
SlowlogHelpACLsAsync,5957,garnet-1.0.92/test/Garnet.test/Resp/ACL/RespCommandTests.cs,False,Direct Analysis
SlowlogLenACLsAsync,5972,garnet-1.0.92/test/Garnet.test/Resp/ACL/RespCommandTests.cs,False,Direct Analysis
SlowlogResetACLsAsync,5987,garnet-1.0.92/test/Garnet.test/Resp/ACL/RespCommandTests.cs,False,Direct Analysis
SMoveACLsAsync,6002,garnet-1.0.92/test/Garnet.test/Resp/ACL/RespCommandTests.cs,False,Direct Analysis
SRandMemberACLsAsync,6017,garnet-1.0.92/test/Garnet.test/Resp/ACL/RespCommandTests.cs,False,Direct Analysis
SIsMemberACLsAsync,6038,garnet-1.0.92/test/Garnet.test/Resp/ACL/RespCommandTests.cs,False,Direct Analysis
SMIsMemberACLsAsync,6053,garnet-1.0.92/test/Garnet.test/Resp/ACL/RespCommandTests.cs,False,Direct Analysis
SubscribeACLsAsync,6068,garnet-1.0.92/test/Garnet.test/Resp/ACL/RespCommandTests.cs,False,Direct Analysis
SUnionACLsAsync,6085,garnet-1.0.92/test/Garnet.test/Resp/ACL/RespCommandTests.cs,False,Direct Analysis
SUnionStoreACLsAsync,6106,garnet-1.0.92/test/Garnet.test/Resp/ACL/RespCommandTests.cs,False,Direct Analysis
SDiffACLsAsync,6127,garnet-1.0.92/test/Garnet.test/Resp/ACL/RespCommandTests.cs,False,Direct Analysis
SDiffStoreACLsAsync,6148,garnet-1.0.92/test/Garnet.test/Resp/ACL/RespCommandTests.cs,False,Direct Analysis
SInterACLsAsync,6169,garnet-1.0.92/test/Garnet.test/Resp/ACL/RespCommandTests.cs,False,Direct Analysis
SInterCardACLsAsync,6190,garnet-1.0.92/test/Garnet.test/Resp/ACL/RespCommandTests.cs,False,Direct Analysis
SInterStoreACLsAsync,6205,garnet-1.0.92/test/Garnet.test/Resp/ACL/RespCommandTests.cs,False,Direct Analysis
GeoAddACLsAsync,6226,garnet-1.0.92/test/Garnet.test/Resp/ACL/RespCommandTests.cs,False,Direct Analysis
GeoHashACLsAsync,6285,garnet-1.0.92/test/Garnet.test/Resp/ACL/RespCommandTests.cs,False,Direct Analysis
GeoDistACLsAsync,6321,garnet-1.0.92/test/Garnet.test/Resp/ACL/RespCommandTests.cs,False,Direct Analysis
GeoPosACLsAsync,6342,garnet-1.0.92/test/Garnet.test/Resp/ACL/RespCommandTests.cs,False,Direct Analysis
GeoRadiusACLsAsync,6364,garnet-1.0.92/test/Garnet.test/Resp/ACL/RespCommandTests.cs,False,Direct Analysis
GeoRadiusROACLsAsync,6379,garnet-1.0.92/test/Garnet.test/Resp/ACL/RespCommandTests.cs,False,Direct Analysis
GeoRadiusByMemberACLsAsync,6394,garnet-1.0.92/test/Garnet.test/Resp/ACL/RespCommandTests.cs,False,Direct Analysis
GeoRadiusByMemberROACLsAsync,6409,garnet-1.0.92/test/Garnet.test/Resp/ACL/RespCommandTests.cs,False,Direct Analysis
GeoSearchACLsAsync,6424,garnet-1.0.92/test/Garnet.test/Resp/ACL/RespCommandTests.cs,False,Direct Analysis
GeoSearchStoreACLsAsync,6440,garnet-1.0.92/test/Garnet.test/Resp/ACL/RespCommandTests.cs,False,Direct Analysis
ZAddACLsAsync,6456,garnet-1.0.92/test/Garnet.test/Resp/ACL/RespCommandTests.cs,False,Direct Analysis
ZCardACLsAsync,6483,garnet-1.0.92/test/Garnet.test/Resp/ACL/RespCommandTests.cs,False,Direct Analysis
ZMPopACLsAsync,6500,garnet-1.0.92/test/Garnet.test/Resp/ACL/RespCommandTests.cs,False,Direct Analysis
ZPopMaxACLsAsync,6523,garnet-1.0.92/test/Garnet.test/Resp/ACL/RespCommandTests.cs,False,Direct Analysis
ZScoreACLsAsync,6544,garnet-1.0.92/test/Garnet.test/Resp/ACL/RespCommandTests.cs,False,Direct Analysis
ZRemACLsAsync,6559,garnet-1.0.92/test/Garnet.test/Resp/ACL/RespCommandTests.cs,False,Direct Analysis
ZCountACLsAsync,6580,garnet-1.0.92/test/Garnet.test/Resp/ACL/RespCommandTests.cs,False,Direct Analysis
ZIncrByACLsAsync,6595,garnet-1.0.92/test/Garnet.test/Resp/ACL/RespCommandTests.cs,False,Direct Analysis
ZRankACLsAsync,6613,garnet-1.0.92/test/Garnet.test/Resp/ACL/RespCommandTests.cs,False,Direct Analysis
ZRangeACLsAsync,6628,garnet-1.0.92/test/Garnet.test/Resp/ACL/RespCommandTests.cs,False,Direct Analysis
ZRevRangeByLexACLsAsync,6645,garnet-1.0.92/test/Garnet.test/Resp/ACL/RespCommandTests.cs,False,Direct Analysis
ZRangeStoreACLsAsync,6660,garnet-1.0.92/test/Garnet.test/Resp/ACL/RespCommandTests.cs,False,Direct Analysis
ZRangeByLexACLsAsync,6675,garnet-1.0.92/test/Garnet.test/Resp/ACL/RespCommandTests.cs,False,Direct Analysis
ZRangeByScoreACLsAsync,6696,garnet-1.0.92/test/Garnet.test/Resp/ACL/RespCommandTests.cs,False,Direct Analysis
ZRevRangeACLsAsync,6729,garnet-1.0.92/test/Garnet.test/Resp/ACL/RespCommandTests.cs,False,Direct Analysis
ZRevRangeByScoreACLsAsync,6750,garnet-1.0.92/test/Garnet.test/Resp/ACL/RespCommandTests.cs,False,Direct Analysis
ZRevRankACLsAsync,6783,garnet-1.0.92/test/Garnet.test/Resp/ACL/RespCommandTests.cs,False,Direct Analysis
ZRemRangeByLexACLsAsync,6798,garnet-1.0.92/test/Garnet.test/Resp/ACL/RespCommandTests.cs,False,Direct Analysis
ZRemRangeByRankACLsAsync,6813,garnet-1.0.92/test/Garnet.test/Resp/ACL/RespCommandTests.cs,False,Direct Analysis
ZRemRangeByScoreACLsAsync,6828,garnet-1.0.92/test/Garnet.test/Resp/ACL/RespCommandTests.cs,False,Direct Analysis
ZLexCountACLsAsync,6843,garnet-1.0.92/test/Garnet.test/Resp/ACL/RespCommandTests.cs,False,Direct Analysis
ZPopMinACLsAsync,6858,garnet-1.0.92/test/Garnet.test/Resp/ACL/RespCommandTests.cs,False,Direct Analysis
ZRandMemberACLsAsync,6879,garnet-1.0.92/test/Garnet.test/Resp/ACL/RespCommandTests.cs,False,Direct Analysis
ZDiffACLsAsync,6906,garnet-1.0.92/test/Garnet.test/Resp/ACL/RespCommandTests.cs,False,Direct Analysis
ZDiffStoreACLsAsync,6929,garnet-1.0.92/test/Garnet.test/Resp/ACL/RespCommandTests.cs,False,Direct Analysis
ZInterACLsAsync,6944,garnet-1.0.92/test/Garnet.test/Resp/ACL/RespCommandTests.cs,False,Direct Analysis
ZInterCardACLsAsync,6959,garnet-1.0.92/test/Garnet.test/Resp/ACL/RespCommandTests.cs,False,Direct Analysis
ZInterStoreACLsAsync,6974,garnet-1.0.92/test/Garnet.test/Resp/ACL/RespCommandTests.cs,False,Direct Analysis
ZUnionACLsAsync,6989,garnet-1.0.92/test/Garnet.test/Resp/ACL/RespCommandTests.cs,False,Direct Analysis
ZUnionStoreACLsAsync,7004,garnet-1.0.92/test/Garnet.test/Resp/ACL/RespCommandTests.cs,False,Direct Analysis
ZScanACLsAsync,7019,garnet-1.0.92/test/Garnet.test/Resp/ACL/RespCommandTests.cs,False,Direct Analysis
ZMScoreACLsAsync,7077,garnet-1.0.92/test/Garnet.test/Resp/ACL/RespCommandTests.cs,False,Direct Analysis
ZExpireACLsAsync,7101,garnet-1.0.92/test/Garnet.test/Resp/ACL/RespCommandTests.cs,False,Direct Analysis
ZPExpireACLsAsync,7117,garnet-1.0.92/test/Garnet.test/Resp/ACL/RespCommandTests.cs,False,Direct Analysis
ZExpireAtACLsAsync,7133,garnet-1.0.92/test/Garnet.test/Resp/ACL/RespCommandTests.cs,False,Direct Analysis
ZPExpireAtACLsAsync,7149,garnet-1.0.92/test/Garnet.test/Resp/ACL/RespCommandTests.cs,False,Direct Analysis
ZExpireTimeACLsAsync,7165,garnet-1.0.92/test/Garnet.test/Resp/ACL/RespCommandTests.cs,False,Direct Analysis
ZPExpireTimeACLsAsync,7181,garnet-1.0.92/test/Garnet.test/Resp/ACL/RespCommandTests.cs,False,Direct Analysis
ZTTLACLsAsync,7197,garnet-1.0.92/test/Garnet.test/Resp/ACL/RespCommandTests.cs,False,Direct Analysis
ZPTTLACLsAsync,7213,garnet-1.0.92/test/Garnet.test/Resp/ACL/RespCommandTests.cs,False,Direct Analysis
ZPersistACLsAsync,7229,garnet-1.0.92/test/Garnet.test/Resp/ACL/RespCommandTests.cs,False,Direct Analysis
ZCollectACLsAsync,7245,garnet-1.0.92/test/Garnet.test/Resp/ACL/RespCommandTests.cs,False,Direct Analysis
TimeACLsAsync,7260,garnet-1.0.92/test/Garnet.test/Resp/ACL/RespCommandTests.cs,False,Direct Analysis
TTLACLsAsync,7277,garnet-1.0.92/test/Garnet.test/Resp/ACL/RespCommandTests.cs,False,Direct Analysis
DumpACLsAsync,7292,garnet-1.0.92/test/Garnet.test/Resp/ACL/RespCommandTests.cs,False,Direct Analysis
RestoreACLsAsync,7307,garnet-1.0.92/test/Garnet.test/Resp/ACL/RespCommandTests.cs,False,Direct Analysis
SwapDbACLsAsync,7342,garnet-1.0.92/test/Garnet.test/Resp/ACL/RespCommandTests.cs,False,Direct Analysis
TypeACLsAsync,7368,garnet-1.0.92/test/Garnet.test/Resp/ACL/RespCommandTests.cs,False,Direct Analysis
UnlinkACLsAsync,7383,garnet-1.0.92/test/Garnet.test/Resp/ACL/RespCommandTests.cs,False,Direct Analysis
UnsubscribeACLsAsync,7404,garnet-1.0.92/test/Garnet.test/Resp/ACL/RespCommandTests.cs,False,Direct Analysis
WatchACLsAsync,7419,garnet-1.0.92/test/Garnet.test/Resp/ACL/RespCommandTests.cs,False,Direct Analysis
WatchMSACLsAsync,7437,garnet-1.0.92/test/Garnet.test/Resp/ACL/RespCommandTests.cs,False,Direct Analysis
WatchOSACLsAsync,7454,garnet-1.0.92/test/Garnet.test/Resp/ACL/RespCommandTests.cs,False,Direct Analysis
UnwatchACLsAsync,7471,garnet-1.0.92/test/Garnet.test/Resp/ACL/RespCommandTests.cs,False,Direct Analysis
Setup,56,garnet-1.0.92/test/Garnet.test/RespCommandTests.cs,False,Direct Analysis
TearDown,87,garnet-1.0.92/test/Garnet.test/RespCommandTests.cs,False,Direct Analysis
CommandsInfoCoverageTest,99,garnet-1.0.92/test/Garnet.test/RespCommandTests.cs,False,Direct Analysis
CommandsDocsCoverageTest,125,garnet-1.0.92/test/Garnet.test/RespCommandTests.cs,False,Direct Analysis
SimpleCommandsInfoTest,151,garnet-1.0.92/test/Garnet.test/RespCommandTests.cs,False,Direct Analysis
CommandTest,210,garnet-1.0.92/test/Garnet.test/RespCommandTests.cs,False,Direct Analysis
CommandInfoTest,238,garnet-1.0.92/test/Garnet.test/RespCommandTests.cs,False,Direct Analysis
CommandDocsTest,276,garnet-1.0.92/test/Garnet.test/RespCommandTests.cs,False,Direct Analysis
CommandCountTest,322,garnet-1.0.92/test/Garnet.test/RespCommandTests.cs,False,Direct Analysis
CommandUnknownSubcommandTest,348,garnet-1.0.92/test/Garnet.test/RespCommandTests.cs,False,Direct Analysis
VerifyCommandInfo,657,garnet-1.0.92/test/Garnet.test/RespCommandTests.cs,False,Direct Analysis
VerifyCommandDocs,670,garnet-1.0.92/test/Garnet.test/RespCommandTests.cs,False,Direct Analysis
CommandGetKeysInvalidInputTest,803,garnet-1.0.92/test/Garnet.test/RespCommandTests.cs,False,Direct Analysis
Setup,22,garnet-1.0.92/test/Garnet.test/Resp/ACL/ParallelTests.cs,False,Direct Analysis
ParallelAuthTest,32,garnet-1.0.92/test/Garnet.test/Resp/ACL/ParallelTests.cs,False,Direct Analysis
ParallelPasswordHashTest,60,garnet-1.0.92/test/Garnet.test/Resp/ACL/ParallelTests.cs,False,Direct Analysis
ParallelAclSetUserTest,84,garnet-1.0.92/test/Garnet.test/Resp/ACL/ParallelTests.cs,False,Direct Analysis
ParallelAclSetUserAvoidsMapContentionTest,129,garnet-1.0.92/test/Garnet.test/Resp/ACL/ParallelTests.cs,False,Direct Analysis
GetUserTest,28,garnet-1.0.92/test/Garnet.test/Resp/ACL/GetUserTests.cs,False,Direct Analysis
GetUserNotFoundTest,49,garnet-1.0.92/test/Garnet.test/Resp/ACL/GetUserTests.cs,False,Direct Analysis
GetUserAclTest,69,garnet-1.0.92/test/Garnet.test/Resp/ACL/GetUserTests.cs,False,Direct Analysis
GetUserMultiUserTest,113,garnet-1.0.92/test/Garnet.test/Resp/ACL/GetUserTests.cs,False,Direct Analysis
Setup,21,garnet-1.0.92/test/Garnet.test/Resp/ACL/DeleteUserTests.cs,False,Direct Analysis
DeleteSingleUser,31,garnet-1.0.92/test/Garnet.test/Resp/ACL/DeleteUserTests.cs,False,Direct Analysis
DeleteMultipleUser,62,garnet-1.0.92/test/Garnet.test/Resp/ACL/DeleteUserTests.cs,False,Direct Analysis
DeleteNonexistingUser,93,garnet-1.0.92/test/Garnet.test/Resp/ACL/DeleteUserTests.cs,False,Direct Analysis
DeleteDefaultUser,124,garnet-1.0.92/test/Garnet.test/Resp/ACL/DeleteUserTests.cs,False,Direct Analysis
DeleteNoUser,153,garnet-1.0.92/test/Garnet.test/Resp/ACL/DeleteUserTests.cs,False,Direct Analysis
ParseACLRuleDescriptionTest,49,garnet-1.0.92/test/Garnet.test/Resp/ACL/AclParserTests.cs,False,Direct Analysis
ParseACLRuleDescriptionTimeoutsTest,65,garnet-1.0.92/test/Garnet.test/Resp/ACL/AclParserTests.cs,False,Direct Analysis
ParseACLRuleDescriptionShouldReduceTest,79,garnet-1.0.92/test/Garnet.test/Resp/ACL/AclParserTests.cs,False,Direct Analysis
EmptyInput,25,garnet-1.0.92/test/Garnet.test/Resp/ACL/AclConfigurationFileTests.cs,False,Direct Analysis
NoDefaultRule,47,garnet-1.0.92/test/Garnet.test/Resp/ACL/AclConfigurationFileTests.cs,False,Direct Analysis
WithDefaultRule,73,garnet-1.0.92/test/Garnet.test/Resp/ACL/AclConfigurationFileTests.cs,False,Direct Analysis
AclLoad,109,garnet-1.0.92/test/Garnet.test/Resp/ACL/AclConfigurationFileTests.cs,False,Direct Analysis
AclLoadErrors,180,garnet-1.0.92/test/Garnet.test/Resp/ACL/AclConfigurationFileTests.cs,False,Direct Analysis
DuplicateUserNames,240,garnet-1.0.92/test/Garnet.test/Resp/ACL/AclConfigurationFileTests.cs,False,Direct Analysis
BadInputNonexistingFile,277,garnet-1.0.92/test/Garnet.test/Resp/ACL/AclConfigurationFileTests.cs,False,Direct Analysis
BadInputMalformedStatement,290,garnet-1.0.92/test/Garnet.test/Resp/ACL/AclConfigurationFileTests.cs,False,Direct Analysis
AclSave,331,garnet-1.0.92/test/Garnet.test/Resp/ACL/AclConfigurationFileTests.cs,False,Direct Analysis
Setup,16,garnet-1.0.92/test/Garnet.test/ReadCacheTests.cs,False,Direct Analysis
TearDown,24,garnet-1.0.92/test/Garnet.test/ReadCacheTests.cs,False,Direct Analysis
MainStoreReadCacheTest,35,garnet-1.0.92/test/Garnet.test/ReadCacheTests.cs,False,Direct Analysis
ObjectStoreReadCacheTest,97,garnet-1.0.92/test/Garnet.test/ReadCacheTests.cs,False,Direct Analysis
Setup,17,garnet-1.0.92/test/Garnet.test/RespLowMemoryTests.cs,False,Direct Analysis
TearDown,25,garnet-1.0.92/test/Garnet.test/RespLowMemoryTests.cs,False,Direct Analysis
MakeReadOnly,31,garnet-1.0.92/test/Garnet.test/RespLowMemoryTests.cs,False,Direct Analysis
PersistCopyUpdateTest,47,garnet-1.0.92/test/Garnet.test/RespLowMemoryTests.cs,False,Direct Analysis
Setup,17,garnet-1.0.92/test/Garnet.test/ObjectTestsForOutput.cs,False,Direct Analysis
TearDown,26,garnet-1.0.92/test/Garnet.test/ObjectTestsForOutput.cs,False,Direct Analysis
CanUseZRangeWithLeftOverBuffer,40,garnet-1.0.92/test/Garnet.test/ObjectTestsForOutput.cs,False,Direct Analysis
CanUseZPopMaxWithLeftOverBuffer,88,garnet-1.0.92/test/Garnet.test/ObjectTestsForOutput.cs,False,Direct Analysis
CanUseHGETWithLeftOverBuffer,133,garnet-1.0.92/test/Garnet.test/ObjectTestsForOutput.cs,False,Direct Analysis
CanUseHKEYSWithLeftOverBuffer,173,garnet-1.0.92/test/Garnet.test/ObjectTestsForOutput.cs,False,Direct Analysis
CanUseLPOPWithLeftOverBuffer,229,garnet-1.0.92/test/Garnet.test/ObjectTestsForOutput.cs,False,Direct Analysis
CanUseLRangeWithLeftOverBuffer,266,garnet-1.0.92/test/Garnet.test/ObjectTestsForOutput.cs,False,Direct Analysis
CanUseSMembersWithLeftOverBuffer,321,garnet-1.0.92/test/Garnet.test/ObjectTestsForOutput.cs,False,Direct Analysis
CanUseGETWithLeftOverBuffer,374,garnet-1.0.92/test/Garnet.test/ObjectTestsForOutput.cs,False,Direct Analysis
Setup,18,garnet-1.0.92/test/Garnet.test/NetworkTests.cs,False,Direct Analysis
TearDown,26,garnet-1.0.92/test/Garnet.test/NetworkTests.cs,False,Direct Analysis
NetworkExceptions,33,garnet-1.0.92/test/Garnet.test/NetworkTests.cs,False,Direct Analysis
Setup,110,garnet-1.0.92/test/Garnet.test/LuaScriptTests.cs,False,Direct Analysis
TearDown,148,garnet-1.0.92/test/Garnet.test/LuaScriptTests.cs,False,Direct Analysis
KeysArgvResize,166,garnet-1.0.92/test/Garnet.test/LuaScriptTests.cs,False,Direct Analysis
GlobalsForbidden,188,garnet-1.0.92/test/Garnet.test/LuaScriptTests.cs,False,Direct Analysis
ReadOnlyGlobalTables,217,garnet-1.0.92/test/Garnet.test/LuaScriptTests.cs,False,Direct Analysis
CanDoEvalUsingGarnetCallSE,242,garnet-1.0.92/test/Garnet.test/LuaScriptTests.cs,False,Direct Analysis
CanDoSimpleEvalHelloSE,255,garnet-1.0.92/test/Garnet.test/LuaScriptTests.cs,False,Direct Analysis
CanDoScriptWithArgvOperationsSE,265,garnet-1.0.92/test/Garnet.test/LuaScriptTests.cs,False,Direct Analysis
CanDoEvalSetGet,277,garnet-1.0.92/test/Garnet.test/LuaScriptTests.cs,False,Direct Analysis
CanDoEvalShaWithIntegerValueKeySE,294,garnet-1.0.92/test/Garnet.test/LuaScriptTests.cs,False,Direct Analysis
CanDoEvalShaWithStringValueKeySE,306,garnet-1.0.92/test/Garnet.test/LuaScriptTests.cs,False,Direct Analysis
CanDoEvalShaWithStringValueMultipleKeysSE,319,garnet-1.0.92/test/Garnet.test/LuaScriptTests.cs,False,Direct Analysis
CanDoEvalShaWithZAddOnePairSE,334,garnet-1.0.92/test/Garnet.test/LuaScriptTests.cs,False,Direct Analysis
CanDoEvalShaWithZAddMultiPairSE,347,garnet-1.0.92/test/Garnet.test/LuaScriptTests.cs,False,Direct Analysis
CanDoEvalShaSEMultipleThreads,379,garnet-1.0.92/test/Garnet.test/LuaScriptTests.cs,False,Direct Analysis
CanDoZAddGT,428,garnet-1.0.92/test/Garnet.test/LuaScriptTests.cs,False,Direct Analysis
CanDoScriptFlush,467,garnet-1.0.92/test/Garnet.test/LuaScriptTests.cs,False,Direct Analysis
CannotScriptUseExtendedEncoding,487,garnet-1.0.92/test/Garnet.test/LuaScriptTests.cs,False,Direct Analysis
UseEvalShaLightClient,499,garnet-1.0.92/test/Garnet.test/LuaScriptTests.cs,False,Direct Analysis
SuccessfulStatusReturn,534,garnet-1.0.92/test/Garnet.test/LuaScriptTests.cs,False,Direct Analysis
FailureStatusReturn,547,garnet-1.0.92/test/Garnet.test/LuaScriptTests.cs,False,Direct Analysis
MiscMath,562,garnet-1.0.92/test/Garnet.test/LuaScriptTests.cs,False,Direct Analysis
RedisPCall,633,garnet-1.0.92/test/Garnet.test/LuaScriptTests.cs,False,Direct Analysis
RedisSha1Hex,648,garnet-1.0.92/test/Garnet.test/LuaScriptTests.cs,False,Direct Analysis
RedisLog,675,garnet-1.0.92/test/Garnet.test/LuaScriptTests.cs,False,Direct Analysis
RedisSetRepl,720,garnet-1.0.92/test/Garnet.test/LuaScriptTests.cs,False,Direct Analysis
RedisReplicateCommands,733,garnet-1.0.92/test/Garnet.test/LuaScriptTests.cs,False,Direct Analysis
RedisDebugAndBreakpoint,744,garnet-1.0.92/test/Garnet.test/LuaScriptTests.cs,False,Direct Analysis
RedisAclCheckCmd,757,garnet-1.0.92/test/Garnet.test/LuaScriptTests.cs,False,Direct Analysis
RedisSetResp,811,garnet-1.0.92/test/Garnet.test/LuaScriptTests.cs,False,Direct Analysis
RedisVersion,836,garnet-1.0.92/test/Garnet.test/LuaScriptTests.cs,False,Direct Analysis
ComplexLuaTest1,857,garnet-1.0.92/test/Garnet.test/LuaScriptTests.cs,False,Direct Analysis
CannotRunUnsafeScript,23,garnet-1.0.92/test/Garnet.test/LuaScriptRunnerTests.cs,False,Direct Analysis
CanLoadScript,75,garnet-1.0.92/test/Garnet.test/LuaScriptRunnerTests.cs,False,Direct Analysis
CanRunScript,92,garnet-1.0.92/test/Garnet.test/LuaScriptRunnerTests.cs,False,Direct Analysis
KeysAndArgsCleared,114,garnet-1.0.92/test/Garnet.test/LuaScriptRunnerTests.cs,False,Direct Analysis
LuaLimittedManaged,143,garnet-1.0.92/test/Garnet.test/LuaScriptRunnerTests.cs,False,Direct Analysis
RedisLogDisabled,512,garnet-1.0.92/test/Garnet.test/LuaScriptRunnerTests.cs,False,Direct Analysis
RedisLogSilent,524,garnet-1.0.92/test/Garnet.test/LuaScriptRunnerTests.cs,False,Direct Analysis
AllowedFunctions,537,garnet-1.0.92/test/Garnet.test/LuaScriptRunnerTests.cs,False,Direct Analysis
InternalFunctionsIgnoredInAllowedFunctions,725,garnet-1.0.92/test/Garnet.test/LuaScriptRunnerTests.cs,False,Direct Analysis
Issue1165,741,garnet-1.0.92/test/Garnet.test/LuaScriptRunnerTests.cs,False,Direct Analysis
NeedsDisposeCheck,752,garnet-1.0.92/test/Garnet.test/LuaScriptRunnerTests.cs,False,Direct Analysis
Setup,22,garnet-1.0.92/test/Garnet.test/GarnetObjectTests.cs,False,Direct Analysis
TearDown,29,garnet-1.0.92/test/Garnet.test/GarnetObjectTests.cs,False,Direct Analysis
WriteRead,39,garnet-1.0.92/test/Garnet.test/GarnetObjectTests.cs,False,Direct Analysis
WriteCheckpointRead,57,garnet-1.0.92/test/Garnet.test/GarnetObjectTests.cs,False,Direct Analysis
CopyUpdate,90,garnet-1.0.92/test/Garnet.test/GarnetObjectTests.cs,False,Direct Analysis
CreateStore,150,garnet-1.0.92/test/Garnet.test/GarnetObjectTests.cs,False,Direct Analysis
Setup,26,garnet-1.0.92/test/Garnet.test/GarnetJSON/JsonCommandsTest.cs,False,Direct Analysis
TearDown,38,garnet-1.0.92/test/Garnet.test/GarnetJSON/JsonCommandsTest.cs,False,Direct Analysis
JsonSetGetTests,45,garnet-1.0.92/test/Garnet.test/GarnetJSON/JsonCommandsTest.cs,False,Direct Analysis
JsonSetGetBasicTypes,89,garnet-1.0.92/test/Garnet.test/GarnetJSON/JsonCommandsTest.cs,False,Direct Analysis
JsonSetPathOperations,105,garnet-1.0.92/test/Garnet.test/GarnetJSON/JsonCommandsTest.cs,False,Direct Analysis
JsonGetMultiplePathsTest,118,garnet-1.0.92/test/Garnet.test/GarnetJSON/JsonCommandsTest.cs,False,Direct Analysis
JsonSetInvalidJsonTest,134,garnet-1.0.92/test/Garnet.test/GarnetJSON/JsonCommandsTest.cs,False,Direct Analysis
JsonSetInvalidPathTest,146,garnet-1.0.92/test/Garnet.test/GarnetJSON/JsonCommandsTest.cs,False,Direct Analysis
JsonGetNonExistentTests,158,garnet-1.0.92/test/Garnet.test/GarnetJSON/JsonCommandsTest.cs,False,Direct Analysis
JsonGetComplexPathTests,180,garnet-1.0.92/test/Garnet.test/GarnetJSON/JsonCommandsTest.cs,False,Direct Analysis
JsonGetArrayOperationsTest,230,garnet-1.0.92/test/Garnet.test/GarnetJSON/JsonCommandsTest.cs,False,Direct Analysis
JsonGetAdvancedFiltersTest,243,garnet-1.0.92/test/Garnet.test/GarnetJSON/JsonCommandsTest.cs,False,Direct Analysis
JsonSetComplexPathOperationsTest,273,garnet-1.0.92/test/Garnet.test/GarnetJSON/JsonCommandsTest.cs,False,Direct Analysis
JsonSetNonStaticPathNewFieldTest,302,garnet-1.0.92/test/Garnet.test/GarnetJSON/JsonCommandsTest.cs,False,Direct Analysis
JsonSetNonStaticPathExistingFieldTest,327,garnet-1.0.92/test/Garnet.test/GarnetJSON/JsonCommandsTest.cs,False,Direct Analysis
SaveRecoverTest,356,garnet-1.0.92/test/Garnet.test/GarnetJSON/JsonCommandsTest.cs,False,Direct Analysis
AofUpsertRecoverTest,388,garnet-1.0.92/test/Garnet.test/GarnetJSON/JsonCommandsTest.cs,False,Direct Analysis
SerializationTest,420,garnet-1.0.92/test/Garnet.test/GarnetJSON/JsonCommandsTest.cs,False,Direct Analysis
JsonModuleLoadTest,452,garnet-1.0.92/test/Garnet.test/GarnetJSON/JsonCommandsTest.cs,False,Direct Analysis
RegisterCustomCommand,471,garnet-1.0.92/test/Garnet.test/GarnetJSON/JsonCommandsTest.cs,False,Direct Analysis
Start,131,garnet-1.0.92/libs/storage/Tsavorite/cs/src/core/Index/Common/LogSizeTracker.cs,False,Direct Analysis
UpdateTargetSize,142,garnet-1.0.92/libs/storage/Tsavorite/cs/src/core/Index/Common/LogSizeTracker.cs,False,Direct Analysis
OnNext,160,garnet-1.0.92/libs/storage/Tsavorite/cs/src/core/Index/Common/LogSizeTracker.cs,False,Direct Analysis
IncrementSize,177,garnet-1.0.92/libs/storage/Tsavorite/cs/src/core/Index/Common/LogSizeTracker.cs,False,Direct Analysis
ResizerTask,186,garnet-1.0.92/libs/storage/Tsavorite/cs/src/core/Index/Common/LogSizeTracker.cs,False,Direct Analysis
ResizeIfNeeded,213,garnet-1.0.92/libs/storage/Tsavorite/cs/src/core/Index/Common/LogSizeTracker.cs,False,Direct Analysis
Dispose,35,garnet-1.0.92/libs/storage/Tsavorite/cs/src/core/Index/Common/HeapContainer.cs,False,Direct Analysis
NextState,19,garnet-1.0.92/libs/storage/Tsavorite/cs/src/core/Index/Checkpointing/StreamingSnapshotCheckpointSM.cs,False,Direct Analysis
GlobalBeforeEnteringState,23,garnet-1.0.92/libs/storage/Tsavorite/cs/src/core/Index/Checkpointing/SnapshotCheckpointSMTask.cs,False,Direct Analysis
LoadModule,197,garnet-1.0.92/libs/server/Module/ModuleRegistrar.cs,False,Direct Analysis
NextState,19,garnet-1.0.92/libs/storage/Tsavorite/cs/src/core/Index/Checkpointing/IndexResizeSM.cs,False,Direct Analysis
GlobalBeforeEnteringState,26,garnet-1.0.92/libs/storage/Tsavorite/cs/src/core/Index/Checkpointing/IndexCheckpointSMTask.cs,False,Direct Analysis
GlobalAfterEnteringState,62,garnet-1.0.92/libs/storage/Tsavorite/cs/src/core/Index/Checkpointing/IndexCheckpointSMTask.cs,False,Direct Analysis
NextState,19,garnet-1.0.92/libs/storage/Tsavorite/cs/src/core/Index/Checkpointing/HybridLogCheckpointSM.cs,False,Direct Analysis
GetSingleSlotRequest,329,garnet-1.0.92/test/Garnet.test.cluster/RedirectTests/BaseCommand.cs,False,Direct Analysis
Initialize,366,garnet-1.0.92/libs/storage/Tsavorite/cs/src/core/Index/CheckpointManagement/RecoveryInfo.cs,False,Direct Analysis
Dispose,372,garnet-1.0.92/libs/storage/Tsavorite/cs/src/core/Index/CheckpointManagement/RecoveryInfo.cs,False,Direct Analysis
Transfer,381,garnet-1.0.92/libs/storage/Tsavorite/cs/src/core/Index/CheckpointManagement/RecoveryInfo.cs,False,Direct Analysis
Recover,392,garnet-1.0.92/libs/storage/Tsavorite/cs/src/core/Index/CheckpointManagement/RecoveryInfo.cs,False,Direct Analysis
Recover,410,garnet-1.0.92/libs/storage/Tsavorite/cs/src/core/Index/CheckpointManagement/RecoveryInfo.cs,False,Direct Analysis
IsDefault,428,garnet-1.0.92/libs/storage/Tsavorite/cs/src/core/Index/CheckpointManagement/RecoveryInfo.cs,False,Direct Analysis
Reset,79,garnet-1.0.92/libs/storage/Tsavorite/cs/src/core/Device/RandomAccessLocalStorageDevice.cs,False,Direct Analysis
RecoverFiles,100,garnet-1.0.92/libs/storage/Tsavorite/cs/src/core/Device/RandomAccessLocalStorageDevice.cs,False,Direct Analysis
ReadAsync,144,garnet-1.0.92/libs/storage/Tsavorite/cs/src/core/Device/RandomAccessLocalStorageDevice.cs,False,Direct Analysis
ReadWorkerAsync,153,garnet-1.0.92/libs/storage/Tsavorite/cs/src/core/Device/RandomAccessLocalStorageDevice.cs,False,Direct Analysis
WriteAsync,205,garnet-1.0.92/libs/storage/Tsavorite/cs/src/core/Device/RandomAccessLocalStorageDevice.cs,False,Direct Analysis
WriteWorkerAsync,214,garnet-1.0.92/libs/storage/Tsavorite/cs/src/core/Device/RandomAccessLocalStorageDevice.cs,False,Direct Analysis
RemoveSegment,263,garnet-1.0.92/libs/storage/Tsavorite/cs/src/core/Device/RandomAccessLocalStorageDevice.cs,False,Direct Analysis
RemoveSegmentAsync,283,garnet-1.0.92/libs/storage/Tsavorite/cs/src/core/Device/RandomAccessLocalStorageDevice.cs,False,Direct Analysis
GetFileSize,290,garnet-1.0.92/libs/storage/Tsavorite/cs/src/core/Device/RandomAccessLocalStorageDevice.cs,False,Direct Analysis
Dispose,305,garnet-1.0.92/libs/storage/Tsavorite/cs/src/core/Device/RandomAccessLocalStorageDevice.cs,False,Direct Analysis
CreateReadHandle,336,garnet-1.0.92/libs/storage/Tsavorite/cs/src/core/Device/RandomAccessLocalStorageDevice.cs,False,Direct Analysis
CreateWriteHandle,353,garnet-1.0.92/libs/storage/Tsavorite/cs/src/core/Device/RandomAccessLocalStorageDevice.cs,False,Direct Analysis
ToRespFormat,58,garnet-1.0.92/libs/server/Resp/RespCommandKeySpecification.cs,False,Direct Analysis
Set,17,garnet-1.0.92/libs/client/CompletionEvent.cs,False,Direct Analysis
Dispose,46,garnet-1.0.92/libs/client/CompletionEvent.cs,False,Direct Analysis
Set,17,garnet-1.0.92/libs/storage/Tsavorite/cs/src/core/Utilities/CompletionEvent.cs,False,Direct Analysis
Dispose,45,garnet-1.0.92/libs/storage/Tsavorite/cs/src/core/Utilities/CompletionEvent.cs,False,Direct Analysis
Dispose,151,garnet-1.0.92/libs/storage/Tsavorite/cs/src/core/Device/ShardedStorageDevice.cs,False,Direct Analysis
Initialize,165,garnet-1.0.92/libs/storage/Tsavorite/cs/src/core/Device/ShardedStorageDevice.cs,False,Direct Analysis
RemoveSegmentAsync,181,garnet-1.0.92/libs/storage/Tsavorite/cs/src/core/Device/ShardedStorageDevice.cs,False,Direct Analysis
WriteAsync,206,garnet-1.0.92/libs/storage/Tsavorite/cs/src/core/Device/ShardedStorageDevice.cs,False,Direct Analysis
ReadAsync,259,garnet-1.0.92/libs/storage/Tsavorite/cs/src/core/Device/ShardedStorageDevice.cs,False,Direct Analysis
Setup,163,garnet-1.0.92/libs/storage/Tsavorite/cs/test/LockableUnsafeContextTests.cs,False,Direct Analysis
TearDown,213,garnet-1.0.92/libs/storage/Tsavorite/cs/test/LockableUnsafeContextTests.cs,False,Direct Analysis
Populate,228,garnet-1.0.92/libs/storage/Tsavorite/cs/test/LockableUnsafeContextTests.cs,False,Direct Analysis
AssertTotalLockCounts,268,garnet-1.0.92/libs/storage/Tsavorite/cs/test/LockableUnsafeContextTests.cs,False,Direct Analysis
ManualLockCollidingHashCodes,316,garnet-1.0.92/libs/storage/Tsavorite/cs/test/LockableUnsafeContextTests.cs,False,Direct Analysis
TestShiftHeadAddressLUC,344,garnet-1.0.92/libs/storage/Tsavorite/cs/test/LockableUnsafeContextTests.cs,False,Direct Analysis
InMemorySimpleLockTxnTest,473,garnet-1.0.92/libs/storage/Tsavorite/cs/test/LockableUnsafeContextTests.cs,False,Direct Analysis
InMemoryLongLockTest,613,garnet-1.0.92/libs/storage/Tsavorite/cs/test/LockableUnsafeContextTests.cs,False,Direct Analysis
InMemoryDeleteTest,743,garnet-1.0.92/libs/storage/Tsavorite/cs/test/LockableUnsafeContextTests.cs,False,Direct Analysis
StressManualLocks,806,garnet-1.0.92/libs/storage/Tsavorite/cs/test/LockableUnsafeContextTests.cs,False,Direct Analysis
AddLockTableEntry,889,garnet-1.0.92/libs/storage/Tsavorite/cs/test/LockableUnsafeContextTests.cs,False,Direct Analysis
VerifyAndUnlockSplicedInKey,905,garnet-1.0.92/libs/storage/Tsavorite/cs/test/LockableUnsafeContextTests.cs,False,Direct Analysis
VerifyLocksAfterReadAndCTTTest,920,garnet-1.0.92/libs/storage/Tsavorite/cs/test/LockableUnsafeContextTests.cs,False,Direct Analysis
VerifyCountsAfterFlushAndEvict,962,garnet-1.0.92/libs/storage/Tsavorite/cs/test/LockableUnsafeContextTests.cs,False,Direct Analysis
PopulateAndEvict,1001,garnet-1.0.92/libs/storage/Tsavorite/cs/test/LockableUnsafeContextTests.cs,False,Direct Analysis
VerifyCountAfterUpsertToTailTest,1014,garnet-1.0.92/libs/storage/Tsavorite/cs/test/LockableUnsafeContextTests.cs,False,Direct Analysis
VerifyCountAfterRMWToTailTest,1054,garnet-1.0.92/libs/storage/Tsavorite/cs/test/LockableUnsafeContextTests.cs,False,Direct Analysis
VerifyCountAfterDeleteToTailTest,1101,garnet-1.0.92/libs/storage/Tsavorite/cs/test/LockableUnsafeContextTests.cs,False,Direct Analysis
LockAndUnlockInLockTableOnlyTest,1150,garnet-1.0.92/libs/storage/Tsavorite/cs/test/LockableUnsafeContextTests.cs,False,Direct Analysis
VerifyCountAfterReadOnlyToUpdateRecordTest,1205,garnet-1.0.92/libs/storage/Tsavorite/cs/test/LockableUnsafeContextTests.cs,False,Direct Analysis
LockNewRecordThenUpdateAndUnlockTest,1254,garnet-1.0.92/libs/storage/Tsavorite/cs/test/LockableUnsafeContextTests.cs,False,Direct Analysis
LockNewRecordThenUnlockThenUpdateTest,1353,garnet-1.0.92/libs/storage/Tsavorite/cs/test/LockableUnsafeContextTests.cs,False,Direct Analysis
MultiSharedLockTest,1496,garnet-1.0.92/libs/storage/Tsavorite/cs/test/LockableUnsafeContextTests.cs,False,Direct Analysis
TryLockTimeSpanLimitTest,1543,garnet-1.0.92/libs/storage/Tsavorite/cs/test/LockableUnsafeContextTests.cs,False,Direct Analysis
TryLockCancellationTest,1600,garnet-1.0.92/libs/storage/Tsavorite/cs/test/LockableUnsafeContextTests.cs,False,Direct Analysis
TryPromoteLockTimeSpanLimitTest,1659,garnet-1.0.92/libs/storage/Tsavorite/cs/test/LockableUnsafeContextTests.cs,False,Direct Analysis
TryPromoteLockCancellationTest,1702,garnet-1.0.92/libs/storage/Tsavorite/cs/test/LockableUnsafeContextTests.cs,False,Direct Analysis
MapRange,99,garnet-1.0.92/libs/storage/Tsavorite/cs/src/core/Device/ShardedStorageDevice.cs,False,Direct Analysis
MapSectorSize,123,garnet-1.0.92/libs/storage/Tsavorite/cs/src/core/Device/ShardedStorageDevice.cs,False,Direct Analysis
Dispose,20,garnet-1.0.92/libs/storage/Tsavorite/cs/src/core/Device/RandomAccessLocalStorageDevice.cs,False,Direct Analysis
_callback,108,garnet-1.0.92/libs/storage/Tsavorite/cs/src/core/Device/NativeStorageDevice.cs,False,Direct Analysis
Initialize,172,garnet-1.0.92/libs/storage/Tsavorite/cs/src/core/Device/NativeStorageDevice.cs,False,Direct Analysis
ReadAsync,185,garnet-1.0.92/libs/storage/Tsavorite/cs/src/core/Device/NativeStorageDevice.cs,False,Direct Analysis
WriteAsync,231,garnet-1.0.92/libs/storage/Tsavorite/cs/src/core/Device/NativeStorageDevice.cs,False,Direct Analysis
RemoveSegmentAsync,288,garnet-1.0.92/libs/storage/Tsavorite/cs/src/core/Device/NativeStorageDevice.cs,False,Direct Analysis
Dispose,297,garnet-1.0.92/libs/storage/Tsavorite/cs/src/core/Device/NativeStorageDevice.cs,False,Direct Analysis
CompletionWorker,347,garnet-1.0.92/libs/storage/Tsavorite/cs/src/core/Device/NativeStorageDevice.cs,False,Direct Analysis
GetSingleSlotRequest,2687,garnet-1.0.92/test/Garnet.test.cluster/RedirectTests/BaseCommand.cs,False,Direct Analysis
MallocFixedPageSizeRecoveryTest,70,garnet-1.0.92/libs/storage/Tsavorite/cs/test/ComponentRecoveryTests.cs,False,Direct Analysis
MallocFixedPageSizeRecoveryAsyncTest,86,garnet-1.0.92/libs/storage/Tsavorite/cs/test/ComponentRecoveryTests.cs,False,Direct Analysis
FuzzyIndexRecoveryTest,160,garnet-1.0.92/libs/storage/Tsavorite/cs/test/ComponentRecoveryTests.cs,False,Direct Analysis
FuzzyIndexRecoveryAsyncTest,179,garnet-1.0.92/libs/storage/Tsavorite/cs/test/ComponentRecoveryTests.cs,False,Direct Analysis
Dispose,114,garnet-1.0.92/libs/storage/Tsavorite/cs/src/core/ClientSession/ClientSession.cs,False,Direct Analysis
Refresh,153,garnet-1.0.92/libs/storage/Tsavorite/cs/src/core/ClientSession/ClientSession.cs,False,Direct Analysis
CompletePendingWithOutputs,201,garnet-1.0.92/libs/storage/Tsavorite/cs/src/core/ClientSession/ClientSession.cs,False,Direct Analysis
UnsafeCompletePendingWithOutputs,214,garnet-1.0.92/libs/storage/Tsavorite/cs/src/core/ClientSession/ClientSession.cs,False,Direct Analysis
InitializeCompletedOutputs,223,garnet-1.0.92/libs/storage/Tsavorite/cs/src/core/ClientSession/ClientSession.cs,False,Direct Analysis
UnsafeCompletePending,245,garnet-1.0.92/libs/storage/Tsavorite/cs/src/core/ClientSession/ClientSession.cs,False,Direct Analysis
UnsafeResetModified,318,garnet-1.0.92/libs/storage/Tsavorite/cs/src/core/ClientSession/ClientSession.cs,False,Direct Analysis
UnsafeIsModified,347,garnet-1.0.92/libs/storage/Tsavorite/cs/src/core/ClientSession/ClientSession.cs,False,Direct Analysis
Compact,419,garnet-1.0.92/libs/storage/Tsavorite/cs/src/core/ClientSession/ClientSession.cs,False,Direct Analysis
Compact,437,garnet-1.0.92/libs/storage/Tsavorite/cs/src/core/ClientSession/ClientSession.cs,False,Direct Analysis
IterateLookup,472,garnet-1.0.92/libs/storage/Tsavorite/cs/src/core/ClientSession/ClientSession.cs,False,Direct Analysis
UnsafeResumeThread,509,garnet-1.0.92/libs/storage/Tsavorite/cs/src/core/ClientSession/ClientSession.cs,False,Direct Analysis
UnsafeSuspendThread,522,garnet-1.0.92/libs/storage/Tsavorite/cs/src/core/ClientSession/ClientSession.cs,False,Direct Analysis
Dispose,31,garnet-1.0.92/libs/storage/Tsavorite/cs/src/core/Allocator/WorkQueueFIFO.cs,False,Direct Analysis
EnqueueAndTryWork,48,garnet-1.0.92/libs/storage/Tsavorite/cs/src/core/Allocator/WorkQueueFIFO.cs,False,Direct Analysis
ProcessQueue,76,garnet-1.0.92/libs/storage/Tsavorite/cs/src/core/Allocator/WorkQueueFIFO.cs,False,Direct Analysis
Dispose,131,garnet-1.0.92/libs/storage/Tsavorite/cs/src/core/Index/Tsavorite/Implementation/Locking/OverflowBucketLockTable.cs,False,Direct Analysis
GetPhysicalAddress,133,garnet-1.0.92/libs/storage/Tsavorite/cs/src/core/Allocator/MallocFixedPageSize.cs,False,Direct Analysis
Get,145,garnet-1.0.92/libs/storage/Tsavorite/cs/src/core/Allocator/MallocFixedPageSize.cs,False,Direct Analysis
Set,160,garnet-1.0.92/libs/storage/Tsavorite/cs/src/core/Allocator/MallocFixedPageSize.cs,False,Direct Analysis
Free,174,garnet-1.0.92/libs/storage/Tsavorite/cs/src/core/Allocator/MallocFixedPageSize.cs,False,Direct Analysis
BulkAllocate,190,garnet-1.0.92/libs/storage/Tsavorite/cs/src/core/Allocator/MallocFixedPageSize.cs,False,Direct Analysis
Allocate,204,garnet-1.0.92/libs/storage/Tsavorite/cs/src/core/Allocator/MallocFixedPageSize.cs,False,Direct Analysis
InternalAllocate,213,garnet-1.0.92/libs/storage/Tsavorite/cs/src/core/Allocator/MallocFixedPageSize.cs,False,Direct Analysis
BeginCheckpoint,335,garnet-1.0.92/libs/storage/Tsavorite/cs/src/core/Allocator/MallocFixedPageSize.cs,False,Direct Analysis
AsyncFlushCallback,384,garnet-1.0.92/libs/storage/Tsavorite/cs/src/core/Allocator/MallocFixedPageSize.cs,False,Direct Analysis
RecoverAsync,434,garnet-1.0.92/libs/storage/Tsavorite/cs/src/core/Allocator/MallocFixedPageSize.cs,False,Direct Analysis
IsRecoveryCompleted,446,garnet-1.0.92/libs/storage/Tsavorite/cs/src/core/Allocator/MallocFixedPageSize.cs,False,Direct Analysis
BeginRecovery,460,garnet-1.0.92/libs/storage/Tsavorite/cs/src/core/Allocator/MallocFixedPageSize.cs,False,Direct Analysis
AsyncPageReadCallback,493,garnet-1.0.92/libs/storage/Tsavorite/cs/src/core/Allocator/MallocFixedPageSize.cs,False,Direct Analysis
GlobalBeforeEnteringState,23,garnet-1.0.92/libs/storage/Tsavorite/cs/src/core/Index/Checkpointing/FoldOverSMTask.cs,False,Direct Analysis
SnapCursorToLogicalAddress,67,garnet-1.0.92/libs/storage/Tsavorite/cs/src/core/Allocator/GenericScanIterator.cs,False,Direct Analysis
GetNext,78,garnet-1.0.92/libs/storage/Tsavorite/cs/src/core/Allocator/GenericScanIterator.cs,False,Direct Analysis
IPushScanIterator,183,garnet-1.0.92/libs/storage/Tsavorite/cs/src/core/Allocator/GenericScanIterator.cs,False,Direct Analysis
IPushScanIterator,231,garnet-1.0.92/libs/storage/Tsavorite/cs/src/core/Allocator/GenericScanIterator.cs,False,Direct Analysis
GetNext,244,garnet-1.0.92/libs/storage/Tsavorite/cs/src/core/Allocator/GenericScanIterator.cs,False,Direct Analysis
Dispose,261,garnet-1.0.92/libs/storage/Tsavorite/cs/src/core/Allocator/GenericScanIterator.cs,False,Direct Analysis
AsyncReadPagesCallback,271,garnet-1.0.92/libs/storage/Tsavorite/cs/src/core/Allocator/GenericScanIterator.cs,False,Direct Analysis
Reset,114,garnet-1.0.92/libs/server/ArgSlice/ScratchBufferAllocator.cs,False,Direct Analysis
RewindScratchBuffer,167,garnet-1.0.92/libs/server/ArgSlice/ScratchBufferAllocator.cs,False,Direct Analysis
CreateArgSlice,212,garnet-1.0.92/libs/server/ArgSlice/ScratchBufferAllocator.cs,False,Direct Analysis
CreateArgSlice,229,garnet-1.0.92/libs/server/ArgSlice/ScratchBufferAllocator.cs,False,Direct Analysis
CreateArgSlice,246,garnet-1.0.92/libs/server/ArgSlice/ScratchBufferAllocator.cs,False,Direct Analysis
ExpandScratchBufferIfNeeded,256,garnet-1.0.92/libs/server/ArgSlice/ScratchBufferAllocator.cs,False,Direct Analysis
ExpandScratchBuffer,262,garnet-1.0.92/libs/server/ArgSlice/ScratchBufferAllocator.cs,False,Direct Analysis
Prepare,11,garnet-1.0.92/test/Garnet.test/AofFinalizeDoubleReplayTxn.cs,False,Direct Analysis
Main,17,garnet-1.0.92/test/Garnet.test/AofFinalizeDoubleReplayTxn.cs,False,Direct Analysis
Finalize,22,garnet-1.0.92/test/Garnet.test/AofFinalizeDoubleReplayTxn.cs,False,Direct Analysis
Allocate,25,garnet-1.0.92/libs/storage/Tsavorite/cs/src/core/Allocator/GenericFrame.cs,False,Direct Analysis
Clear,30,garnet-1.0.92/libs/storage/Tsavorite/cs/src/core/Allocator/GenericFrame.cs,False,Direct Analysis
Dispose,55,garnet-1.0.92/libs/storage/Tsavorite/cs/src/core/Allocator/GenericFrame.cs,False,Direct Analysis
GetSingleSlotRequest,719,garnet-1.0.92/test/Garnet.test.cluster/RedirectTests/BaseCommand.cs,False,Direct Analysis
GetCrossSlotRequest,725,garnet-1.0.92/test/Garnet.test.cluster/RedirectTests/BaseCommand.cs,False,Direct Analysis
SetupSingleSlotRequest,731,garnet-1.0.92/test/Garnet.test.cluster/RedirectTests/BaseCommand.cs,False,Direct Analysis
Reset,41,garnet-1.0.92/libs/storage/Tsavorite/cs/src/core/Allocator/BlittableAllocatorImpl.cs,False,Direct Analysis
ReturnPage,52,garnet-1.0.92/libs/storage/Tsavorite/cs/src/core/Allocator/BlittableAllocatorImpl.cs,False,Direct Analysis
Dispose,122,garnet-1.0.92/libs/storage/Tsavorite/cs/src/core/Allocator/BlittableAllocatorImpl.cs,False,Direct Analysis
AllocatePage,132,garnet-1.0.92/libs/storage/Tsavorite/cs/src/core/Allocator/BlittableAllocatorImpl.cs,False,Direct Analysis
GetPhysicalAddress,154,garnet-1.0.92/libs/storage/Tsavorite/cs/src/core/Allocator/BlittableAllocatorImpl.cs,False,Direct Analysis
WriteAsync,166,garnet-1.0.92/libs/storage/Tsavorite/cs/src/core/Allocator/BlittableAllocatorImpl.cs,False,Direct Analysis
WriteAsyncToDevice,175,garnet-1.0.92/libs/storage/Tsavorite/cs/src/core/Allocator/BlittableAllocatorImpl.cs,False,Direct Analysis
GetFirstValidLogicalAddress,196,garnet-1.0.92/libs/storage/Tsavorite/cs/src/core/Allocator/BlittableAllocatorImpl.cs,False,Direct Analysis
ClearPage,203,garnet-1.0.92/libs/storage/Tsavorite/cs/src/core/Allocator/BlittableAllocatorImpl.cs,False,Direct Analysis
FreePage,215,garnet-1.0.92/libs/storage/Tsavorite/cs/src/core/Allocator/BlittableAllocatorImpl.cs,False,Direct Analysis
DeleteFromMemory,225,garnet-1.0.92/libs/storage/Tsavorite/cs/src/core/Allocator/BlittableAllocatorImpl.cs,False,Direct Analysis
Scan,269,garnet-1.0.92/libs/storage/Tsavorite/cs/src/core/Allocator/BlittableAllocatorImpl.cs,False,Direct Analysis
ScanCursor,279,garnet-1.0.92/libs/storage/Tsavorite/cs/src/core/Allocator/BlittableAllocatorImpl.cs,False,Direct Analysis
IterateKeyVersions,289,garnet-1.0.92/libs/storage/Tsavorite/cs/src/core/Allocator/BlittableAllocatorImpl.cs,False,Direct Analysis
MemoryPageScan,296,garnet-1.0.92/libs/storage/Tsavorite/cs/src/core/Allocator/BlittableAllocatorImpl.cs,False,Direct Analysis
AsyncReadPagesFromDeviceToFrame,305,garnet-1.0.92/libs/storage/Tsavorite/cs/src/core/Allocator/BlittableAllocatorImpl.cs,False,Direct Analysis
CreateExtensions,30,garnet-1.0.92/benchmark/BDN.benchmark/Operations/CustomOperations.cs,False,Direct Analysis
GlobalSetup,50,garnet-1.0.92/benchmark/BDN.benchmark/Operations/CustomOperations.cs,False,Direct Analysis
CustomRawStringCommand,67,garnet-1.0.92/benchmark/BDN.benchmark/Operations/CustomOperations.cs,False,Direct Analysis
CustomObjectCommand,73,garnet-1.0.92/benchmark/BDN.benchmark/Operations/CustomOperations.cs,False,Direct Analysis
CustomTransaction,79,garnet-1.0.92/benchmark/BDN.benchmark/Operations/CustomOperations.cs,False,Direct Analysis
CustomProcedure,85,garnet-1.0.92/benchmark/BDN.benchmark/Operations/CustomOperations.cs,False,Direct Analysis
InvalidatingAuthorizationAsync,50,garnet-1.0.92/test/Garnet.test/Resp/GarnetAuthenticatorTests.cs,False,Direct Analysis
OnLoad,15,garnet-1.0.92/modules/NoOpModule/NoOpModule.cs,False,Direct Analysis
Prepare,102,garnet-1.0.92/libs/storage/Tsavorite/cs/src/core/Allocator/AsyncIOContext.cs,False,Direct Analysis
Set,110,garnet-1.0.92/libs/storage/Tsavorite/cs/src/core/Allocator/AsyncIOContext.cs,False,Direct Analysis
SetException,119,garnet-1.0.92/libs/storage/Tsavorite/cs/src/core/Allocator/AsyncIOContext.cs,False,Direct Analysis
Dispose,130,garnet-1.0.92/libs/storage/Tsavorite/cs/src/core/Allocator/AsyncIOContext.cs,False,Direct Analysis
Reset,63,garnet-1.0.92/libs/storage/Tsavorite/cs/src/core/Allocator/GenericAllocatorImpl.cs,False,Direct Analysis
ReturnPage,76,garnet-1.0.92/libs/storage/Tsavorite/cs/src/core/Allocator/GenericAllocatorImpl.cs,False,Direct Analysis
GetFirstValidLogicalAddress,93,garnet-1.0.92/libs/storage/Tsavorite/cs/src/core/Allocator/GenericAllocatorImpl.cs,False,Direct Analysis
GetInfo,100,garnet-1.0.92/libs/storage/Tsavorite/cs/src/core/Allocator/GenericAllocatorImpl.cs,False,Direct Analysis
GetKey,113,garnet-1.0.92/libs/storage/Tsavorite/cs/src/core/Allocator/GenericAllocatorImpl.cs,False,Direct Analysis
GetValue,124,garnet-1.0.92/libs/storage/Tsavorite/cs/src/core/Allocator/GenericAllocatorImpl.cs,False,Direct Analysis
TryComplete,160,garnet-1.0.92/libs/storage/Tsavorite/cs/src/core/Allocator/GenericAllocatorImpl.cs,False,Direct Analysis
Dispose,170,garnet-1.0.92/libs/storage/Tsavorite/cs/src/core/Allocator/GenericAllocatorImpl.cs,False,Direct Analysis
DeleteFromMemory,183,garnet-1.0.92/libs/storage/Tsavorite/cs/src/core/Allocator/GenericAllocatorImpl.cs,False,Direct Analysis
AllocatePage,199,garnet-1.0.92/libs/storage/Tsavorite/cs/src/core/Allocator/GenericAllocatorImpl.cs,False,Direct Analysis
TruncateUntilAddress,217,garnet-1.0.92/libs/storage/Tsavorite/cs/src/core/Allocator/GenericAllocatorImpl.cs,False,Direct Analysis
TruncateUntilAddressBlocking,223,garnet-1.0.92/libs/storage/Tsavorite/cs/src/core/Allocator/GenericAllocatorImpl.cs,False,Direct Analysis
RemoveSegment,229,garnet-1.0.92/libs/storage/Tsavorite/cs/src/core/Allocator/GenericAllocatorImpl.cs,False,Direct Analysis
WriteAsync,235,garnet-1.0.92/libs/storage/Tsavorite/cs/src/core/Allocator/GenericAllocatorImpl.cs,False,Direct Analysis
WriteAsyncToDevice,244,garnet-1.0.92/libs/storage/Tsavorite/cs/src/core/Allocator/GenericAllocatorImpl.cs,False,Direct Analysis
FreePage,283,garnet-1.0.92/libs/storage/Tsavorite/cs/src/core/Allocator/GenericAllocatorImpl.cs,False,Direct Analysis
WriteAsync,303,garnet-1.0.92/libs/storage/Tsavorite/cs/src/core/Allocator/GenericAllocatorImpl.cs,False,Direct Analysis
AsyncReadPageCallback,563,garnet-1.0.92/libs/storage/Tsavorite/cs/src/core/Allocator/GenericAllocatorImpl.cs,False,Direct Analysis
ReadAsync,573,garnet-1.0.92/libs/storage/Tsavorite/cs/src/core/Allocator/GenericAllocatorImpl.cs,False,Direct Analysis
AsyncFlushPartialObjectLogCallback,607,garnet-1.0.92/libs/storage/Tsavorite/cs/src/core/Allocator/GenericAllocatorImpl.cs,False,Direct Analysis
AsyncReadPageWithObjectsCallback,617,garnet-1.0.92/libs/storage/Tsavorite/cs/src/core/Allocator/GenericAllocatorImpl.cs,False,Direct Analysis
AsyncReadPagesFromDeviceToFrame,729,garnet-1.0.92/libs/storage/Tsavorite/cs/src/core/Allocator/GenericAllocatorImpl.cs,False,Direct Analysis
Deserialize,790,garnet-1.0.92/libs/storage/Tsavorite/cs/src/core/Allocator/GenericAllocatorImpl.cs,False,Direct Analysis
GetObjectInfo,860,garnet-1.0.92/libs/storage/Tsavorite/cs/src/core/Allocator/GenericAllocatorImpl.cs,False,Direct Analysis
RetrievedFullRecord,922,garnet-1.0.92/libs/storage/Tsavorite/cs/src/core/Allocator/GenericAllocatorImpl.cs,False,Direct Analysis
Scan,1020,garnet-1.0.92/libs/storage/Tsavorite/cs/src/core/Allocator/GenericAllocatorImpl.cs,False,Direct Analysis
ScanCursor,1030,garnet-1.0.92/libs/storage/Tsavorite/cs/src/core/Allocator/GenericAllocatorImpl.cs,False,Direct Analysis
IterateKeyVersions,1040,garnet-1.0.92/libs/storage/Tsavorite/cs/src/core/Allocator/GenericAllocatorImpl.cs,False,Direct Analysis
ComputeScanBoundaries,1047,garnet-1.0.92/libs/storage/Tsavorite/cs/src/core/Allocator/GenericAllocatorImpl.cs,False,Direct Analysis
EvictPage,1056,garnet-1.0.92/libs/storage/Tsavorite/cs/src/core/Allocator/GenericAllocatorImpl.cs,False,Direct Analysis
MemoryPageScan,1071,garnet-1.0.92/libs/storage/Tsavorite/cs/src/core/Allocator/GenericAllocatorImpl.cs,False,Direct Analysis
AsyncFlushDeltaToDevice,1088,garnet-1.0.92/libs/storage/Tsavorite/cs/src/core/Allocator/GenericAllocatorImpl.cs,False,Direct Analysis
Dispose,33,garnet-1.0.92/libs/storage/Tsavorite/cs/src/core/Allocator/WorkQueueLIFO.cs,False,Direct Analysis
AddWorkItem,44,garnet-1.0.92/libs/storage/Tsavorite/cs/src/core/Allocator/WorkQueueLIFO.cs,False,Direct Analysis
ProcessQueue,52,garnet-1.0.92/libs/storage/Tsavorite/cs/src/core/Allocator/WorkQueueLIFO.cs,False,Direct Analysis
GetSingleSlotRequest,2561,garnet-1.0.92/test/Garnet.test.cluster/RedirectTests/BaseCommand.cs,False,Direct Analysis
ShowAllStats,33,garnet-1.0.92/libs/storage/Tsavorite/cs/benchmark/YCSB.benchmark/TestStats.cs,False,Direct Analysis
ShowTrimmedStats,79,garnet-1.0.92/libs/storage/Tsavorite/cs/benchmark/YCSB.benchmark/TestStats.cs,False,Direct Analysis
Finalize,33,garnet-1.0.92/main/GarnetServer/Extensions/MSetPx.cs,False,Direct Analysis
Dispose,116,garnet-1.0.92/libs/storage/Tsavorite/cs/benchmark/YCSB.benchmark/SpanByteYcsbBenchmark.cs,False,Direct Analysis
RunYcsbUnsafeContext,122,garnet-1.0.92/libs/storage/Tsavorite/cs/benchmark/YCSB.benchmark/SpanByteYcsbBenchmark.cs,False,Direct Analysis
RunYcsbSafeContext,210,garnet-1.0.92/libs/storage/Tsavorite/cs/benchmark/YCSB.benchmark/SpanByteYcsbBenchmark.cs,False,Direct Analysis
Setup,24,garnet-1.0.92/libs/storage/Tsavorite/cs/test/DeviceTests.cs,False,Direct Analysis
TearDown,38,garnet-1.0.92/libs/storage/Tsavorite/cs/test/DeviceTests.cs,False,Direct Analysis
NativeDeviceTest1,48,garnet-1.0.92/libs/storage/Tsavorite/cs/test/DeviceTests.cs,False,Direct Analysis
NativeDeviceTest2,60,garnet-1.0.92/libs/storage/Tsavorite/cs/test/DeviceTests.cs,False,Direct Analysis
Callback,89,garnet-1.0.92/libs/storage/Tsavorite/cs/test/DeviceTests.cs,False,Direct Analysis
WriteInto,94,garnet-1.0.92/libs/storage/Tsavorite/cs/test/DeviceTests.cs,False,Direct Analysis
ReadInto,111,garnet-1.0.92/libs/storage/Tsavorite/cs/test/DeviceTests.cs,False,Direct Analysis
IOCallback,126,garnet-1.0.92/libs/storage/Tsavorite/cs/test/DeviceTests.cs,False,Direct Analysis
ToString,76,garnet-1.0.92/libs/server/ACL/ACLPassword.cs,False,Direct Analysis
Equals,93,garnet-1.0.92/libs/server/ACL/ACLPassword.cs,False,Direct Analysis
GetHashCode,102,garnet-1.0.92/libs/server/ACL/ACLPassword.cs,False,Direct Analysis
Equals,112,garnet-1.0.92/libs/server/ACL/ACLPassword.cs,False,Direct Analysis
Dispose,107,garnet-1.0.92/libs/storage/Tsavorite/cs/benchmark/YCSB.benchmark/FixedLenYcsbBenchmark.cs,False,Direct Analysis
RunYcsbUnsafeContext,113,garnet-1.0.92/libs/storage/Tsavorite/cs/benchmark/YCSB.benchmark/FixedLenYcsbBenchmark.cs,False,Direct Analysis
RunYcsbSafeContext,197,garnet-1.0.92/libs/storage/Tsavorite/cs/benchmark/YCSB.benchmark/FixedLenYcsbBenchmark.cs,False,Direct Analysis
Set,504,garnet-1.0.92/libs/storage/Tsavorite/cs/benchmark/YCSB.benchmark/SpanByteYcsbBenchmark.cs,False,Direct Analysis
InitializeForReads,114,garnet-1.0.92/libs/storage/Tsavorite/cs/src/core/Allocator/ScanIteratorBase.cs,False,Direct Analysis
BufferAndLoad,139,garnet-1.0.92/libs/storage/Tsavorite/cs/src/core/Allocator/ScanIteratorBase.cs,False,Direct Analysis
NeedBufferAndLoad,188,garnet-1.0.92/libs/storage/Tsavorite/cs/src/core/Allocator/ScanIteratorBase.cs,False,Direct Analysis
WaitForFrameLoad,217,garnet-1.0.92/libs/storage/Tsavorite/cs/src/core/Allocator/ScanIteratorBase.cs,False,Direct Analysis
Dispose,244,garnet-1.0.92/libs/storage/Tsavorite/cs/src/core/Allocator/ScanIteratorBase.cs,False,Direct Analysis
Reset,266,garnet-1.0.92/libs/storage/Tsavorite/cs/src/core/Allocator/ScanIteratorBase.cs,False,Direct Analysis
GetSingleSlotRequest,1260,garnet-1.0.92/test/Garnet.test.cluster/RedirectTests/BaseCommand.cs,False,Direct Analysis
GetSingleSlotRequest,1277,garnet-1.0.92/test/Garnet.test.cluster/RedirectTests/BaseCommand.cs,False,Direct Analysis
RMWCompletionCallback,11,garnet-1.0.92/libs/storage/Tsavorite/cs/benchmark/YCSB.benchmark/SessionFunctions.cs,False,Direct Analysis
ReadCompletionCallback,15,garnet-1.0.92/libs/storage/Tsavorite/cs/benchmark/YCSB.benchmark/SessionFunctions.cs,False,Direct Analysis
SingleReader,21,garnet-1.0.92/libs/storage/Tsavorite/cs/benchmark/YCSB.benchmark/SessionFunctions.cs,False,Direct Analysis
ConcurrentReader,28,garnet-1.0.92/libs/storage/Tsavorite/cs/benchmark/YCSB.benchmark/SessionFunctions.cs,False,Direct Analysis
SingleDeleter,34,garnet-1.0.92/libs/storage/Tsavorite/cs/benchmark/YCSB.benchmark/SessionFunctions.cs,False,Direct Analysis
SingleWriter,40,garnet-1.0.92/libs/storage/Tsavorite/cs/benchmark/YCSB.benchmark/SessionFunctions.cs,False,Direct Analysis
ConcurrentWriter,47,garnet-1.0.92/libs/storage/Tsavorite/cs/benchmark/YCSB.benchmark/SessionFunctions.cs,False,Direct Analysis
InitialUpdater,55,garnet-1.0.92/libs/storage/Tsavorite/cs/benchmark/YCSB.benchmark/SessionFunctions.cs,False,Direct Analysis
InPlaceUpdater,62,garnet-1.0.92/libs/storage/Tsavorite/cs/benchmark/YCSB.benchmark/SessionFunctions.cs,False,Direct Analysis
CopyUpdater,69,garnet-1.0.92/libs/storage/Tsavorite/cs/benchmark/YCSB.benchmark/SessionFunctions.cs,False,Direct Analysis
PostInitialUpdater,79,garnet-1.0.92/libs/storage/Tsavorite/cs/benchmark/YCSB.benchmark/SessionFunctions.cs,False,Direct Analysis
PostSingleDeleter,87,garnet-1.0.92/libs/storage/Tsavorite/cs/benchmark/YCSB.benchmark/SessionFunctions.cs,False,Direct Analysis
PostSingleWriter,89,garnet-1.0.92/libs/storage/Tsavorite/cs/benchmark/YCSB.benchmark/SessionFunctions.cs,False,Direct Analysis
ConvertOutputToHeap,91,garnet-1.0.92/libs/storage/Tsavorite/cs/benchmark/YCSB.benchmark/SessionFunctions.cs,False,Direct Analysis
Setup,18,garnet-1.0.92/test/Garnet.test/RespListGarnetClientTests.cs,False,Direct Analysis
ToString,41,garnet-1.0.92/libs/server/Transaction/TxnKeyEntry.cs,False,Direct Analysis
Setup,20,garnet-1.0.92/test/Garnet.test/RespPubSubTests.cs,False,Direct Analysis
TearDown,28,garnet-1.0.92/test/Garnet.test/RespPubSubTests.cs,False,Direct Analysis
BasicSUBSCRIBE,35,garnet-1.0.92/test/Garnet.test/RespPubSubTests.cs,False,Direct Analysis
LargeSUBSCRIBE,56,garnet-1.0.92/test/Garnet.test/RespPubSubTests.cs,False,Direct Analysis
BasicPSUBSCRIBE,77,garnet-1.0.92/test/Garnet.test/RespPubSubTests.cs,False,Direct Analysis
BasicPUBSUB_CHANNELS,104,garnet-1.0.92/test/Garnet.test/RespPubSubTests.cs,False,Direct Analysis
BasicPUBSUB_NUMPAT,138,garnet-1.0.92/test/Garnet.test/RespPubSubTests.cs,False,Direct Analysis
BasicPUBSUB_NUMSUB,169,garnet-1.0.92/test/Garnet.test/RespPubSubTests.cs,False,Direct Analysis
Setup,47,garnet-1.0.92/libs/storage/Tsavorite/cs/test/SingleWriterTests.cs,False,Direct Analysis
TearDown,86,garnet-1.0.92/libs/storage/Tsavorite/cs/test/SingleWriterTests.cs,False,Direct Analysis
Populate,97,garnet-1.0.92/libs/storage/Tsavorite/cs/test/SingleWriterTests.cs,False,Direct Analysis
SingleWriterReasonsTest,108,garnet-1.0.92/libs/storage/Tsavorite/cs/test/SingleWriterTests.cs,False,Direct Analysis
ToString,17,garnet-1.0.92/libs/storage/Tsavorite/cs/src/core/Allocator/AllocatorRecord.cs,False,Direct Analysis
Setup,23,garnet-1.0.92/libs/storage/Tsavorite/cs/test/GenericStringTests.cs,False,Direct Analysis
TearDown,30,garnet-1.0.92/libs/storage/Tsavorite/cs/test/GenericStringTests.cs,False,Direct Analysis
StringBasicTest,47,garnet-1.0.92/libs/storage/Tsavorite/cs/test/GenericStringTests.cs,False,Direct Analysis
EndTimer,91,garnet-1.0.92/libs/server/TLS/ServerCertificateSelector.cs,False,Direct Analysis
GetSslServerCertificate,100,garnet-1.0.92/libs/server/TLS/ServerCertificateSelector.cs,False,Direct Analysis
GetServerCertificate,105,garnet-1.0.92/libs/server/TLS/ServerCertificateSelector.cs,False,Direct Analysis
StructPack,266,garnet-1.0.92/libs/server/Lua/LuaRunner.Functions.Struct.cs,False,Direct Analysis
StructUnpack,632,garnet-1.0.92/libs/server/Lua/LuaRunner.Functions.Struct.cs,False,Direct Analysis
StructSize,967,garnet-1.0.92/libs/server/Lua/LuaRunner.Functions.Struct.cs,False,Direct Analysis
UnsafeRunPreambleForRunner,57,garnet-1.0.92/libs/server/Lua/LuaRunner.Functions.cs,False,Direct Analysis
UnsafeRunPreambleForSession,179,garnet-1.0.92/libs/server/Lua/LuaRunner.Functions.cs,False,Direct Analysis
NoSessionResponse,299,garnet-1.0.92/libs/server/Lua/LuaRunner.Functions.cs,False,Direct Analysis
RequestTimeout,331,garnet-1.0.92/libs/server/Lua/LuaRunner.Functions.cs,False,Direct Analysis
UnpackTrampoline,349,garnet-1.0.92/libs/server/Lua/LuaRunner.Functions.cs,False,Direct Analysis
SHA1Hex,382,garnet-1.0.92/libs/server/Lua/LuaRunner.Functions.cs,False,Direct Analysis
Log,426,garnet-1.0.92/libs/server/Lua/LuaRunner.Functions.cs,False,Direct Analysis
Atan2,542,garnet-1.0.92/libs/server/Lua/LuaRunner.Functions.cs,False,Direct Analysis
Cosh,564,garnet-1.0.92/libs/server/Lua/LuaRunner.Functions.cs,False,Direct Analysis
Frexp,585,garnet-1.0.92/libs/server/Lua/LuaRunner.Functions.cs,False,Direct Analysis
Ldexp,658,garnet-1.0.92/libs/server/Lua/LuaRunner.Functions.cs,False,Direct Analysis
Log10,690,garnet-1.0.92/libs/server/Lua/LuaRunner.Functions.cs,False,Direct Analysis
Pow,712,garnet-1.0.92/libs/server/Lua/LuaRunner.Functions.cs,False,Direct Analysis
Sinh,735,garnet-1.0.92/libs/server/Lua/LuaRunner.Functions.cs,False,Direct Analysis
Tanh,757,garnet-1.0.92/libs/server/Lua/LuaRunner.Functions.cs,False,Direct Analysis
Maxn,779,garnet-1.0.92/libs/server/Lua/LuaRunner.Functions.cs,False,Direct Analysis
LoadString,822,garnet-1.0.92/libs/server/Lua/LuaRunner.Functions.cs,False,Direct Analysis
BitToBit,872,garnet-1.0.92/libs/server/Lua/LuaRunner.Functions.cs,False,Direct Analysis
BitToHex,895,garnet-1.0.92/libs/server/Lua/LuaRunner.Functions.cs,False,Direct Analysis
BitBswap,961,garnet-1.0.92/libs/server/Lua/LuaRunner.Functions.cs,False,Direct Analysis
Bitop,986,garnet-1.0.92/libs/server/Lua/LuaRunner.Functions.cs,False,Direct Analysis
CJsonEncode,1108,garnet-1.0.92/libs/server/Lua/LuaRunner.Functions.cs,False,Direct Analysis
CJsonDecode,1458,garnet-1.0.92/libs/server/Lua/LuaRunner.Functions.cs,False,Direct Analysis
CMsgPackPack,1653,garnet-1.0.92/libs/server/Lua/LuaRunner.Functions.cs,False,Direct Analysis
CMsgPackUnpack,2160,garnet-1.0.92/libs/server/Lua/LuaRunner.Functions.cs,False,Direct Analysis
SetResp,2780,garnet-1.0.92/libs/server/Lua/LuaRunner.Functions.cs,False,Direct Analysis
AclCheckCommand,2804,garnet-1.0.92/libs/server/Lua/LuaRunner.Functions.cs,False,Direct Analysis
CompileForRunner,420,garnet-1.0.92/libs/server/Lua/LuaRunner.cs,False,Direct Analysis
CompileForSession,458,garnet-1.0.92/libs/server/Lua/LuaRunner.cs,False,Direct Analysis
ResetCompilation,489,garnet-1.0.92/libs/server/Lua/LuaRunner.cs,False,Direct Analysis
LuaWrappedError,511,garnet-1.0.92/libs/server/Lua/LuaRunner.cs,False,Direct Analysis
LuaWrappedError,540,garnet-1.0.92/libs/server/Lua/LuaRunner.cs,False,Direct Analysis
ProcessRespResponse,562,garnet-1.0.92/libs/server/Lua/LuaRunner.cs,False,Direct Analysis
ProcessSingleRespTerm,578,garnet-1.0.92/libs/server/Lua/LuaRunner.cs,False,Direct Analysis
RunForSession,1129,garnet-1.0.92/libs/server/Lua/LuaRunner.cs,False,Direct Analysis
RunForRunner,1192,garnet-1.0.92/libs/server/Lua/LuaRunner.cs,False,Direct Analysis
RunInTransaction,1334,garnet-1.0.92/libs/server/Lua/LuaRunner.cs,False,Direct Analysis
TryResetParameters,1378,garnet-1.0.92/libs/server/Lua/LuaRunner.cs,False,Direct Analysis
TryRecreateKEYS,1410,garnet-1.0.92/libs/server/Lua/LuaRunner.cs,False,Direct Analysis
TryRecreateARGV,1443,garnet-1.0.92/libs/server/Lua/LuaRunner.cs,False,Direct Analysis
RunCommon,1476,garnet-1.0.92/libs/server/Lua/LuaRunner.cs,False,Direct Analysis
WriteResponse,1564,garnet-1.0.92/libs/server/Lua/LuaRunner.cs,False,Direct Analysis
Start,103,garnet-1.0.92/libs/server/Storage/SizeTracker/CacheSizeTracker.cs,False,Direct Analysis
AddTrackedSize,115,garnet-1.0.92/libs/server/Storage/SizeTracker/CacheSizeTracker.cs,False,Direct Analysis
AddReadCacheTrackedSize,125,garnet-1.0.92/libs/server/Storage/SizeTracker/CacheSizeTracker.cs,False,Direct Analysis
TryPreventStart,138,garnet-1.0.92/libs/server/Storage/SizeTracker/CacheSizeTracker.cs,False,Direct Analysis
SingleReader,54,garnet-1.0.92/libs/storage/Tsavorite/cs/test/ObjectRecoveryTestTypes.cs,False,Direct Analysis
ConcurrentReader,60,garnet-1.0.92/libs/storage/Tsavorite/cs/test/ObjectRecoveryTestTypes.cs,False,Direct Analysis
InitialUpdater,67,garnet-1.0.92/libs/storage/Tsavorite/cs/test/ObjectRecoveryTestTypes.cs,False,Direct Analysis
InPlaceUpdater,73,garnet-1.0.92/libs/storage/Tsavorite/cs/test/ObjectRecoveryTestTypes.cs,False,Direct Analysis
CopyUpdater,81,garnet-1.0.92/libs/storage/Tsavorite/cs/test/ObjectRecoveryTestTypes.cs,False,Direct Analysis
SingleReader,48,garnet-1.0.92/libs/storage/Tsavorite/cs/test/RecoveryTestTypes.cs,False,Direct Analysis
ConcurrentReader,54,garnet-1.0.92/libs/storage/Tsavorite/cs/test/RecoveryTestTypes.cs,False,Direct Analysis
InitialUpdater,61,garnet-1.0.92/libs/storage/Tsavorite/cs/test/RecoveryTestTypes.cs,False,Direct Analysis
InPlaceUpdater,67,garnet-1.0.92/libs/storage/Tsavorite/cs/test/RecoveryTestTypes.cs,False,Direct Analysis
CopyUpdater,75,garnet-1.0.92/libs/storage/Tsavorite/cs/test/RecoveryTestTypes.cs,False,Direct Analysis
SetEmptyPageCount,94,garnet-1.0.92/libs/storage/Tsavorite/cs/src/core/Index/Tsavorite/LogAccessor.cs,False,Direct Analysis
ShiftBeginAddress,132,garnet-1.0.92/libs/storage/Tsavorite/cs/src/core/Index/Tsavorite/LogAccessor.cs,False,Direct Analysis
ShiftHeadAddress,163,garnet-1.0.92/libs/storage/Tsavorite/cs/src/core/Index/Tsavorite/LogAccessor.cs,False,Direct Analysis
Subscribe,206,garnet-1.0.92/libs/storage/Tsavorite/cs/src/core/Index/Tsavorite/LogAccessor.cs,False,Direct Analysis
SubscribeEvictions,219,garnet-1.0.92/libs/storage/Tsavorite/cs/src/core/Index/Tsavorite/LogAccessor.cs,False,Direct Analysis
SubscribeDeserializations,225,garnet-1.0.92/libs/storage/Tsavorite/cs/src/core/Index/Tsavorite/LogAccessor.cs,False,Direct Analysis
ShiftReadOnlyAddress,259,garnet-1.0.92/libs/storage/Tsavorite/cs/src/core/Index/Tsavorite/LogAccessor.cs,False,Direct Analysis
Flush,315,garnet-1.0.92/libs/storage/Tsavorite/cs/src/core/Index/Tsavorite/LogAccessor.cs,False,Direct Analysis
FlushAndEvict,324,garnet-1.0.92/libs/storage/Tsavorite/cs/src/core/Index/Tsavorite/LogAccessor.cs,False,Direct Analysis
DisposeFromMemory,333,garnet-1.0.92/libs/storage/Tsavorite/cs/src/core/Index/Tsavorite/LogAccessor.cs,False,Direct Analysis
Lock,69,garnet-1.0.92/libs/storage/Tsavorite/cs/src/core/ClientSession/LockableUnsafeContext.cs,False,Direct Analysis
TryLock,102,garnet-1.0.92/libs/storage/Tsavorite/cs/src/core/ClientSession/LockableUnsafeContext.cs,False,Direct Analysis
TryPromoteLock,127,garnet-1.0.92/libs/storage/Tsavorite/cs/src/core/ClientSession/LockableUnsafeContext.cs,False,Direct Analysis
Unlock,137,garnet-1.0.92/libs/storage/Tsavorite/cs/src/core/ClientSession/LockableUnsafeContext.cs,False,Direct Analysis
CompletePending,165,garnet-1.0.92/libs/storage/Tsavorite/cs/src/core/ClientSession/LockableUnsafeContext.cs,False,Direct Analysis
CompletePendingWithOutputs,172,garnet-1.0.92/libs/storage/Tsavorite/cs/src/core/ClientSession/LockableUnsafeContext.cs,False,Direct Analysis
Refresh,497,garnet-1.0.92/libs/storage/Tsavorite/cs/src/core/ClientSession/LockableUnsafeContext.cs,False,Direct Analysis
MemorySizeBits,124,garnet-1.0.92/libs/server/Servers/ServerOptions.cs,False,Direct Analysis
PageSizeBits,137,garnet-1.0.92/libs/server/Servers/ServerOptions.cs,False,Direct Analysis
PubSubPageSizeBytes,150,garnet-1.0.92/libs/server/Servers/ServerOptions.cs,False,Direct Analysis
SegmentSizeBits,163,garnet-1.0.92/libs/server/Servers/ServerOptions.cs,False,Direct Analysis
IndexSizeCachelines,176,garnet-1.0.92/libs/server/Servers/ServerOptions.cs,False,Direct Analysis
BaseSetup,53,garnet-1.0.92/test/Garnet.test/Resp/ACL/AclTest.cs,False,Direct Analysis
BaseTearDown,63,garnet-1.0.92/test/Garnet.test/Resp/ACL/AclTest.cs,False,Direct Analysis
Execute,11,garnet-1.0.92/main/GarnetServer/Extensions/SetStringAndList.cs,False,Direct Analysis
ActiveConsumers,33,garnet-1.0.92/libs/server/Servers/GarnetServerTcp.cs,False,Direct Analysis
ActiveClusterSessions,44,garnet-1.0.92/libs/server/Servers/GarnetServerTcp.cs,False,Direct Analysis
Initialize,100,garnet-1.0.92/libs/storage/Tsavorite/cs/src/core/Index/CheckpointManagement/RecoveryInfo.cs,False,Direct Analysis
Initialize,123,garnet-1.0.92/libs/storage/Tsavorite/cs/src/core/Index/CheckpointManagement/RecoveryInfo.cs,False,Direct Analysis
Recover,258,garnet-1.0.92/libs/storage/Tsavorite/cs/src/core/Index/CheckpointManagement/RecoveryInfo.cs,False,Direct Analysis
ToByteArray,276,garnet-1.0.92/libs/storage/Tsavorite/cs/src/core/Index/CheckpointManagement/RecoveryInfo.cs,False,Direct Analysis
Checksum,327,garnet-1.0.92/libs/storage/Tsavorite/cs/src/core/Index/CheckpointManagement/RecoveryInfo.cs,False,Direct Analysis
DebugPrint,339,garnet-1.0.92/libs/storage/Tsavorite/cs/src/core/Index/CheckpointManagement/RecoveryInfo.cs,False,Direct Analysis
Register,125,garnet-1.0.92/libs/server/Servers/GarnetServerBase.cs,False,Direct Analysis
AddSession,140,garnet-1.0.92/libs/server/Servers/GarnetServerBase.cs,False,Direct Analysis
Dispose,158,garnet-1.0.92/libs/server/Servers/GarnetServerBase.cs,False,Direct Analysis
DisposeActiveHandlers,165,garnet-1.0.92/libs/server/Servers/GarnetServerBase.cs,False,Direct Analysis
GetMemoryLimitBytes,47,garnet-1.0.92/libs/server/Lua/LuaOptions.cs,False,Direct Analysis
IsValid,393,garnet-1.0.92/libs/host/Configuration/OptionsValidators.cs,False,Direct Analysis
Read,536,garnet-1.0.92/libs/server/Resp/RespCommandKeySpecification.cs,False,Direct Analysis
Write,654,garnet-1.0.92/libs/server/Resp/RespCommandKeySpecification.cs,False,Direct Analysis
Generate,34,garnet-1.0.92/benchmark/Resp.benchmark/RandomGenerator.cs,False,Direct Analysis
Generate,46,garnet-1.0.92/benchmark/Resp.benchmark/RandomGenerator.cs,False,Direct Analysis
Generate64,58,garnet-1.0.92/benchmark/Resp.benchmark/RandomGenerator.cs,False,Direct Analysis
Generate,34,garnet-1.0.92/libs/storage/Tsavorite/cs/benchmark/YCSB.benchmark/RandomGenerator.cs,False,Direct Analysis
Generate,46,garnet-1.0.92/libs/storage/Tsavorite/cs/benchmark/YCSB.benchmark/RandomGenerator.cs,False,Direct Analysis
Generate64,58,garnet-1.0.92/libs/storage/Tsavorite/cs/benchmark/YCSB.benchmark/RandomGenerator.cs,False,Direct Analysis
Setup,20,garnet-1.0.92/test/Garnet.test/MultiDatabaseTests.cs,False,Direct Analysis
MultiDatabaseBasicSelectTestSE,28,garnet-1.0.92/test/Garnet.test/MultiDatabaseTests.cs,False,Direct Analysis
MultiDatabaseBasicSelectFromScriptTestSE,68,garnet-1.0.92/test/Garnet.test/MultiDatabaseTests.cs,False,Direct Analysis
MultiDatabaseSwapDatabaseFromScriptTestLC,90,garnet-1.0.92/test/Garnet.test/MultiDatabaseTests.cs,False,Direct Analysis
MultiDatabaseDbSizeTestSE,123,garnet-1.0.92/test/Garnet.test/MultiDatabaseTests.cs,False,Direct Analysis
MultiDatabaseSimpleTransactionTest,166,garnet-1.0.92/test/Garnet.test/MultiDatabaseTests.cs,False,Direct Analysis
MultiDatabaseCustomCommandRegistrationTest,191,garnet-1.0.92/test/Garnet.test/MultiDatabaseTests.cs,False,Direct Analysis
MultiDatabaseSelectErrorConditionsTestSE,221,garnet-1.0.92/test/Garnet.test/MultiDatabaseTests.cs,False,Direct Analysis
MultiDatabaseSwapDbErrorConditionsTestLC,237,garnet-1.0.92/test/Garnet.test/MultiDatabaseTests.cs,False,Direct Analysis
MultiDatabaseSingleDbIdCommandErrorsTestLC,301,garnet-1.0.92/test/Garnet.test/MultiDatabaseTests.cs,False,Direct Analysis
MultiDatabaseSameKeyTestSE,353,garnet-1.0.92/test/Garnet.test/MultiDatabaseTests.cs,False,Direct Analysis
MultiDatabaseFlushDatabasesTestSE,378,garnet-1.0.92/test/Garnet.test/MultiDatabaseTests.cs,False,Direct Analysis
MultiDatabaseBasicSelectTestLC,436,garnet-1.0.92/test/Garnet.test/MultiDatabaseTests.cs,False,Direct Analysis
MultiDatabaseSelectDatabaseInTransactionDisabledTestLC,500,garnet-1.0.92/test/Garnet.test/MultiDatabaseTests.cs,False,Direct Analysis
MultiDatabaseSelectInTransactionTestLC,553,garnet-1.0.92/test/Garnet.test/MultiDatabaseTests.cs,False,Direct Analysis
MultiDatabaseSwapDatabasesTestLC,612,garnet-1.0.92/test/Garnet.test/MultiDatabaseTests.cs,False,Direct Analysis
MultiDatabaseSwapDatabasesInTransactionDisabledTestLC,723,garnet-1.0.92/test/Garnet.test/MultiDatabaseTests.cs,False,Direct Analysis
MultiDatabaseSwapDatabasesInTransactionTestLC,773,garnet-1.0.92/test/Garnet.test/MultiDatabaseTests.cs,False,Direct Analysis
MultiDatabaseMultiSessionSwapDatabasesErrorTestLC,837,garnet-1.0.92/test/Garnet.test/MultiDatabaseTests.cs,False,Direct Analysis
MultiDatabaseMultiSessionSwapDatabasesTestLC,868,garnet-1.0.92/test/Garnet.test/MultiDatabaseTests.cs,False,Direct Analysis
MultiDatabaseSelectMultithreadedTestLC,930,garnet-1.0.92/test/Garnet.test/MultiDatabaseTests.cs,False,Direct Analysis
MultiDatabaseSelectMultithreadedTestSE,1016,garnet-1.0.92/test/Garnet.test/MultiDatabaseTests.cs,False,Direct Analysis
MultiDatabaseSaveRecoverObjectTest,1074,garnet-1.0.92/test/Garnet.test/MultiDatabaseTests.cs,False,Direct Analysis
MultiDatabaseSaveRecoverRawStringTest,1127,garnet-1.0.92/test/Garnet.test/MultiDatabaseTests.cs,False,Direct Analysis
MultiDatabaseAofRecoverRawStringTest,1178,garnet-1.0.92/test/Garnet.test/MultiDatabaseTests.cs,False,Direct Analysis
MultiDatabaseAofRecoverObjectTest,1230,garnet-1.0.92/test/Garnet.test/MultiDatabaseTests.cs,False,Direct Analysis
MultiDatabaseSaveInProgressTest,1282,garnet-1.0.92/test/Garnet.test/MultiDatabaseTests.cs,False,Direct Analysis
MultiDatabaseSaveRecoverByDbIdTest,1349,garnet-1.0.92/test/Garnet.test/MultiDatabaseTests.cs,False,Direct Analysis
MultiDatabaseAofRecoverByDbIdTest,1519,garnet-1.0.92/test/Garnet.test/MultiDatabaseTests.cs,False,Direct Analysis
TearDown,1636,garnet-1.0.92/test/Garnet.test/MultiDatabaseTests.cs,False,Direct Analysis
PageBlobTsavoriteLogTest1,25,garnet-1.0.92/libs/storage/Tsavorite/cs/test/DeviceLogTests.cs,False,Direct Analysis
PageBlobTsavoriteLogTestWithLease,40,garnet-1.0.92/libs/storage/Tsavorite/cs/test/DeviceLogTests.cs,False,Direct Analysis
BasicHighLatencyDeviceTest,56,garnet-1.0.92/libs/storage/Tsavorite/cs/test/DeviceLogTests.cs,False,Direct Analysis
TsavoriteLogTest1,86,garnet-1.0.92/libs/storage/Tsavorite/cs/test/DeviceLogTests.cs,False,Direct Analysis
GetSingleSlotRequest,1185,garnet-1.0.92/test/Garnet.test.cluster/RedirectTests/BaseCommand.cs,False,Direct Analysis
GetCrossSlotRequest,1191,garnet-1.0.92/test/Garnet.test.cluster/RedirectTests/BaseCommand.cs,False,Direct Analysis
SetupSingleSlotRequest,1197,garnet-1.0.92/test/Garnet.test.cluster/RedirectTests/BaseCommand.cs,False,Direct Analysis
ToRespFormat,297,garnet-1.0.92/libs/server/Resp/RespCommandKeySpecification.cs,False,Direct Analysis
TryGetStartIndex,308,garnet-1.0.92/libs/server/Resp/RespCommandKeySpecification.cs,False,Direct Analysis
ToRespFormat,185,garnet-1.0.92/libs/server/Resp/RespCommandKeySpecification.cs,False,Direct Analysis
TryGetStartIndex,209,garnet-1.0.92/libs/server/Resp/RespCommandKeySpecification.cs,False,Direct Analysis
GetSingleSlotRequest,1410,garnet-1.0.92/test/Garnet.test.cluster/RedirectTests/BaseCommand.cs,False,Direct Analysis
SpanByteTest1,23,garnet-1.0.92/libs/storage/Tsavorite/cs/test/SpanByteTests.cs,False,Direct Analysis
MultiRead_SpanByte_Test,89,garnet-1.0.92/libs/storage/Tsavorite/cs/test/SpanByteTests.cs,False,Direct Analysis
SpanByteUnitTest1,161,garnet-1.0.92/libs/storage/Tsavorite/cs/test/SpanByteTests.cs,False,Direct Analysis
ShouldSkipEmptySpaceAtEndOfPage,214,garnet-1.0.92/libs/storage/Tsavorite/cs/test/SpanByteTests.cs,False,Direct Analysis
Dispose,167,garnet-1.0.92/libs/storage/Tsavorite/cs/src/core/Index/Common/KVSettings.cs,False,Direct Analysis
ToString,181,garnet-1.0.92/libs/storage/Tsavorite/cs/src/core/Index/Common/KVSettings.cs,False,Direct Analysis
GetIndexSizeCacheLines,194,garnet-1.0.92/libs/storage/Tsavorite/cs/src/core/Index/Common/KVSettings.cs,False,Direct Analysis
GetLogSettings,207,garnet-1.0.92/libs/storage/Tsavorite/cs/src/core/Index/Common/KVSettings.cs,False,Direct Analysis
GetReadCacheSettings,224,garnet-1.0.92/libs/storage/Tsavorite/cs/src/core/Index/Common/KVSettings.cs,False,Direct Analysis
GetCheckpointSettings,236,garnet-1.0.92/libs/storage/Tsavorite/cs/src/core/Index/Common/KVSettings.cs,False,Direct Analysis
GlobalBeforeEnteringState,24,garnet-1.0.92/libs/storage/Tsavorite/cs/src/core/Index/Checkpointing/IndexResizeSMTask.cs,False,Direct Analysis
GlobalAfterEnteringState,65,garnet-1.0.92/libs/storage/Tsavorite/cs/src/core/Index/Checkpointing/IndexResizeSMTask.cs,False,Direct Analysis
IsMatch,85,garnet-1.0.92/modules/GarnetJSON/JSONPath/QueryExpression.cs,False,Direct Analysis
ToByteRespFormat,77,garnet-1.0.92/libs/server/Resp/RespCommandArgument.cs,False,Direct Analysis
ToRespFormat,135,garnet-1.0.92/libs/server/Resp/RespCommandArgument.cs,False,Direct Analysis
CanConvertFrom,152,garnet-1.0.92/libs/host/Configuration/TypeConverters.cs,False,Direct Analysis
CanConvertTo,157,garnet-1.0.92/libs/host/Configuration/TypeConverters.cs,False,Direct Analysis
ConvertFrom,162,garnet-1.0.92/libs/host/Configuration/TypeConverters.cs,False,Direct Analysis
ConvertTo,177,garnet-1.0.92/libs/host/Configuration/TypeConverters.cs,False,Direct Analysis
GetSingleSlotRequest,950,garnet-1.0.92/test/Garnet.test.cluster/RedirectTests/BaseCommand.cs,False,Direct Analysis
GetCrossSlotRequest,956,garnet-1.0.92/test/Garnet.test.cluster/RedirectTests/BaseCommand.cs,False,Direct Analysis
SetupSingleSlotRequest,962,garnet-1.0.92/test/Garnet.test.cluster/RedirectTests/BaseCommand.cs,False,Direct Analysis
ToRespFormat,212,garnet-1.0.92/libs/server/Resp/RespCommandDocs.cs,False,Direct Analysis
Dispose,57,garnet-1.0.92/libs/server/Resp/LocalServerSession.cs,False,Direct Analysis
GetSingleSlotRequest,1427,garnet-1.0.92/test/Garnet.test.cluster/RedirectTests/BaseCommand.cs,False,Direct Analysis
clz,144,garnet-1.0.92/libs/server/Resp/HyperLogLog/HyperLogLog.cs,False,Direct Analysis
_set_register,177,garnet-1.0.92/libs/server/Resp/HyperLogLog/HyperLogLog.cs,False,Direct Analysis
RecoveryCheck1,90,garnet-1.0.92/libs/storage/Tsavorite/cs/test/RecoveryChecks.cs,False,Direct Analysis
Dispose,72,garnet-1.0.92/libs/server/Resp/GarnetDatabaseSession.cs,False,Direct Analysis
GetHashCode,31,garnet-1.0.92/libs/server/Resp/ByteArrayComparer.cs,False,Direct Analysis
GetHashCode,62,garnet-1.0.92/libs/server/Resp/ByteArrayComparer.cs,False,Direct Analysis
Equals,94,garnet-1.0.92/test/Garnet.test.cluster/ClusterMigrateTests.cs,False,Direct Analysis
GetHashCode,100,garnet-1.0.92/test/Garnet.test.cluster/ClusterMigrateTests.cs,False,Direct Analysis
Setup,26,garnet-1.0.92/libs/storage/Tsavorite/cs/test/NeedCopyUpdateTests.cs,False,Direct Analysis
TearDown,46,garnet-1.0.92/libs/storage/Tsavorite/cs/test/NeedCopyUpdateTests.cs,False,Direct Analysis
TryAddTest,60,garnet-1.0.92/libs/storage/Tsavorite/cs/test/NeedCopyUpdateTests.cs,False,Direct Analysis
GetSingleSlotRequest,2757,garnet-1.0.92/test/Garnet.test.cluster/RedirectTests/BaseCommand.cs,False,Direct Analysis
DoSerialize,245,garnet-1.0.92/libs/server/Objects/SortedSet/SortedSetObject.cs,False,Direct Analysis
Add,278,garnet-1.0.92/libs/server/Objects/SortedSet/SortedSetObject.cs,False,Direct Analysis
Equals,291,garnet-1.0.92/libs/server/Objects/SortedSet/SortedSetObject.cs,False,Direct Analysis
Dispose,315,garnet-1.0.92/libs/server/Objects/SortedSet/SortedSetObject.cs,False,Direct Analysis
Operate,321,garnet-1.0.92/libs/server/Objects/SortedSet/SortedSetObject.cs,False,Direct Analysis
TryGetScore,565,garnet-1.0.92/libs/server/Objects/SortedSet/SortedSetObject.cs,False,Direct Analysis
Count,580,garnet-1.0.92/libs/server/Objects/SortedSet/SortedSetObject.cs,False,Direct Analysis
HasExpirableItems,611,garnet-1.0.92/libs/server/Objects/SortedSet/SortedSetObject.cs,False,Direct Analysis
InitializeExpirationStructures,617,garnet-1.0.92/libs/server/Objects/SortedSet/SortedSetObject.cs,False,Direct Analysis
UpdateExpirationSize,628,garnet-1.0.92/libs/server/Objects/SortedSet/SortedSetObject.cs,False,Direct Analysis
CleanupExpirationStructures,636,garnet-1.0.92/libs/server/Objects/SortedSet/SortedSetObject.cs,False,Direct Analysis
DeleteExpiredItems,648,garnet-1.0.92/libs/server/Objects/SortedSet/SortedSetObject.cs,False,Direct Analysis
DeleteExpiredItemsWorker,655,garnet-1.0.92/libs/server/Objects/SortedSet/SortedSetObject.cs,False,Direct Analysis
SetExpiration,681,garnet-1.0.92/libs/server/Objects/SortedSet/SortedSetObject.cs,False,Direct Analysis
Persist,726,garnet-1.0.92/libs/server/Objects/SortedSet/SortedSetObject.cs,False,Direct Analysis
TryRemoveExpiration,737,garnet-1.0.92/libs/server/Objects/SortedSet/SortedSetObject.cs,False,Direct Analysis
TryRemoveExpirationWorker,744,garnet-1.0.92/libs/server/Objects/SortedSet/SortedSetObject.cs,False,Direct Analysis
GetExpiration,757,garnet-1.0.92/libs/server/Objects/SortedSet/SortedSetObject.cs,False,Direct Analysis
ElementAt,772,garnet-1.0.92/libs/server/Objects/SortedSet/SortedSetObject.cs,False,Direct Analysis
UpdateSize,796,garnet-1.0.92/libs/server/Objects/SortedSet/SortedSetObject.cs,False,Direct Analysis
SortedSetAdd,90,garnet-1.0.92/libs/server/Objects/SortedSet/SortedSetObjectImpl.cs,False,Direct Analysis
SortedSetRemove,211,garnet-1.0.92/libs/server/Objects/SortedSet/SortedSetObjectImpl.cs,False,Direct Analysis
SortedSetLength,231,garnet-1.0.92/libs/server/Objects/SortedSet/SortedSetObjectImpl.cs,False,Direct Analysis
SortedSetScore,238,garnet-1.0.92/libs/server/Objects/SortedSet/SortedSetObjectImpl.cs,False,Direct Analysis
SortedSetScores,256,garnet-1.0.92/libs/server/Objects/SortedSet/SortedSetObjectImpl.cs,False,Direct Analysis
SortedSetCount,282,garnet-1.0.92/libs/server/Objects/SortedSet/SortedSetObjectImpl.cs,False,Direct Analysis
SortedSetIncrement,314,garnet-1.0.92/libs/server/Objects/SortedSet/SortedSetObjectImpl.cs,False,Direct Analysis
SortedSetRange,361,garnet-1.0.92/libs/server/Objects/SortedSet/SortedSetObjectImpl.cs,False,Direct Analysis
WriteSortedSetResult,533,garnet-1.0.92/libs/server/Objects/SortedSet/SortedSetObjectImpl.cs,False,Direct Analysis
SortedSetRemoveRangeByRank,563,garnet-1.0.92/libs/server/Objects/SortedSet/SortedSetObjectImpl.cs,False,Direct Analysis
SortedSetRandomMember,630,garnet-1.0.92/libs/server/Objects/SortedSet/SortedSetObjectImpl.cs,False,Direct Analysis
SortedSetRank,707,garnet-1.0.92/libs/server/Objects/SortedSet/SortedSetObjectImpl.cs,False,Direct Analysis
GeoAdd,30,garnet-1.0.92/libs/server/Objects/SortedSetGeo/SortedSetGeoObjectImpl.cs,False,Direct Analysis
GeoSearch,170,garnet-1.0.92/libs/server/Objects/SortedSetGeo/SortedSetGeoObjectImpl.cs,False,Direct Analysis
DoSerialize,109,garnet-1.0.92/libs/server/Objects/List/ListObject.cs,False,Direct Analysis
Dispose,125,garnet-1.0.92/libs/server/Objects/List/ListObject.cs,False,Direct Analysis
Operate,131,garnet-1.0.92/libs/server/Objects/List/ListObject.cs,False,Direct Analysis
UpdateSize,198,garnet-1.0.92/libs/server/Objects/List/ListObject.cs,False,Direct Analysis
ListRemove,16,garnet-1.0.92/libs/server/Objects/List/ListObjectImpl.cs,False,Direct Analysis
ListInsert,70,garnet-1.0.92/libs/server/Objects/List/ListObjectImpl.cs,False,Direct Analysis
ListIndex,110,garnet-1.0.92/libs/server/Objects/List/ListObjectImpl.cs,False,Direct Analysis
ListRange,126,garnet-1.0.92/libs/server/Objects/List/ListObjectImpl.cs,False,Direct Analysis
ListTrim,172,garnet-1.0.92/libs/server/Objects/List/ListObjectImpl.cs,False,Direct Analysis
ListLength,222,garnet-1.0.92/libs/server/Objects/List/ListObjectImpl.cs,False,Direct Analysis
ListPush,227,garnet-1.0.92/libs/server/Objects/List/ListObjectImpl.cs,False,Direct Analysis
ListPop,245,garnet-1.0.92/libs/server/Objects/List/ListObjectImpl.cs,False,Direct Analysis
ListSet,286,garnet-1.0.92/libs/server/Objects/List/ListObjectImpl.cs,False,Direct Analysis
ListPosition,326,garnet-1.0.92/libs/server/Objects/List/ListObjectImpl.cs,False,Direct Analysis
DoSerialize,60,garnet-1.0.92/libs/server/Custom/CustomObjectBase.cs,False,Direct Analysis
Operate,70,garnet-1.0.92/libs/server/Custom/CustomObjectBase.cs,False,Direct Analysis
IsValid,358,garnet-1.0.92/libs/host/Configuration/OptionsValidators.cs,False,Direct Analysis
GlobalSetup,52,garnet-1.0.92/benchmark/BDN.benchmark/Operations/OperationsBase.cs,False,Direct Analysis
GlobalCleanup,96,garnet-1.0.92/benchmark/BDN.benchmark/Operations/OperationsBase.cs,False,Direct Analysis
Send,103,garnet-1.0.92/benchmark/BDN.benchmark/Operations/OperationsBase.cs,False,Direct Analysis
DoSerialize,146,garnet-1.0.92/libs/server/Objects/Hash/HashObject.cs,False,Direct Analysis
Dispose,178,garnet-1.0.92/libs/server/Objects/Hash/HashObject.cs,False,Direct Analysis
Operate,184,garnet-1.0.92/libs/server/Objects/Hash/HashObject.cs,False,Direct Analysis
UpdateSize,272,garnet-1.0.92/libs/server/Objects/Hash/HashObject.cs,False,Direct Analysis
InitializeExpirationStructures,281,garnet-1.0.92/libs/server/Objects/Hash/HashObject.cs,False,Direct Analysis
UpdateExpirationSize,295,garnet-1.0.92/libs/server/Objects/Hash/HashObject.cs,False,Direct Analysis
CleanupExpirationStructures,304,garnet-1.0.92/libs/server/Objects/Hash/HashObject.cs,False,Direct Analysis
DeleteExpiredItems,392,garnet-1.0.92/libs/server/Objects/Hash/HashObject.cs,False,Direct Analysis
DeleteExpiredItemsWorker,399,garnet-1.0.92/libs/server/Objects/Hash/HashObject.cs,False,Direct Analysis
TryGetValue,426,garnet-1.0.92/libs/server/Objects/Hash/HashObject.cs,False,Direct Analysis
Remove,441,garnet-1.0.92/libs/server/Objects/Hash/HashObject.cs,False,Direct Analysis
Count,456,garnet-1.0.92/libs/server/Objects/Hash/HashObject.cs,False,Direct Analysis
ContainsKey,475,garnet-1.0.92/libs/server/Objects/Hash/HashObject.cs,False,Direct Analysis
ContainsKey,491,garnet-1.0.92/libs/server/Objects/Hash/HashObject.cs,False,Direct Analysis
Add,504,garnet-1.0.92/libs/server/Objects/Hash/HashObject.cs,False,Direct Analysis
SetExpiration,517,garnet-1.0.92/libs/server/Objects/Hash/HashObject.cs,False,Direct Analysis
Persist,582,garnet-1.0.92/libs/server/Objects/Hash/HashObject.cs,False,Direct Analysis
GetExpiration,603,garnet-1.0.92/libs/server/Objects/Hash/HashObject.cs,False,Direct Analysis
ElementAt,622,garnet-1.0.92/libs/server/Objects/Hash/HashObject.cs,False,Direct Analysis
HashGetAll,65,garnet-1.0.92/libs/server/Objects/Hash/HashObjectImpl.cs,False,Direct Analysis
HashSet,187,garnet-1.0.92/libs/server/Objects/Hash/HashObjectImpl.cs,False,Direct Analysis
AndExpressionTest,40,garnet-1.0.92/test/Garnet.test/GarnetJSON/JSONPath/QueryExpressionTests.cs,False,Direct Analysis
OrExpressionTest,67,garnet-1.0.92/test/Garnet.test/GarnetJSON/JSONPath/QueryExpressionTests.cs,False,Direct Analysis
BooleanExpression_EqualsOperator,94,garnet-1.0.92/test/Garnet.test/GarnetJSON/JSONPath/QueryExpressionTests.cs,False,Direct Analysis
BooleanExpressionTest_RegexEqualsOperator,135,garnet-1.0.92/test/Garnet.test/GarnetJSON/JSONPath/QueryExpressionTests.cs,False,Direct Analysis
BooleanExpressionTest_RegexEqualsOperator_CornerCase,155,garnet-1.0.92/test/Garnet.test/GarnetJSON/JSONPath/QueryExpressionTests.cs,False,Direct Analysis
BooleanExpressionTest,171,garnet-1.0.92/test/Garnet.test/GarnetJSON/JSONPath/QueryExpressionTests.cs,False,Direct Analysis
BooleanExpressionTest_GreaterThanOperator,193,garnet-1.0.92/test/Garnet.test/GarnetJSON/JSONPath/QueryExpressionTests.cs,False,Direct Analysis
BooleanExpressionTest_GreaterThanOrEqualsOperator,205,garnet-1.0.92/test/Garnet.test/GarnetJSON/JSONPath/QueryExpressionTests.cs,False,Direct Analysis
GetSingleSlotRequest,2360,garnet-1.0.92/test/Garnet.test.cluster/RedirectTests/BaseCommand.cs,False,Direct Analysis
MergeTo,31,garnet-1.0.92/libs/storage/Tsavorite/cs/src/core/Index/Tsavorite/Implementation/Revivification/RevivificationStats.cs,False,Direct Analysis
Reset,46,garnet-1.0.92/libs/storage/Tsavorite/cs/src/core/Index/Tsavorite/Implementation/Revivification/RevivificationStats.cs,False,Direct Analysis
ToString,75,garnet-1.0.92/libs/storage/Tsavorite/cs/src/core/Index/Tsavorite/Implementation/Revivification/RevivificationStats.cs,False,Direct Analysis
Setup,58,garnet-1.0.92/libs/storage/Tsavorite/cs/test/ReproReadCacheTest.cs,False,Direct Analysis
TearDown,100,garnet-1.0.92/libs/storage/Tsavorite/cs/test/ReproReadCacheTest.cs,False,Direct Analysis
RandomReadCacheTest,114,garnet-1.0.92/libs/storage/Tsavorite/cs/test/ReproReadCacheTest.cs,False,Direct Analysis
DecrementActiveTransactions,55,garnet-1.0.92/libs/storage/Tsavorite/cs/src/core/Index/Checkpointing/StateMachineDriver.cs,False,Direct Analysis
TrackLastVersion,67,garnet-1.0.92/libs/storage/Tsavorite/cs/src/core/Index/Checkpointing/StateMachineDriver.cs,False,Direct Analysis
ResetLastVersion,81,garnet-1.0.92/libs/storage/Tsavorite/cs/src/core/Index/Checkpointing/StateMachineDriver.cs,False,Direct Analysis
AcquireTransactionVersion,93,garnet-1.0.92/libs/storage/Tsavorite/cs/src/core/Index/Checkpointing/StateMachineDriver.cs,False,Direct Analysis
VerifyTransactionVersion,124,garnet-1.0.92/libs/storage/Tsavorite/cs/src/core/Index/Checkpointing/StateMachineDriver.cs,False,Direct Analysis
AddToWaitingList,158,garnet-1.0.92/libs/storage/Tsavorite/cs/src/core/Index/Checkpointing/StateMachineDriver.cs,False,Direct Analysis
UnsafeRegisterCallback,181,garnet-1.0.92/libs/storage/Tsavorite/cs/src/core/Index/Checkpointing/StateMachineDriver.cs,False,Direct Analysis
GlobalStateMachineStep,215,garnet-1.0.92/libs/storage/Tsavorite/cs/src/core/Index/Checkpointing/StateMachineDriver.cs,False,Direct Analysis
WaitForStateChange,260,garnet-1.0.92/libs/storage/Tsavorite/cs/src/core/Index/Checkpointing/StateMachineDriver.cs,False,Direct Analysis
WaitForCompletion,274,garnet-1.0.92/libs/storage/Tsavorite/cs/src/core/Index/Checkpointing/StateMachineDriver.cs,False,Direct Analysis
MakeTransitionWorker,285,garnet-1.0.92/libs/storage/Tsavorite/cs/src/core/Index/Checkpointing/StateMachineDriver.cs,False,Direct Analysis
FastForwardStateMachineToRest,357,garnet-1.0.92/libs/storage/Tsavorite/cs/src/core/Index/Checkpointing/StateMachineDriver.cs,False,Direct Analysis
GetSingleSlotRequest,2651,garnet-1.0.92/test/Garnet.test.cluster/RedirectTests/BaseCommand.cs,False,Direct Analysis
Prepare,19,garnet-1.0.92/test/Garnet.test/WriteWithExpiryTxn.cs,False,Direct Analysis
Main,26,garnet-1.0.92/test/Garnet.test/WriteWithExpiryTxn.cs,False,Direct Analysis
Return,28,garnet-1.0.92/libs/server/Metrics/Latency/LatencyMetricsEntrySession.cs,False,Direct Analysis
Start,34,garnet-1.0.92/libs/server/Metrics/Latency/LatencyMetricsEntrySession.cs,False,Direct Analysis
RecordValue,40,garnet-1.0.92/libs/server/Metrics/Latency/LatencyMetricsEntrySession.cs,False,Direct Analysis
RecordValue,53,garnet-1.0.92/libs/server/Metrics/Latency/LatencyMetricsEntrySession.cs,False,Direct Analysis
Setup,24,garnet-1.0.92/libs/storage/Tsavorite/cs/test/BlittableIterationTests.cs,False,Direct Analysis
TearDown,31,garnet-1.0.92/libs/storage/Tsavorite/cs/test/BlittableIterationTests.cs,False,Direct Analysis
BlittableIterationBasicTest,64,garnet-1.0.92/libs/storage/Tsavorite/cs/test/BlittableIterationTests.cs,False,Direct Analysis
BlittableIterationPushStopTest,159,garnet-1.0.92/libs/storage/Tsavorite/cs/test/BlittableIterationTests.cs,False,Direct Analysis
BlittableIterationPushLockTest,208,garnet-1.0.92/libs/storage/Tsavorite/cs/test/BlittableIterationTests.cs,False,Direct Analysis
Setup,898,garnet-1.0.92/libs/storage/Tsavorite/cs/test/ReadCacheChainTests.cs,False,Direct Analysis
TearDown,941,garnet-1.0.92/libs/storage/Tsavorite/cs/test/ReadCacheChainTests.cs,False,Direct Analysis
PopulateAndEvict,993,garnet-1.0.92/libs/storage/Tsavorite/cs/test/ReadCacheChainTests.cs,False,Direct Analysis
SpanByteRcMultiThreadTest,1016,garnet-1.0.92/libs/storage/Tsavorite/cs/test/ReadCacheChainTests.cs,False,Direct Analysis
AddScanMetric,13,garnet-1.0.92/libs/server/Metrics/HybridLogScanMetrics.cs,False,Direct Analysis
DumpScanMetricsInfo,31,garnet-1.0.92/libs/server/Metrics/HybridLogScanMetrics.cs,False,Direct Analysis
ReadLengthHeader,18,garnet-1.0.92/benchmark/BDN.benchmark/Parsing/RespToInteger.cs,False,Direct Analysis
ReadInt64,30,garnet-1.0.92/benchmark/BDN.benchmark/Parsing/RespToInteger.cs,False,Direct Analysis
ReadIntWithLengthHeader,42,garnet-1.0.92/benchmark/BDN.benchmark/Parsing/RespToInteger.cs,False,Direct Analysis
ReadLongWithLengthHeader,54,garnet-1.0.92/benchmark/BDN.benchmark/Parsing/RespToInteger.cs,False,Direct Analysis
ReadULongWithLengthHeader,66,garnet-1.0.92/benchmark/BDN.benchmark/Parsing/RespToInteger.cs,False,Direct Analysis
SelectOpType,76,garnet-1.0.92/playground/Embedded.perftest/EmbeddedPerformanceTest.cs,False,Direct Analysis
WorkerLoop,92,garnet-1.0.92/playground/Embedded.perftest/EmbeddedPerformanceTest.cs,False,Direct Analysis
Run,193,garnet-1.0.92/playground/Embedded.perftest/EmbeddedPerformanceTest.cs,False,Direct Analysis
Free,35,garnet-1.0.92/libs/storage/Tsavorite/cs/src/core/Utilities/PageAsyncResultTypes.cs,False,Direct Analysis
Dispose,64,garnet-1.0.92/libs/server/Lua/SessionScriptCache.cs,False,Direct Analysis
SetUserHandle,71,garnet-1.0.92/libs/server/Lua/SessionScriptCache.cs,False,Direct Analysis
StartRunningScript,83,garnet-1.0.92/libs/server/Lua/SessionScriptCache.cs,False,Direct Analysis
StopRunningScript,97,garnet-1.0.92/libs/server/Lua/SessionScriptCache.cs,False,Direct Analysis
RequestTimeout,109,garnet-1.0.92/libs/server/Lua/SessionScriptCache.cs,False,Direct Analysis
TryGetFromDigest,121,garnet-1.0.92/libs/server/Lua/SessionScriptCache.cs,False,Direct Analysis
TryLoad,151,garnet-1.0.92/libs/server/Lua/SessionScriptCache.cs,False,Direct Analysis
Clear,235,garnet-1.0.92/libs/server/Lua/SessionScriptCache.cs,False,Direct Analysis
IsLocalConnection,53,garnet-1.0.92/benchmark/BDN.benchmark/Embedded/EmbeddedNetworkSender.cs,False,Direct Analysis
Dispose,61,garnet-1.0.92/benchmark/BDN.benchmark/Embedded/EmbeddedNetworkSender.cs,False,Direct Analysis
DisposeNetworkSender,66,garnet-1.0.92/benchmark/BDN.benchmark/Embedded/EmbeddedNetworkSender.cs,False,Direct Analysis
Enter,71,garnet-1.0.92/benchmark/BDN.benchmark/Embedded/EmbeddedNetworkSender.cs,False,Direct Analysis
EnterAndGetResponseObject,74,garnet-1.0.92/benchmark/BDN.benchmark/Embedded/EmbeddedNetworkSender.cs,False,Direct Analysis
Exit,81,garnet-1.0.92/benchmark/BDN.benchmark/Embedded/EmbeddedNetworkSender.cs,False,Direct Analysis
ExitAndReturnResponseObject,84,garnet-1.0.92/benchmark/BDN.benchmark/Embedded/EmbeddedNetworkSender.cs,False,Direct Analysis
GetResponseObject,89,garnet-1.0.92/benchmark/BDN.benchmark/Embedded/EmbeddedNetworkSender.cs,False,Direct Analysis
GetResponseObjectHead,94,garnet-1.0.92/benchmark/BDN.benchmark/Embedded/EmbeddedNetworkSender.cs,False,Direct Analysis
GetResponseObjectTail,100,garnet-1.0.92/benchmark/BDN.benchmark/Embedded/EmbeddedNetworkSender.cs,False,Direct Analysis
ReturnResponseObject,106,garnet-1.0.92/benchmark/BDN.benchmark/Embedded/EmbeddedNetworkSender.cs,False,Direct Analysis
SendCallback,111,garnet-1.0.92/benchmark/BDN.benchmark/Embedded/EmbeddedNetworkSender.cs,False,Direct Analysis
SendResponse,116,garnet-1.0.92/benchmark/BDN.benchmark/Embedded/EmbeddedNetworkSender.cs,False,Direct Analysis
SendResponse,122,garnet-1.0.92/benchmark/BDN.benchmark/Embedded/EmbeddedNetworkSender.cs,False,Direct Analysis
Throttle,127,garnet-1.0.92/benchmark/BDN.benchmark/Embedded/EmbeddedNetworkSender.cs,False,Direct Analysis
TryClose,132,garnet-1.0.92/benchmark/BDN.benchmark/Embedded/EmbeddedNetworkSender.cs,False,Direct Analysis
Dispose,162,garnet-1.0.92/libs/server/Lua/LuaTimeoutManager.cs,False,Direct Analysis
Start,173,garnet-1.0.92/libs/server/Lua/LuaTimeoutManager.cs,False,Direct Analysis
RegisterForTimeout,210,garnet-1.0.92/libs/server/Lua/LuaTimeoutManager.cs,False,Direct Analysis
RemoveRegistration,281,garnet-1.0.92/libs/server/Lua/LuaTimeoutManager.cs,False,Direct Analysis
TickTimeouts,318,garnet-1.0.92/libs/server/Lua/LuaTimeoutManager.cs,False,Direct Analysis
Reset,67,garnet-1.0.92/libs/storage/Tsavorite/cs/src/core/Device/ManagedLocalStorageDevice.cs,False,Direct Analysis
RecoverFiles,88,garnet-1.0.92/libs/storage/Tsavorite/cs/src/core/Device/ManagedLocalStorageDevice.cs,False,Direct Analysis
ReadAsync,132,garnet-1.0.92/libs/storage/Tsavorite/cs/src/core/Device/ManagedLocalStorageDevice.cs,False,Direct Analysis
WriteAsync,234,garnet-1.0.92/libs/storage/Tsavorite/cs/src/core/Device/ManagedLocalStorageDevice.cs,False,Direct Analysis
RemoveSegment,336,garnet-1.0.92/libs/storage/Tsavorite/cs/src/core/Device/ManagedLocalStorageDevice.cs,False,Direct Analysis
RemoveSegmentAsync,356,garnet-1.0.92/libs/storage/Tsavorite/cs/src/core/Device/ManagedLocalStorageDevice.cs,False,Direct Analysis
GetFileSize,363,garnet-1.0.92/libs/storage/Tsavorite/cs/src/core/Device/ManagedLocalStorageDevice.cs,False,Direct Analysis
Dispose,379,garnet-1.0.92/libs/storage/Tsavorite/cs/src/core/Device/ManagedLocalStorageDevice.cs,False,Direct Analysis
CreateReadHandle,414,garnet-1.0.92/libs/storage/Tsavorite/cs/src/core/Device/ManagedLocalStorageDevice.cs,False,Direct Analysis
CreateWriteHandle,431,garnet-1.0.92/libs/storage/Tsavorite/cs/src/core/Device/ManagedLocalStorageDevice.cs,False,Direct Analysis
EnterInfallibleAllocationRegion,31,garnet-1.0.92/libs/server/Lua/LuaManagedAllocator.cs,False,Direct Analysis
AllocateNew,41,garnet-1.0.92/libs/server/Lua/LuaManagedAllocator.cs,False,Direct Analysis
Free,79,garnet-1.0.92/libs/server/Lua/LuaManagedAllocator.cs,False,Direct Analysis
ResizeAllocation,97,garnet-1.0.92/libs/server/Lua/LuaManagedAllocator.cs,False,Direct Analysis
GetSingleSlotRequest,867,garnet-1.0.92/test/Garnet.test.cluster/RedirectTests/BaseCommand.cs,False,Direct Analysis
GetCrossSlotRequest,873,garnet-1.0.92/test/Garnet.test.cluster/RedirectTests/BaseCommand.cs,False,Direct Analysis
SetupSingleSlotRequest,879,garnet-1.0.92/test/Garnet.test.cluster/RedirectTests/BaseCommand.cs,False,Direct Analysis
EnterInfallibleAllocationRegion,318,garnet-1.0.92/libs/server/Lua/LuaLimitedManagedAllocator.cs,False,Direct Analysis
TryExitInfallibleAllocationRegion,326,garnet-1.0.92/libs/server/Lua/LuaLimitedManagedAllocator.cs,False,Direct Analysis
AllocateNew,342,garnet-1.0.92/libs/server/Lua/LuaLimitedManagedAllocator.cs,False,Direct Analysis
Free,425,garnet-1.0.92/libs/server/Lua/LuaLimitedManagedAllocator.cs,False,Direct Analysis
ResizeAllocation,450,garnet-1.0.92/libs/server/Lua/LuaLimitedManagedAllocator.cs,False,Direct Analysis
ContainsRef,564,garnet-1.0.92/libs/server/Lua/LuaLimitedManagedAllocator.cs,False,Direct Analysis
CheckCorrectness,578,garnet-1.0.92/libs/server/Lua/LuaLimitedManagedAllocator.cs,False,Direct Analysis
AddToFreeList,723,garnet-1.0.92/libs/server/Lua/LuaLimitedManagedAllocator.cs,False,Direct Analysis
RemoveFromFreeList,792,garnet-1.0.92/libs/server/Lua/LuaLimitedManagedAllocator.cs,False,Direct Analysis
MoveToHeadOfFreeList,879,garnet-1.0.92/libs/server/Lua/LuaLimitedManagedAllocator.cs,False,Direct Analysis
TryCoalesceSingleBlock,930,garnet-1.0.92/libs/server/Lua/LuaLimitedManagedAllocator.cs,False,Direct Analysis
GetBlockRef,1049,garnet-1.0.92/libs/server/Lua/LuaLimitedManagedAllocator.cs,False,Direct Analysis
InfallibleAllocate,1147,garnet-1.0.92/libs/server/Lua/LuaLimitedManagedAllocator.cs,False,Direct Analysis
IsInfallibleAllocation,1171,garnet-1.0.92/libs/server/Lua/LuaLimitedManagedAllocator.cs,False,Direct Analysis
PasswordlessDefaultUserTest,22,garnet-1.0.92/test/Garnet.test/Resp/ACL/SetUserTests.cs,False,Direct Analysis
ProtectedDefaultUserErrorHandlingTest,41,garnet-1.0.92/test/Garnet.test/Resp/ACL/SetUserTests.cs,False,Direct Analysis
ProtectedDefaultUserLoginImplicitTest,66,garnet-1.0.92/test/Garnet.test/Resp/ACL/SetUserTests.cs,False,Direct Analysis
ProtectedDefaultUserLoginExplicitTest,88,garnet-1.0.92/test/Garnet.test/Resp/ACL/SetUserTests.cs,False,Direct Analysis
EnableAndDisableUsers,111,garnet-1.0.92/test/Garnet.test/Resp/ACL/SetUserTests.cs,False,Direct Analysis
AddPasswordFromCleartextTest,166,garnet-1.0.92/test/Garnet.test/Resp/ACL/SetUserTests.cs,False,Direct Analysis
AddPasswordFromHashTest,196,garnet-1.0.92/test/Garnet.test/Resp/ACL/SetUserTests.cs,False,Direct Analysis
RemovePasswordFromCleartextTest,226,garnet-1.0.92/test/Garnet.test/Resp/ACL/SetUserTests.cs,False,Direct Analysis
RemovePasswordFromHashTest,258,garnet-1.0.92/test/Garnet.test/Resp/ACL/SetUserTests.cs,False,Direct Analysis
AddDuplicatePasswordTest,290,garnet-1.0.92/test/Garnet.test/Resp/ACL/SetUserTests.cs,False,Direct Analysis
PasswordlessUserTest,323,garnet-1.0.92/test/Garnet.test/Resp/ACL/SetUserTests.cs,False,Direct Analysis
ResetPasswordsTest,346,garnet-1.0.92/test/Garnet.test/Resp/ACL/SetUserTests.cs,False,Direct Analysis
AddAndRemoveCategoryTest,388,garnet-1.0.92/test/Garnet.test/Resp/ACL/SetUserTests.cs,False,Direct Analysis
ResetUser,446,garnet-1.0.92/test/Garnet.test/Resp/ACL/SetUserTests.cs,False,Direct Analysis
BadInputEmpty,491,garnet-1.0.92/test/Garnet.test/Resp/ACL/SetUserTests.cs,False,Direct Analysis
BadInputUnknownOperation,516,garnet-1.0.92/test/Garnet.test/Resp/ACL/SetUserTests.cs,False,Direct Analysis
KeyPatternsWildcard,541,garnet-1.0.92/test/Garnet.test/Resp/ACL/SetUserTests.cs,False,Direct Analysis
GetSingleSlotRequest,440,garnet-1.0.92/test/Garnet.test.cluster/RedirectTests/BaseCommand.cs,False,Direct Analysis
ReadCompletionCallback,427,garnet-1.0.92/libs/storage/Tsavorite/cs/test/SimpleRecoveryTest.cs,False,Direct Analysis
SingleReader,434,garnet-1.0.92/libs/storage/Tsavorite/cs/test/SimpleRecoveryTest.cs,False,Direct Analysis
ConcurrentReader,442,garnet-1.0.92/libs/storage/Tsavorite/cs/test/SimpleRecoveryTest.cs,False,Direct Analysis
InitialUpdater,451,garnet-1.0.92/libs/storage/Tsavorite/cs/test/SimpleRecoveryTest.cs,False,Direct Analysis
InPlaceUpdater,459,garnet-1.0.92/libs/storage/Tsavorite/cs/test/SimpleRecoveryTest.cs,False,Direct Analysis
NeedCopyUpdate,467,garnet-1.0.92/libs/storage/Tsavorite/cs/test/SimpleRecoveryTest.cs,False,Direct Analysis
CopyUpdater,474,garnet-1.0.92/libs/storage/Tsavorite/cs/test/SimpleRecoveryTest.cs,False,Direct Analysis
SerializeObject,49,garnet-1.0.92/modules/NoOpModule/DummyObject.cs,False,Direct Analysis
Dispose,54,garnet-1.0.92/modules/NoOpModule/DummyObject.cs,False,Direct Analysis
Read,49,garnet-1.0.92/libs/common/StreamProvider.cs,False,Direct Analysis
Write,62,garnet-1.0.92/libs/common/StreamProvider.cs,False,Direct Analysis
TransferFrom,107,garnet-1.0.92/libs/storage/Tsavorite/cs/src/core/Index/Common/CompletedOutput.cs,False,Direct Analysis
Dispose,123,garnet-1.0.92/libs/storage/Tsavorite/cs/src/core/Index/Common/CompletedOutput.cs,False,Direct Analysis
TryGetOrAddDatabase,47,garnet-1.0.92/libs/server/Databases/SingleDatabaseManager.cs,False,Direct Analysis
RecoverCheckpoint,57,garnet-1.0.92/libs/server/Databases/SingleDatabaseManager.cs,False,Direct Analysis
TryPauseCheckpoints,113,garnet-1.0.92/libs/server/Databases/SingleDatabaseManager.cs,False,Direct Analysis
ResumeCheckpoints,121,garnet-1.0.92/libs/server/Databases/SingleDatabaseManager.cs,False,Direct Analysis
TakeOnDemandCheckpointAsync,175,garnet-1.0.92/libs/server/Databases/SingleDatabaseManager.cs,False,Direct Analysis
ReplayAOF,279,garnet-1.0.92/libs/server/Databases/SingleDatabaseManager.cs,False,Direct Analysis
Reset,318,garnet-1.0.92/libs/server/Databases/SingleDatabaseManager.cs,False,Direct Analysis
ResetRevivificationStats,326,garnet-1.0.92/libs/server/Databases/SingleDatabaseManager.cs,False,Direct Analysis
EnqueueCommit,333,garnet-1.0.92/libs/server/Databases/SingleDatabaseManager.cs,False,Direct Analysis
TryGetDatabase,343,garnet-1.0.92/libs/server/Databases/SingleDatabaseManager.cs,False,Direct Analysis
FlushDatabase,352,garnet-1.0.92/libs/server/Databases/SingleDatabaseManager.cs,False,Direct Analysis
FlushAllDatabases,365,garnet-1.0.92/libs/server/Databases/SingleDatabaseManager.cs,False,Direct Analysis
CreateFunctionsState,382,garnet-1.0.92/libs/server/Databases/SingleDatabaseManager.cs,False,Direct Analysis
SafeTruncateAOF,416,garnet-1.0.92/libs/server/Databases/SingleDatabaseManager.cs,False,Direct Analysis
Dispose,433,garnet-1.0.92/libs/server/Databases/SingleDatabaseManager.cs,False,Direct Analysis
RecoverDatabaseCheckpoint,178,garnet-1.0.92/libs/server/Databases/DatabaseManagerBase.cs,False,Direct Analysis
RecoverDatabaseAOF,271,garnet-1.0.92/libs/server/Databases/DatabaseManagerBase.cs,False,Direct Analysis
ReplayDatabaseAOF,287,garnet-1.0.92/libs/server/Databases/DatabaseManagerBase.cs,False,Direct Analysis
ResetDatabase,309,garnet-1.0.92/libs/server/Databases/DatabaseManagerBase.cs,False,Direct Analysis
GrowIndexesIfNeeded,368,garnet-1.0.92/libs/server/Databases/DatabaseManagerBase.cs,False,Direct Analysis
ExecuteObjectCollection,411,garnet-1.0.92/libs/server/Databases/DatabaseManagerBase.cs,False,Direct Analysis
ExpiredKeyDeletionScan,428,garnet-1.0.92/libs/server/Databases/DatabaseManagerBase.cs,False,Direct Analysis
DoCompaction,444,garnet-1.0.92/libs/server/Databases/DatabaseManagerBase.cs,False,Direct Analysis
GrowIndexIfNeeded,475,garnet-1.0.92/libs/server/Databases/DatabaseManagerBase.cs,False,Direct Analysis
DoCompaction,498,garnet-1.0.92/libs/server/Databases/DatabaseManagerBase.cs,False,Direct Analysis
CompactionCommitAof,593,garnet-1.0.92/libs/server/Databases/DatabaseManagerBase.cs,False,Direct Analysis
InitiateCheckpointAsync,622,garnet-1.0.92/libs/server/Databases/DatabaseManagerBase.cs,False,Direct Analysis
CollectHybridLogStats,771,garnet-1.0.92/libs/server/Databases/DatabaseManagerBase.cs,False,Direct Analysis
Setup,20,garnet-1.0.92/test/Garnet.test/TransactionTests.cs,False,Direct Analysis
TearDown,28,garnet-1.0.92/test/Garnet.test/TransactionTests.cs,False,Direct Analysis
SetUpWithLowMemory,34,garnet-1.0.92/test/Garnet.test/TransactionTests.cs,False,Direct Analysis
TxnSetTest,43,garnet-1.0.92/test/Garnet.test/TransactionTests.cs,False,Direct Analysis
TxnExecuteTest,64,garnet-1.0.92/test/Garnet.test/TransactionTests.cs,False,Direct Analysis
TxnGetTest,85,garnet-1.0.92/test/Garnet.test/TransactionTests.cs,False,Direct Analysis
TxnGetSetTest,106,garnet-1.0.92/test/Garnet.test/TransactionTests.cs,False,Direct Analysis
TxnHExpireTest,126,garnet-1.0.92/test/Garnet.test/TransactionTests.cs,False,Direct Analysis
LargeTxn,150,garnet-1.0.92/test/Garnet.test/TransactionTests.cs,False,Direct Analysis
LargeTxnWatch,187,garnet-1.0.92/test/Garnet.test/TransactionTests.cs,False,Direct Analysis
TxnCommandCoverage,227,garnet-1.0.92/test/Garnet.test/TransactionTests.cs,False,Direct Analysis
SimpleWatchTest,403,garnet-1.0.92/test/Garnet.test/TransactionTests.cs,False,Direct Analysis
WatchTestWithSetWithEtag,440,garnet-1.0.92/test/Garnet.test/TransactionTests.cs,False,Direct Analysis
WatchNonExistentKey,498,garnet-1.0.92/test/Garnet.test/TransactionTests.cs,False,Direct Analysis
WatchKeyFromDisk,536,garnet-1.0.92/test/Garnet.test/TransactionTests.cs,False,Direct Analysis
CopyTo,491,garnet-1.0.92/libs/server/InputHeader.cs,False,Direct Analysis
DeserializeFrom,506,garnet-1.0.92/libs/server/InputHeader.cs,False,Direct Analysis
AsyncFlushDeltaToDevice,215,garnet-1.0.92/libs/storage/Tsavorite/cs/src/core/Allocator/AllocatorBase.cs,False,Direct Analysis
Reset,323,garnet-1.0.92/libs/storage/Tsavorite/cs/src/core/Allocator/AllocatorBase.cs,False,Direct Analysis
TruncateUntilAddress,360,garnet-1.0.92/libs/storage/Tsavorite/cs/src/core/Allocator/AllocatorBase.cs,False,Direct Analysis
Dispose,375,garnet-1.0.92/libs/storage/Tsavorite/cs/src/core/Allocator/AllocatorBase.cs,False,Direct Analysis
VerifyCompatibleSectorSize,392,garnet-1.0.92/libs/storage/Tsavorite/cs/src/core/Allocator/AllocatorBase.cs,False,Direct Analysis
ApplyDelta,398,garnet-1.0.92/libs/storage/Tsavorite/cs/src/core/Allocator/AllocatorBase.cs,False,Direct Analysis
MarkPage,465,garnet-1.0.92/libs/storage/Tsavorite/cs/src/core/Allocator/AllocatorBase.cs,False,Direct Analysis
MarkPageAtomic,473,garnet-1.0.92/libs/storage/Tsavorite/cs/src/core/Allocator/AllocatorBase.cs,False,Direct Analysis
WriteAsync,479,garnet-1.0.92/libs/storage/Tsavorite/cs/src/core/Allocator/AllocatorBase.cs,False,Direct Analysis
VerifyRecoveryInfo,604,garnet-1.0.92/libs/storage/Tsavorite/cs/src/core/Allocator/AllocatorBase.cs,False,Direct Analysis
Initialize,662,garnet-1.0.92/libs/storage/Tsavorite/cs/src/core/Allocator/AllocatorBase.cs,False,Direct Analysis
IncrementAllocatedPageCount,775,garnet-1.0.92/libs/storage/Tsavorite/cs/src/core/Allocator/AllocatorBase.cs,False,Direct Analysis
GetTailAddress,792,garnet-1.0.92/libs/storage/Tsavorite/cs/src/core/Allocator/AllocatorBase.cs,False,Direct Analysis
AllocatePagesWithException,836,garnet-1.0.92/libs/storage/Tsavorite/cs/src/core/Allocator/AllocatorBase.cs,False,Direct Analysis
NeedToShiftAddress,874,garnet-1.0.92/libs/storage/Tsavorite/cs/src/core/Allocator/AllocatorBase.cs,False,Direct Analysis
IssueShiftAddress,903,garnet-1.0.92/libs/storage/Tsavorite/cs/src/core/Allocator/AllocatorBase.cs,False,Direct Analysis
HandlePageOverflow,921,garnet-1.0.92/libs/storage/Tsavorite/cs/src/core/Allocator/AllocatorBase.cs,False,Direct Analysis
TryAllocate,986,garnet-1.0.92/libs/storage/Tsavorite/cs/src/core/Allocator/AllocatorBase.cs,False,Direct Analysis
TryAllocateRetryNow,1023,garnet-1.0.92/libs/storage/Tsavorite/cs/src/core/Allocator/AllocatorBase.cs,False,Direct Analysis
ShiftReadOnlyToTail,1052,garnet-1.0.92/libs/storage/Tsavorite/cs/src/core/Allocator/AllocatorBase.cs,False,Direct Analysis
ShiftReadOnlyAddress,1069,garnet-1.0.92/libs/storage/Tsavorite/cs/src/core/Allocator/AllocatorBase.cs,False,Direct Analysis
ShiftBeginAddress,1080,garnet-1.0.92/libs/storage/Tsavorite/cs/src/core/Allocator/AllocatorBase.cs,False,Direct Analysis
EvictPage,1136,garnet-1.0.92/libs/storage/Tsavorite/cs/src/core/Allocator/AllocatorBase.cs,False,Direct Analysis
OnPagesMarkedReadOnly,1149,garnet-1.0.92/libs/storage/Tsavorite/cs/src/core/Allocator/AllocatorBase.cs,False,Direct Analysis
OnPagesClosed,1166,garnet-1.0.92/libs/storage/Tsavorite/cs/src/core/Allocator/AllocatorBase.cs,False,Direct Analysis
OnPagesClosedWorker,1199,garnet-1.0.92/libs/storage/Tsavorite/cs/src/core/Allocator/AllocatorBase.cs,False,Direct Analysis
DebugPrintAddresses,1236,garnet-1.0.92/libs/storage/Tsavorite/cs/src/core/Allocator/AllocatorBase.cs,False,Direct Analysis
PageAlignedShiftReadOnlyAddress,1261,garnet-1.0.92/libs/storage/Tsavorite/cs/src/core/Allocator/AllocatorBase.cs,False,Direct Analysis
PageAlignedShiftHeadAddress,1278,garnet-1.0.92/libs/storage/Tsavorite/cs/src/core/Allocator/AllocatorBase.cs,False,Direct Analysis
ShiftHeadAddress,1298,garnet-1.0.92/libs/storage/Tsavorite/cs/src/core/Allocator/AllocatorBase.cs,False,Direct Analysis
ShiftFlushedUntilAddress,1324,garnet-1.0.92/libs/storage/Tsavorite/cs/src/core/Allocator/AllocatorBase.cs,False,Direct Analysis
RecoveryReset,1379,garnet-1.0.92/libs/storage/Tsavorite/cs/src/core/Allocator/AllocatorBase.cs,False,Direct Analysis
AsyncReadRecordToMemory,1420,garnet-1.0.92/libs/storage/Tsavorite/cs/src/core/Allocator/AllocatorBase.cs,False,Direct Analysis
AsyncReadRecordToMemory,1450,garnet-1.0.92/libs/storage/Tsavorite/cs/src/core/Allocator/AllocatorBase.cs,False,Direct Analysis
AsyncReadPagesFromDevice,1482,garnet-1.0.92/libs/storage/Tsavorite/cs/src/core/Allocator/AllocatorBase.cs,False,Direct Analysis
AsyncFlushPages,1538,garnet-1.0.92/libs/storage/Tsavorite/cs/src/core/Allocator/AllocatorBase.cs,False,Direct Analysis
AsyncFlushPages,1629,garnet-1.0.92/libs/storage/Tsavorite/cs/src/core/Allocator/AllocatorBase.cs,False,Direct Analysis
AsyncFlushPagesToDevice,1658,garnet-1.0.92/libs/storage/Tsavorite/cs/src/core/Allocator/AllocatorBase.cs,False,Direct Analysis
AsyncGetFromDiskCallback,1725,garnet-1.0.92/libs/storage/Tsavorite/cs/src/core/Allocator/AllocatorBase.cs,False,Direct Analysis
AsyncFlushPageCallback,1790,garnet-1.0.92/libs/storage/Tsavorite/cs/src/core/Allocator/AllocatorBase.cs,False,Direct Analysis
UnsafeSkipError,1827,garnet-1.0.92/libs/storage/Tsavorite/cs/src/core/Allocator/AllocatorBase.cs,False,Direct Analysis
AsyncFlushPageToDeviceCallback,1848,garnet-1.0.92/libs/storage/Tsavorite/cs/src/core/Allocator/AllocatorBase.cs,False,Direct Analysis
IterateKeyVersions,33,garnet-1.0.92/libs/storage/Tsavorite/cs/src/core/Allocator/AllocatorScan.cs,False,Direct Analysis
PushScanImpl,57,garnet-1.0.92/libs/storage/Tsavorite/cs/src/core/Allocator/AllocatorScan.cs,False,Direct Analysis
IterateKeyVersionsImpl,94,garnet-1.0.92/libs/storage/Tsavorite/cs/src/core/Allocator/AllocatorScan.cs,False,Direct Analysis
GetFromDiskAndPushToReader,155,garnet-1.0.92/libs/storage/Tsavorite/cs/src/core/Allocator/AllocatorScan.cs,False,Direct Analysis
ScanLookup,192,garnet-1.0.92/libs/storage/Tsavorite/cs/src/core/Allocator/AllocatorScan.cs,False,Direct Analysis
ConditionalScanPush,259,garnet-1.0.92/libs/storage/Tsavorite/cs/src/core/Allocator/AllocatorScan.cs,False,Direct Analysis
SnapToFixedLengthLogicalAddressBoundary,365,garnet-1.0.92/libs/storage/Tsavorite/cs/src/core/Allocator/AllocatorScan.cs,False,Direct Analysis
RestoreHybridLogInitializePages,1246,garnet-1.0.92/libs/storage/Tsavorite/cs/src/core/Index/Recovery/Recovery.cs,False,Direct Analysis
AsyncReadPagesCallbackForRecovery,1298,garnet-1.0.92/libs/storage/Tsavorite/cs/src/core/Index/Recovery/Recovery.cs,False,Direct Analysis
Setup,38,garnet-1.0.92/libs/storage/Tsavorite/cs/test/TryEnqueueBasicTests.cs,False,Direct Analysis
TearDown,45,garnet-1.0.92/libs/storage/Tsavorite/cs/test/TryEnqueueBasicTests.cs,False,Direct Analysis
TryEnqueueBasicTest,60,garnet-1.0.92/libs/storage/Tsavorite/cs/test/TryEnqueueBasicTests.cs,False,Direct Analysis
ToRespFormat,510,garnet-1.0.92/libs/server/Resp/RespCommandKeySpecification.cs,False,Direct Analysis
ExtractKeys,521,garnet-1.0.92/libs/server/Resp/RespCommandKeySpecification.cs,False,Direct Analysis
TryGetValue,68,garnet-1.0.92/libs/server/Custom/ExpandableMap.cs,False,Direct Analysis
TrySetValueByRef,85,garnet-1.0.92/libs/server/Custom/ExpandableMap.cs,False,Direct Analysis
TrySetValue,118,garnet-1.0.92/libs/server/Custom/ExpandableMap.cs,False,Direct Analysis
Exists,150,garnet-1.0.92/libs/server/Custom/ExpandableMap.cs,False,Direct Analysis
TryGetFirstId,162,garnet-1.0.92/libs/server/Custom/ExpandableMap.cs,False,Direct Analysis
TryGetNextId,185,garnet-1.0.92/libs/server/Custom/ExpandableMap.cs,False,Direct Analysis
TryUpdateActualSize,202,garnet-1.0.92/libs/server/Custom/ExpandableMap.cs,False,Direct Analysis
TrySetValueUnsafe,231,garnet-1.0.92/libs/server/Custom/ExpandableMap.cs,False,Direct Analysis
Clone,208,garnet-1.0.92/samples/ETag/OccSimulation.cs,False,Direct Analysis
GetSingleSlotRequest,2220,garnet-1.0.92/test/Garnet.test.cluster/RedirectTests/BaseCommand.cs,False,Direct Analysis
GetCrossSlotRequest,2227,garnet-1.0.92/test/Garnet.test.cluster/RedirectTests/BaseCommand.cs,False,Direct Analysis
SetupSingleSlotRequest,2233,garnet-1.0.92/test/Garnet.test.cluster/RedirectTests/BaseCommand.cs,False,Direct Analysis
GetSingleSlotRequest,1594,garnet-1.0.92/test/Garnet.test.cluster/RedirectTests/BaseCommand.cs,False,Direct Analysis
TryTransactionProc,18,garnet-1.0.92/libs/server/Custom/CustomRespCommands.cs,False,Direct Analysis
RunTransactionProc,56,garnet-1.0.92/libs/server/Custom/CustomRespCommands.cs,False,Direct Analysis
TryCustomProcedure,63,garnet-1.0.92/libs/server/Custom/CustomRespCommands.cs,False,Direct Analysis
TryCustomRawStringCommand,91,garnet-1.0.92/libs/server/Custom/CustomRespCommands.cs,False,Direct Analysis
TryCustomObjectCommand,138,garnet-1.0.92/libs/server/Custom/CustomRespCommands.cs,False,Direct Analysis
InvokeCustomRawStringCommand,222,garnet-1.0.92/libs/server/Custom/CustomRespCommands.cs,False,Direct Analysis
InvokeCustomObjectCommand,288,garnet-1.0.92/libs/server/Custom/CustomRespCommands.cs,False,Direct Analysis
TryEVALSHA,16,garnet-1.0.92/libs/server/Lua/LuaCommands.cs,False,Direct Analysis
TryEVAL,101,garnet-1.0.92/libs/server/Lua/LuaCommands.cs,False,Direct Analysis
NetworkScriptExists,188,garnet-1.0.92/libs/server/Lua/LuaCommands.cs,False,Direct Analysis
NetworkScriptFlush,230,garnet-1.0.92/libs/server/Lua/LuaCommands.cs,False,Direct Analysis
NetworkScriptLoad,277,garnet-1.0.92/libs/server/Lua/LuaCommands.cs,False,Direct Analysis
CheckLuaEnabled,339,garnet-1.0.92/libs/server/Lua/LuaCommands.cs,False,Direct Analysis
TryExecuteScript,357,garnet-1.0.92/libs/server/Lua/LuaCommands.cs,False,Direct Analysis
NetworkINFO,12,garnet-1.0.92/libs/server/Metrics/Info/InfoCommand.cs,False,Direct Analysis
GetHelpMessage,83,garnet-1.0.92/libs/server/Metrics/Info/InfoCommand.cs,False,Direct Analysis
NetworkLatencyHelp,15,garnet-1.0.92/libs/server/Metrics/Latency/RespLatencyCommands.cs,False,Direct Analysis
NetworkLatencyHistogram,40,garnet-1.0.92/libs/server/Metrics/Latency/RespLatencyCommands.cs,False,Direct Analysis
NetworkLatencyReset,86,garnet-1.0.92/libs/server/Metrics/Latency/RespLatencyCommands.cs,False,Direct Analysis
NetworkSlowLogHelp,18,garnet-1.0.92/libs/server/Metrics/Slowlog/RespSlowlogCommands.cs,False,Direct Analysis
NetworkSlowLogGet,42,garnet-1.0.92/libs/server/Metrics/Slowlog/RespSlowlogCommands.cs,False,Direct Analysis
NetworkSlowLogLen,115,garnet-1.0.92/libs/server/Metrics/Slowlog/RespSlowlogCommands.cs,False,Direct Analysis
NetworkSlowLogReset,130,garnet-1.0.92/libs/server/Metrics/Slowlog/RespSlowlogCommands.cs,False,Direct Analysis
HandleSlowLog,144,garnet-1.0.92/libs/server/Metrics/Slowlog/RespSlowlogCommands.cs,False,Direct Analysis
ValidateACLAuthenticator,19,garnet-1.0.92/libs/server/Resp/ACLCommands.cs,False,Direct Analysis
ValidateACLFileUse,30,garnet-1.0.92/libs/server/Resp/ACLCommands.cs,False,Direct Analysis
NetworkAclList,54,garnet-1.0.92/libs/server/Resp/ACLCommands.cs,False,Direct Analysis
NetworkAclUsers,83,garnet-1.0.92/libs/server/Resp/ACLCommands.cs,False,Direct Analysis
NetworkAclCat,112,garnet-1.0.92/libs/server/Resp/ACLCommands.cs,False,Direct Analysis
NetworkAclSetUser,139,garnet-1.0.92/libs/server/Resp/ACLCommands.cs,False,Direct Analysis
NetworkAclDelUser,217,garnet-1.0.92/libs/server/Resp/ACLCommands.cs,False,Direct Analysis
NetworkAclWhoAmI,266,garnet-1.0.92/libs/server/Resp/ACLCommands.cs,False,Direct Analysis
NetworkAclLoad,291,garnet-1.0.92/libs/server/Resp/ACLCommands.cs,False,Direct Analysis
NetworkAclSave,332,garnet-1.0.92/libs/server/Resp/ACLCommands.cs,False,Direct Analysis
NetworkAclGenPass,374,garnet-1.0.92/libs/server/Resp/ACLCommands.cs,False,Direct Analysis
NetworkAclGetUser,407,garnet-1.0.92/libs/server/Resp/ACLCommands.cs,False,Direct Analysis
ProcessAdminCommands,25,garnet-1.0.92/libs/server/Resp/AdminCommands.cs,False,Direct Analysis
CheckScriptPermissions,96,garnet-1.0.92/libs/server/Resp/AdminCommands.cs,False,Direct Analysis
CheckACLPermissions,125,garnet-1.0.92/libs/server/Resp/AdminCommands.cs,False,Direct Analysis
CommitAof,168,garnet-1.0.92/libs/server/Resp/AdminCommands.cs,False,Direct Analysis
NetworkMonitor,173,garnet-1.0.92/libs/server/Resp/AdminCommands.cs,False,Direct Analysis
TryImportCommandsData,186,garnet-1.0.92/libs/server/Resp/AdminCommands.cs,False,Direct Analysis
TryRegisterCustomCommands,231,garnet-1.0.92/libs/server/Resp/AdminCommands.cs,False,Direct Analysis
NetworkRegisterCs,357,garnet-1.0.92/libs/server/Resp/AdminCommands.cs,False,Direct Analysis
NetworkModuleLoad,526,garnet-1.0.92/libs/server/Resp/AdminCommands.cs,False,Direct Analysis
NetworkCOMMITAOF,592,garnet-1.0.92/libs/server/Resp/AdminCommands.cs,False,Direct Analysis
NetworkFORCEGC,616,garnet-1.0.92/libs/server/Resp/AdminCommands.cs,False,Direct Analysis
NetworkHCOLLECT,639,garnet-1.0.92/libs/server/Resp/AdminCommands.cs,False,Direct Analysis
NetworkZCOLLECT,669,garnet-1.0.92/libs/server/Resp/AdminCommands.cs,False,Direct Analysis
NetworkProcessClusterCommand,699,garnet-1.0.92/libs/server/Resp/AdminCommands.cs,False,Direct Analysis
NetworkDebug,710,garnet-1.0.92/libs/server/Resp/AdminCommands.cs,False,Direct Analysis
NetworkROLE,782,garnet-1.0.92/libs/server/Resp/AdminCommands.cs,False,Direct Analysis
NetworkSAVE,864,garnet-1.0.92/libs/server/Resp/AdminCommands.cs,False,Direct Analysis
NetworkEXPDELSCAN,901,garnet-1.0.92/libs/server/Resp/AdminCommands.cs,False,Direct Analysis
NetworkLASTSAVE,942,garnet-1.0.92/libs/server/Resp/AdminCommands.cs,False,Direct Analysis
NetworkBGSAVE,973,garnet-1.0.92/libs/server/Resp/AdminCommands.cs,False,Direct Analysis
TryParseDatabaseId,1013,garnet-1.0.92/libs/server/Resp/AdminCommands.cs,False,Direct Analysis
NetworkMGET,20,garnet-1.0.92/libs/server/Resp/ArrayCommands.cs,False,Direct Analysis
NetworkMSET,46,garnet-1.0.92/libs/server/Resp/ArrayCommands.cs,False,Direct Analysis
NetworkMSETNX,68,garnet-1.0.92/libs/server/Resp/ArrayCommands.cs,False,Direct Analysis
NetworkDEL,85,garnet-1.0.92/libs/server/Resp/ArrayCommands.cs,False,Direct Analysis
NetworkSELECT,108,garnet-1.0.92/libs/server/Resp/ArrayCommands.cs,False,Direct Analysis
NetworkSWAPDB,152,garnet-1.0.92/libs/server/Resp/ArrayCommands.cs,False,Direct Analysis
NetworkDBSIZE,198,garnet-1.0.92/libs/server/Resp/ArrayCommands.cs,False,Direct Analysis
NetworkKEYS,212,garnet-1.0.92/libs/server/Resp/ArrayCommands.cs,False,Direct Analysis
NetworkSCAN,247,garnet-1.0.92/libs/server/Resp/ArrayCommands.cs,False,Direct Analysis
NetworkTYPE,324,garnet-1.0.92/libs/server/Resp/ArrayCommands.cs,False,Direct Analysis
WriteOutputForScan,354,garnet-1.0.92/libs/server/Resp/ArrayCommands.cs,False,Direct Analysis
NetworkArrayPING,372,garnet-1.0.92/libs/server/Resp/ArrayCommands.cs,False,Direct Analysis
NetworkLCS,390,garnet-1.0.92/libs/server/Resp/ArrayCommands.cs,False,Direct Analysis
NetworkGETPending,48,garnet-1.0.92/libs/server/Resp/AsyncProcessor.cs,False,Direct Analysis
AsyncGetProcessor,79,garnet-1.0.92/libs/server/Resp/AsyncProcessor.cs,False,Direct Analysis
NetworkGET,23,garnet-1.0.92/libs/server/Resp/BasicCommands.cs,False,Direct Analysis
NetworkGETEX,58,garnet-1.0.92/libs/server/Resp/BasicCommands.cs,False,Direct Analysis
NetworkGETAsync,135,garnet-1.0.92/libs/server/Resp/BasicCommands.cs,False,Direct Analysis
NetworkGET_SG,174,garnet-1.0.92/libs/server/Resp/BasicCommands.cs,False,Direct Analysis
NetworkSET,277,garnet-1.0.92/libs/server/Resp/BasicCommands.cs,False,Direct Analysis
NetworkGETSET,295,garnet-1.0.92/libs/server/Resp/BasicCommands.cs,False,Direct Analysis
NetworkSetRange,308,garnet-1.0.92/libs/server/Resp/BasicCommands.cs,False,Direct Analysis
NetworkGetRange,337,garnet-1.0.92/libs/server/Resp/BasicCommands.cs,False,Direct Analysis
NetworkSETEX,377,garnet-1.0.92/libs/server/Resp/BasicCommands.cs,False,Direct Analysis
NetworkSETNX,412,garnet-1.0.92/libs/server/Resp/BasicCommands.cs,False,Direct Analysis
NetworkSETEXNX,437,garnet-1.0.92/libs/server/Resp/BasicCommands.cs,False,Direct Analysis
NetworkSET_EX,610,garnet-1.0.92/libs/server/Resp/BasicCommands.cs,False,Direct Analysis
NetworkSET_Conditional,631,garnet-1.0.92/libs/server/Resp/BasicCommands.cs,False,Direct Analysis
NetworkIncrement,711,garnet-1.0.92/libs/server/Resp/BasicCommands.cs,False,Direct Analysis
NetworkIncrementByFloat,759,garnet-1.0.92/libs/server/Resp/BasicCommands.cs,False,Direct Analysis
NetworkAppend,799,garnet-1.0.92/libs/server/Resp/BasicCommands.cs,False,Direct Analysis
NetworkPING,820,garnet-1.0.92/libs/server/Resp/BasicCommands.cs,False,Direct Analysis
NetworkASKING,838,garnet-1.0.92/libs/server/Resp/BasicCommands.cs,False,Direct Analysis
NetworkQUIT,851,garnet-1.0.92/libs/server/Resp/BasicCommands.cs,False,Direct Analysis
NetworkFLUSHDB,862,garnet-1.0.92/libs/server/Resp/BasicCommands.cs,False,Direct Analysis
NetworkFLUSHALL,884,garnet-1.0.92/libs/server/Resp/BasicCommands.cs,False,Direct Analysis
NetworkREADONLY,907,garnet-1.0.92/libs/server/Resp/BasicCommands.cs,False,Direct Analysis
NetworkREADWRITE,920,garnet-1.0.92/libs/server/Resp/BasicCommands.cs,False,Direct Analysis
NetworkSTRLEN,935,garnet-1.0.92/libs/server/Resp/BasicCommands.cs,False,Direct Analysis
WriteCOMMANDResponse,965,garnet-1.0.92/libs/server/Resp/BasicCommands.cs,False,Direct Analysis
NetworkCOMMAND,1009,garnet-1.0.92/libs/server/Resp/BasicCommands.cs,False,Direct Analysis
NetworkCOMMAND_COUNT,1031,garnet-1.0.92/libs/server/Resp/BasicCommands.cs,False,Direct Analysis
NetworkCOMMAND_DOCS,1056,garnet-1.0.92/libs/server/Resp/BasicCommands.cs,False,Direct Analysis
NetworkCOMMAND_INFO,1124,garnet-1.0.92/libs/server/Resp/BasicCommands.cs,False,Direct Analysis
NetworkCOMMAND_GETKEYS,1170,garnet-1.0.92/libs/server/Resp/BasicCommands.cs,False,Direct Analysis
NetworkCOMMAND_GETKEYSANDFLAGS,1207,garnet-1.0.92/libs/server/Resp/BasicCommands.cs,False,Direct Analysis
NetworkECHO,1253,garnet-1.0.92/libs/server/Resp/BasicCommands.cs,False,Direct Analysis
NetworkHELLO,1266,garnet-1.0.92/libs/server/Resp/BasicCommands.cs,False,Direct Analysis
NetworkTIME,1346,garnet-1.0.92/libs/server/Resp/BasicCommands.cs,False,Direct Analysis
NetworkAUTH,1364,garnet-1.0.92/libs/server/Resp/BasicCommands.cs,False,Direct Analysis
NetworkMemoryUsage,1417,garnet-1.0.92/libs/server/Resp/BasicCommands.cs,False,Direct Analysis
NetworkASYNC,1467,garnet-1.0.92/libs/server/Resp/BasicCommands.cs,False,Direct Analysis
ProcessHelloCommand,1525,garnet-1.0.92/libs/server/Resp/BasicCommands.cs,False,Direct Analysis
FlushDb,1606,garnet-1.0.92/libs/server/Resp/BasicCommands.cs,False,Direct Analysis
ExecuteFlushDb,1673,garnet-1.0.92/libs/server/Resp/BasicCommands.cs,False,Direct Analysis
ParseGETAndKey,1749,garnet-1.0.92/libs/server/Resp/BasicCommands.cs,False,Direct Analysis
TryGetSimpleCommandInfo,1763,garnet-1.0.92/libs/server/Resp/BasicCommands.cs,False,Direct Analysis
NetworkGETWITHETAG,20,garnet-1.0.92/libs/server/Resp/BasicEtagCommands.cs,False,Direct Analysis
NetworkGETIFNOTMATCH,51,garnet-1.0.92/libs/server/Resp/BasicEtagCommands.cs,False,Direct Analysis
NetworkDELIFGREATER,84,garnet-1.0.92/libs/server/Resp/BasicEtagCommands.cs,False,Direct Analysis
NetworkSetETagConditional,137,garnet-1.0.92/libs/server/Resp/BasicEtagCommands.cs,False,Direct Analysis
NetworkStringSetBit,130,garnet-1.0.92/libs/server/Resp/Bitmap/BitmapCommands.cs,False,Direct Analysis
NetworkStringGetBit,170,garnet-1.0.92/libs/server/Resp/Bitmap/BitmapCommands.cs,False,Direct Analysis
NetworkStringBitCount,204,garnet-1.0.92/libs/server/Resp/Bitmap/BitmapCommands.cs,False,Direct Analysis
NetworkStringBitPosition,250,garnet-1.0.92/libs/server/Resp/Bitmap/BitmapCommands.cs,False,Direct Analysis
NetworkStringBitOperation,316,garnet-1.0.92/libs/server/Resp/Bitmap/BitmapCommands.cs,False,Direct Analysis
StringBitField,347,garnet-1.0.92/libs/server/Resp/Bitmap/BitmapCommands.cs,False,Direct Analysis
StringBitFieldReadOnly,440,garnet-1.0.92/libs/server/Resp/Bitmap/BitmapCommands.cs,False,Direct Analysis
NetworkCLIENTLIST,22,garnet-1.0.92/libs/server/Resp/ClientCommands.cs,False,Direct Analysis
NetworkCLIENTINFO,185,garnet-1.0.92/libs/server/Resp/ClientCommands.cs,False,Direct Analysis
NetworkCLIENTKILL,205,garnet-1.0.92/libs/server/Resp/ClientCommands.cs,False,Direct Analysis
NetworkCLIENTGETNAME,495,garnet-1.0.92/libs/server/Resp/ClientCommands.cs,False,Direct Analysis
NetworkCLIENTSETNAME,518,garnet-1.0.92/libs/server/Resp/ClientCommands.cs,False,Direct Analysis
NetworkCLIENTSETINFO,541,garnet-1.0.92/libs/server/Resp/ClientCommands.cs,False,Direct Analysis
NetworkCLIENTUNBLOCK,572,garnet-1.0.92/libs/server/Resp/ClientCommands.cs,False,Direct Analysis
HyperLogLogAdd,19,garnet-1.0.92/libs/server/Resp/HyperLogLog/HyperLogLogCommands.cs,False,Direct Analysis
HyperLogLogLength,71,garnet-1.0.92/libs/server/Resp/HyperLogLog/HyperLogLogCommands.cs,False,Direct Analysis
HyperLogLogMerge,100,garnet-1.0.92/libs/server/Resp/HyperLogLog/HyperLogLogCommands.cs,False,Direct Analysis
NetworkRESTORE,25,garnet-1.0.92/libs/server/Resp/KeyAdminCommands.cs,False,Direct Analysis
NetworkDUMP,135,garnet-1.0.92/libs/server/Resp/KeyAdminCommands.cs,False,Direct Analysis
NetworkRENAME,229,garnet-1.0.92/libs/server/Resp/KeyAdminCommands.cs,False,Direct Analysis
NetworkRENAMENX,271,garnet-1.0.92/libs/server/Resp/KeyAdminCommands.cs,False,Direct Analysis
NetworkGETDEL,318,garnet-1.0.92/libs/server/Resp/KeyAdminCommands.cs,False,Direct Analysis
NetworkEXISTS,352,garnet-1.0.92/libs/server/Resp/KeyAdminCommands.cs,False,Direct Analysis
NetworkEXPIRE,388,garnet-1.0.92/libs/server/Resp/KeyAdminCommands.cs,False,Direct Analysis
NetworkPERSIST,482,garnet-1.0.92/libs/server/Resp/KeyAdminCommands.cs,False,Direct Analysis
NetworkTTL,513,garnet-1.0.92/libs/server/Resp/KeyAdminCommands.cs,False,Direct Analysis
NetworkEXPIRETIME,549,garnet-1.0.92/libs/server/Resp/KeyAdminCommands.cs,False,Direct Analysis
HashSet,24,garnet-1.0.92/libs/server/Resp/Objects/HashCommands.cs,False,Direct Analysis
HashGet,83,garnet-1.0.92/libs/server/Resp/Objects/HashCommands.cs,False,Direct Analysis
HashGetAll,125,garnet-1.0.92/libs/server/Resp/Objects/HashCommands.cs,False,Direct Analysis
HashGetMultiple,169,garnet-1.0.92/libs/server/Resp/Objects/HashCommands.cs,False,Direct Analysis
HashRandomField,217,garnet-1.0.92/libs/server/Resp/Objects/HashCommands.cs,False,Direct Analysis
HashLength,306,garnet-1.0.92/libs/server/Resp/Objects/HashCommands.cs,False,Direct Analysis
HashStrLength,350,garnet-1.0.92/libs/server/Resp/Objects/HashCommands.cs,False,Direct Analysis
HashDelete,392,garnet-1.0.92/libs/server/Resp/Objects/HashCommands.cs,False,Direct Analysis
HashExists,434,garnet-1.0.92/libs/server/Resp/Objects/HashCommands.cs,False,Direct Analysis
HashKeys,477,garnet-1.0.92/libs/server/Resp/Objects/HashCommands.cs,False,Direct Analysis
HashIncrement,533,garnet-1.0.92/libs/server/Resp/Objects/HashCommands.cs,False,Direct Analysis
HashExpire,584,garnet-1.0.92/libs/server/Resp/Objects/HashCommands.cs,False,Direct Analysis
HashTimeToLive,680,garnet-1.0.92/libs/server/Resp/Objects/HashCommands.cs,False,Direct Analysis
HashPersist,762,garnet-1.0.92/libs/server/Resp/Objects/HashCommands.cs,False,Direct Analysis
ListPush,20,garnet-1.0.92/libs/server/Resp/Objects/ListCommands.cs,False,Direct Analysis
ListPop,70,garnet-1.0.92/libs/server/Resp/Objects/ListCommands.cs,False,Direct Analysis
ListPosition,137,garnet-1.0.92/libs/server/Resp/Objects/ListCommands.cs,False,Direct Analysis
ListPopMultiple,198,garnet-1.0.92/libs/server/Resp/Objects/ListCommands.cs,False,Direct Analysis
ListBlockingPop,289,garnet-1.0.92/libs/server/Resp/Objects/ListCommands.cs,False,Direct Analysis
ListBlockingMove,346,garnet-1.0.92/libs/server/Resp/Objects/ListCommands.cs,False,Direct Analysis
ListBlockingPopPush,374,garnet-1.0.92/libs/server/Resp/Objects/ListCommands.cs,False,Direct Analysis
ListBlockingMove,393,garnet-1.0.92/libs/server/Resp/Objects/ListCommands.cs,False,Direct Analysis
ListLength,453,garnet-1.0.92/libs/server/Resp/Objects/ListCommands.cs,False,Direct Analysis
ListTrim,497,garnet-1.0.92/libs/server/Resp/Objects/ListCommands.cs,False,Direct Analysis
ListRange,548,garnet-1.0.92/libs/server/Resp/Objects/ListCommands.cs,False,Direct Analysis
ListIndex,603,garnet-1.0.92/libs/server/Resp/Objects/ListCommands.cs,False,Direct Analysis
ListInsert,659,garnet-1.0.92/libs/server/Resp/Objects/ListCommands.cs,False,Direct Analysis
ListRemove,706,garnet-1.0.92/libs/server/Resp/Objects/ListCommands.cs,False,Direct Analysis
ListMove,762,garnet-1.0.92/libs/server/Resp/Objects/ListCommands.cs,False,Direct Analysis
ListRightPopLeftPush,811,garnet-1.0.92/libs/server/Resp/Objects/ListCommands.cs,False,Direct Analysis
ListSet,881,garnet-1.0.92/libs/server/Resp/Objects/ListCommands.cs,False,Direct Analysis
ListBlockingPopMultiple,925,garnet-1.0.92/libs/server/Resp/Objects/ListCommands.cs,False,Direct Analysis
AbortWithErrorMessage,47,garnet-1.0.92/libs/server/Resp/Objects/ObjectStoreUtils.cs,False,Direct Analysis
SetAdd,24,garnet-1.0.92/libs/server/Resp/Objects/SetCommands.cs,False,Direct Analysis
SetIntersect,65,garnet-1.0.92/libs/server/Resp/Objects/SetCommands.cs,False,Direct Analysis
SetIntersectStore,119,garnet-1.0.92/libs/server/Resp/Objects/SetCommands.cs,False,Direct Analysis
SetIntersectLength,158,garnet-1.0.92/libs/server/Resp/Objects/SetCommands.cs,False,Direct Analysis
SetUnion,225,garnet-1.0.92/libs/server/Resp/Objects/SetCommands.cs,False,Direct Analysis
SetUnionStore,270,garnet-1.0.92/libs/server/Resp/Objects/SetCommands.cs,False,Direct Analysis
SetRemove,311,garnet-1.0.92/libs/server/Resp/Objects/SetCommands.cs,False,Direct Analysis
SetLength,355,garnet-1.0.92/libs/server/Resp/Objects/SetCommands.cs,False,Direct Analysis
SetMembers,399,garnet-1.0.92/libs/server/Resp/Objects/SetCommands.cs,False,Direct Analysis
SetIsMember,438,garnet-1.0.92/libs/server/Resp/Objects/SetCommands.cs,False,Direct Analysis
SetPop,513,garnet-1.0.92/libs/server/Resp/Objects/SetCommands.cs,False,Direct Analysis
SetMove,578,garnet-1.0.92/libs/server/Resp/Objects/SetCommands.cs,False,Direct Analysis
SetRandomMember,625,garnet-1.0.92/libs/server/Resp/Objects/SetCommands.cs,False,Direct Analysis
SetDiff,698,garnet-1.0.92/libs/server/Resp/Objects/SetCommands.cs,False,Direct Analysis
SetDiffStore,740,garnet-1.0.92/libs/server/Resp/Objects/SetCommands.cs,False,Direct Analysis
ObjectScan,18,garnet-1.0.92/libs/server/Resp/Objects/SharedObjectCommands.cs,False,Direct Analysis
SortedSetAdd,22,garnet-1.0.92/libs/server/Resp/Objects/SortedSetCommands.cs,False,Direct Analysis
SortedSetRemove,62,garnet-1.0.92/libs/server/Resp/Objects/SortedSetCommands.cs,False,Direct Analysis
SortedSetLength,103,garnet-1.0.92/libs/server/Resp/Objects/SortedSetCommands.cs,False,Direct Analysis
SortedSetRange,149,garnet-1.0.92/libs/server/Resp/Objects/SortedSetCommands.cs,False,Direct Analysis
SortedSetRangeStore,212,garnet-1.0.92/libs/server/Resp/Objects/SortedSetCommands.cs,False,Direct Analysis
SortedSetScore,251,garnet-1.0.92/libs/server/Resp/Objects/SortedSetCommands.cs,False,Direct Analysis
SortedSetScores,297,garnet-1.0.92/libs/server/Resp/Objects/SortedSetCommands.cs,False,Direct Analysis
SortedSetPop,349,garnet-1.0.92/libs/server/Resp/Objects/SortedSetCommands.cs,False,Direct Analysis
SortedSetMPop,410,garnet-1.0.92/libs/server/Resp/Objects/SortedSetCommands.cs,False,Direct Analysis
SortedSetCount,536,garnet-1.0.92/libs/server/Resp/Objects/SortedSetCommands.cs,False,Direct Analysis
SortedSetLengthByValue,586,garnet-1.0.92/libs/server/Resp/Objects/SortedSetCommands.cs,False,Direct Analysis
SortedSetIncrement,650,garnet-1.0.92/libs/server/Resp/Objects/SortedSetCommands.cs,False,Direct Analysis
SortedSetRank,695,garnet-1.0.92/libs/server/Resp/Objects/SortedSetCommands.cs,False,Direct Analysis
SortedSetRemoveRange,764,garnet-1.0.92/libs/server/Resp/Objects/SortedSetCommands.cs,False,Direct Analysis
SortedSetRandomMember,816,garnet-1.0.92/libs/server/Resp/Objects/SortedSetCommands.cs,False,Direct Analysis
SortedSetDifference,909,garnet-1.0.92/libs/server/Resp/Objects/SortedSetCommands.cs,False,Direct Analysis
SortedSetDifferenceStore,1004,garnet-1.0.92/libs/server/Resp/Objects/SortedSetCommands.cs,False,Direct Analysis
SortedSetIntersect,1049,garnet-1.0.92/libs/server/Resp/Objects/SortedSetCommands.cs,False,Direct Analysis
SortedSetIntersectLength,1172,garnet-1.0.92/libs/server/Resp/Objects/SortedSetCommands.cs,False,Direct Analysis
SortedSetIntersectStore,1245,garnet-1.0.92/libs/server/Resp/Objects/SortedSetCommands.cs,False,Direct Analysis
SortedSetUnion,1332,garnet-1.0.92/libs/server/Resp/Objects/SortedSetCommands.cs,False,Direct Analysis
SortedSetUnionStore,1462,garnet-1.0.92/libs/server/Resp/Objects/SortedSetCommands.cs,False,Direct Analysis
SortedSetBlockingPop,1555,garnet-1.0.92/libs/server/Resp/Objects/SortedSetCommands.cs,False,Direct Analysis
SortedSetBlockingMPop,1617,garnet-1.0.92/libs/server/Resp/Objects/SortedSetCommands.cs,False,Direct Analysis
SortedSetExpire,1744,garnet-1.0.92/libs/server/Resp/Objects/SortedSetCommands.cs,False,Direct Analysis
SortedSetTimeToLive,1843,garnet-1.0.92/libs/server/Resp/Objects/SortedSetCommands.cs,False,Direct Analysis
SortedSetPersist,1932,garnet-1.0.92/libs/server/Resp/Objects/SortedSetCommands.cs,False,Direct Analysis
GeoAdd,19,garnet-1.0.92/libs/server/Resp/Objects/SortedSetGeoCommands.cs,False,Direct Analysis
GeoCommands,115,garnet-1.0.92/libs/server/Resp/Objects/SortedSetGeoCommands.cs,False,Direct Analysis
GeoSearchCommands,217,garnet-1.0.92/libs/server/Resp/Objects/SortedSetGeoCommands.cs,False,Direct Analysis
FastParseInlineCommand,652,garnet-1.0.92/libs/server/Resp/Parser/RespCommand.cs,False,Direct Analysis
FastParseCommand,689,garnet-1.0.92/libs/server/Resp/Parser/RespCommand.cs,False,Direct Analysis
Publish,21,garnet-1.0.92/libs/server/Resp/PubSubCommands.cs,False,Direct Analysis
PatternPublish,51,garnet-1.0.92/libs/server/Resp/PubSubCommands.cs,False,Direct Analysis
NetworkPUBLISH,83,garnet-1.0.92/libs/server/Resp/PubSubCommands.cs,False,Direct Analysis
NetworkSUBSCRIBE,127,garnet-1.0.92/libs/server/Resp/PubSubCommands.cs,False,Direct Analysis
NetworkPSUBSCRIBE,189,garnet-1.0.92/libs/server/Resp/PubSubCommands.cs,False,Direct Analysis
NetworkUNSUBSCRIBE,231,garnet-1.0.92/libs/server/Resp/PubSubCommands.cs,False,Direct Analysis
NetworkPUNSUBSCRIBE,311,garnet-1.0.92/libs/server/Resp/PubSubCommands.cs,False,Direct Analysis
NetworkPUBSUB_CHANNELS,393,garnet-1.0.92/libs/server/Resp/PubSubCommands.cs,False,Direct Analysis
NetworkPUBSUB_NUMPAT,422,garnet-1.0.92/libs/server/Resp/PubSubCommands.cs,False,Direct Analysis
NetworkPUBSUB_NUMSUB,442,garnet-1.0.92/libs/server/Resp/PubSubCommands.cs,False,Direct Analysis
NetworkPurgeBP,47,garnet-1.0.92/libs/server/Resp/PurgeBPCommand.cs,False,Direct Analysis
GetDatabaseSessionsSnapshot,326,garnet-1.0.92/libs/server/Resp/RespServerSession.cs,False,Direct Analysis
SetUserHandle,346,garnet-1.0.92/libs/server/Resp/RespServerSession.cs,False,Direct Analysis
UpdateRespProtocolVersion,356,garnet-1.0.92/libs/server/Resp/RespServerSession.cs,False,Direct Analysis
Dispose,362,garnet-1.0.92/libs/server/Resp/RespServerSession.cs,False,Direct Analysis
AuthenticateUser,396,garnet-1.0.92/libs/server/Resp/RespServerSession.cs,False,Direct Analysis
CanRunDebug,422,garnet-1.0.92/libs/server/Resp/RespServerSession.cs,False,Direct Analysis
CanRunModule,432,garnet-1.0.92/libs/server/Resp/RespServerSession.cs,False,Direct Analysis
TryConsumeMessages,442,garnet-1.0.92/libs/server/Resp/RespServerSession.cs,False,Direct Analysis
ExitAndReturnResponseObject,552,garnet-1.0.92/libs/server/Resp/RespServerSession.cs,False,Direct Analysis
ProcessMessages,561,garnet-1.0.92/libs/server/Resp/RespServerSession.cs,False,Direct Analysis
ProcessBasicCommands,718,garnet-1.0.92/libs/server/Resp/RespServerSession.cs,False,Direct Analysis
ProcessOtherCommands,953,garnet-1.0.92/libs/server/Resp/RespServerSession.cs,False,Direct Analysis
NetworkCustomRawStringCmd,1071,garnet-1.0.92/libs/server/Resp/RespServerSession.cs,False,Direct Analysis
NetworkCustomObjCmd,1087,garnet-1.0.92/libs/server/Resp/RespServerSession.cs,False,Direct Analysis
IsCommandArityValid,1104,garnet-1.0.92/libs/server/Resp/RespServerSession.cs,False,Direct Analysis
GetCommand,1121,garnet-1.0.92/libs/server/Resp/RespServerSession.cs,False,Direct Analysis
GetUpperCaseCommand,1155,garnet-1.0.92/libs/server/Resp/RespServerSession.cs,False,Direct Analysis
SendAndReset,1230,garnet-1.0.92/libs/server/Resp/RespServerSession.cs,False,Direct Analysis
SendAndReset,1250,garnet-1.0.92/libs/server/Resp/RespServerSession.cs,False,Direct Analysis
WriteDirectLarge,1292,garnet-1.0.92/libs/server/Resp/RespServerSession.cs,False,Direct Analysis
Send,1322,garnet-1.0.92/libs/server/Resp/RespServerSession.cs,False,Direct Analysis
DebugSend,1349,garnet-1.0.92/libs/server/Resp/RespServerSession.cs,False,Direct Analysis
TrySwitchActiveDatabaseSession,1384,garnet-1.0.92/libs/server/Resp/RespServerSession.cs,False,Direct Analysis
TrySwapDatabaseSessions,1405,garnet-1.0.92/libs/server/Resp/RespServerSession.cs,False,Direct Analysis
TryGetOrSetDatabaseSession,1447,garnet-1.0.92/libs/server/Resp/RespServerSession.cs,False,Direct Analysis
CreateDatabaseSession,1496,garnet-1.0.92/libs/server/Resp/RespServerSession.cs,False,Direct Analysis
SwitchActiveDatabaseSession,1513,garnet-1.0.92/libs/server/Resp/RespServerSession.cs,False,Direct Analysis
ProcessOutput,22,garnet-1.0.92/libs/server/Resp/RespServerSessionOutput.cs,False,Direct Analysis
WriteAsciiBulkString,31,garnet-1.0.92/libs/server/Resp/RespServerSessionOutput.cs,False,Direct Analysis
WriteAsciiDirect,38,garnet-1.0.92/libs/server/Resp/RespServerSessionOutput.cs,False,Direct Analysis
WriteArrayLength,45,garnet-1.0.92/libs/server/Resp/RespServerSessionOutput.cs,False,Direct Analysis
WriteBulkString,52,garnet-1.0.92/libs/server/Resp/RespServerSessionOutput.cs,False,Direct Analysis
WriteDirectLargeRespString,59,garnet-1.0.92/libs/server/Resp/RespServerSessionOutput.cs,False,Direct Analysis
WriteDirect,71,garnet-1.0.92/libs/server/Resp/RespServerSessionOutput.cs,False,Direct Analysis
WriteDoubleNumeric,78,garnet-1.0.92/libs/server/Resp/RespServerSessionOutput.cs,False,Direct Analysis
WriteEmptyArray,93,garnet-1.0.92/libs/server/Resp/RespServerSessionOutput.cs,False,Direct Analysis
WriteEmptySet,100,garnet-1.0.92/libs/server/Resp/RespServerSessionOutput.cs,False,Direct Analysis
WriteError,114,garnet-1.0.92/libs/server/Resp/RespServerSessionOutput.cs,False,Direct Analysis
WriteError,120,garnet-1.0.92/libs/server/Resp/RespServerSessionOutput.cs,False,Direct Analysis
WriteInt32,127,garnet-1.0.92/libs/server/Resp/RespServerSessionOutput.cs,False,Direct Analysis
WriteInt32AsBulkString,134,garnet-1.0.92/libs/server/Resp/RespServerSessionOutput.cs,False,Direct Analysis
WriteInt64,141,garnet-1.0.92/libs/server/Resp/RespServerSessionOutput.cs,False,Direct Analysis
WriteInt64AsBulkString,148,garnet-1.0.92/libs/server/Resp/RespServerSessionOutput.cs,False,Direct Analysis
WriteIntegerFromBytes,155,garnet-1.0.92/libs/server/Resp/RespServerSessionOutput.cs,False,Direct Analysis
WriteMapLength,162,garnet-1.0.92/libs/server/Resp/RespServerSessionOutput.cs,False,Direct Analysis
WriteZero,177,garnet-1.0.92/libs/server/Resp/RespServerSessionOutput.cs,False,Direct Analysis
WriteOne,184,garnet-1.0.92/libs/server/Resp/RespServerSessionOutput.cs,False,Direct Analysis
WriteNull,191,garnet-1.0.92/libs/server/Resp/RespServerSessionOutput.cs,False,Direct Analysis
WriteNullArray,206,garnet-1.0.92/libs/server/Resp/RespServerSessionOutput.cs,False,Direct Analysis
WritePushLength,221,garnet-1.0.92/libs/server/Resp/RespServerSessionOutput.cs,False,Direct Analysis
WriteSetLength,236,garnet-1.0.92/libs/server/Resp/RespServerSessionOutput.cs,False,Direct Analysis
WriteSimpleString,251,garnet-1.0.92/libs/server/Resp/RespServerSessionOutput.cs,False,Direct Analysis
WriteSimpleString,258,garnet-1.0.92/libs/server/Resp/RespServerSessionOutput.cs,False,Direct Analysis
WriteUtf8BulkString,266,garnet-1.0.92/libs/server/Resp/RespServerSessionOutput.cs,False,Direct Analysis
CanServeSlot,24,garnet-1.0.92/libs/server/Resp/RespServerSessionSlotVerify.cs,False,Direct Analysis
NetworkCONFIG_GET,42,garnet-1.0.92/libs/server/ServerConfig.cs,False,Direct Analysis
NetworkCONFIG_REWRITE,108,garnet-1.0.92/libs/server/ServerConfig.cs,False,Direct Analysis
NetworkCONFIG_SET,122,garnet-1.0.92/libs/server/ServerConfig.cs,False,Direct Analysis
HandleMemorySizeChange,240,garnet-1.0.92/libs/server/ServerConfig.cs,False,Direct Analysis
HandleIndexSizeChange,287,garnet-1.0.92/libs/server/ServerConfig.cs,False,Direct Analysis
HandleObjHeapMemorySizeChange,346,garnet-1.0.92/libs/server/ServerConfig.cs,False,Direct Analysis
NetworkMULTI,19,garnet-1.0.92/libs/server/Transaction/TxnRespCommands.cs,False,Direct Analysis
NetworkEXEC,39,garnet-1.0.92/libs/server/Transaction/TxnRespCommands.cs,False,Direct Analysis
NetworkSKIP,97,garnet-1.0.92/libs/server/Transaction/TxnRespCommands.cs,False,Direct Analysis
NetworkDISCARD,191,garnet-1.0.92/libs/server/Transaction/TxnRespCommands.cs,False,Direct Analysis
CommonWATCH,208,garnet-1.0.92/libs/server/Transaction/TxnRespCommands.cs,False,Direct Analysis
NetworkUNWATCH,257,garnet-1.0.92/libs/server/Transaction/TxnRespCommands.cs,False,Direct Analysis
NetworkRUNTXP,274,garnet-1.0.92/libs/server/Transaction/TxnRespCommands.cs,False,Direct Analysis
Copy,96,garnet-1.0.92/metrics/HdrHistogram/LongConcurrentHistogram.cs,False,Direct Analysis
GetCountAtIndex,108,garnet-1.0.92/metrics/HdrHistogram/LongConcurrentHistogram.cs,False,Direct Analysis
SetCountAtIndex,129,garnet-1.0.92/metrics/HdrHistogram/LongConcurrentHistogram.cs,False,Direct Analysis
IncrementCountAtIndex,157,garnet-1.0.92/metrics/HdrHistogram/LongConcurrentHistogram.cs,False,Direct Analysis
AddToCountAtIndex,176,garnet-1.0.92/metrics/HdrHistogram/LongConcurrentHistogram.cs,False,Direct Analysis
ClearCounts,193,garnet-1.0.92/metrics/HdrHistogram/LongConcurrentHistogram.cs,False,Direct Analysis
CopyCountsInto,215,garnet-1.0.92/metrics/HdrHistogram/LongConcurrentHistogram.cs,False,Direct Analysis
ExecuteCustomRawStringCommand,246,garnet-1.0.92/libs/server/Custom/CustomProcedureBase.cs,False,Direct Analysis
ExecuteCustomObjectCommand,260,garnet-1.0.92/libs/server/Custom/CustomProcedureBase.cs,False,Direct Analysis
Log,28,garnet-1.0.92/libs/server/Resp/SessionLogger.cs,False,Direct Analysis
InPlaceUpdater,36,garnet-1.0.92/main/GarnetServer/Extensions/SetIfPM.cs,False,Direct Analysis
NeedCopyUpdate,52,garnet-1.0.92/main/GarnetServer/Extensions/SetIfPM.cs,False,Direct Analysis
CopyUpdater,65,garnet-1.0.92/main/GarnetServer/Extensions/SetIfPM.cs,False,Direct Analysis
Run,41,garnet-1.0.92/playground/MigrateBench/MigrateSlotWalk.cs,False,Direct Analysis
Setup,21,garnet-1.0.92/test/Garnet.test/RespModuleTests.cs,False,Direct Analysis
TearDown,35,garnet-1.0.92/test/Garnet.test/RespModuleTests.cs,False,Direct Analysis
CreateTestModule,42,garnet-1.0.92/test/Garnet.test/RespModuleTests.cs,False,Direct Analysis
TestModuleLoad,100,garnet-1.0.92/test/Garnet.test/RespModuleTests.cs,False,Direct Analysis
TestModuleLoadUsingGarnetOptions,182,garnet-1.0.92/test/Garnet.test/RespModuleTests.cs,False,Direct Analysis
TestModuleLoadCSArgs,230,garnet-1.0.92/test/Garnet.test/RespModuleTests.cs,False,Direct Analysis
TestUninitializedModule,254,garnet-1.0.92/test/Garnet.test/RespModuleTests.cs,False,Direct Analysis
TestAlreadyLoadedModule,267,garnet-1.0.92/test/Garnet.test/RespModuleTests.cs,False,Direct Analysis
TestNonExistingModule,282,garnet-1.0.92/test/Garnet.test/RespModuleTests.cs,False,Direct Analysis
TestNoOpModule,304,garnet-1.0.92/test/Garnet.test/RespModuleTests.cs,False,Direct Analysis
Serialize,45,garnet-1.0.92/libs/server/Objects/Types/GarnetObjectBase.cs,False,Direct Analysis
CopyUpdate,80,garnet-1.0.92/libs/server/Objects/Types/GarnetObjectBase.cs,False,Direct Analysis
DoSerialize,141,garnet-1.0.92/libs/server/Objects/Types/GarnetObjectBase.cs,False,Direct Analysis
MakeTransition,146,garnet-1.0.92/libs/server/Objects/Types/GarnetObjectBase.cs,False,Direct Analysis
Deserialize,27,garnet-1.0.92/libs/server/Objects/Types/GarnetObjectSerializer.cs,False,Direct Analysis
Deserialize,35,garnet-1.0.92/libs/server/Objects/Types/GarnetObjectSerializer.cs,False,Direct Analysis
Register,251,garnet-1.0.92/libs/server/Custom/CustomCommandRegistration.cs,False,Direct Analysis
ToString,145,garnet-1.0.92/libs/storage/Tsavorite/cs/src/core/Index/Checkpointing/StateTransitions.cs,False,Direct Analysis
Equals,153,garnet-1.0.92/libs/storage/Tsavorite/cs/src/core/Index/Checkpointing/StateTransitions.cs,False,Direct Analysis
GetHashCode,159,garnet-1.0.92/libs/storage/Tsavorite/cs/src/core/Index/Checkpointing/StateTransitions.cs,False,Direct Analysis
Equals,167,garnet-1.0.92/libs/storage/Tsavorite/cs/src/core/Index/Checkpointing/StateTransitions.cs,False,Direct Analysis
Dispose,173,garnet-1.0.92/libs/server/GarnetDatabase.cs,False,Direct Analysis
GET,26,garnet-1.0.92/libs/server/API/GarnetWatchApi.cs,False,Direct Analysis
GETForMemoryResult,33,garnet-1.0.92/libs/server/API/GarnetWatchApi.cs,False,Direct Analysis
GET,40,garnet-1.0.92/libs/server/API/GarnetWatchApi.cs,False,Direct Analysis
GET,47,garnet-1.0.92/libs/server/API/GarnetWatchApi.cs,False,Direct Analysis
LCS,54,garnet-1.0.92/libs/server/API/GarnetWatchApi.cs,False,Direct Analysis
GETRANGE,64,garnet-1.0.92/libs/server/API/GarnetWatchApi.cs,False,Direct Analysis
TTL,73,garnet-1.0.92/libs/server/API/GarnetWatchApi.cs,False,Direct Analysis
PTTL,80,garnet-1.0.92/libs/server/API/GarnetWatchApi.cs,False,Direct Analysis
EXPIRETIME,91,garnet-1.0.92/libs/server/API/GarnetWatchApi.cs,False,Direct Analysis
PEXPIRETIME,98,garnet-1.0.92/libs/server/API/GarnetWatchApi.cs,False,Direct Analysis
SortedSetLength,109,garnet-1.0.92/libs/server/API/GarnetWatchApi.cs,False,Direct Analysis
SortedSetLength,116,garnet-1.0.92/libs/server/API/GarnetWatchApi.cs,False,Direct Analysis
SortedSetCount,123,garnet-1.0.92/libs/server/API/GarnetWatchApi.cs,False,Direct Analysis
SortedSetCount,130,garnet-1.0.92/libs/server/API/GarnetWatchApi.cs,False,Direct Analysis
SortedSetLengthByValue,137,garnet-1.0.92/libs/server/API/GarnetWatchApi.cs,False,Direct Analysis
SortedSetRandomMember,144,garnet-1.0.92/libs/server/API/GarnetWatchApi.cs,False,Direct Analysis
SortedSetRange,151,garnet-1.0.92/libs/server/API/GarnetWatchApi.cs,False,Direct Analysis
SortedSetScore,158,garnet-1.0.92/libs/server/API/GarnetWatchApi.cs,False,Direct Analysis
SortedSetScores,165,garnet-1.0.92/libs/server/API/GarnetWatchApi.cs,False,Direct Analysis
SortedSetRank,172,garnet-1.0.92/libs/server/API/GarnetWatchApi.cs,False,Direct Analysis
SortedSetRank,179,garnet-1.0.92/libs/server/API/GarnetWatchApi.cs,False,Direct Analysis
SortedSetDifference,193,garnet-1.0.92/libs/server/API/GarnetWatchApi.cs,False,Direct Analysis
SortedSetUnion,203,garnet-1.0.92/libs/server/API/GarnetWatchApi.cs,False,Direct Analysis
GeoCommands,213,garnet-1.0.92/libs/server/API/GarnetWatchApi.cs,False,Direct Analysis
GeoSearchReadOnly,220,garnet-1.0.92/libs/server/API/GarnetWatchApi.cs,False,Direct Analysis
SortedSetScan,228,garnet-1.0.92/libs/server/API/GarnetWatchApi.cs,False,Direct Analysis
SortedSetIntersect,235,garnet-1.0.92/libs/server/API/GarnetWatchApi.cs,False,Direct Analysis
SortedSetIntersectLength,245,garnet-1.0.92/libs/server/API/GarnetWatchApi.cs,False,Direct Analysis
SortedSetTimeToLive,255,garnet-1.0.92/libs/server/API/GarnetWatchApi.cs,False,Direct Analysis
SortedSetTimeToLive,262,garnet-1.0.92/libs/server/API/GarnetWatchApi.cs,False,Direct Analysis
ListLength,273,garnet-1.0.92/libs/server/API/GarnetWatchApi.cs,False,Direct Analysis
ListLength,280,garnet-1.0.92/libs/server/API/GarnetWatchApi.cs,False,Direct Analysis
ListRange,287,garnet-1.0.92/libs/server/API/GarnetWatchApi.cs,False,Direct Analysis
ListIndex,294,garnet-1.0.92/libs/server/API/GarnetWatchApi.cs,False,Direct Analysis
SetLength,305,garnet-1.0.92/libs/server/API/GarnetWatchApi.cs,False,Direct Analysis
SetLength,312,garnet-1.0.92/libs/server/API/GarnetWatchApi.cs,False,Direct Analysis
SetMembers,319,garnet-1.0.92/libs/server/API/GarnetWatchApi.cs,False,Direct Analysis
SetIsMember,326,garnet-1.0.92/libs/server/API/GarnetWatchApi.cs,False,Direct Analysis
SetIsMember,333,garnet-1.0.92/libs/server/API/GarnetWatchApi.cs,False,Direct Analysis
SetMembers,340,garnet-1.0.92/libs/server/API/GarnetWatchApi.cs,False,Direct Analysis
SetScan,347,garnet-1.0.92/libs/server/API/GarnetWatchApi.cs,False,Direct Analysis
SetUnion,354,garnet-1.0.92/libs/server/API/GarnetWatchApi.cs,False,Direct Analysis
SetIntersect,364,garnet-1.0.92/libs/server/API/GarnetWatchApi.cs,False,Direct Analysis
SetDiff,374,garnet-1.0.92/libs/server/API/GarnetWatchApi.cs,False,Direct Analysis
SetIntersectLength,383,garnet-1.0.92/libs/server/API/GarnetWatchApi.cs,False,Direct Analysis
HashGet,396,garnet-1.0.92/libs/server/API/GarnetWatchApi.cs,False,Direct Analysis
HashGetMultiple,403,garnet-1.0.92/libs/server/API/GarnetWatchApi.cs,False,Direct Analysis
HashGetAll,410,garnet-1.0.92/libs/server/API/GarnetWatchApi.cs,False,Direct Analysis
HashLength,417,garnet-1.0.92/libs/server/API/GarnetWatchApi.cs,False,Direct Analysis
HashExists,424,garnet-1.0.92/libs/server/API/GarnetWatchApi.cs,False,Direct Analysis
HashRandomField,431,garnet-1.0.92/libs/server/API/GarnetWatchApi.cs,False,Direct Analysis
HashRandomField,438,garnet-1.0.92/libs/server/API/GarnetWatchApi.cs,False,Direct Analysis
HashRandomField,445,garnet-1.0.92/libs/server/API/GarnetWatchApi.cs,False,Direct Analysis
HashGet,452,garnet-1.0.92/libs/server/API/GarnetWatchApi.cs,False,Direct Analysis
HashGetAll,458,garnet-1.0.92/libs/server/API/GarnetWatchApi.cs,False,Direct Analysis
HashGetMultiple,464,garnet-1.0.92/libs/server/API/GarnetWatchApi.cs,False,Direct Analysis
HashStrLength,471,garnet-1.0.92/libs/server/API/GarnetWatchApi.cs,False,Direct Analysis
HashExists,478,garnet-1.0.92/libs/server/API/GarnetWatchApi.cs,False,Direct Analysis
HashKeys,485,garnet-1.0.92/libs/server/API/GarnetWatchApi.cs,False,Direct Analysis
HashVals,492,garnet-1.0.92/libs/server/API/GarnetWatchApi.cs,False,Direct Analysis
HashLength,499,garnet-1.0.92/libs/server/API/GarnetWatchApi.cs,False,Direct Analysis
HashScan,506,garnet-1.0.92/libs/server/API/GarnetWatchApi.cs,False,Direct Analysis
HashTimeToLive,513,garnet-1.0.92/libs/server/API/GarnetWatchApi.cs,False,Direct Analysis
StringGetBit,524,garnet-1.0.92/libs/server/API/GarnetWatchApi.cs,False,Direct Analysis
StringGetBit,531,garnet-1.0.92/libs/server/API/GarnetWatchApi.cs,False,Direct Analysis
StringBitCount,538,garnet-1.0.92/libs/server/API/GarnetWatchApi.cs,False,Direct Analysis
StringBitCount,545,garnet-1.0.92/libs/server/API/GarnetWatchApi.cs,False,Direct Analysis
StringBitPosition,552,garnet-1.0.92/libs/server/API/GarnetWatchApi.cs,False,Direct Analysis
StringBitFieldReadOnly,559,garnet-1.0.92/libs/server/API/GarnetWatchApi.cs,False,Direct Analysis
HyperLogLogLength,570,garnet-1.0.92/libs/server/API/GarnetWatchApi.cs,False,Direct Analysis
HyperLogLogLength,582,garnet-1.0.92/libs/server/API/GarnetWatchApi.cs,False,Direct Analysis
GetDbKeys,596,garnet-1.0.92/libs/server/API/GarnetWatchApi.cs,False,Direct Analysis
GetDbSize,602,garnet-1.0.92/libs/server/API/GarnetWatchApi.cs,False,Direct Analysis
ObjectScan,635,garnet-1.0.92/libs/server/API/GarnetWatchApi.cs,False,Direct Analysis
NextState,20,garnet-1.0.92/libs/storage/Tsavorite/cs/src/core/Index/Checkpointing/IndexCheckpointSM.cs,False,Direct Analysis
GetSingleSlotRequest,2013,garnet-1.0.92/test/Garnet.test.cluster/RedirectTests/BaseCommand.cs,False,Direct Analysis
Setup,38,garnet-1.0.92/benchmark/BDN.benchmark/Json/JsonPathQuery.cs,False,Direct Analysis
SelectNodes,69,garnet-1.0.92/benchmark/BDN.benchmark/Json/JsonPathQuery.cs,False,Direct Analysis
GetHashCode64,25,garnet-1.0.92/libs/storage/Tsavorite/cs/test/BlittableLogCompactionTests.cs,False,Direct Analysis
Dispose,121,garnet-1.0.92/libs/common/Logging/FileLoggerProvider.cs,False,Direct Analysis
Reset,80,garnet-1.0.92/libs/cluster/Server/Gossip/GossipStats.cs,False,Direct Analysis
PurgeAll,82,garnet-1.0.92/libs/storage/Tsavorite/cs/src/core/Index/CheckpointManagement/DeviceLogCommitCheckpointManager.cs,False,Direct Analysis
Purge,88,garnet-1.0.92/libs/storage/Tsavorite/cs/src/core/Index/CheckpointManagement/DeviceLogCommitCheckpointManager.cs,False,Direct Analysis
Commit,98,garnet-1.0.92/libs/storage/Tsavorite/cs/src/core/Index/CheckpointManagement/DeviceLogCommitCheckpointManager.cs,False,Direct Analysis
Dispose,126,garnet-1.0.92/libs/storage/Tsavorite/cs/src/core/Index/CheckpointManagement/DeviceLogCommitCheckpointManager.cs,False,Direct Analysis
ListCommits,132,garnet-1.0.92/libs/storage/Tsavorite/cs/src/core/Index/CheckpointManagement/DeviceLogCommitCheckpointManager.cs,False,Direct Analysis
RemoveCommit,138,garnet-1.0.92/libs/storage/Tsavorite/cs/src/core/Index/CheckpointManagement/DeviceLogCommitCheckpointManager.cs,False,Direct Analysis
RemoveAllCommits,144,garnet-1.0.92/libs/storage/Tsavorite/cs/src/core/Index/CheckpointManagement/DeviceLogCommitCheckpointManager.cs,False,Direct Analysis
GetCommitMetadata,151,garnet-1.0.92/libs/storage/Tsavorite/cs/src/core/Index/CheckpointManagement/DeviceLogCommitCheckpointManager.cs,False,Direct Analysis
CommitIndexCheckpoint,174,garnet-1.0.92/libs/storage/Tsavorite/cs/src/core/Index/CheckpointManagement/DeviceLogCommitCheckpointManager.cs,False,Direct Analysis
CleanupIndexCheckpoint,189,garnet-1.0.92/libs/storage/Tsavorite/cs/src/core/Index/CheckpointManagement/DeviceLogCommitCheckpointManager.cs,False,Direct Analysis
GetIndexCheckpointTokens,202,garnet-1.0.92/libs/storage/Tsavorite/cs/src/core/Index/CheckpointManagement/DeviceLogCommitCheckpointManager.cs,False,Direct Analysis
GetIndexCheckpointMetadata,208,garnet-1.0.92/libs/storage/Tsavorite/cs/src/core/Index/CheckpointManagement/DeviceLogCommitCheckpointManager.cs,False,Direct Analysis
CommitLogCheckpointMetadata,225,garnet-1.0.92/libs/storage/Tsavorite/cs/src/core/Index/CheckpointManagement/DeviceLogCommitCheckpointManager.cs,False,Direct Analysis
CleanupLogCheckpoint,240,garnet-1.0.92/libs/storage/Tsavorite/cs/src/core/Index/CheckpointManagement/DeviceLogCommitCheckpointManager.cs,False,Direct Analysis
CommitLogIncrementalCheckpoint,253,garnet-1.0.92/libs/storage/Tsavorite/cs/src/core/Index/CheckpointManagement/DeviceLogCommitCheckpointManager.cs,False,Direct Analysis
CleanupLogIncrementalCheckpoint,275,garnet-1.0.92/libs/storage/Tsavorite/cs/src/core/Index/CheckpointManagement/DeviceLogCommitCheckpointManager.cs,False,Direct Analysis
GetLogCheckpointTokens,280,garnet-1.0.92/libs/storage/Tsavorite/cs/src/core/Index/CheckpointManagement/DeviceLogCommitCheckpointManager.cs,False,Direct Analysis
GetLogCheckpointMetadata,286,garnet-1.0.92/libs/storage/Tsavorite/cs/src/core/Index/CheckpointManagement/DeviceLogCommitCheckpointManager.cs,False,Direct Analysis
GetIndexDevice,341,garnet-1.0.92/libs/storage/Tsavorite/cs/src/core/Index/CheckpointManagement/DeviceLogCommitCheckpointManager.cs,False,Direct Analysis
GetSnapshotLogDevice,347,garnet-1.0.92/libs/storage/Tsavorite/cs/src/core/Index/CheckpointManagement/DeviceLogCommitCheckpointManager.cs,False,Direct Analysis
GetSnapshotObjectLogDevice,353,garnet-1.0.92/libs/storage/Tsavorite/cs/src/core/Index/CheckpointManagement/DeviceLogCommitCheckpointManager.cs,False,Direct Analysis
GetDeltaLogDevice,359,garnet-1.0.92/libs/storage/Tsavorite/cs/src/core/Index/CheckpointManagement/DeviceLogCommitCheckpointManager.cs,False,Direct Analysis
InitializeIndexCheckpoint,365,garnet-1.0.92/libs/storage/Tsavorite/cs/src/core/Index/CheckpointManagement/DeviceLogCommitCheckpointManager.cs,False,Direct Analysis
InitializeLogCheckpoint,370,garnet-1.0.92/libs/storage/Tsavorite/cs/src/core/Index/CheckpointManagement/DeviceLogCommitCheckpointManager.cs,False,Direct Analysis
OnRecovery,375,garnet-1.0.92/libs/storage/Tsavorite/cs/src/core/Index/CheckpointManagement/DeviceLogCommitCheckpointManager.cs,False,Direct Analysis
OnRecovery,407,garnet-1.0.92/libs/storage/Tsavorite/cs/src/core/Index/CheckpointManagement/DeviceLogCommitCheckpointManager.cs,False,Direct Analysis
IOCallback,429,garnet-1.0.92/libs/storage/Tsavorite/cs/src/core/Index/CheckpointManagement/DeviceLogCommitCheckpointManager.cs,False,Direct Analysis
ReadInto,449,garnet-1.0.92/libs/storage/Tsavorite/cs/src/core/Index/CheckpointManagement/DeviceLogCommitCheckpointManager.cs,False,Direct Analysis
WriteInto,482,garnet-1.0.92/libs/storage/Tsavorite/cs/src/core/Index/CheckpointManagement/DeviceLogCommitCheckpointManager.cs,False,Direct Analysis
CheckpointVersionShiftStart,508,garnet-1.0.92/libs/storage/Tsavorite/cs/src/core/Index/CheckpointManagement/DeviceLogCommitCheckpointManager.cs,False,Direct Analysis
CheckpointVersionShiftEnd,513,garnet-1.0.92/libs/storage/Tsavorite/cs/src/core/Index/CheckpointManagement/DeviceLogCommitCheckpointManager.cs,False,Direct Analysis
GlobalBeforeEnteringState,28,garnet-1.0.92/libs/storage/Tsavorite/cs/src/core/Index/Checkpointing/StateMachineBase.cs,False,Direct Analysis
GlobalAfterEnteringState,35,garnet-1.0.92/libs/storage/Tsavorite/cs/src/core/Index/Checkpointing/StateMachineBase.cs,False,Direct Analysis
CanConvertFrom,200,garnet-1.0.92/libs/host/Configuration/TypeConverters.cs,False,Direct Analysis
CanConvertTo,205,garnet-1.0.92/libs/host/Configuration/TypeConverters.cs,False,Direct Analysis
ConvertFrom,210,garnet-1.0.92/libs/host/Configuration/TypeConverters.cs,False,Direct Analysis
ConvertTo,232,garnet-1.0.92/libs/host/Configuration/TypeConverters.cs,False,Direct Analysis
LoadDataThreadProc,102,garnet-1.0.92/libs/storage/Tsavorite/cs/benchmark/YCSB.benchmark/TestLoader.cs,False,Direct Analysis
LoadDataFromFile,157,garnet-1.0.92/libs/storage/Tsavorite/cs/benchmark/YCSB.benchmark/TestLoader.cs,False,Direct Analysis
Authenticate,29,garnet-1.0.92/libs/server/Auth/GarnetPasswordAuthenticator.cs,False,Direct Analysis
ProcessIOQueue,79,garnet-1.0.92/libs/storage/Tsavorite/cs/src/core/Device/LocalMemoryDevice.cs,False,Direct Analysis
ReadAsync,106,garnet-1.0.92/libs/storage/Tsavorite/cs/src/core/Device/LocalMemoryDevice.cs,False,Direct Analysis
WriteAsync,134,garnet-1.0.92/libs/storage/Tsavorite/cs/src/core/Device/LocalMemoryDevice.cs,False,Direct Analysis
RemoveSegment,164,garnet-1.0.92/libs/storage/Tsavorite/cs/src/core/Device/LocalMemoryDevice.cs,False,Direct Analysis
RemoveSegmentAsync,174,garnet-1.0.92/libs/storage/Tsavorite/cs/src/core/Device/LocalMemoryDevice.cs,False,Direct Analysis
Dispose,183,garnet-1.0.92/libs/storage/Tsavorite/cs/src/core/Device/LocalMemoryDevice.cs,False,Direct Analysis
Copy,29,garnet-1.0.92/libs/cluster/Server/Replication/ReplicationHistoryManager.cs,False,Direct Analysis
ToByteArray,40,garnet-1.0.92/libs/cluster/Server/Replication/ReplicationHistoryManager.cs,False,Direct Analysis
FailoverUpdate,84,garnet-1.0.92/libs/cluster/Server/Replication/ReplicationHistoryManager.cs,False,Direct Analysis
TryGetObserver,79,garnet-1.0.92/libs/server/Objects/ItemBroker/CollectionItemBroker.cs,False,Direct Analysis
StartMainLoop,118,garnet-1.0.92/libs/server/Objects/ItemBroker/CollectionItemBroker.cs,False,Direct Analysis
GetCollectionItemAsync,127,garnet-1.0.92/libs/server/Objects/ItemBroker/CollectionItemBroker.cs,False,Direct Analysis
HandleCollectionUpdate,170,garnet-1.0.92/libs/server/Objects/ItemBroker/CollectionItemBroker.cs,False,Direct Analysis
HandleCollectionUpdateWorker,177,garnet-1.0.92/libs/server/Objects/ItemBroker/CollectionItemBroker.cs,False,Direct Analysis
InitializeObserver,253,garnet-1.0.92/libs/server/Objects/ItemBroker/CollectionItemBroker.cs,False,Direct Analysis
TryAssignItemFromKey,303,garnet-1.0.92/libs/server/Objects/ItemBroker/CollectionItemBroker.cs,False,Direct Analysis
Start,686,garnet-1.0.92/libs/server/Objects/ItemBroker/CollectionItemBroker.cs,False,Direct Analysis
CleanKeysToObservers,722,garnet-1.0.92/libs/server/Objects/ItemBroker/CollectionItemBroker.cs,False,Direct Analysis
Dispose,748,garnet-1.0.92/libs/server/Objects/ItemBroker/CollectionItemBroker.cs,False,Direct Analysis
SerializeObject,102,garnet-1.0.92/modules/GarnetJSON/GarnetJsonObject.cs,False,Direct Analysis
Dispose,112,garnet-1.0.92/modules/GarnetJSON/GarnetJsonObject.cs,False,Direct Analysis
TryGet,177,garnet-1.0.92/modules/GarnetJSON/GarnetJsonObject.cs,False,Direct Analysis
Set,237,garnet-1.0.92/modules/GarnetJSON/GarnetJsonObject.cs,False,Direct Analysis
Dispose,37,garnet-1.0.92/libs/cluster/Server/Replication/PrimaryOps/ReplicaSyncSessionTaskStore.cs,False,Direct Analysis
IsFirst,63,garnet-1.0.92/libs/cluster/Server/Replication/PrimaryOps/ReplicaSyncSessionTaskStore.cs,False,Direct Analysis
TryAddReplicaSyncSession,82,garnet-1.0.92/libs/cluster/Server/Replication/PrimaryOps/ReplicaSyncSessionTaskStore.cs,False,Direct Analysis
TryAddReplicaSyncSession,121,garnet-1.0.92/libs/cluster/Server/Replication/PrimaryOps/ReplicaSyncSessionTaskStore.cs,False,Direct Analysis
TryRemove,157,garnet-1.0.92/libs/cluster/Server/Replication/PrimaryOps/ReplicaSyncSessionTaskStore.cs,False,Direct Analysis
TryGetSession,195,garnet-1.0.92/libs/cluster/Server/Replication/PrimaryOps/ReplicaSyncSessionTaskStore.cs,False,Direct Analysis
Clear,222,garnet-1.0.92/libs/cluster/Server/Replication/PrimaryOps/ReplicaSyncSessionTaskStore.cs,False,Direct Analysis
GrowSessionArray,241,garnet-1.0.92/libs/cluster/Server/Replication/PrimaryOps/ReplicaSyncSessionTaskStore.cs,False,Direct Analysis
ShrinkSessionArray,251,garnet-1.0.92/libs/cluster/Server/Replication/PrimaryOps/ReplicaSyncSessionTaskStore.cs,False,Direct Analysis
UpdateRecordSourceToCurrentHashEntry,33,garnet-1.0.92/libs/storage/Tsavorite/cs/src/core/Index/Tsavorite/Implementation/OperationStackContext.cs,False,Direct Analysis
SetNewRecordInvalid,55,garnet-1.0.92/libs/storage/Tsavorite/cs/src/core/Index/Tsavorite/Implementation/OperationStackContext.cs,False,Direct Analysis
HandleNewRecordOnException,72,garnet-1.0.92/libs/storage/Tsavorite/cs/src/core/Index/Tsavorite/Implementation/OperationStackContext.cs,False,Direct Analysis
ToString,82,garnet-1.0.92/libs/storage/Tsavorite/cs/src/core/Index/Tsavorite/Implementation/OperationStackContext.cs,False,Direct Analysis
CreateAuthenticatorInternal,26,garnet-1.0.92/libs/server/Auth/Settings/AclAuthenticationPasswordSettings.cs,False,Direct Analysis
Authenticate,75,garnet-1.0.92/libs/common/LightClient.cs,False,Direct Analysis
ReadOnly,91,garnet-1.0.92/libs/common/LightClient.cs,False,Direct Analysis
Connect,112,garnet-1.0.92/libs/common/LightClient.cs,False,Direct Analysis
Send,186,garnet-1.0.92/libs/common/LightClient.cs,False,Direct Analysis
Send,204,garnet-1.0.92/libs/common/LightClient.cs,False,Direct Analysis
Send,218,garnet-1.0.92/libs/common/LightClient.cs,False,Direct Analysis
Dispose,244,garnet-1.0.92/libs/common/LightClient.cs,False,Direct Analysis
DisposeMessageConsumer,256,garnet-1.0.92/libs/common/LightClient.cs,False,Direct Analysis
TryConsumeMessages,262,garnet-1.0.92/libs/common/LightClient.cs,False,Direct Analysis
TryAttachSync,20,garnet-1.0.92/libs/cluster/Server/Replication/PrimaryOps/PrimarySync.cs,False,Direct Analysis
TryBeginDiskSync,71,garnet-1.0.92/libs/cluster/Server/Replication/PrimaryOps/PrimarySync.cs,False,Direct Analysis
TryConnectToReplica,50,garnet-1.0.92/libs/cluster/Server/Replication/PrimaryOps/ReplicationPrimaryAofSync.cs,False,Direct Analysis
TryReplicateDisklessSync,25,garnet-1.0.92/libs/cluster/Server/Replication/ReplicaOps/ReplicaDisklessSync.cs,False,Direct Analysis
ReplicaRecoverDiskless,165,garnet-1.0.92/libs/cluster/Server/Replication/ReplicaOps/ReplicaDisklessSync.cs,False,Direct Analysis
TryReplicateDiskbasedSync,32,garnet-1.0.92/libs/cluster/Server/Replication/ReplicaOps/ReplicaReceiveCheckpoint.cs,False,Direct Analysis
ProcessCheckpointMetadata,194,garnet-1.0.92/libs/cluster/Server/Replication/ReplicaOps/ReplicaReceiveCheckpoint.cs,False,Direct Analysis
GetInitializedSegmentFileDevice,246,garnet-1.0.92/libs/cluster/Server/Replication/ReplicaOps/ReplicaReceiveCheckpoint.cs,False,Direct Analysis
BeginReplicaRecover,298,garnet-1.0.92/libs/cluster/Server/Replication/ReplicaOps/ReplicaReceiveCheckpoint.cs,False,Direct Analysis
ResetReplayIterator,21,garnet-1.0.92/libs/cluster/Server/Replication/ReplicaOps/ReplicaReplayTask.cs,False,Direct Analysis
Throttle,50,garnet-1.0.92/libs/cluster/Server/Replication/ReplicaOps/ReplicaReplayTask.cs,False,Direct Analysis
Consume,52,garnet-1.0.92/libs/cluster/Server/Replication/ReplicaOps/ReplicaReplayTask.cs,False,Direct Analysis
ReplicaReplayTask,92,garnet-1.0.92/libs/cluster/Server/Replication/ReplicaOps/ReplicaReplayTask.cs,False,Direct Analysis
ThrottlePrimary,15,garnet-1.0.92/libs/cluster/Server/Replication/ReplicaOps/ReplicationReplicaAofSync.cs,False,Direct Analysis
ProcessPrimaryStream,32,garnet-1.0.92/libs/cluster/Server/Replication/ReplicaOps/ReplicationReplicaAofSync.cs,False,Direct Analysis
InitializeCheckpointStore,13,garnet-1.0.92/libs/cluster/Server/Replication/ReplicationCheckpointManagement.cs,False,Direct Analysis
TryAcquireSettledMetadataForMainStore,31,garnet-1.0.92/libs/cluster/Server/Replication/ReplicationCheckpointManagement.cs,False,Direct Analysis
TryAcquireSettledMetadataForObjectStore,54,garnet-1.0.92/libs/cluster/Server/Replication/ReplicationCheckpointManagement.cs,False,Direct Analysis
UpdateCommitSafeAofAddress,103,garnet-1.0.92/libs/cluster/Server/Replication/ReplicationCheckpointManagement.cs,False,Direct Analysis
SetPrimaryReplicationId,114,garnet-1.0.92/libs/cluster/Server/Replication/ReplicationCheckpointManagement.cs,False,Direct Analysis
InitializeReplicationHistory,100,garnet-1.0.92/libs/cluster/Server/Replication/ReplicationHistoryManager.cs,False,Direct Analysis
RecoverReplicationHistory,106,garnet-1.0.92/libs/cluster/Server/Replication/ReplicationHistoryManager.cs,False,Direct Analysis
TryUpdateMyPrimaryReplId,118,garnet-1.0.92/libs/cluster/Server/Replication/ReplicationHistoryManager.cs,False,Direct Analysis
TryUpdateForFailover,133,garnet-1.0.92/libs/cluster/Server/Replication/ReplicationHistoryManager.cs,False,Direct Analysis
FlushConfig,152,garnet-1.0.92/libs/cluster/Server/Replication/ReplicationHistoryManager.cs,False,Direct Analysis
GetCkptManager,90,garnet-1.0.92/libs/cluster/Server/Replication/ReplicationManager.cs,False,Direct Analysis
GetRecoveredSafeAofAddress,100,garnet-1.0.92/libs/cluster/Server/Replication/ReplicationManager.cs,False,Direct Analysis
GetCurrentSafeAofAddress,107,garnet-1.0.92/libs/cluster/Server/Replication/ReplicationManager.cs,False,Direct Analysis
EnsureReplication,178,garnet-1.0.92/libs/cluster/Server/Replication/ReplicationManager.cs,False,Direct Analysis
CheckpointVersionShiftStart,293,garnet-1.0.92/libs/cluster/Server/Replication/ReplicationManager.cs,False,Direct Analysis
CheckpointVersionShiftEnd,313,garnet-1.0.92/libs/cluster/Server/Replication/ReplicationManager.cs,False,Direct Analysis
BeginRecovery,338,garnet-1.0.92/libs/cluster/Server/Replication/ReplicationManager.cs,False,Direct Analysis
EndRecovery,388,garnet-1.0.92/libs/cluster/Server/Replication/ReplicationManager.cs,False,Direct Analysis
ResetRecovery,458,garnet-1.0.92/libs/cluster/Server/Replication/ReplicationManager.cs,False,Direct Analysis
Dispose,472,garnet-1.0.92/libs/cluster/Server/Replication/ReplicationManager.cs,False,Direct Analysis
Recover,498,garnet-1.0.92/libs/cluster/Server/Replication/ReplicationManager.cs,False,Direct Analysis
RecoverCheckpointAndAOF,524,garnet-1.0.92/libs/cluster/Server/Replication/ReplicationManager.cs,False,Direct Analysis
WaitForReplicationOffset,548,garnet-1.0.92/libs/cluster/Server/Replication/ReplicationManager.cs,False,Direct Analysis
Start,561,garnet-1.0.92/libs/cluster/Server/Replication/ReplicationManager.cs,False,Direct Analysis
ValidateNetworkBufferSettings,45,garnet-1.0.92/libs/cluster/Server/Replication/ReplicationNetworkBufferSettings.cs,False,Direct Analysis
TransferFrom,22,garnet-1.0.92/libs/storage/Tsavorite/cs/src/core/Index/Common/CompletedOutput.cs,False,Direct Analysis
Next,37,garnet-1.0.92/libs/storage/Tsavorite/cs/src/core/Index/Common/CompletedOutput.cs,False,Direct Analysis
Dispose,58,garnet-1.0.92/libs/storage/Tsavorite/cs/src/core/Index/Common/CompletedOutput.cs,False,Direct Analysis
TryTake,70,garnet-1.0.92/libs/storage/Tsavorite/cs/src/core/Index/Tsavorite/Implementation/Revivification/RevivificationManager.cs,False,Direct Analysis
Dispose,78,garnet-1.0.92/libs/storage/Tsavorite/cs/src/core/Index/Tsavorite/Implementation/Revivification/RevivificationManager.cs,False,Direct Analysis
IsProgressing,56,garnet-1.0.92/libs/cluster/Server/Replication/PrimaryOps/DisklessReplication/ReplicationSnapshotIterator.cs,False,Direct Analysis
OnStart,70,garnet-1.0.92/libs/cluster/Server/Replication/PrimaryOps/DisklessReplication/ReplicationSnapshotIterator.cs,False,Direct Analysis
Reader,97,garnet-1.0.92/libs/cluster/Server/Replication/PrimaryOps/DisklessReplication/ReplicationSnapshotIterator.cs,False,Direct Analysis
Reader,141,garnet-1.0.92/libs/cluster/Server/Replication/PrimaryOps/DisklessReplication/ReplicationSnapshotIterator.cs,False,Direct Analysis
OnStop,185,garnet-1.0.92/libs/cluster/Server/Replication/PrimaryOps/DisklessReplication/ReplicationSnapshotIterator.cs,False,Direct Analysis
FreeBuffer,26,garnet-1.0.92/benchmark/Device.benchmark/BenchWorker.cs,False,Direct Analysis
InitializeServer,161,garnet-1.0.92/libs/host/GarnetServer.cs,False,Direct Analysis
CreateDatabase,300,garnet-1.0.92/libs/host/GarnetServer.cs,False,Direct Analysis
LoadModules,311,garnet-1.0.92/libs/host/GarnetServer.cs,False,Direct Analysis
CreateMainStore,334,garnet-1.0.92/libs/host/GarnetServer.cs,False,Direct Analysis
CreateObjectStore,357,garnet-1.0.92/libs/host/GarnetServer.cs,False,Direct Analysis
Dispose,87,garnet-1.0.92/libs/cluster/Server/Failover/FailoverSession.cs,False,Direct Analysis
DisposeConnections,94,garnet-1.0.92/libs/cluster/Server/Failover/FailoverSession.cs,False,Direct Analysis
CheckReplicaSync,14,garnet-1.0.92/libs/cluster/Server/Failover/PrimaryFailoverSession.cs,False,Direct Analysis
WaitForFirstReplicaSync,30,garnet-1.0.92/libs/cluster/Server/Failover/PrimaryFailoverSession.cs,False,Direct Analysis
InitiateReplicaTakeOver,78,garnet-1.0.92/libs/cluster/Server/Failover/PrimaryFailoverSession.cs,False,Direct Analysis
BeginAsyncPrimaryFailover,94,garnet-1.0.92/libs/cluster/Server/Failover/PrimaryFailoverSession.cs,False,Direct Analysis
CreateConnectionAsync,31,garnet-1.0.92/libs/cluster/Server/Failover/ReplicaFailoverSession.cs,False,Direct Analysis
PauseWritesAndWaitForSync,69,garnet-1.0.92/libs/cluster/Server/Failover/ReplicaFailoverSession.cs,False,Direct Analysis
TakeOverAsPrimary,114,garnet-1.0.92/libs/cluster/Server/Failover/ReplicaFailoverSession.cs,False,Direct Analysis
BroadcastConfigAndRequestAttach,164,garnet-1.0.92/libs/cluster/Server/Failover/ReplicaFailoverSession.cs,False,Direct Analysis
IssueAttachReplicas,229,garnet-1.0.92/libs/cluster/Server/Failover/ReplicaFailoverSession.cs,False,Direct Analysis
BeginAsyncReplicaFailover,276,garnet-1.0.92/libs/cluster/Server/Failover/ReplicaFailoverSession.cs,False,Direct Analysis
CreateArgSliceAndRewindTest,14,garnet-1.0.92/test/Garnet.test/ScratchBufferAllocatorTests.cs,False,Direct Analysis
Dispose,125,garnet-1.0.92/libs/client/LightEpoch.cs,False,Direct Analysis
ThisInstanceProtected,135,garnet-1.0.92/libs/client/LightEpoch.cs,False,Direct Analysis
ProtectAndDrain,165,garnet-1.0.92/libs/client/LightEpoch.cs,False,Direct Analysis
Suspend,184,garnet-1.0.92/libs/client/LightEpoch.cs,False,Direct Analysis
BumpCurrentEpoch,216,garnet-1.0.92/libs/client/LightEpoch.cs,False,Direct Analysis
Mark,269,garnet-1.0.92/libs/client/LightEpoch.cs,False,Direct Analysis
CheckIsComplete,282,garnet-1.0.92/libs/client/LightEpoch.cs,False,Direct Analysis
BumpCurrentEpoch,304,garnet-1.0.92/libs/client/LightEpoch.cs,False,Direct Analysis
ComputeNewSafeToReclaimEpoch,319,garnet-1.0.92/libs/client/LightEpoch.cs,False,Direct Analysis
SuspendDrain,345,garnet-1.0.92/libs/client/LightEpoch.cs,False,Direct Analysis
Drain,370,garnet-1.0.92/libs/client/LightEpoch.cs,False,Direct Analysis
Acquire,397,garnet-1.0.92/libs/client/LightEpoch.cs,False,Direct Analysis
Release,412,garnet-1.0.92/libs/client/LightEpoch.cs,False,Direct Analysis
Dispose,145,garnet-1.0.92/libs/storage/Tsavorite/cs/src/core/Epochs/LightEpoch.cs,False,Direct Analysis
ThisInstanceProtected,155,garnet-1.0.92/libs/storage/Tsavorite/cs/src/core/Epochs/LightEpoch.cs,False,Direct Analysis
ProtectAndDrain,171,garnet-1.0.92/libs/storage/Tsavorite/cs/src/core/Epochs/LightEpoch.cs,False,Direct Analysis
Suspend,189,garnet-1.0.92/libs/storage/Tsavorite/cs/src/core/Epochs/LightEpoch.cs,False,Direct Analysis
BumpCurrentEpoch,209,garnet-1.0.92/libs/storage/Tsavorite/cs/src/core/Epochs/LightEpoch.cs,False,Direct Analysis
BumpCurrentEpoch,228,garnet-1.0.92/libs/storage/Tsavorite/cs/src/core/Epochs/LightEpoch.cs,False,Direct Analysis
ComputeNewSafeToReclaimEpoch,288,garnet-1.0.92/libs/storage/Tsavorite/cs/src/core/Epochs/LightEpoch.cs,False,Direct Analysis
SuspendDrain,313,garnet-1.0.92/libs/storage/Tsavorite/cs/src/core/Epochs/LightEpoch.cs,False,Direct Analysis
Drain,338,garnet-1.0.92/libs/storage/Tsavorite/cs/src/core/Epochs/LightEpoch.cs,False,Direct Analysis
Acquire,369,garnet-1.0.92/libs/storage/Tsavorite/cs/src/core/Epochs/LightEpoch.cs,False,Direct Analysis
Release,385,garnet-1.0.92/libs/storage/Tsavorite/cs/src/core/Epochs/LightEpoch.cs,False,Direct Analysis
TryGet,82,garnet-1.0.92/libs/client/ClientSession/AsyncPool.cs,False,Direct Analysis
Return,96,garnet-1.0.92/libs/client/ClientSession/AsyncPool.cs,False,Direct Analysis
Dispose,106,garnet-1.0.92/libs/client/ClientSession/AsyncPool.cs,False,Direct Analysis
GetOrAdd,125,garnet-1.0.92/libs/client/ClientSession/AsyncPool.cs,False,Direct Analysis
TryGet,82,garnet-1.0.92/libs/storage/Tsavorite/cs/src/core/Device/AsyncPool.cs,False,Direct Analysis
Return,96,garnet-1.0.92/libs/storage/Tsavorite/cs/src/core/Device/AsyncPool.cs,False,Direct Analysis
Dispose,106,garnet-1.0.92/libs/storage/Tsavorite/cs/src/core/Device/AsyncPool.cs,False,Direct Analysis
GetOrAdd,125,garnet-1.0.92/libs/storage/Tsavorite/cs/src/core/Device/AsyncPool.cs,False,Direct Analysis
GetSingleSlotRequest,771,garnet-1.0.92/test/Garnet.test.cluster/RedirectTests/BaseCommand.cs,False,Direct Analysis
GetCrossSlotRequest,777,garnet-1.0.92/test/Garnet.test.cluster/RedirectTests/BaseCommand.cs,False,Direct Analysis
SetupSingleSlotRequest,783,garnet-1.0.92/test/Garnet.test.cluster/RedirectTests/BaseCommand.cs,False,Direct Analysis
UnsafeDisposeConnections,43,garnet-1.0.92/libs/cluster/Server/Gossip/GarnetClusterConnectionStore.cs,False,Direct Analysis
Dispose,55,garnet-1.0.92/libs/cluster/Server/Gossip/GarnetClusterConnectionStore.cs,False,Direct Analysis
CloseAll,72,garnet-1.0.92/libs/cluster/Server/Gossip/GarnetClusterConnectionStore.cs,False,Direct Analysis
UnsafeGetConnection,97,garnet-1.0.92/libs/cluster/Server/Gossip/GarnetClusterConnectionStore.cs,False,Direct Analysis
UnsafeAddConnection,116,garnet-1.0.92/libs/cluster/Server/Gossip/GarnetClusterConnectionStore.cs,False,Direct Analysis
AcquireWriteLockAsync,135,garnet-1.0.92/libs/cluster/Server/Gossip/GarnetClusterConnectionStore.cs,False,Direct Analysis
AddConnection,146,garnet-1.0.92/libs/cluster/Server/Gossip/GarnetClusterConnectionStore.cs,False,Direct Analysis
GetOrAdd,175,garnet-1.0.92/libs/cluster/Server/Gossip/GarnetClusterConnectionStore.cs,False,Direct Analysis
TryRemoveConnection,209,garnet-1.0.92/libs/cluster/Server/Gossip/GarnetClusterConnectionStore.cs,False,Direct Analysis
GetConnection,260,garnet-1.0.92/libs/cluster/Server/Gossip/GarnetClusterConnectionStore.cs,False,Direct Analysis
GetConnectionAtOffset,283,garnet-1.0.92/libs/cluster/Server/Gossip/GarnetClusterConnectionStore.cs,False,Direct Analysis
GetRandomConnection,309,garnet-1.0.92/libs/cluster/Server/Gossip/GarnetClusterConnectionStore.cs,False,Direct Analysis
GetConnectionInfo,334,garnet-1.0.92/libs/cluster/Server/Gossip/GarnetClusterConnectionStore.cs,False,Direct Analysis
ToString,151,garnet-1.0.92/libs/storage/Tsavorite/cs/src/devices/AzureStorageDevice/AzureStorageDevice.cs,False,Direct Analysis
StartAsync,156,garnet-1.0.92/libs/storage/Tsavorite/cs/src/devices/AzureStorageDevice/AzureStorageDevice.cs,False,Direct Analysis
DetectHangs,261,garnet-1.0.92/libs/storage/Tsavorite/cs/src/devices/AzureStorageDevice/AzureStorageDevice.cs,False,Direct Analysis
CancelAllRequests,283,garnet-1.0.92/libs/storage/Tsavorite/cs/src/devices/AzureStorageDevice/AzureStorageDevice.cs,False,Direct Analysis
Dispose,315,garnet-1.0.92/libs/storage/Tsavorite/cs/src/devices/AzureStorageDevice/AzureStorageDevice.cs,False,Direct Analysis
PurgeAll,334,garnet-1.0.92/libs/storage/Tsavorite/cs/src/devices/AzureStorageDevice/AzureStorageDevice.cs,False,Direct Analysis
GetFileSize,343,garnet-1.0.92/libs/storage/Tsavorite/cs/src/devices/AzureStorageDevice/AzureStorageDevice.cs,False,Direct Analysis
RemoveSegmentAsync,357,garnet-1.0.92/libs/storage/Tsavorite/cs/src/devices/AzureStorageDevice/AzureStorageDevice.cs,False,Direct Analysis
DeleteAsync,405,garnet-1.0.92/libs/storage/Tsavorite/cs/src/devices/AzureStorageDevice/AzureStorageDevice.cs,False,Direct Analysis
ReadAsync,432,garnet-1.0.92/libs/storage/Tsavorite/cs/src/devices/AzureStorageDevice/AzureStorageDevice.cs,False,Direct Analysis
ReadFromBlobAsync,481,garnet-1.0.92/libs/storage/Tsavorite/cs/src/devices/AzureStorageDevice/AzureStorageDevice.cs,False,Direct Analysis
WriteAsync,505,garnet-1.0.92/libs/storage/Tsavorite/cs/src/devices/AzureStorageDevice/AzureStorageDevice.cs,False,Direct Analysis
WritePortionToBlobAsync,547,garnet-1.0.92/libs/storage/Tsavorite/cs/src/devices/AzureStorageDevice/AzureStorageDevice.cs,False,Direct Analysis
ReadFromBlobAsync,599,garnet-1.0.92/libs/storage/Tsavorite/cs/src/devices/AzureStorageDevice/AzureStorageDevice.cs,False,Direct Analysis
WriteToBlobAsync,664,garnet-1.0.92/libs/storage/Tsavorite/cs/src/devices/AzureStorageDevice/AzureStorageDevice.cs,False,Direct Analysis
WriteToBlobAsync,691,garnet-1.0.92/libs/storage/Tsavorite/cs/src/devices/AzureStorageDevice/AzureStorageDevice.cs,False,Direct Analysis
CountKeysInSessionStore,18,garnet-1.0.92/libs/cluster/Session/ClusterCommands.cs,False,Direct Analysis
CountKeysInObjectStore,26,garnet-1.0.92/libs/cluster/Session/ClusterCommands.cs,False,Direct Analysis
GetKeysInSlot,40,garnet-1.0.92/libs/cluster/Session/ClusterCommands.cs,False,Direct Analysis
TryParseSlots,77,garnet-1.0.92/libs/cluster/Session/ClusterCommands.cs,False,Direct Analysis
ProcessClusterCommands,138,garnet-1.0.92/libs/cluster/Session/ClusterCommands.cs,False,Direct Analysis
ProcessClusterCommands,72,garnet-1.0.92/libs/cluster/Session/ClusterSession.cs,False,Direct Analysis
SendAndReset,120,garnet-1.0.92/libs/cluster/Session/ClusterSession.cs,False,Direct Analysis
SendAndReset,132,garnet-1.0.92/libs/cluster/Session/ClusterSession.cs,False,Direct Analysis
Send,145,garnet-1.0.92/libs/cluster/Session/ClusterSession.cs,False,Direct Analysis
SetUserHandle,169,garnet-1.0.92/libs/cluster/Session/ClusterSession.cs,False,Direct Analysis
UnsafeBumpAndWaitForEpochTransition,179,garnet-1.0.92/libs/cluster/Session/ClusterSession.cs,False,Direct Analysis
TryFAILOVER,13,garnet-1.0.92/libs/cluster/Session/FailoverCommand.cs,False,Direct Analysis
HandleCommandParsingErrors,36,garnet-1.0.92/libs/cluster/Session/MigrateCommand.cs,False,Direct Analysis
TryMIGRATE,60,garnet-1.0.92/libs/cluster/Session/MigrateCommand.cs,False,Direct Analysis
TryREPLICAOF,14,garnet-1.0.92/libs/cluster/Session/ReplicaOfCommand.cs,False,Direct Analysis
NetworkClusterBumpEpoch,21,garnet-1.0.92/libs/cluster/Session/RespClusterBasicCommands.cs,False,Direct Analysis
NetworkClusterForget,51,garnet-1.0.92/libs/cluster/Session/RespClusterBasicCommands.cs,False,Direct Analysis
NetworkClusterInfo,99,garnet-1.0.92/libs/cluster/Session/RespClusterBasicCommands.cs,False,Direct Analysis
NetworkClusterHelp,122,garnet-1.0.92/libs/cluster/Session/RespClusterBasicCommands.cs,False,Direct Analysis
NetworkClusterMeet,150,garnet-1.0.92/libs/cluster/Session/RespClusterBasicCommands.cs,False,Direct Analysis
NetworkClusterMyId,184,garnet-1.0.92/libs/cluster/Session/RespClusterBasicCommands.cs,False,Direct Analysis
NetworkClusterMyParentId,206,garnet-1.0.92/libs/cluster/Session/RespClusterBasicCommands.cs,False,Direct Analysis
NetworkClusterEndpoint,230,garnet-1.0.92/libs/cluster/Session/RespClusterBasicCommands.cs,False,Direct Analysis
NetworkClusterNodes,255,garnet-1.0.92/libs/cluster/Session/RespClusterBasicCommands.cs,False,Direct Analysis
NetworkClusterSetConfigEpoch,278,garnet-1.0.92/libs/cluster/Session/RespClusterBasicCommands.cs,False,Direct Analysis
NetworkClusterShards,323,garnet-1.0.92/libs/cluster/Session/RespClusterBasicCommands.cs,False,Direct Analysis
NetworkClusterGossip,346,garnet-1.0.92/libs/cluster/Session/RespClusterBasicCommands.cs,False,Direct Analysis
NetworkClusterReset,421,garnet-1.0.92/libs/cluster/Session/RespClusterBasicCommands.cs,False,Direct Analysis
NetworkClusterPublish,465,garnet-1.0.92/libs/cluster/Session/RespClusterBasicCommands.cs,False,Direct Analysis
NetworkClusterFailover,17,garnet-1.0.92/libs/cluster/Session/RespClusterFailoverCommands.cs,False,Direct Analysis
NetworkClusterFailStopWrites,104,garnet-1.0.92/libs/cluster/Session/RespClusterFailoverCommands.cs,False,Direct Analysis
NetworkClusterFailReplicationOffset,136,garnet-1.0.92/libs/cluster/Session/RespClusterFailoverCommands.cs,False,Direct Analysis
TrackImportProgress,33,garnet-1.0.92/libs/cluster/Session/RespClusterMigrateCommands.cs,False,Direct Analysis
NetworkClusterMigrate,50,garnet-1.0.92/libs/cluster/Session/RespClusterMigrateCommands.cs,False,Direct Analysis
NetworkClusterMTasks,173,garnet-1.0.92/libs/cluster/Session/RespClusterMigrateCommands.cs,False,Direct Analysis
NetworkClusterReplicas,21,garnet-1.0.92/libs/cluster/Session/RespClusterReplicationCommands.cs,False,Direct Analysis
NetworkClusterReplicate,52,garnet-1.0.92/libs/cluster/Session/RespClusterReplicationCommands.cs,False,Direct Analysis
NetworkClusterAOFSync,123,garnet-1.0.92/libs/cluster/Session/RespClusterReplicationCommands.cs,False,Direct Analysis
NetworkClusterAppendLog,170,garnet-1.0.92/libs/cluster/Session/RespClusterReplicationCommands.cs,False,Direct Analysis
NetworkClusterInitiateReplicaSync,220,garnet-1.0.92/libs/cluster/Session/RespClusterReplicationCommands.cs,False,Direct Analysis
NetworkClusterSendCheckpointMetadata,270,garnet-1.0.92/libs/cluster/Session/RespClusterReplicationCommands.cs,False,Direct Analysis
NetworkClusterSendCheckpointFileSegment,306,garnet-1.0.92/libs/cluster/Session/RespClusterReplicationCommands.cs,False,Direct Analysis
NetworkClusterBeginReplicaRecover,346,garnet-1.0.92/libs/cluster/Session/RespClusterReplicationCommands.cs,False,Direct Analysis
NetworkClusterAttachSync,407,garnet-1.0.92/libs/cluster/Session/RespClusterReplicationCommands.cs,False,Direct Analysis
NetworkClusterSync,447,garnet-1.0.92/libs/cluster/Session/RespClusterReplicationCommands.cs,False,Direct Analysis
NetworkClusterFlushAll,507,garnet-1.0.92/libs/cluster/Session/RespClusterReplicationCommands.cs,False,Direct Analysis
NetworkClusterAddSlots,20,garnet-1.0.92/libs/cluster/Session/RespClusterSlotManagementCommands.cs,False,Direct Analysis
NetworkClusterAddSlotsRange,62,garnet-1.0.92/libs/cluster/Session/RespClusterSlotManagementCommands.cs,False,Direct Analysis
NetworkClusterBanList,104,garnet-1.0.92/libs/cluster/Session/RespClusterSlotManagementCommands.cs,False,Direct Analysis
NetworkClusterCountKeysInSlot,133,garnet-1.0.92/libs/cluster/Session/RespClusterSlotManagementCommands.cs,False,Direct Analysis
NetworkClusterDelSlots,187,garnet-1.0.92/libs/cluster/Session/RespClusterSlotManagementCommands.cs,False,Direct Analysis
NetworkClusterDelSlotsRange,229,garnet-1.0.92/libs/cluster/Session/RespClusterSlotManagementCommands.cs,False,Direct Analysis
NetworkClusterDelKeysInSlot,271,garnet-1.0.92/libs/cluster/Session/RespClusterSlotManagementCommands.cs,False,Direct Analysis
NetworkClusterDelKeysInSlotRange,305,garnet-1.0.92/libs/cluster/Session/RespClusterSlotManagementCommands.cs,False,Direct Analysis
NetworkClusterGetKeysInSlot,341,garnet-1.0.92/libs/cluster/Session/RespClusterSlotManagementCommands.cs,False,Direct Analysis
NetworkClusterKeySlot,397,garnet-1.0.92/libs/cluster/Session/RespClusterSlotManagementCommands.cs,False,Direct Analysis
NetworkClusterSetSlot,424,garnet-1.0.92/libs/cluster/Session/RespClusterSlotManagementCommands.cs,False,Direct Analysis
NetworkClusterSetSlotsRange,518,garnet-1.0.92/libs/cluster/Session/RespClusterSlotManagementCommands.cs,False,Direct Analysis
NetworkClusterSlots,611,garnet-1.0.92/libs/cluster/Session/RespClusterSlotManagementCommands.cs,False,Direct Analysis
NetworkClusterSlotState,634,garnet-1.0.92/libs/cluster/Session/RespClusterSlotManagementCommands.cs,False,Direct Analysis
ResetCachedSlotVerificationResult,18,garnet-1.0.92/libs/cluster/Session/SlotVerification/RespClusterIterativeSlotVerify.cs,False,Direct Analysis
NetworkIterativeSlotVerify,31,garnet-1.0.92/libs/cluster/Session/SlotVerification/RespClusterIterativeSlotVerify.cs,False,Direct Analysis
WriteCachedSlotVerificationMessage,71,garnet-1.0.92/libs/cluster/Session/SlotVerification/RespClusterIterativeSlotVerify.cs,False,Direct Analysis
Redirect,21,garnet-1.0.92/libs/cluster/Session/SlotVerification/RespClusterSlotVerify.cs,False,Direct Analysis
NetworkKeyArraySlotVerify,98,garnet-1.0.92/libs/cluster/Session/SlotVerification/RespClusterSlotVerify.cs,False,Direct Analysis
NetworkMultiKeySlotVerify,121,garnet-1.0.92/libs/cluster/Session/SlotVerification/RespClusterSlotVerify.cs,False,Direct Analysis
NetworkMultiKeySlotVerifyNoResponse,144,garnet-1.0.92/libs/cluster/Session/SlotVerification/RespClusterSlotVerify.cs,False,Direct Analysis
TestsForAllTargets,19,garnet-1.0.92/test/Garnet.test/FuzzTargetTests.cs,False,Direct Analysis
GarnetEndToEnd,43,garnet-1.0.92/test/Garnet.test/FuzzTargetTests.cs,False,Direct Analysis
LuaScriptCompilation,49,garnet-1.0.92/test/Garnet.test/FuzzTargetTests.cs,False,Direct Analysis
RespCommandParsing,55,garnet-1.0.92/test/Garnet.test/FuzzTargetTests.cs,False,Direct Analysis
TryLockTransientExclusive,80,garnet-1.0.92/libs/storage/Tsavorite/cs/src/core/Index/Interfaces/ISessionLocker.cs,False,Direct Analysis
TryLockTransientShared,90,garnet-1.0.92/libs/storage/Tsavorite/cs/src/core/Index/Interfaces/ISessionLocker.cs,False,Direct Analysis
UnlockTransientExclusive,100,garnet-1.0.92/libs/storage/Tsavorite/cs/src/core/Index/Interfaces/ISessionLocker.cs,False,Direct Analysis
UnlockTransientShared,109,garnet-1.0.92/libs/storage/Tsavorite/cs/src/core/Index/Interfaces/ISessionLocker.cs,False,Direct Analysis
GlobalSetup,23,garnet-1.0.92/benchmark/BDN.benchmark/Parsing/IntegerToResp.cs,False,Direct Analysis
WriteInt32,35,garnet-1.0.92/benchmark/BDN.benchmark/Parsing/IntegerToResp.cs,False,Direct Analysis
WriteInt64,43,garnet-1.0.92/benchmark/BDN.benchmark/Parsing/IntegerToResp.cs,False,Direct Analysis
WriteInt32AsBulkString,51,garnet-1.0.92/benchmark/BDN.benchmark/Parsing/IntegerToResp.cs,False,Direct Analysis
WriteInt32_AllAsciiLengths,58,garnet-1.0.92/benchmark/BDN.benchmark/Parsing/IntegerToResp.cs,False,Direct Analysis
WriteInt64_AllAsciiLengths,68,garnet-1.0.92/benchmark/BDN.benchmark/Parsing/IntegerToResp.cs,False,Direct Analysis
WriteInt32BulkString_AllAsciiLengths,78,garnet-1.0.92/benchmark/BDN.benchmark/Parsing/IntegerToResp.cs,False,Direct Analysis
GlobalSetup,60,garnet-1.0.92/benchmark/BDN.benchmark/Operations/HashObjectOperations.cs,False,Direct Analysis
HSetDel,86,garnet-1.0.92/benchmark/BDN.benchmark/Operations/HashObjectOperations.cs,False,Direct Analysis
HExists,92,garnet-1.0.92/benchmark/BDN.benchmark/Operations/HashObjectOperations.cs,False,Direct Analysis
HGet,98,garnet-1.0.92/benchmark/BDN.benchmark/Operations/HashObjectOperations.cs,False,Direct Analysis
HGetAll,104,garnet-1.0.92/benchmark/BDN.benchmark/Operations/HashObjectOperations.cs,False,Direct Analysis
HIncrby,110,garnet-1.0.92/benchmark/BDN.benchmark/Operations/HashObjectOperations.cs,False,Direct Analysis
HIncrbyFloat,116,garnet-1.0.92/benchmark/BDN.benchmark/Operations/HashObjectOperations.cs,False,Direct Analysis
HKeys,122,garnet-1.0.92/benchmark/BDN.benchmark/Operations/HashObjectOperations.cs,False,Direct Analysis
HLen,128,garnet-1.0.92/benchmark/BDN.benchmark/Operations/HashObjectOperations.cs,False,Direct Analysis
HMGet,134,garnet-1.0.92/benchmark/BDN.benchmark/Operations/HashObjectOperations.cs,False,Direct Analysis
HMSet,140,garnet-1.0.92/benchmark/BDN.benchmark/Operations/HashObjectOperations.cs,False,Direct Analysis
HRandField,146,garnet-1.0.92/benchmark/BDN.benchmark/Operations/HashObjectOperations.cs,False,Direct Analysis
HScan,152,garnet-1.0.92/benchmark/BDN.benchmark/Operations/HashObjectOperations.cs,False,Direct Analysis
HSetNx,158,garnet-1.0.92/benchmark/BDN.benchmark/Operations/HashObjectOperations.cs,False,Direct Analysis
HStrLen,164,garnet-1.0.92/benchmark/BDN.benchmark/Operations/HashObjectOperations.cs,False,Direct Analysis
HVals,170,garnet-1.0.92/benchmark/BDN.benchmark/Operations/HashObjectOperations.cs,False,Direct Analysis
Updater,45,garnet-1.0.92/modules/GarnetJSON/JsonCommands.cs,False,Direct Analysis
Get,51,garnet-1.0.92/libs/storage/Tsavorite/cs/src/core/Index/CheckpointManagement/LocalStorageNamedDeviceFactory.cs,False,Direct Analysis
ListContents,69,garnet-1.0.92/libs/storage/Tsavorite/cs/src/core/Index/CheckpointManagement/LocalStorageNamedDeviceFactory.cs,False,Direct Analysis
Delete,88,garnet-1.0.92/libs/storage/Tsavorite/cs/src/core/Index/CheckpointManagement/LocalStorageNamedDeviceFactory.cs,False,Direct Analysis
IsValid,555,garnet-1.0.92/libs/host/Configuration/OptionsValidators.cs,False,Direct Analysis
GetSingleSlotRequest,2031,garnet-1.0.92/test/Garnet.test.cluster/RedirectTests/BaseCommand.cs,False,Direct Analysis
Add,17,garnet-1.0.92/libs/storage/Tsavorite/cs/src/core/Allocator/PendingFlushList.cs,False,Direct Analysis
RemoveNextAdjacent,28,garnet-1.0.92/libs/storage/Tsavorite/cs/src/core/Allocator/PendingFlushList.cs,False,Direct Analysis
RemovePreviousAdjacent,50,garnet-1.0.92/libs/storage/Tsavorite/cs/src/core/Allocator/PendingFlushList.cs,False,Direct Analysis
Recover,82,garnet-1.0.92/libs/cluster/Server/ClusterProvider.cs,False,Direct Analysis
Start,96,garnet-1.0.92/libs/cluster/Server/ClusterProvider.cs,False,Direct Analysis
UpdateClusterAuth,107,garnet-1.0.92/libs/cluster/Server/ClusterProvider.cs,False,Direct Analysis
Dispose,122,garnet-1.0.92/libs/cluster/Server/ClusterProvider.cs,False,Direct Analysis
IsReplica,137,garnet-1.0.92/libs/cluster/Server/ClusterProvider.cs,False,Direct Analysis
FlushDB,157,garnet-1.0.92/libs/cluster/Server/ClusterProvider.cs,False,Direct Analysis
SafeTruncateAOF,164,garnet-1.0.92/libs/cluster/Server/ClusterProvider.cs,False,Direct Analysis
SafeTruncateAOF,189,garnet-1.0.92/libs/cluster/Server/ClusterProvider.cs,False,Direct Analysis
OnCheckpointInitiated,206,garnet-1.0.92/libs/cluster/Server/ClusterProvider.cs,False,Direct Analysis
GetReplicationInfo,224,garnet-1.0.92/libs/cluster/Server/ClusterProvider.cs,False,Direct Analysis
TryAdd,45,garnet-1.0.92/libs/common/Collections/ReadOptimizedConcurrentSet.cs,False,Direct Analysis
TryAdd,64,garnet-1.0.92/libs/common/Collections/ReadOptimizedConcurrentSet.cs,False,Direct Analysis
TryAddAndGet,84,garnet-1.0.92/libs/common/Collections/ReadOptimizedConcurrentSet.cs,False,Direct Analysis
TryRemove,108,garnet-1.0.92/libs/common/Collections/ReadOptimizedConcurrentSet.cs,False,Direct Analysis
Iterate,122,garnet-1.0.92/libs/common/Collections/ReadOptimizedConcurrentSet.cs,False,Direct Analysis
Clear,140,garnet-1.0.92/libs/common/Collections/ReadOptimizedConcurrentSet.cs,False,Direct Analysis
Dispose,35,garnet-1.0.92/libs/common/SimpleObjectPool.cs,False,Direct Analysis
Checkout,58,garnet-1.0.92/libs/common/SimpleObjectPool.cs,False,Direct Analysis
Return,74,garnet-1.0.92/libs/common/SimpleObjectPool.cs,False,Direct Analysis
Copy,128,garnet-1.0.92/metrics/HdrHistogram/LongHistogram.cs,False,Direct Analysis
GetCountAtIndex,140,garnet-1.0.92/metrics/HdrHistogram/LongHistogram.cs,False,Direct Analysis
SetCountAtIndex,150,garnet-1.0.92/metrics/HdrHistogram/LongHistogram.cs,False,Direct Analysis
IncrementCountAtIndex,159,garnet-1.0.92/metrics/HdrHistogram/LongHistogram.cs,False,Direct Analysis
AddToCountAtIndex,170,garnet-1.0.92/metrics/HdrHistogram/LongHistogram.cs,False,Direct Analysis
ClearCounts,179,garnet-1.0.92/metrics/HdrHistogram/LongHistogram.cs,False,Direct Analysis
CopyCountsInto,189,garnet-1.0.92/metrics/HdrHistogram/LongHistogram.cs,False,Direct Analysis
InitializeAsync,100,garnet-1.0.92/libs/cluster/Server/Gossip/GarnetServerNode.cs,False,Direct Analysis
Dispose,109,garnet-1.0.92/libs/cluster/Server/Gossip/GarnetServerNode.cs,False,Direct Analysis
ResetCts,131,garnet-1.0.92/libs/cluster/Server/Gossip/GarnetServerNode.cs,False,Direct Analysis
GetMostRecentConfig,155,garnet-1.0.92/libs/cluster/Server/Gossip/GarnetServerNode.cs,False,Direct Analysis
Gossip,177,garnet-1.0.92/libs/cluster/Server/Gossip/GarnetServerNode.cs,False,Direct Analysis
TryMeetAsync,210,garnet-1.0.92/libs/cluster/Server/Gossip/GarnetServerNode.cs,False,Direct Analysis
TryGossip,221,garnet-1.0.92/libs/cluster/Server/Gossip/GarnetServerNode.cs,False,Direct Analysis
GetConnectionInfo,265,garnet-1.0.92/libs/cluster/Server/Gossip/GarnetServerNode.cs,False,Direct Analysis
TryClusterPublish,285,garnet-1.0.92/libs/cluster/Server/Gossip/GarnetServerNode.cs,False,Direct Analysis
GetSingleSlotRequest,595,garnet-1.0.92/test/Garnet.test.cluster/RedirectTests/BaseCommand.cs,False,Direct Analysis
GetCrossSlotRequest,601,garnet-1.0.92/test/Garnet.test.cluster/RedirectTests/BaseCommand.cs,False,Direct Analysis
SetupSingleSlotRequest,607,garnet-1.0.92/test/Garnet.test.cluster/RedirectTests/BaseCommand.cs,False,Direct Analysis
DBKeys,185,garnet-1.0.92/libs/server/Storage/Session/Common/ArrayKeyIterationFunctions.cs,False,Direct Analysis
DbSize,210,garnet-1.0.92/libs/server/Storage/Session/Common/ArrayKeyIterationFunctions.cs,False,Direct Analysis
StringSetBit,18,garnet-1.0.92/libs/server/Storage/Session/MainStore/BitmapOps.cs,False,Direct Analysis
StringGetBit,42,garnet-1.0.92/libs/server/Storage/Session/MainStore/BitmapOps.cs,False,Direct Analysis
StringBitOperation,76,garnet-1.0.92/libs/server/Storage/Session/MainStore/BitmapOps.cs,False,Direct Analysis
StringBitOperation,179,garnet-1.0.92/libs/server/Storage/Session/MainStore/BitmapOps.cs,False,Direct Analysis
StringBitCount,196,garnet-1.0.92/libs/server/Storage/Session/MainStore/BitmapOps.cs,False,Direct Analysis
StringBitField,263,garnet-1.0.92/libs/server/Storage/Session/MainStore/BitmapOps.cs,False,Direct Analysis
HyperLogLogAdd,18,garnet-1.0.92/libs/server/Storage/Session/MainStore/HyperLogLogOps.cs,False,Direct Analysis
HyperLogLogLength,67,garnet-1.0.92/libs/server/Storage/Session/MainStore/HyperLogLogOps.cs,False,Direct Analysis
HyperLogLogLength,90,garnet-1.0.92/libs/server/Storage/Session/MainStore/HyperLogLogOps.cs,False,Direct Analysis
HyperLogLogMerge,185,garnet-1.0.92/libs/server/Storage/Session/MainStore/HyperLogLogOps.cs,False,Direct Analysis
ReadWithUnsafeContext,46,garnet-1.0.92/libs/server/Storage/Session/MainStore/MainStoreOps.cs,False,Direct Analysis
GET,82,garnet-1.0.92/libs/server/Storage/Session/MainStore/MainStoreOps.cs,False,Direct Analysis
TTL,241,garnet-1.0.92/libs/server/Storage/Session/MainStore/MainStoreOps.cs,False,Direct Analysis
EXPIRETIME,295,garnet-1.0.92/libs/server/Storage/Session/MainStore/MainStoreOps.cs,False,Direct Analysis
MSET_Conditional,435,garnet-1.0.92/libs/server/Storage/Session/MainStore/MainStoreOps.cs,False,Direct Analysis
SETEX,519,garnet-1.0.92/libs/server/Storage/Session/MainStore/MainStoreOps.cs,False,Direct Analysis
APPEND,537,garnet-1.0.92/libs/server/Storage/Session/MainStore/MainStoreOps.cs,False,Direct Analysis
DELETE,583,garnet-1.0.92/libs/server/Storage/Session/MainStore/MainStoreOps.cs,False,Direct Analysis
DELETE,606,garnet-1.0.92/libs/server/Storage/Session/MainStore/MainStoreOps.cs,False,Direct Analysis
RENAME,652,garnet-1.0.92/libs/server/Storage/Session/MainStore/MainStoreOps.cs,False,Direct Analysis
EXISTS,858,garnet-1.0.92/libs/server/Storage/Session/MainStore/MainStoreOps.cs,False,Direct Analysis
EXPIRE,917,garnet-1.0.92/libs/server/Storage/Session/MainStore/MainStoreOps.cs,False,Direct Analysis
EXPIRE,1024,garnet-1.0.92/libs/server/Storage/Session/MainStore/MainStoreOps.cs,False,Direct Analysis
PERSIST,1080,garnet-1.0.92/libs/server/Storage/Session/MainStore/MainStoreOps.cs,False,Direct Analysis
WATCH,1194,garnet-1.0.92/libs/server/Storage/Session/MainStore/MainStoreOps.cs,False,Direct Analysis
GetKeyType,1212,garnet-1.0.92/libs/server/Storage/Session/MainStore/MainStoreOps.cs,False,Direct Analysis
LCS,1290,garnet-1.0.92/libs/server/Storage/Session/MainStore/MainStoreOps.cs,False,Direct Analysis
LCSInternal,1314,garnet-1.0.92/libs/server/Storage/Session/MainStore/MainStoreOps.cs,False,Direct Analysis
StartPendingMetrics,23,garnet-1.0.92/libs/server/Storage/Session/Metrics.cs,False,Direct Analysis
ObjectScan,126,garnet-1.0.92/libs/server/Storage/Session/ObjectStore/Common.cs,False,Direct Analysis
ProcessRespArrayOutput,229,garnet-1.0.92/libs/server/Storage/Session/ObjectStore/Common.cs,False,Direct Analysis
ProcessResp3ArrayOutput,323,garnet-1.0.92/libs/server/Storage/Session/ObjectStore/Common.cs,False,Direct Analysis
HashSet,35,garnet-1.0.92/libs/server/Storage/Session/ObjectStore/HashOps.cs,False,Direct Analysis
HashDelete,116,garnet-1.0.92/libs/server/Storage/Session/ObjectStore/HashOps.cs,False,Direct Analysis
HashGet,146,garnet-1.0.92/libs/server/Storage/Session/ObjectStore/HashOps.cs,False,Direct Analysis
HashGetMultiple,181,garnet-1.0.92/libs/server/Storage/Session/ObjectStore/HashOps.cs,False,Direct Analysis
HashLength,247,garnet-1.0.92/libs/server/Storage/Session/ObjectStore/HashOps.cs,False,Direct Analysis
HashExists,275,garnet-1.0.92/libs/server/Storage/Session/ObjectStore/HashOps.cs,False,Direct Analysis
HashCollect,600,garnet-1.0.92/libs/server/Storage/Session/ObjectStore/HashOps.cs,False,Direct Analysis
ListPush,28,garnet-1.0.92/libs/server/Storage/Session/ObjectStore/ListOps.cs,False,Direct Analysis
ListPush,64,garnet-1.0.92/libs/server/Storage/Session/ObjectStore/ListOps.cs,False,Direct Analysis
ListLength,178,garnet-1.0.92/libs/server/Storage/Session/ObjectStore/ListOps.cs,False,Direct Analysis
ListMove,206,garnet-1.0.92/libs/server/Storage/Session/ObjectStore/ListOps.cs,False,Direct Analysis
ListPush,360,garnet-1.0.92/libs/server/Storage/Session/ObjectStore/ListOps.cs,False,Direct Analysis
ListInsert,418,garnet-1.0.92/libs/server/Storage/Session/ObjectStore/ListOps.cs,False,Direct Analysis
SetAdd,30,garnet-1.0.92/libs/server/Storage/Session/ObjectStore/SetOps.cs,False,Direct Analysis
SetAdd,59,garnet-1.0.92/libs/server/Storage/Session/ObjectStore/SetOps.cs,False,Direct Analysis
SetRemove,93,garnet-1.0.92/libs/server/Storage/Session/ObjectStore/SetOps.cs,False,Direct Analysis
SetRemove,123,garnet-1.0.92/libs/server/Storage/Session/ObjectStore/SetOps.cs,False,Direct Analysis
SetLength,152,garnet-1.0.92/libs/server/Storage/Session/ObjectStore/SetOps.cs,False,Direct Analysis
SetMove,262,garnet-1.0.92/libs/server/Storage/Session/ObjectStore/SetOps.cs,False,Direct Analysis
SetIntersect,354,garnet-1.0.92/libs/server/Storage/Session/ObjectStore/SetOps.cs,False,Direct Analysis
SetIntersectStore,394,garnet-1.0.92/libs/server/Storage/Session/ObjectStore/SetOps.cs,False,Direct Analysis
SetUnion,533,garnet-1.0.92/libs/server/Storage/Session/ObjectStore/SetOps.cs,False,Direct Analysis
SetUnionStore,573,garnet-1.0.92/libs/server/Storage/Session/ObjectStore/SetOps.cs,False,Direct Analysis
SetIsMember,735,garnet-1.0.92/libs/server/Storage/Session/ObjectStore/SetOps.cs,False,Direct Analysis
SetDiff,797,garnet-1.0.92/libs/server/Storage/Session/ObjectStore/SetOps.cs,False,Direct Analysis
SetDiffStore,837,garnet-1.0.92/libs/server/Storage/Session/ObjectStore/SetOps.cs,False,Direct Analysis
SetIntersectLength,960,garnet-1.0.92/libs/server/Storage/Session/ObjectStore/SetOps.cs,False,Direct Analysis
GeoSearchReadOnly,60,garnet-1.0.92/libs/server/Storage/Session/ObjectStore/SortedSetGeoOps.cs,False,Direct Analysis
GeoSearchStore,116,garnet-1.0.92/libs/server/Storage/Session/ObjectStore/SortedSetGeoOps.cs,False,Direct Analysis
SortedSetAdd,32,garnet-1.0.92/libs/server/Storage/Session/ObjectStore/SortedSetOps.cs,False,Direct Analysis
SortedSetRemove,113,garnet-1.0.92/libs/server/Storage/Session/ObjectStore/SortedSetOps.cs,False,Direct Analysis
SortedSetRemove,146,garnet-1.0.92/libs/server/Storage/Session/ObjectStore/SortedSetOps.cs,False,Direct Analysis
SortedSetRemoveRangeByLex,176,garnet-1.0.92/libs/server/Storage/Session/ObjectStore/SortedSetOps.cs,False,Direct Analysis
SortedSetRemoveRangeByScore,224,garnet-1.0.92/libs/server/Storage/Session/ObjectStore/SortedSetOps.cs,False,Direct Analysis
SortedSetRemoveRangeByRank,281,garnet-1.0.92/libs/server/Storage/Session/ObjectStore/SortedSetOps.cs,False,Direct Analysis
SortedSetIncrement,375,garnet-1.0.92/libs/server/Storage/Session/ObjectStore/SortedSetOps.cs,False,Direct Analysis
SortedSetLength,423,garnet-1.0.92/libs/server/Storage/Session/ObjectStore/SortedSetOps.cs,False,Direct Analysis
SortedSetDifference,529,garnet-1.0.92/libs/server/Storage/Session/ObjectStore/SortedSetOps.cs,False,Direct Analysis
SortedSetDifferenceStore,577,garnet-1.0.92/libs/server/Storage/Session/ObjectStore/SortedSetOps.cs,False,Direct Analysis
SortedSetRank,643,garnet-1.0.92/libs/server/Storage/Session/ObjectStore/SortedSetOps.cs,False,Direct Analysis
SortedSetAdd,690,garnet-1.0.92/libs/server/Storage/Session/ObjectStore/SortedSetOps.cs,False,Direct Analysis
SortedSetRangeStore,708,garnet-1.0.92/libs/server/Storage/Session/ObjectStore/SortedSetOps.cs,False,Direct Analysis
SortedSetCount,899,garnet-1.0.92/libs/server/Storage/Session/ObjectStore/SortedSetOps.cs,False,Direct Analysis
SortedSetUnion,1039,garnet-1.0.92/libs/server/Storage/Session/ObjectStore/SortedSetOps.cs,False,Direct Analysis
SortedSetUnionStore,1081,garnet-1.0.92/libs/server/Storage/Session/ObjectStore/SortedSetOps.cs,False,Direct Analysis
SortedSetIntersectStore,1347,garnet-1.0.92/libs/server/Storage/Session/ObjectStore/SortedSetOps.cs,False,Direct Analysis
SortedSetIntersect,1409,garnet-1.0.92/libs/server/Storage/Session/ObjectStore/SortedSetOps.cs,False,Direct Analysis
SortedSetExpire,1583,garnet-1.0.92/libs/server/Storage/Session/ObjectStore/SortedSetOps.cs,False,Direct Analysis
SortedSetTimeToLive,1631,garnet-1.0.92/libs/server/Storage/Session/ObjectStore/SortedSetOps.cs,False,Direct Analysis
SortedSetPersist,1675,garnet-1.0.92/libs/server/Storage/Session/ObjectStore/SortedSetOps.cs,False,Direct Analysis
SortedSetCollect,1707,garnet-1.0.92/libs/server/Storage/Session/ObjectStore/SortedSetOps.cs,False,Direct Analysis
UpdateRespProtocolVersion,98,garnet-1.0.92/libs/server/Storage/Session/StorageSession.cs,False,Direct Analysis
Dispose,103,garnet-1.0.92/libs/server/Storage/Session/StorageSession.cs,False,Direct Analysis
DisposeRecord,45,garnet-1.0.92/libs/storage/Tsavorite/cs/src/core/Index/StoreFunctions/IRecordDisposer.cs,False,Direct Analysis
IsValid,687,garnet-1.0.92/libs/host/Configuration/Options.cs,False,Direct Analysis
GetServerOptions,720,garnet-1.0.92/libs/host/Configuration/Options.cs,False,Direct Analysis
GetDeviceType,958,garnet-1.0.92/libs/host/Configuration/Options.cs,False,Direct Analysis
GetAuthenticationSettings,974,garnet-1.0.92/libs/host/Configuration/Options.cs,False,Direct Analysis
GetFastAofTruncate,995,garnet-1.0.92/libs/host/Configuration/Options.cs,False,Direct Analysis
Clone,1011,garnet-1.0.92/libs/host/Configuration/Options.cs,False,Direct Analysis
Setup,45,garnet-1.0.92/libs/storage/Tsavorite/cs/test/BlittableLogScanTests.cs,False,Direct Analysis
TearDown,72,garnet-1.0.92/libs/storage/Tsavorite/cs/test/BlittableLogScanTests.cs,False,Direct Analysis
BlittableDiskWriteScan,111,garnet-1.0.92/libs/storage/Tsavorite/cs/test/BlittableLogScanTests.cs,False,Direct Analysis
BlittableScanJumpToBeginAddressTest,152,garnet-1.0.92/libs/storage/Tsavorite/cs/test/BlittableLogScanTests.cs,False,Direct Analysis
BlittableScanCursorTest,211,garnet-1.0.92/libs/storage/Tsavorite/cs/test/BlittableLogScanTests.cs,False,Direct Analysis
BlittableScanCursorFilterTest,299,garnet-1.0.92/libs/storage/Tsavorite/cs/test/BlittableLogScanTests.cs,False,Direct Analysis
IsLocalConnection,48,garnet-1.0.92/libs/server/Lua/ScratchBufferNetworkSender.cs,False,Direct Analysis
Dispose,56,garnet-1.0.92/libs/server/Lua/ScratchBufferNetworkSender.cs,False,Direct Analysis
DisposeNetworkSender,61,garnet-1.0.92/libs/server/Lua/ScratchBufferNetworkSender.cs,False,Direct Analysis
Enter,66,garnet-1.0.92/libs/server/Lua/ScratchBufferNetworkSender.cs,False,Direct Analysis
EnterAndGetResponseObject,69,garnet-1.0.92/libs/server/Lua/ScratchBufferNetworkSender.cs,False,Direct Analysis
Exit,77,garnet-1.0.92/libs/server/Lua/ScratchBufferNetworkSender.cs,False,Direct Analysis
ExitAndReturnResponseObject,80,garnet-1.0.92/libs/server/Lua/ScratchBufferNetworkSender.cs,False,Direct Analysis
GetResponseObject,85,garnet-1.0.92/libs/server/Lua/ScratchBufferNetworkSender.cs,False,Direct Analysis
GetResponseObjectHead,90,garnet-1.0.92/libs/server/Lua/ScratchBufferNetworkSender.cs,False,Direct Analysis
GetResponseObjectTail,97,garnet-1.0.92/libs/server/Lua/ScratchBufferNetworkSender.cs,False,Direct Analysis
ReturnResponseObject,104,garnet-1.0.92/libs/server/Lua/ScratchBufferNetworkSender.cs,False,Direct Analysis
SendCallback,109,garnet-1.0.92/libs/server/Lua/ScratchBufferNetworkSender.cs,False,Direct Analysis
SendResponse,114,garnet-1.0.92/libs/server/Lua/ScratchBufferNetworkSender.cs,False,Direct Analysis
SendResponse,121,garnet-1.0.92/libs/server/Lua/ScratchBufferNetworkSender.cs,False,Direct Analysis
Throttle,126,garnet-1.0.92/libs/server/Lua/ScratchBufferNetworkSender.cs,False,Direct Analysis
TryClose,131,garnet-1.0.92/libs/server/Lua/ScratchBufferNetworkSender.cs,False,Direct Analysis
IsValid,645,garnet-1.0.92/libs/host/Configuration/OptionsValidators.cs,False,Direct Analysis
CreateAuthenticator,63,garnet-1.0.92/libs/server/Auth/Settings/AadAuthenticationSettings.cs,False,Direct Analysis
Dispose,72,garnet-1.0.92/libs/server/Auth/Settings/AadAuthenticationSettings.cs,False,Direct Analysis
Dispose,89,garnet-1.0.92/libs/server/Auth/Settings/AadAuthenticationSettings.cs,False,Direct Analysis
Initialize,59,garnet-1.0.92/libs/storage/Tsavorite/cs/src/core/Device/TieredStorageDevice.cs,False,Direct Analysis
Dispose,69,garnet-1.0.92/libs/storage/Tsavorite/cs/src/core/Device/TieredStorageDevice.cs,False,Direct Analysis
ReadAsync,77,garnet-1.0.92/libs/storage/Tsavorite/cs/src/core/Device/TieredStorageDevice.cs,False,Direct Analysis
WriteAsync,86,garnet-1.0.92/libs/storage/Tsavorite/cs/src/core/Device/TieredStorageDevice.cs,False,Direct Analysis
RemoveSegmentAsync,119,garnet-1.0.92/libs/storage/Tsavorite/cs/src/core/Device/TieredStorageDevice.cs,False,Direct Analysis
FindClosestDeviceContaining,166,garnet-1.0.92/libs/storage/Tsavorite/cs/src/core/Device/TieredStorageDevice.cs,False,Direct Analysis
GlobalSetup,18,garnet-1.0.92/benchmark/BDN.benchmark/Operations/ObjectOperations.cs,False,Direct Analysis
LPushPop,29,garnet-1.0.92/benchmark/BDN.benchmark/Operations/ObjectOperations.cs,False,Direct Analysis
AddKey,89,garnet-1.0.92/libs/server/Transaction/TxnKeyEntry.cs,False,Direct Analysis
LockAllKeys,112,garnet-1.0.92/libs/server/Transaction/TxnKeyEntry.cs,False,Direct Analysis
TryLockAllKeys,139,garnet-1.0.92/libs/server/Transaction/TxnKeyEntry.cs,False,Direct Analysis
UnlockAllKeys,177,garnet-1.0.92/libs/server/Transaction/TxnKeyEntry.cs,False,Direct Analysis
GetLockset,191,garnet-1.0.92/libs/server/Transaction/TxnKeyEntry.cs,False,Direct Analysis
ExecuteAsync,23,garnet-1.0.92/hosting/Windows/Garnet.worker/Worker.cs,False,Direct Analysis
StopAsync,44,garnet-1.0.92/hosting/Windows/Garnet.worker/Worker.cs,False,Direct Analysis
Dispose,50,garnet-1.0.92/hosting/Windows/Garnet.worker/Worker.cs,False,Direct Analysis
GetEnumerator,30,garnet-1.0.92/metrics/HdrHistogram/Iteration/AllValueEnumerable.cs,False,Direct Analysis
GetEnumerator,35,garnet-1.0.92/metrics/HdrHistogram/Iteration/AllValueEnumerable.cs,False,Direct Analysis
AddToFuzzyRegionBuffer,63,garnet-1.0.92/libs/server/AOF/ReplayCoordinator/AofReplayContext.cs,False,Direct Analysis
Authenticate,17,garnet-1.0.92/libs/server/Auth/GarnetNoAuthAuthenticator.cs,False,Direct Analysis
ConcurrentWriter,26,garnet-1.0.92/libs/storage/Tsavorite/cs/src/core/Index/Interfaces/SessionFunctionsBase.cs,False,Direct Analysis
SingleWriter,28,garnet-1.0.92/libs/storage/Tsavorite/cs/src/core/Index/Interfaces/SessionFunctionsBase.cs,False,Direct Analysis
PostSingleWriter,30,garnet-1.0.92/libs/storage/Tsavorite/cs/src/core/Index/Interfaces/SessionFunctionsBase.cs,False,Direct Analysis
PostInitialUpdater,35,garnet-1.0.92/libs/storage/Tsavorite/cs/src/core/Index/Interfaces/SessionFunctionsBase.cs,False,Direct Analysis
SingleDeleter,48,garnet-1.0.92/libs/storage/Tsavorite/cs/src/core/Index/Interfaces/SessionFunctionsBase.cs,False,Direct Analysis
PostSingleDeleter,49,garnet-1.0.92/libs/storage/Tsavorite/cs/src/core/Index/Interfaces/SessionFunctionsBase.cs,False,Direct Analysis
ReadCompletionCallback,52,garnet-1.0.92/libs/storage/Tsavorite/cs/src/core/Index/Interfaces/SessionFunctionsBase.cs,False,Direct Analysis
RMWCompletionCallback,54,garnet-1.0.92/libs/storage/Tsavorite/cs/src/core/Index/Interfaces/SessionFunctionsBase.cs,False,Direct Analysis
ConvertOutputToHeap,64,garnet-1.0.92/libs/storage/Tsavorite/cs/src/core/Index/Interfaces/SessionFunctionsBase.cs,False,Direct Analysis
Log,28,garnet-1.0.92/libs/host/MemoryLogger.cs,False,Direct Analysis
FlushLogger,37,garnet-1.0.92/libs/host/MemoryLogger.cs,False,Direct Analysis
GetSingleSlotRequest,2378,garnet-1.0.92/test/Garnet.test.cluster/RedirectTests/BaseCommand.cs,False,Direct Analysis
LoadFrom,67,garnet-1.0.92/libs/client/TcsWrapper.cs,False,Direct Analysis
SendResponse,41,garnet-1.0.92/libs/client/ClientTcpNetworkSender.cs,False,Direct Analysis
SendCallback,71,garnet-1.0.92/libs/client/ClientTcpNetworkSender.cs,False,Direct Analysis
DisposeNetworkSender,77,garnet-1.0.92/libs/client/ClientTcpNetworkSender.cs,False,Direct Analysis
SeaaBuffer_Completed,87,garnet-1.0.92/libs/client/ClientTcpNetworkSender.cs,False,Direct Analysis
Dispose,19,garnet-1.0.92/playground/Bitmap/MemoryPoolBuffers.cs,False,Direct Analysis
GetValidPointer,28,garnet-1.0.92/playground/Bitmap/MemoryPoolBuffers.cs,False,Direct Analysis
RegisterModules,33,garnet-1.0.92/benchmark/BDN.benchmark/Operations/ModuleOperations.cs,False,Direct Analysis
GlobalSetup,39,garnet-1.0.92/benchmark/BDN.benchmark/Operations/ModuleOperations.cs,False,Direct Analysis
ModuleNoOpRawStringReadCommand,62,garnet-1.0.92/benchmark/BDN.benchmark/Operations/ModuleOperations.cs,False,Direct Analysis
ModuleNoOpRawStringRmwCommand,68,garnet-1.0.92/benchmark/BDN.benchmark/Operations/ModuleOperations.cs,False,Direct Analysis
ModuleNoOpObjRmwCommand,74,garnet-1.0.92/benchmark/BDN.benchmark/Operations/ModuleOperations.cs,False,Direct Analysis
ModuleNoOpObjReadCommand,80,garnet-1.0.92/benchmark/BDN.benchmark/Operations/ModuleOperations.cs,False,Direct Analysis
ModuleNoOpProc,86,garnet-1.0.92/benchmark/BDN.benchmark/Operations/ModuleOperations.cs,False,Direct Analysis
ModuleNoOpTxn,92,garnet-1.0.92/benchmark/BDN.benchmark/Operations/ModuleOperations.cs,False,Direct Analysis
ActiveConsumers,22,garnet-1.0.92/benchmark/BDN.benchmark/Embedded/GarnetServerEmbedded.cs,False,Direct Analysis
ActiveClusterSessions,33,garnet-1.0.92/benchmark/BDN.benchmark/Embedded/GarnetServerEmbedded.cs,False,Direct Analysis
CreateNetworkHandler,43,garnet-1.0.92/benchmark/BDN.benchmark/Embedded/GarnetServerEmbedded.cs,False,Direct Analysis
DisposeMessageConsumer,92,garnet-1.0.92/benchmark/BDN.benchmark/Embedded/GarnetServerEmbedded.cs,False,Direct Analysis
Start,109,garnet-1.0.92/benchmark/BDN.benchmark/Embedded/GarnetServerEmbedded.cs,False,Direct Analysis
TryCreateMessageConsumer,113,garnet-1.0.92/benchmark/BDN.benchmark/Embedded/GarnetServerEmbedded.cs,False,Direct Analysis
GetSingleSlotRequest,1923,garnet-1.0.92/test/Garnet.test.cluster/RedirectTests/BaseCommand.cs,False,Direct Analysis
GlobalSetup,32,garnet-1.0.92/benchmark/BDN.benchmark/Operations/JsonOperations.cs,False,Direct Analysis
ModuleJsonGetCommand,56,garnet-1.0.92/benchmark/BDN.benchmark/Operations/JsonOperations.cs,False,Direct Analysis
ModuleJsonSetCommand,62,garnet-1.0.92/benchmark/BDN.benchmark/Operations/JsonOperations.cs,False,Direct Analysis
ModuleJsonGetDeepPath,68,garnet-1.0.92/benchmark/BDN.benchmark/Operations/JsonOperations.cs,False,Direct Analysis
ModuleJsonGetArrayPath,74,garnet-1.0.92/benchmark/BDN.benchmark/Operations/JsonOperations.cs,False,Direct Analysis
ModuleJsonGetArrayElementsPath,80,garnet-1.0.92/benchmark/BDN.benchmark/Operations/JsonOperations.cs,False,Direct Analysis
ModuleJsonGetFilterPath,86,garnet-1.0.92/benchmark/BDN.benchmark/Operations/JsonOperations.cs,False,Direct Analysis
ModuleJsonGetRecursive,92,garnet-1.0.92/benchmark/BDN.benchmark/Operations/JsonOperations.cs,False,Direct Analysis
RegisterModules,126,garnet-1.0.92/benchmark/BDN.benchmark/Operations/JsonOperations.cs,False,Direct Analysis
Setup,303,garnet-1.0.92/test/Garnet.test/RespConfigTests.cs,False,Direct Analysis
TearDown,319,garnet-1.0.92/test/Garnet.test/RespConfigTests.cs,False,Direct Analysis
ConfigSetMemorySizeUtilizationTest,337,garnet-1.0.92/test/Garnet.test/RespConfigTests.cs,False,Direct Analysis
ConfigSetMemorySizeRecoveryTest,438,garnet-1.0.92/test/Garnet.test/RespConfigTests.cs,False,Direct Analysis
Dispose,41,garnet-1.0.92/libs/common/Memory/PoolEntry.cs,False,Direct Analysis
Reuse,51,garnet-1.0.92/libs/common/Memory/PoolEntry.cs,False,Direct Analysis
Dispose,41,garnet-1.0.92/libs/cluster/Server/Replication/PrimaryOps/DisklessReplication/ReplicationSyncManager.cs,False,Direct Analysis
IsActive,56,garnet-1.0.92/libs/cluster/Server/Replication/PrimaryOps/DisklessReplication/ReplicationSyncManager.cs,False,Direct Analysis
WaitForFlush,76,garnet-1.0.92/libs/cluster/Server/Replication/PrimaryOps/DisklessReplication/ReplicationSyncManager.cs,False,Direct Analysis
AddReplicaSyncSession,93,garnet-1.0.92/libs/cluster/Server/Replication/PrimaryOps/DisklessReplication/ReplicationSyncManager.cs,False,Direct Analysis
ReplicationSyncDriver,113,garnet-1.0.92/libs/cluster/Server/Replication/PrimaryOps/DisklessReplication/ReplicationSyncManager.cs,False,Direct Analysis
MainStreamingSnapshotDriver,160,garnet-1.0.92/libs/cluster/Server/Replication/PrimaryOps/DisklessReplication/ReplicationSyncManager.cs,False,Direct Analysis
Setup,44,garnet-1.0.92/test/Garnet.test/RespSortedSetGarnetClientTests.cs,False,Direct Analysis
TearDown,54,garnet-1.0.92/test/Garnet.test/RespSortedSetGarnetClientTests.cs,False,Direct Analysis
CanDoZAddGarnetAsync,64,garnet-1.0.92/test/Garnet.test/RespSortedSetGarnetClientTests.cs,False,Direct Analysis
CanDoZAddGarnetCallback,94,garnet-1.0.92/test/Garnet.test/RespSortedSetGarnetClientTests.cs,False,Direct Analysis
CanDoExecuteForStringResultCallback,105,garnet-1.0.92/test/Garnet.test/RespSortedSetGarnetClientTests.cs,False,Direct Analysis
CanDoZCardGarnetUsingMemoryResultAsync,131,garnet-1.0.92/test/Garnet.test/RespSortedSetGarnetClientTests.cs,False,Direct Analysis
SimpleMemoryResultCallback,149,garnet-1.0.92/test/Garnet.test/RespSortedSetGarnetClientTests.cs,False,Direct Analysis
CanDoZAddGarnetMultithread,157,garnet-1.0.92/test/Garnet.test/RespSortedSetGarnetClientTests.cs,False,Direct Analysis
CanUseExecuteForStringArrayResult,233,garnet-1.0.92/test/Garnet.test/RespSortedSetGarnetClientTests.cs,False,Direct Analysis
CanUseExecuteForStringResultAsync,263,garnet-1.0.92/test/Garnet.test/RespSortedSetGarnetClientTests.cs,False,Direct Analysis
CanUseExecuteForMemoryResultArrayWithCancellationTokenAsync,284,garnet-1.0.92/test/Garnet.test/RespSortedSetGarnetClientTests.cs,False,Direct Analysis
CanUseExecuteForMemoryResultWithCancellationTokenAsync,324,garnet-1.0.92/test/Garnet.test/RespSortedSetGarnetClientTests.cs,False,Direct Analysis
CanGarnetClientUseZaddZrem,413,garnet-1.0.92/test/Garnet.test/RespSortedSetGarnetClientTests.cs,False,Direct Analysis
CanGarnetClientUseZaddZremWithCallback,443,garnet-1.0.92/test/Garnet.test/RespSortedSetGarnetClientTests.cs,False,Direct Analysis
CanGarnetClientUseZCard,491,garnet-1.0.92/test/Garnet.test/RespSortedSetGarnetClientTests.cs,False,Direct Analysis
Return,29,garnet-1.0.92/libs/server/Metrics/Latency/GarnetLatencyMetricsSession.cs,False,Direct Analysis
Init,46,garnet-1.0.92/libs/server/Metrics/Latency/GarnetLatencyMetricsSession.cs,False,Direct Analysis
Start,54,garnet-1.0.92/libs/server/Metrics/Latency/GarnetLatencyMetricsSession.cs,False,Direct Analysis
Get,61,garnet-1.0.92/libs/server/Metrics/Latency/GarnetLatencyMetricsSession.cs,False,Direct Analysis
StopAndSwitch,68,garnet-1.0.92/libs/server/Metrics/Latency/GarnetLatencyMetricsSession.cs,False,Direct Analysis
Stop,78,garnet-1.0.92/libs/server/Metrics/Latency/GarnetLatencyMetricsSession.cs,False,Direct Analysis
RecordValue,85,garnet-1.0.92/libs/server/Metrics/Latency/GarnetLatencyMetricsSession.cs,False,Direct Analysis
Reset,97,garnet-1.0.92/libs/server/Metrics/Latency/GarnetLatencyMetricsSession.cs,False,Direct Analysis
Enqueue,25,garnet-1.0.92/libs/storage/Tsavorite/cs/src/core/Allocator/AtomicOwner.cs,False,Direct Analysis
Dequeue,48,garnet-1.0.92/libs/storage/Tsavorite/cs/src/core/Allocator/AtomicOwner.cs,False,Direct Analysis
Release,69,garnet-1.0.92/libs/storage/Tsavorite/cs/src/core/Allocator/AtomicOwner.cs,False,Direct Analysis
Reset,104,garnet-1.0.92/libs/server/Metrics/GarnetSessionMetrics.cs,False,Direct Analysis
GlobalSetup,18,garnet-1.0.92/benchmark/BDN.benchmark/Network/BasicOperations.cs,False,Direct Analysis
InlinePing,25,garnet-1.0.92/benchmark/BDN.benchmark/Network/BasicOperations.cs,False,Direct Analysis
GlobalSetup,18,garnet-1.0.92/benchmark/BDN.benchmark/Operations/BasicOperations.cs,False,Direct Analysis
InlinePing,25,garnet-1.0.92/benchmark/BDN.benchmark/Operations/BasicOperations.cs,False,Direct Analysis
ExecuteFilter,32,garnet-1.0.92/modules/GarnetJSON/JSONPath/ScanArrayMultipleIndexFilter.cs,False,Direct Analysis
ExecuteFilter,112,garnet-1.0.92/modules/GarnetJSON/JSONPath/ScanArrayMultipleIndexFilter.cs,False,Direct Analysis
CompletePending,56,garnet-1.0.92/libs/storage/Tsavorite/cs/src/core/ClientSession/UnsafeContext.cs,False,Direct Analysis
CompletePendingWithOutputs,63,garnet-1.0.92/libs/storage/Tsavorite/cs/src/core/ClientSession/UnsafeContext.cs,False,Direct Analysis
Refresh,385,garnet-1.0.92/libs/storage/Tsavorite/cs/src/core/ClientSession/UnsafeContext.cs,False,Direct Analysis
TrySetUser,48,garnet-1.0.92/libs/server/ACL/UserHandle.cs,False,Direct Analysis
TryImportOptions,147,garnet-1.0.92/libs/host/Configuration/ConfigProviders.cs,False,Direct Analysis
TryExportOptions,162,garnet-1.0.92/libs/host/Configuration/ConfigProviders.cs,False,Direct Analysis
TrySerializeOptions,173,garnet-1.0.92/libs/host/Configuration/ConfigProviders.cs,False,Direct Analysis
TryDeserializeOptions,193,garnet-1.0.92/libs/host/Configuration/ConfigProviders.cs,False,Direct Analysis
TryDeserializeOptions,199,garnet-1.0.92/libs/host/Configuration/ConfigProviders.cs,False,Direct Analysis
Validate,62,garnet-1.0.92/libs/common/Memory/LimitedFixedBufferPool.cs,False,Direct Analysis
Return,86,garnet-1.0.92/libs/common/Memory/LimitedFixedBufferPool.cs,False,Direct Analysis
Get,112,garnet-1.0.92/libs/common/Memory/LimitedFixedBufferPool.cs,False,Direct Analysis
Purge,148,garnet-1.0.92/libs/common/Memory/LimitedFixedBufferPool.cs,False,Direct Analysis
Dispose,166,garnet-1.0.92/libs/common/Memory/LimitedFixedBufferPool.cs,False,Direct Analysis
GetStats,198,garnet-1.0.92/libs/common/Memory/LimitedFixedBufferPool.cs,False,Direct Analysis
Position,221,garnet-1.0.92/libs/common/Memory/LimitedFixedBufferPool.cs,False,Direct Analysis
CreateBufferPool,75,garnet-1.0.92/libs/common/NetworkBufferSettings.cs,False,Direct Analysis
Dispose,106,garnet-1.0.92/libs/storage/Tsavorite/cs/src/core/Index/Tsavorite/TsavoriteIterator.cs,False,Direct Analysis
GetNext,118,garnet-1.0.92/libs/storage/Tsavorite/cs/src/core/Index/Tsavorite/TsavoriteIterator.cs,False,Direct Analysis
PushNext,161,garnet-1.0.92/libs/storage/Tsavorite/cs/src/core/Index/Tsavorite/TsavoriteIterator.cs,False,Direct Analysis
ProcessNonTailmostMainKvRecord,228,garnet-1.0.92/libs/storage/Tsavorite/cs/src/core/Index/Tsavorite/TsavoriteIterator.cs,False,Direct Analysis
IsTailmostMainKvRecord,242,garnet-1.0.92/libs/storage/Tsavorite/cs/src/core/Index/Tsavorite/TsavoriteIterator.cs,False,Direct Analysis
GetNext,267,garnet-1.0.92/libs/storage/Tsavorite/cs/src/core/Index/Tsavorite/TsavoriteIterator.cs,False,Direct Analysis
GlobalSetup_Unary,30,garnet-1.0.92/benchmark/BDN.benchmark/Bitmap/UnaryOperations.cs,False,Direct Analysis
BitOperation_NOT,44,garnet-1.0.92/benchmark/BDN.benchmark/Bitmap/UnaryOperations.cs,False,Direct Analysis
GlobalCleanup,50,garnet-1.0.92/benchmark/BDN.benchmark/Bitmap/UnaryOperations.cs,False,Direct Analysis
GetSingleSlotRequest,2249,garnet-1.0.92/test/Garnet.test.cluster/RedirectTests/BaseCommand.cs,False,Direct Analysis
GetCrossSlotRequest,2255,garnet-1.0.92/test/Garnet.test.cluster/RedirectTests/BaseCommand.cs,False,Direct Analysis
SetupSingleSlotRequest,2261,garnet-1.0.92/test/Garnet.test.cluster/RedirectTests/BaseCommand.cs,False,Direct Analysis
Dispose,60,garnet-1.0.92/libs/cluster/Server/Migration/MigrationManager.cs,False,Direct Analysis
ExecuteFilter,32,garnet-1.0.92/modules/GarnetJSON/JSONPath/ScanFilter.cs,False,Direct Analysis
ExecuteFilter,105,garnet-1.0.92/modules/GarnetJSON/JSONPath/ScanFilter.cs,False,Direct Analysis
Authenticate,60,garnet-1.0.92/libs/server/Auth/GarnetACLAuthenticator.cs,False,Direct Analysis
GetUserHandle,89,garnet-1.0.92/libs/server/Auth/GarnetACLAuthenticator.cs,False,Direct Analysis
GetAccessControlList,100,garnet-1.0.92/libs/server/Auth/GarnetACLAuthenticator.cs,False,Direct Analysis
GetSingleSlotRequest,578,garnet-1.0.92/test/Garnet.test.cluster/RedirectTests/BaseCommand.cs,False,Direct Analysis
Dispose,58,garnet-1.0.92/libs/host/MemoryLogger.cs,False,Direct Analysis
InitialUpdater,232,garnet-1.0.92/libs/storage/Tsavorite/cs/test/ObjectRecoveryTest2.cs,False,Direct Analysis
CopyUpdater,234,garnet-1.0.92/libs/storage/Tsavorite/cs/test/ObjectRecoveryTest2.cs,False,Direct Analysis
InPlaceUpdater,235,garnet-1.0.92/libs/storage/Tsavorite/cs/test/ObjectRecoveryTest2.cs,False,Direct Analysis
SingleReader,244,garnet-1.0.92/libs/storage/Tsavorite/cs/test/ObjectRecoveryTest2.cs,False,Direct Analysis
SingleWriter,250,garnet-1.0.92/libs/storage/Tsavorite/cs/test/ObjectRecoveryTest2.cs,False,Direct Analysis
ConcurrentReader,252,garnet-1.0.92/libs/storage/Tsavorite/cs/test/ObjectRecoveryTest2.cs,False,Direct Analysis
ConcurrentWriter,258,garnet-1.0.92/libs/storage/Tsavorite/cs/test/ObjectRecoveryTest2.cs,False,Direct Analysis
InitialUpdater,67,garnet-1.0.92/libs/storage/Tsavorite/cs/test/ObjectTestTypes.cs,False,Direct Analysis
InPlaceUpdater,73,garnet-1.0.92/libs/storage/Tsavorite/cs/test/ObjectTestTypes.cs,False,Direct Analysis
CopyUpdater,81,garnet-1.0.92/libs/storage/Tsavorite/cs/test/ObjectTestTypes.cs,False,Direct Analysis
ConcurrentReader,87,garnet-1.0.92/libs/storage/Tsavorite/cs/test/ObjectTestTypes.cs,False,Direct Analysis
ConcurrentWriter,95,garnet-1.0.92/libs/storage/Tsavorite/cs/test/ObjectTestTypes.cs,False,Direct Analysis
ReadCompletionCallback,101,garnet-1.0.92/libs/storage/Tsavorite/cs/test/ObjectTestTypes.cs,False,Direct Analysis
RMWCompletionCallback,107,garnet-1.0.92/libs/storage/Tsavorite/cs/test/ObjectTestTypes.cs,False,Direct Analysis
SingleReader,113,garnet-1.0.92/libs/storage/Tsavorite/cs/test/ObjectTestTypes.cs,False,Direct Analysis
SingleWriter,121,garnet-1.0.92/libs/storage/Tsavorite/cs/test/ObjectTestTypes.cs,False,Direct Analysis
NextState,20,garnet-1.0.92/libs/storage/Tsavorite/cs/src/core/Index/Checkpointing/FullCheckpointSM.cs,False,Direct Analysis
ToString,27,garnet-1.0.92/benchmark/BDN.benchmark/Cluster/ClusterParams.cs,False,Direct Analysis
ToRespFormat,172,garnet-1.0.92/libs/server/Resp/RespCommandArgument.cs,False,Direct Analysis
Dispose,33,garnet-1.0.92/libs/cluster/Server/Replication/ReplicaOps/ReceiveCheckpointHandler.cs,False,Direct Analysis
CloseDevice,43,garnet-1.0.92/libs/cluster/Server/Replication/ReplicaOps/ReceiveCheckpointHandler.cs,False,Direct Analysis
ProcessFileSegments,57,garnet-1.0.92/libs/cluster/Server/Replication/ReplicaOps/ReceiveCheckpointHandler.cs,False,Direct Analysis
WriteInto,89,garnet-1.0.92/libs/cluster/Server/Replication/ReplicaOps/ReceiveCheckpointHandler.cs,False,Direct Analysis
IOCallback,119,garnet-1.0.92/libs/cluster/Server/Replication/ReplicaOps/ReceiveCheckpointHandler.cs,False,Direct Analysis
ExecuteFilter,29,garnet-1.0.92/modules/GarnetJSON/JSONPath/ScanMultipleFilter.cs,False,Direct Analysis
ExecuteFilter,95,garnet-1.0.92/modules/GarnetJSON/JSONPath/ScanMultipleFilter.cs,False,Direct Analysis
GetInfoMetrics,30,garnet-1.0.92/libs/server/Servers/MetricsApi.cs,False,Direct Analysis
GetInfoMetrics,42,garnet-1.0.92/libs/server/Servers/MetricsApi.cs,False,Direct Analysis
ResetInfoMetrics,62,garnet-1.0.92/libs/server/Servers/MetricsApi.cs,False,Direct Analysis
GetLatencyMetrics,84,garnet-1.0.92/libs/server/Servers/MetricsApi.cs,False,Direct Analysis
GetLatencyMetrics,95,garnet-1.0.92/libs/server/Servers/MetricsApi.cs,False,Direct Analysis
ResetLatencyMetrics,106,garnet-1.0.92/libs/server/Servers/MetricsApi.cs,False,Direct Analysis
ToRespFormat,356,garnet-1.0.92/libs/server/Resp/RespCommandKeySpecification.cs,False,Direct Analysis
ExtractKeys,384,garnet-1.0.92/libs/server/Resp/RespCommandKeySpecification.cs,False,Direct Analysis
GetSettings,603,garnet-1.0.92/libs/server/Servers/GarnetServerOptions.cs,False,Direct Analysis
GetObjectStoreSettings,768,garnet-1.0.92/libs/server/Servers/GarnetServerOptions.cs,False,Direct Analysis
GetAofSettings,886,garnet-1.0.92/libs/server/Servers/GarnetServerOptions.cs,False,Direct Analysis
GetInitializedDeviceFactory,919,garnet-1.0.92/libs/server/Servers/GarnetServerOptions.cs,False,Direct Analysis
AofMemorySizeBits,928,garnet-1.0.92/libs/server/Servers/GarnetServerOptions.cs,False,Direct Analysis
AofPageSizeBits,941,garnet-1.0.92/libs/server/Servers/GarnetServerOptions.cs,False,Direct Analysis
AofSizeLimitSizeBits,954,garnet-1.0.92/libs/server/Servers/GarnetServerOptions.cs,False,Direct Analysis
ObjectStorePageSizeBits,967,garnet-1.0.92/libs/server/Servers/GarnetServerOptions.cs,False,Direct Analysis
ObjectStoreSegmentSizeBits,987,garnet-1.0.92/libs/server/Servers/GarnetServerOptions.cs,False,Direct Analysis
GetAofDevice,1000,garnet-1.0.92/libs/server/Servers/GarnetServerOptions.cs,False,Direct Analysis
Dispose,37,garnet-1.0.92/benchmark/Resp.benchmark/BenchmarkLoggerProvider.cs,False,Direct Analysis
Dispose,34,garnet-1.0.92/playground/MigrateBench/BenchmarkLoggerProvider.cs,False,Direct Analysis
RemoveSegmentAsync,37,garnet-1.0.92/libs/storage/Tsavorite/cs/test/SimulatedFlakyDevice.cs,False,Direct Analysis
WriteAsync,42,garnet-1.0.92/libs/storage/Tsavorite/cs/test/SimulatedFlakyDevice.cs,False,Direct Analysis
ReadAsync,105,garnet-1.0.92/libs/storage/Tsavorite/cs/test/SimulatedFlakyDevice.cs,False,Direct Analysis
Dispose,166,garnet-1.0.92/libs/storage/Tsavorite/cs/test/SimulatedFlakyDevice.cs,False,Direct Analysis
IsValid,256,garnet-1.0.92/libs/host/Configuration/OptionsValidators.cs,False,Direct Analysis
GetCustomProcedure,44,garnet-1.0.92/libs/server/Custom/CustomCommandManagerSession.cs,False,Direct Analysis
GetCustomTransactionProcedure,72,garnet-1.0.92/libs/server/Custom/CustomCommandManagerSession.cs,False,Direct Analysis
CopyTo,38,garnet-1.0.92/libs/server/Lua/ScriptHashKey.cs,False,Direct Analysis
Equals,44,garnet-1.0.92/libs/server/Lua/ScriptHashKey.cs,False,Direct Analysis
SetHeader,92,garnet-1.0.92/libs/server/InputHeader.cs,False,Direct Analysis
CheckExpiry,160,garnet-1.0.92/libs/server/InputHeader.cs,False,Direct Analysis
RMWCompletionCallback,38,garnet-1.0.92/libs/storage/Tsavorite/cs/test/VLVector.cs,False,Direct Analysis
ReadCompletionCallback,44,garnet-1.0.92/libs/storage/Tsavorite/cs/test/VLVector.cs,False,Direct Analysis
SingleReader,52,garnet-1.0.92/libs/storage/Tsavorite/cs/test/VLVector.cs,False,Direct Analysis
ConcurrentReader,58,garnet-1.0.92/libs/storage/Tsavorite/cs/test/VLVector.cs,False,Direct Analysis
ConcurrentWriter,68,garnet-1.0.92/libs/storage/Tsavorite/cs/test/VLVector.cs,False,Direct Analysis
Prepare,42,garnet-1.0.92/benchmark/BDN.benchmark/Custom/CustomTxnSet.cs,False,Direct Analysis
Main,63,garnet-1.0.92/benchmark/BDN.benchmark/Custom/CustomTxnSet.cs,False,Direct Analysis
Setup,23,garnet-1.0.92/test/Garnet.test/RespSetTest.cs,False,Direct Analysis
TearDown,31,garnet-1.0.92/test/Garnet.test/RespSetTest.cs,False,Direct Analysis
CandDoSaddBasic,41,garnet-1.0.92/test/Garnet.test/RespSetTest.cs,False,Direct Analysis
CheckEmptySetKeyRemoved,64,garnet-1.0.92/test/Garnet.test/RespSetTest.cs,False,Direct Analysis
CanAddAndListMembers,81,garnet-1.0.92/test/Garnet.test/RespSetTest.cs,False,Direct Analysis
CanCheckIfMemberExistsInSet,98,garnet-1.0.92/test/Garnet.test/RespSetTest.cs,False,Direct Analysis
CanAddAndGetAllMembersWithPendingStatus,119,garnet-1.0.92/test/Garnet.test/RespSetTest.cs,False,Direct Analysis
CanReturnEmptySet,142,garnet-1.0.92/test/Garnet.test/RespSetTest.cs,False,Direct Analysis
CanDoMembersWhenEmptyKey,155,garnet-1.0.92/test/Garnet.test/RespSetTest.cs,False,Direct Analysis
CanRemoveField,173,garnet-1.0.92/test/Garnet.test/RespSetTest.cs,False,Direct Analysis
CanUseSScanNoParameters,224,garnet-1.0.92/test/Garnet.test/RespSetTest.cs,False,Direct Analysis
CanUseSScanWithMatch,261,garnet-1.0.92/test/Garnet.test/RespSetTest.cs,False,Direct Analysis
CanUseSScanWithCollection,277,garnet-1.0.92/test/Garnet.test/RespSetTest.cs,False,Direct Analysis
CanDoSScanWithCursor,302,garnet-1.0.92/test/Garnet.test/RespSetTest.cs,False,Direct Analysis
CanDoSetUnion,348,garnet-1.0.92/test/Garnet.test/RespSetTest.cs,False,Direct Analysis
CanDoSetUnionStore,390,garnet-1.0.92/test/Garnet.test/RespSetTest.cs,False,Direct Analysis
CanDoSetInter,434,garnet-1.0.92/test/Garnet.test/RespSetTest.cs,False,Direct Analysis
CanDoSetInterStore,466,garnet-1.0.92/test/Garnet.test/RespSetTest.cs,False,Direct Analysis
CanDoSdiff,509,garnet-1.0.92/test/Garnet.test/RespSetTest.cs,False,Direct Analysis
CanDoSdiffStoreOverwrittenKey,547,garnet-1.0.92/test/Garnet.test/RespSetTest.cs,False,Direct Analysis
CanDoSmoveBasic,609,garnet-1.0.92/test/Garnet.test/RespSetTest.cs,False,Direct Analysis
CanDoSRANDMEMBERWithCountCommandSE,650,garnet-1.0.92/test/Garnet.test/RespSetTest.cs,False,Direct Analysis
CanDoSinterCard,713,garnet-1.0.92/test/Garnet.test/RespSetTest.cs,False,Direct Analysis
CanDoSinterCardThowsErrors,742,garnet-1.0.92/test/Garnet.test/RespSetTest.cs,False,Direct Analysis
SInterWithFirstKeyNotExisting,755,garnet-1.0.92/test/Garnet.test/RespSetTest.cs,False,Direct Analysis
SInterStoreWithFirstKeyNotExisting,772,garnet-1.0.92/test/Garnet.test/RespSetTest.cs,False,Direct Analysis
SDiffWithFirstKeyNotExisting,792,garnet-1.0.92/test/Garnet.test/RespSetTest.cs,False,Direct Analysis
SDiffStoreWithFirstKeyNotExisting,809,garnet-1.0.92/test/Garnet.test/RespSetTest.cs,False,Direct Analysis
SUnionWithFirstKeyNotExisting,832,garnet-1.0.92/test/Garnet.test/RespSetTest.cs,False,Direct Analysis
SUnionStoreWithFirstKeyNotExisting,852,garnet-1.0.92/test/Garnet.test/RespSetTest.cs,False,Direct Analysis
CanAddAndListMembersLC,884,garnet-1.0.92/test/Garnet.test/RespSetTest.cs,False,Direct Analysis
CanCheckIfMemberExistsInSetLC,904,garnet-1.0.92/test/Garnet.test/RespSetTest.cs,False,Direct Analysis
CanDoSCARDCommandLC,938,garnet-1.0.92/test/Garnet.test/RespSetTest.cs,False,Direct Analysis
CanReturnEmptySetLC,948,garnet-1.0.92/test/Garnet.test/RespSetTest.cs,False,Direct Analysis
CanDoSREMLC,959,garnet-1.0.92/test/Garnet.test/RespSetTest.cs,False,Direct Analysis
CanDoSCARDCommandsLC,980,garnet-1.0.92/test/Garnet.test/RespSetTest.cs,False,Direct Analysis
CanDoSRANDMEMBERWithCountCommandLC,989,garnet-1.0.92/test/Garnet.test/RespSetTest.cs,False,Direct Analysis
CanDoSPOPCommandLC,1047,garnet-1.0.92/test/Garnet.test/RespSetTest.cs,False,Direct Analysis
CanDoSPOPWithCountCommandLC,1072,garnet-1.0.92/test/Garnet.test/RespSetTest.cs,False,Direct Analysis
CanDoSPOPWithMoreCountThanSetSizeCommandLC,1106,garnet-1.0.92/test/Garnet.test/RespSetTest.cs,False,Direct Analysis
CanDoSMOVECommandLC,1134,garnet-1.0.92/test/Garnet.test/RespSetTest.cs,False,Direct Analysis
CanDoSMOVECommandGC,1197,garnet-1.0.92/test/Garnet.test/RespSetTest.cs,False,Direct Analysis
MultiWithNonExistingSet,1236,garnet-1.0.92/test/Garnet.test/RespSetTest.cs,False,Direct Analysis
CanDoSetUnionLC,1259,garnet-1.0.92/test/Garnet.test/RespSetTest.cs,False,Direct Analysis
CanDoSunionStoreLC,1293,garnet-1.0.92/test/Garnet.test/RespSetTest.cs,False,Direct Analysis
CanDoSdiffLC,1308,garnet-1.0.92/test/Garnet.test/RespSetTest.cs,False,Direct Analysis
CanDoSinterLC,1321,garnet-1.0.92/test/Garnet.test/RespSetTest.cs,False,Direct Analysis
IntersectWithEmptySetReturnEmptySet,1333,garnet-1.0.92/test/Garnet.test/RespSetTest.cs,False,Direct Analysis
IntersectWithNoKeysReturnError,1344,garnet-1.0.92/test/Garnet.test/RespSetTest.cs,False,Direct Analysis
IntersectAndStoreWithNoKeysReturnError,1353,garnet-1.0.92/test/Garnet.test/RespSetTest.cs,False,Direct Analysis
IntersectAndStoreWithNotExisingSetsOverwitesDestinationSet,1363,garnet-1.0.92/test/Garnet.test/RespSetTest.cs,False,Direct Analysis
IntersectAndStoreWithNoSetsReturnErrWrongNumArgs,1378,garnet-1.0.92/test/Garnet.test/RespSetTest.cs,False,Direct Analysis
CanDoSinterStoreLC,1387,garnet-1.0.92/test/Garnet.test/RespSetTest.cs,False,Direct Analysis
CanDoSdiffStoreLC,1405,garnet-1.0.92/test/Garnet.test/RespSetTest.cs,False,Direct Analysis
CanDoSinterCardLC,1426,garnet-1.0.92/test/Garnet.test/RespSetTest.cs,False,Direct Analysis
CanDoSCARDCommandWhenKeyDoesNotExistLC,1457,garnet-1.0.92/test/Garnet.test/RespSetTest.cs,False,Direct Analysis
CanDoSPOPCommandWhenKeyDoesNotExistLC,1466,garnet-1.0.92/test/Garnet.test/RespSetTest.cs,False,Direct Analysis
CanUseNotExistingSetwithSMembers,1475,garnet-1.0.92/test/Garnet.test/RespSetTest.cs,False,Direct Analysis
CanDoSdiffWhenKeyDoesNotExisting,1484,garnet-1.0.92/test/Garnet.test/RespSetTest.cs,False,Direct Analysis
CanDoSdiffStoreWhenMemberKeysNotExisting,1493,garnet-1.0.92/test/Garnet.test/RespSetTest.cs,False,Direct Analysis
CanDoSunionStoreWhenMemberKeysNotExisting,1506,garnet-1.0.92/test/Garnet.test/RespSetTest.cs,False,Direct Analysis
CanDoSinterStoreWhenMemberKeysNotExisting,1519,garnet-1.0.92/test/Garnet.test/RespSetTest.cs,False,Direct Analysis
CheckSetOperationsOnWrongTypeObjectSE,1532,garnet-1.0.92/test/Garnet.test/RespSetTest.cs,False,Direct Analysis
CheckIfMemberExistsInSetLC,1608,garnet-1.0.92/test/Garnet.test/RespSetTest.cs,False,Direct Analysis
CheckIfMemberExistsWithNoExistKey,1628,garnet-1.0.92/test/Garnet.test/RespSetTest.cs,False,Direct Analysis
CheckIfMemberExistsWithInvalidParam,1642,garnet-1.0.92/test/Garnet.test/RespSetTest.cs,False,Direct Analysis
Serialize,16,garnet-1.0.92/libs/server/Objects/Types/ByteArrayBinaryObjectSerializer.cs,False,Direct Analysis
Serialize,30,garnet-1.0.92/libs/storage/Tsavorite/cs/src/core/Index/Interfaces/ObjectSerializer.cs,False,Direct Analysis
ToString,27,garnet-1.0.92/benchmark/BDN.benchmark/Network/NetworkParams.cs,False,Direct Analysis
VLVectorSingleKeyTest,25,garnet-1.0.92/libs/storage/Tsavorite/cs/test/SpanByteVLVectorTests.cs,False,Direct Analysis
VLVectorMultiKeyTest,92,garnet-1.0.92/libs/storage/Tsavorite/cs/test/SpanByteVLVectorTests.cs,False,Direct Analysis
GetSingleSlotRequest,1577,garnet-1.0.92/test/Garnet.test.cluster/RedirectTests/BaseCommand.cs,False,Direct Analysis
Dispose,26,garnet-1.0.92/libs/client/GarnetClient.cs,False,Direct Analysis
Reader,13,garnet-1.0.92/main/GarnetServer/Extensions/MyDictGet.cs,False,Direct Analysis
GetSingleSlotRequest,1941,garnet-1.0.92/test/Garnet.test.cluster/RedirectTests/BaseCommand.cs,False,Direct Analysis
AddSortedSetEntry,30,garnet-1.0.92/libs/client/GarnetClientAPI/SortedSetPairCollection.cs,False,Direct Analysis
ClearExtraValueLength,242,garnet-1.0.92/libs/storage/Tsavorite/cs/src/core/Index/Interfaces/CallbackInfos.cs,False,Direct Analysis
SetUsedValueLength,256,garnet-1.0.92/libs/storage/Tsavorite/cs/src/core/Index/Interfaces/CallbackInfos.cs,False,Direct Analysis
DisposeClientSession,49,garnet-1.0.92/libs/storage/Tsavorite/cs/src/core/ClientSession/ManageClientSessions.cs,False,Direct Analysis
DumpRevivificationStats,68,garnet-1.0.92/libs/storage/Tsavorite/cs/src/core/ClientSession/ManageClientSessions.cs,False,Direct Analysis
ResetRevivificationStats,86,garnet-1.0.92/libs/storage/Tsavorite/cs/src/core/ClientSession/ManageClientSessions.cs,False,Direct Analysis
CompactLookup,36,garnet-1.0.92/libs/storage/Tsavorite/cs/src/core/Compaction/TsavoriteCompaction.cs,False,Direct Analysis
CompactScan,75,garnet-1.0.92/libs/storage/Tsavorite/cs/src/core/Compaction/TsavoriteCompaction.cs,False,Direct Analysis
ScanImmutableTailToRemoveFromTempKv,152,garnet-1.0.92/libs/storage/Tsavorite/cs/src/core/Compaction/TsavoriteCompaction.cs,False,Direct Analysis
StreamingSnapshotScanPhase1,64,garnet-1.0.92/libs/storage/Tsavorite/cs/src/core/Index/Checkpointing/StreamingSnapshotTsavoriteKV.cs,False,Direct Analysis
StreamingSnapshotScanPhase2,117,garnet-1.0.92/libs/storage/Tsavorite/cs/src/core/Index/Checkpointing/StreamingSnapshotTsavoriteKV.cs,False,Direct Analysis
WriteHybridLogMetaInfo,49,garnet-1.0.92/libs/storage/Tsavorite/cs/src/core/Index/Recovery/Checkpoint.cs,False,Direct Analysis
CleanupLogCheckpoint,55,garnet-1.0.92/libs/storage/Tsavorite/cs/src/core/Index/Recovery/Checkpoint.cs,False,Direct Analysis
WriteHybridLogIncrementalMetaInfo,61,garnet-1.0.92/libs/storage/Tsavorite/cs/src/core/Index/Recovery/Checkpoint.cs,False,Direct Analysis
CleanupLogIncrementalCheckpoint,67,garnet-1.0.92/libs/storage/Tsavorite/cs/src/core/Index/Recovery/Checkpoint.cs,False,Direct Analysis
WriteIndexMetaInfo,72,garnet-1.0.92/libs/storage/Tsavorite/cs/src/core/Index/Recovery/Checkpoint.cs,False,Direct Analysis
CleanupIndexCheckpoint,77,garnet-1.0.92/libs/storage/Tsavorite/cs/src/core/Index/Recovery/Checkpoint.cs,False,Direct Analysis
InitializeIndexCheckpoint,82,garnet-1.0.92/libs/storage/Tsavorite/cs/src/core/Index/Recovery/Checkpoint.cs,False,Direct Analysis
InitializeHybridLogCheckpoint,87,garnet-1.0.92/libs/storage/Tsavorite/cs/src/core/Index/Recovery/Checkpoint.cs,False,Direct Analysis
TakeIndexFuzzyCheckpoint,21,garnet-1.0.92/libs/storage/Tsavorite/cs/src/core/Index/Recovery/IndexCheckpoint.cs,False,Direct Analysis
GetLatestCheckpointTokens,172,garnet-1.0.92/libs/storage/Tsavorite/cs/src/core/Index/Recovery/Recovery.cs,False,Direct Analysis
GetLogFileSize,226,garnet-1.0.92/libs/storage/Tsavorite/cs/src/core/Index/Recovery/Recovery.cs,False,Direct Analysis
GetIndexFileSize,247,garnet-1.0.92/libs/storage/Tsavorite/cs/src/core/Index/Recovery/Recovery.cs,False,Direct Analysis
GetClosestHybridLogCheckpointInfo,254,garnet-1.0.92/libs/storage/Tsavorite/cs/src/core/Index/Recovery/Recovery.cs,False,Direct Analysis
GetClosestIndexCheckpointInfo,313,garnet-1.0.92/libs/storage/Tsavorite/cs/src/core/Index/Recovery/Recovery.cs,False,Direct Analysis
FindRecoveryInfo,343,garnet-1.0.92/libs/storage/Tsavorite/cs/src/core/Index/Recovery/Recovery.cs,False,Direct Analysis
GetRecoveryInfo,392,garnet-1.0.92/libs/storage/Tsavorite/cs/src/core/Index/Recovery/Recovery.cs,False,Direct Analysis
Reset,432,garnet-1.0.92/libs/storage/Tsavorite/cs/src/core/Index/Recovery/Recovery.cs,False,Direct Analysis
InternalRecover,448,garnet-1.0.92/libs/storage/Tsavorite/cs/src/core/Index/Recovery/Recovery.cs,False,Direct Analysis
InternalRecoverAsync,494,garnet-1.0.92/libs/storage/Tsavorite/cs/src/core/Index/Recovery/Recovery.cs,False,Direct Analysis
DoPostRecovery,542,garnet-1.0.92/libs/storage/Tsavorite/cs/src/core/Index/Recovery/Recovery.cs,False,Direct Analysis
SetVersion,570,garnet-1.0.92/libs/storage/Tsavorite/cs/src/core/Index/Recovery/Recovery.cs,False,Direct Analysis
RecoverToInitialPage,582,garnet-1.0.92/libs/storage/Tsavorite/cs/src/core/Index/Recovery/Recovery.cs,False,Direct Analysis
SetRecoveryPageRanges,623,garnet-1.0.92/libs/storage/Tsavorite/cs/src/core/Index/Recovery/Recovery.cs,False,Direct Analysis
FreePagesBeyondUsableCapacity,673,garnet-1.0.92/libs/storage/Tsavorite/cs/src/core/Index/Recovery/Recovery.cs,False,Direct Analysis
ReadPagesWithMemoryConstraint,689,garnet-1.0.92/libs/storage/Tsavorite/cs/src/core/Index/Recovery/Recovery.cs,False,Direct Analysis
FreePagesToLimitHeapMemory,703,garnet-1.0.92/libs/storage/Tsavorite/cs/src/core/Index/Recovery/Recovery.cs,False,Direct Analysis
FreePagesToLimitHeapMemoryAsync,758,garnet-1.0.92/libs/storage/Tsavorite/cs/src/core/Index/Recovery/Recovery.cs,False,Direct Analysis
RecoverHybridLog,779,garnet-1.0.92/libs/storage/Tsavorite/cs/src/core/Index/Recovery/Recovery.cs,False,Direct Analysis
RecoverHybridLogAsync,811,garnet-1.0.92/libs/storage/Tsavorite/cs/src/core/Index/Recovery/Recovery.cs,False,Direct Analysis
GetPageRangesToRead,844,garnet-1.0.92/libs/storage/Tsavorite/cs/src/core/Index/Recovery/Recovery.cs,False,Direct Analysis
ProcessReadPageAndFlush,862,garnet-1.0.92/libs/storage/Tsavorite/cs/src/core/Index/Recovery/Recovery.cs,False,Direct Analysis
ProcessReadPage,875,garnet-1.0.92/libs/storage/Tsavorite/cs/src/core/Index/Recovery/Recovery.cs,False,Direct Analysis
WaitUntilAllPagesHaveBeenFlushed,904,garnet-1.0.92/libs/storage/Tsavorite/cs/src/core/Index/Recovery/Recovery.cs,False,Direct Analysis
WaitUntilAllPagesHaveBeenFlushedAsync,910,garnet-1.0.92/libs/storage/Tsavorite/cs/src/core/Index/Recovery/Recovery.cs,False,Direct Analysis
RecoverHybridLogFromSnapshotFile,916,garnet-1.0.92/libs/storage/Tsavorite/cs/src/core/Index/Recovery/Recovery.cs,False,Direct Analysis
RecoverHybridLogFromSnapshotFileAsync,957,garnet-1.0.92/libs/storage/Tsavorite/cs/src/core/Index/Recovery/Recovery.cs,False,Direct Analysis
ApplyDelta,999,garnet-1.0.92/libs/storage/Tsavorite/cs/src/core/Index/Recovery/Recovery.cs,False,Direct Analysis
GetSnapshotPageRangesToRead,1021,garnet-1.0.92/libs/storage/Tsavorite/cs/src/core/Index/Recovery/Recovery.cs,False,Direct Analysis
ProcessReadSnapshotPage,1055,garnet-1.0.92/libs/storage/Tsavorite/cs/src/core/Index/Recovery/Recovery.cs,False,Direct Analysis
ClearLocksOnPage,1089,garnet-1.0.92/libs/storage/Tsavorite/cs/src/core/Index/Recovery/Recovery.cs,False,Direct Analysis
RecoverFromPage,1121,garnet-1.0.92/libs/storage/Tsavorite/cs/src/core/Index/Recovery/Recovery.cs,False,Direct Analysis
AsyncFlushPageCallbackForRecovery,1179,garnet-1.0.92/libs/storage/Tsavorite/cs/src/core/Index/Recovery/Recovery.cs,False,Direct Analysis
TryAllocateRecord,49,garnet-1.0.92/libs/storage/Tsavorite/cs/src/core/Index/Tsavorite/Implementation/BlockAllocate.cs,False,Direct Analysis
TryAllocateRecordReadCache,115,garnet-1.0.92/libs/storage/Tsavorite/cs/src/core/Index/Tsavorite/Implementation/BlockAllocate.cs,False,Direct Analysis
SaveAllocationForRetry,146,garnet-1.0.92/libs/storage/Tsavorite/cs/src/core/Index/Tsavorite/Implementation/BlockAllocate.cs,False,Direct Analysis
GetAllocationForRetry,161,garnet-1.0.92/libs/storage/Tsavorite/cs/src/core/Index/Tsavorite/Implementation/BlockAllocate.cs,False,Direct Analysis
ConditionalCopyToTail,29,garnet-1.0.92/libs/storage/Tsavorite/cs/src/core/Index/Tsavorite/Implementation/ConditionalCopyToTail.cs,False,Direct Analysis
CompactionConditionalCopyToTail,92,garnet-1.0.92/libs/storage/Tsavorite/cs/src/core/Index/Tsavorite/Implementation/ConditionalCopyToTail.cs,False,Direct Analysis
PrepareIOForConditionalOperation,118,garnet-1.0.92/libs/storage/Tsavorite/cs/src/core/Index/Tsavorite/Implementation/ConditionalCopyToTail.cs,False,Direct Analysis
InternalContainsKeyInMemory,13,garnet-1.0.92/libs/storage/Tsavorite/cs/src/core/Index/Tsavorite/Implementation/ContainsKeyInMemory.cs,False,Direct Analysis
ContinuePendingRead,31,garnet-1.0.92/libs/storage/Tsavorite/cs/src/core/Index/Tsavorite/Implementation/ContinuePending.cs,False,Direct Analysis
ContinuePendingRMW,187,garnet-1.0.92/libs/storage/Tsavorite/cs/src/core/Index/Tsavorite/Implementation/ContinuePending.cs,False,Direct Analysis
ContinuePendingConditionalCopyToTail,279,garnet-1.0.92/libs/storage/Tsavorite/cs/src/core/Index/Tsavorite/Implementation/ContinuePending.cs,False,Direct Analysis
ContinuePendingConditionalScanPush,336,garnet-1.0.92/libs/storage/Tsavorite/cs/src/core/Index/Tsavorite/Implementation/ContinuePending.cs,False,Direct Analysis
SpinWaitUntilClosed,29,garnet-1.0.92/libs/storage/Tsavorite/cs/src/core/Index/Tsavorite/Implementation/EpochOperations.cs,False,Direct Analysis
SpinWaitUntilRecordIsClosed,41,garnet-1.0.92/libs/storage/Tsavorite/cs/src/core/Index/Tsavorite/Implementation/EpochOperations.cs,False,Direct Analysis
TryFindRecordInMemory,15,garnet-1.0.92/libs/storage/Tsavorite/cs/src/core/Index/Tsavorite/Implementation/FindRecord.cs,False,Direct Analysis
TryFindRecordInMemory,25,garnet-1.0.92/libs/storage/Tsavorite/cs/src/core/Index/Tsavorite/Implementation/FindRecord.cs,False,Direct Analysis
TryFindRecordInMainLogForConditionalOperation,65,garnet-1.0.92/libs/storage/Tsavorite/cs/src/core/Index/Tsavorite/Implementation/FindRecord.cs,False,Direct Analysis
TraceBackForKeyMatch,126,garnet-1.0.92/libs/storage/Tsavorite/cs/src/core/Index/Tsavorite/Implementation/FindRecord.cs,False,Direct Analysis
TraceBackForKeyMatch,147,garnet-1.0.92/libs/storage/Tsavorite/cs/src/core/Index/Tsavorite/Implementation/FindRecord.cs,False,Direct Analysis
TraceBackForKeyMatch,167,garnet-1.0.92/libs/storage/Tsavorite/cs/src/core/Index/Tsavorite/Implementation/FindRecord.cs,False,Direct Analysis
TraceBackForKeyMatch,187,garnet-1.0.92/libs/storage/Tsavorite/cs/src/core/Index/Tsavorite/Implementation/FindRecord.cs,False,Direct Analysis
HandleImmediateNonPendingRetryStatus,28,garnet-1.0.92/libs/storage/Tsavorite/cs/src/core/Index/Tsavorite/Implementation/HandleOperationStatus.cs,False,Direct Analysis
HandleRetryStatus,46,garnet-1.0.92/libs/storage/Tsavorite/cs/src/core/Index/Tsavorite/Implementation/HandleOperationStatus.cs,False,Direct Analysis
HandleOperationStatus,114,garnet-1.0.92/libs/storage/Tsavorite/cs/src/core/Index/Tsavorite/Implementation/HandleOperationStatus.cs,False,Direct Analysis
MarkPage,31,garnet-1.0.92/libs/storage/Tsavorite/cs/src/core/Index/Tsavorite/Implementation/Helpers.cs,False,Direct Analysis
IsEntryVersionNew,60,garnet-1.0.92/libs/storage/Tsavorite/cs/src/core/Index/Tsavorite/Implementation/Helpers.cs,False,Direct Analysis
CanElide,80,garnet-1.0.92/libs/storage/Tsavorite/cs/src/core/Index/Tsavorite/Implementation/Helpers.cs,False,Direct Analysis
IsFrozen,92,garnet-1.0.92/libs/storage/Tsavorite/cs/src/core/Index/Tsavorite/Implementation/Helpers.cs,False,Direct Analysis
InternalDelete,43,garnet-1.0.92/libs/storage/Tsavorite/cs/src/core/Index/Tsavorite/Implementation/InternalDelete.cs,False,Direct Analysis
CreatePendingDeleteContext,187,garnet-1.0.92/libs/storage/Tsavorite/cs/src/core/Index/Tsavorite/Implementation/InternalDelete.cs,False,Direct Analysis
CreateNewRecordDelete,214,garnet-1.0.92/libs/storage/Tsavorite/cs/src/core/Index/Tsavorite/Implementation/InternalDelete.cs,False,Direct Analysis
InternalTryLockShared,22,garnet-1.0.92/libs/storage/Tsavorite/cs/src/core/Index/Tsavorite/Implementation/InternalLock.cs,False,Direct Analysis
InternalTryLockExclusive,37,garnet-1.0.92/libs/storage/Tsavorite/cs/src/core/Index/Tsavorite/Implementation/InternalLock.cs,False,Direct Analysis
InternalUnlockShared,52,garnet-1.0.92/libs/storage/Tsavorite/cs/src/core/Index/Tsavorite/Implementation/InternalLock.cs,False,Direct Analysis
InternalUnlockExclusive,67,garnet-1.0.92/libs/storage/Tsavorite/cs/src/core/Index/Tsavorite/Implementation/InternalLock.cs,False,Direct Analysis
InternalPromoteLock,74,garnet-1.0.92/libs/storage/Tsavorite/cs/src/core/Index/Tsavorite/Implementation/InternalLock.cs,False,Direct Analysis
InternalRMW,50,garnet-1.0.92/libs/storage/Tsavorite/cs/src/core/Index/Tsavorite/Implementation/InternalRMW.cs,False,Direct Analysis
CreatePendingRMWContext,245,garnet-1.0.92/libs/storage/Tsavorite/cs/src/core/Index/Tsavorite/Implementation/InternalRMW.cs,False,Direct Analysis
TryRevivifyInChain,262,garnet-1.0.92/libs/storage/Tsavorite/cs/src/core/Index/Tsavorite/Implementation/InternalRMW.cs,False,Direct Analysis
CreateNewRecordRMW,381,garnet-1.0.92/libs/storage/Tsavorite/cs/src/core/Index/Tsavorite/Implementation/InternalRMW.cs,False,Direct Analysis
ReinitializeExpiredRecord,632,garnet-1.0.92/libs/storage/Tsavorite/cs/src/core/Index/Tsavorite/Implementation/InternalRMW.cs,False,Direct Analysis
InternalRead,53,garnet-1.0.92/libs/storage/Tsavorite/cs/src/core/Index/Tsavorite/Implementation/InternalRead.cs,False,Direct Analysis
InternalReadAtAddress,249,garnet-1.0.92/libs/storage/Tsavorite/cs/src/core/Index/Tsavorite/Implementation/InternalRead.cs,False,Direct Analysis
CreatePendingReadContext,347,garnet-1.0.92/libs/storage/Tsavorite/cs/src/core/Index/Tsavorite/Implementation/InternalRead.cs,False,Direct Analysis
InternalUpsert,46,garnet-1.0.92/libs/storage/Tsavorite/cs/src/core/Index/Tsavorite/Implementation/InternalUpsert.cs,False,Direct Analysis
CreatePendingUpsertContext,191,garnet-1.0.92/libs/storage/Tsavorite/cs/src/core/Index/Tsavorite/Implementation/InternalUpsert.cs,False,Direct Analysis
TryRevivifyInChain,210,garnet-1.0.92/libs/storage/Tsavorite/cs/src/core/Index/Tsavorite/Implementation/InternalUpsert.cs,False,Direct Analysis
CreateNewRecordUpsert,312,garnet-1.0.92/libs/storage/Tsavorite/cs/src/core/Index/Tsavorite/Implementation/InternalUpsert.cs,False,Direct Analysis
LockForScan,62,garnet-1.0.92/libs/storage/Tsavorite/cs/src/core/Index/Tsavorite/Implementation/Locking/TransientLocking.cs,False,Direct Analysis
UnlockForScan,77,garnet-1.0.92/libs/storage/Tsavorite/cs/src/core/Index/Tsavorite/Implementation/Locking/TransientLocking.cs,False,Direct Analysis
InternalModifiedBitOperation,21,garnet-1.0.92/libs/storage/Tsavorite/cs/src/core/Index/Tsavorite/Implementation/ModifiedBitOperation.cs,False,Direct Analysis
FindInReadCache,16,garnet-1.0.92/libs/storage/Tsavorite/cs/src/core/Index/Tsavorite/Implementation/ReadCache.cs,False,Direct Analysis
ReadCacheNeedToWaitForEviction,83,garnet-1.0.92/libs/storage/Tsavorite/cs/src/core/Index/Tsavorite/Implementation/ReadCache.cs,False,Direct Analysis
SpliceIntoHashChainAtReadCacheBoundary,97,garnet-1.0.92/libs/storage/Tsavorite/cs/src/core/Index/Tsavorite/Implementation/ReadCache.cs,False,Direct Analysis
SkipReadCache,111,garnet-1.0.92/libs/storage/Tsavorite/cs/src/core/Index/Tsavorite/Implementation/ReadCache.cs,False,Direct Analysis
SkipReadCacheBucket,153,garnet-1.0.92/libs/storage/Tsavorite/cs/src/core/Index/Tsavorite/Implementation/ReadCache.cs,False,Direct Analysis
EnsureNoNewMainLogRecordWasSpliced,178,garnet-1.0.92/libs/storage/Tsavorite/cs/src/core/Index/Tsavorite/Implementation/ReadCache.cs,False,Direct Analysis
ReadCacheCheckTailAfterSplice,209,garnet-1.0.92/libs/storage/Tsavorite/cs/src/core/Index/Tsavorite/Implementation/ReadCache.cs,False,Direct Analysis
ReadCacheEvict,243,garnet-1.0.92/libs/storage/Tsavorite/cs/src/core/Index/Tsavorite/Implementation/ReadCache.cs,False,Direct Analysis
ReadCacheEvictChain,287,garnet-1.0.92/libs/storage/Tsavorite/cs/src/core/Index/Tsavorite/Implementation/ReadCache.cs,False,Direct Analysis
SetExtraValueLength,30,garnet-1.0.92/libs/storage/Tsavorite/cs/src/core/Index/Tsavorite/Implementation/Revivification/RecordLengths.cs,False,Direct Analysis
SplitAllBuckets,13,garnet-1.0.92/libs/storage/Tsavorite/cs/src/core/Index/Tsavorite/Implementation/SplitIndex.cs,False,Direct Analysis
SplitBuckets,33,garnet-1.0.92/libs/storage/Tsavorite/cs/src/core/Index/Tsavorite/Implementation/SplitIndex.cs,False,Direct Analysis
SplitBuckets,40,garnet-1.0.92/libs/storage/Tsavorite/cs/src/core/Index/Tsavorite/Implementation/SplitIndex.cs,False,Direct Analysis
SplitSingleBucket,64,garnet-1.0.92/libs/storage/Tsavorite/cs/src/core/Index/Tsavorite/Implementation/SplitIndex.cs,False,Direct Analysis
SplitChunk,93,garnet-1.0.92/libs/storage/Tsavorite/cs/src/core/Index/Tsavorite/Implementation/SplitIndex.cs,False,Direct Analysis
TraceBackForOtherChainStart,241,garnet-1.0.92/libs/storage/Tsavorite/cs/src/core/Index/Tsavorite/Implementation/SplitIndex.cs,False,Direct Analysis
TryCopyToReadCache,22,garnet-1.0.92/libs/storage/Tsavorite/cs/src/core/Index/Tsavorite/Implementation/TryCopyToReadCache.cs,False,Direct Analysis
TryCopyToTail,29,garnet-1.0.92/libs/storage/Tsavorite/cs/src/core/Index/Tsavorite/Implementation/TryCopyToTail.cs,False,Direct Analysis
CanTakeIncrementalCheckpoint,318,garnet-1.0.92/libs/storage/Tsavorite/cs/src/core/Index/Tsavorite/Tsavorite.cs,False,Direct Analysis
ContextRead,476,garnet-1.0.92/libs/storage/Tsavorite/cs/src/core/Index/Tsavorite/Tsavorite.cs,False,Direct Analysis
ContextRead,616,garnet-1.0.92/libs/storage/Tsavorite/cs/src/core/Index/Tsavorite/Tsavorite.cs,False,Direct Analysis
GrowIndexAsync,733,garnet-1.0.92/libs/storage/Tsavorite/cs/src/core/Index/Tsavorite/Tsavorite.cs,False,Direct Analysis
Dispose,746,garnet-1.0.92/libs/storage/Tsavorite/cs/src/core/Index/Tsavorite/Tsavorite.cs,False,Direct Analysis
GetEntryCount,762,garnet-1.0.92/libs/storage/Tsavorite/cs/src/core/Index/Tsavorite/Tsavorite.cs,False,Direct Analysis
DumpDistributionInternal,785,garnet-1.0.92/libs/storage/Tsavorite/cs/src/core/Index/Tsavorite/Tsavorite.cs,False,Direct Analysis
DumpDistribution,922,garnet-1.0.92/libs/storage/Tsavorite/cs/src/core/Index/Tsavorite/Tsavorite.cs,False,Direct Analysis
Iterate,20,garnet-1.0.92/libs/storage/Tsavorite/cs/src/core/Index/Tsavorite/TsavoriteIterator.cs,False,Direct Analysis
Iterate,35,garnet-1.0.92/libs/storage/Tsavorite/cs/src/core/Index/Tsavorite/TsavoriteIterator.cs,False,Direct Analysis
InternalRefresh,15,garnet-1.0.92/libs/storage/Tsavorite/cs/src/core/Index/Tsavorite/TsavoriteThread.cs,False,Direct Analysis
InternalCompletePending,55,garnet-1.0.92/libs/storage/Tsavorite/cs/src/core/Index/Tsavorite/TsavoriteThread.cs,False,Direct Analysis
InternalCompletePendingRequests,76,garnet-1.0.92/libs/storage/Tsavorite/cs/src/core/Index/Tsavorite/TsavoriteThread.cs,False,Direct Analysis
InternalCompletePendingRequestFromContext,109,garnet-1.0.92/libs/storage/Tsavorite/cs/src/core/Index/Tsavorite/TsavoriteThread.cs,False,Direct Analysis
Initialize,60,garnet-1.0.92/libs/server/Resp/Parser/SessionParseState.cs,False,Direct Analysis
Initialize,73,garnet-1.0.92/libs/server/Resp/Parser/SessionParseState.cs,False,Direct Analysis
InitializeWithArgument,90,garnet-1.0.92/libs/server/Resp/Parser/SessionParseState.cs,False,Direct Analysis
InitializeWithArguments,103,garnet-1.0.92/libs/server/Resp/Parser/SessionParseState.cs,False,Direct Analysis
InitializeWithArguments,118,garnet-1.0.92/libs/server/Resp/Parser/SessionParseState.cs,False,Direct Analysis
InitializeWithArguments,135,garnet-1.0.92/libs/server/Resp/Parser/SessionParseState.cs,False,Direct Analysis
InitializeWithArguments,154,garnet-1.0.92/libs/server/Resp/Parser/SessionParseState.cs,False,Direct Analysis
InitializeWithArguments,170,garnet-1.0.92/libs/server/Resp/Parser/SessionParseState.cs,False,Direct Analysis
Slice,184,garnet-1.0.92/libs/server/Resp/Parser/SessionParseState.cs,False,Direct Analysis
Slice,199,garnet-1.0.92/libs/server/Resp/Parser/SessionParseState.cs,False,Direct Analysis
InitializeWithArguments,212,garnet-1.0.92/libs/server/Resp/Parser/SessionParseState.cs,False,Direct Analysis
SetArgument,227,garnet-1.0.92/libs/server/Resp/Parser/SessionParseState.cs,False,Direct Analysis
SetArguments,238,garnet-1.0.92/libs/server/Resp/Parser/SessionParseState.cs,False,Direct Analysis
SetArguments,252,garnet-1.0.92/libs/server/Resp/Parser/SessionParseState.cs,False,Direct Analysis
GetSerializedLength,265,garnet-1.0.92/libs/server/Resp/Parser/SessionParseState.cs,False,Direct Analysis
CopyTo,284,garnet-1.0.92/libs/server/Resp/Parser/SessionParseState.cs,False,Direct Analysis
DeserializeFrom,308,garnet-1.0.92/libs/server/Resp/Parser/SessionParseState.cs,False,Direct Analysis
Read,331,garnet-1.0.92/libs/server/Resp/Parser/SessionParseState.cs,False,Direct Analysis
GetArgSliceByRef,363,garnet-1.0.92/libs/server/Resp/Parser/SessionParseState.cs,False,Direct Analysis
GetInt,374,garnet-1.0.92/libs/server/Resp/Parser/SessionParseState.cs,False,Direct Analysis
TryGetInt,385,garnet-1.0.92/libs/server/Resp/Parser/SessionParseState.cs,False,Direct Analysis
GetLong,396,garnet-1.0.92/libs/server/Resp/Parser/SessionParseState.cs,False,Direct Analysis
TryGetLong,407,garnet-1.0.92/libs/server/Resp/Parser/SessionParseState.cs,False,Direct Analysis
GetDouble,418,garnet-1.0.92/libs/server/Resp/Parser/SessionParseState.cs,False,Direct Analysis
TryGetDouble,429,garnet-1.0.92/libs/server/Resp/Parser/SessionParseState.cs,False,Direct Analysis
GetString,440,garnet-1.0.92/libs/server/Resp/Parser/SessionParseState.cs,False,Direct Analysis
GetBool,451,garnet-1.0.92/libs/server/Resp/Parser/SessionParseState.cs,False,Direct Analysis
TryGetBool,462,garnet-1.0.92/libs/server/Resp/Parser/SessionParseState.cs,False,Direct Analysis
GetSingleSlotRequest,215,garnet-1.0.92/test/Garnet.test.cluster/RedirectTests/BaseCommand.cs,False,Direct Analysis
GetCrossSlotRequest,221,garnet-1.0.92/test/Garnet.test.cluster/RedirectTests/BaseCommand.cs,False,Direct Analysis
SetupSingleSlotRequest,227,garnet-1.0.92/test/Garnet.test.cluster/RedirectTests/BaseCommand.cs,False,Direct Analysis
GetSingleSlotRequest,2326,garnet-1.0.92/test/Garnet.test.cluster/RedirectTests/BaseCommand.cs,False,Direct Analysis
GetRequest,115,garnet-1.0.92/benchmark/Resp.benchmark/ReqGen.cs,False,Direct Analysis
GetRequestArgs,128,garnet-1.0.92/benchmark/Resp.benchmark/ReqGen.cs,False,Direct Analysis
InitializeRNG,139,garnet-1.0.92/benchmark/Resp.benchmark/ReqGen.cs,False,Direct Analysis
ConvertToSERedisInput,147,garnet-1.0.92/benchmark/Resp.benchmark/ReqGen.cs,False,Direct Analysis
ProcessArgs,167,garnet-1.0.92/benchmark/Resp.benchmark/ReqGen.cs,False,Direct Analysis
Generate,16,garnet-1.0.92/benchmark/Resp.benchmark/ReqGenLoadBuffers.cs,False,Direct Analysis
GenerateArrayOp,188,garnet-1.0.92/benchmark/Resp.benchmark/ReqGenLoadBuffers.cs,False,Direct Analysis
GenerateSingleKeyValueOp,215,garnet-1.0.92/benchmark/Resp.benchmark/ReqGenLoadBuffers.cs,False,Direct Analysis
WriteOp,22,garnet-1.0.92/benchmark/Resp.benchmark/ReqGenUtils.cs,False,Direct Analysis
WriteBitfieldArgs,329,garnet-1.0.92/benchmark/Resp.benchmark/ReqGenUtils.cs,False,Direct Analysis
WriteKey,347,garnet-1.0.92/benchmark/Resp.benchmark/ReqGenUtils.cs,False,Direct Analysis
WriteKey,354,garnet-1.0.92/benchmark/Resp.benchmark/ReqGenUtils.cs,False,Direct Analysis
WriteKey,371,garnet-1.0.92/benchmark/Resp.benchmark/ReqGenUtils.cs,False,Direct Analysis
GenerateRandomKeys,12,garnet-1.0.92/playground/ClusterStress/ReqGenSharded.cs,False,Direct Analysis
ValidateKeysPerSlot,22,garnet-1.0.92/playground/ClusterStress/ReqGenSharded.cs,False,Direct Analysis
GenerateKeysCoverAllSlots,31,garnet-1.0.92/playground/ClusterStress/ReqGenSharded.cs,False,Direct Analysis
GenerateShardedKeys,50,garnet-1.0.92/playground/ClusterStress/ReqGenSharded.cs,False,Direct Analysis
InitInterleaveSlots,64,garnet-1.0.92/playground/ClusterStress/ReqGenSharded.cs,False,Direct Analysis
WriteBitfieldArgs,22,garnet-1.0.92/playground/ClusterStress/ReqGenUtilsCluster.cs,False,Direct Analysis
WriteOp,99,garnet-1.0.92/playground/ClusterStress/ReqGenUtilsCluster.cs,False,Direct Analysis
WriteKey,408,garnet-1.0.92/playground/ClusterStress/ReqGenUtilsCluster.cs,False,Direct Analysis
GetSingleSlotRequest,1243,garnet-1.0.92/test/Garnet.test.cluster/RedirectTests/BaseCommand.cs,False,Direct Analysis
ToString,37,garnet-1.0.92/benchmark/BDN.benchmark/Lua/LuaParams.cs,False,Direct Analysis
Setup,49,garnet-1.0.92/libs/storage/Tsavorite/cs/test/SpanByteLogScanTests.cs,False,Direct Analysis
TearDown,75,garnet-1.0.92/libs/storage/Tsavorite/cs/test/SpanByteLogScanTests.cs,False,Direct Analysis
SpanByteScanCursorTest,99,garnet-1.0.92/libs/storage/Tsavorite/cs/test/SpanByteLogScanTests.cs,False,Direct Analysis
SpanByteScanCursorFilterTest,202,garnet-1.0.92/libs/storage/Tsavorite/cs/test/SpanByteLogScanTests.cs,False,Direct Analysis
SpanByteScanCursorWithRCUTest,243,garnet-1.0.92/libs/storage/Tsavorite/cs/test/SpanByteLogScanTests.cs,False,Direct Analysis
SpanByteJumpToBeginAddressTest,387,garnet-1.0.92/libs/storage/Tsavorite/cs/test/SpanByteLogScanTests.cs,False,Direct Analysis
SpanByteIterationPendingCollisionTest,453,garnet-1.0.92/libs/storage/Tsavorite/cs/test/SpanByteLogScanTests.cs,False,Direct Analysis
Compare,31,garnet-1.0.92/libs/server/Transaction/TxnKeyEntryComparison.cs,False,Direct Analysis
Connect,45,garnet-1.0.92/libs/cluster/Server/Replication/PrimaryOps/DisklessReplication/ReplicaSyncSession.cs,False,Direct Analysis
ExecuteAsync,56,garnet-1.0.92/libs/cluster/Server/Replication/PrimaryOps/DisklessReplication/ReplicaSyncSession.cs,False,Direct Analysis
InitializeIterationBuffer,65,garnet-1.0.92/libs/cluster/Server/Replication/PrimaryOps/DisklessReplication/ReplicaSyncSession.cs,False,Direct Analysis
SetClusterSyncHeader,75,garnet-1.0.92/libs/cluster/Server/Replication/PrimaryOps/DisklessReplication/ReplicaSyncSession.cs,False,Direct Analysis
TryWriteKeyValueSpanByte,89,garnet-1.0.92/libs/cluster/Server/Replication/PrimaryOps/DisklessReplication/ReplicaSyncSession.cs,False,Direct Analysis
TryWriteKeyValueByteArray,103,garnet-1.0.92/libs/cluster/Server/Replication/PrimaryOps/DisklessReplication/ReplicaSyncSession.cs,False,Direct Analysis
SendAndResetIterationBuffer,113,garnet-1.0.92/libs/cluster/Server/Replication/PrimaryOps/DisklessReplication/ReplicaSyncSession.cs,False,Direct Analysis
SetStatus,131,garnet-1.0.92/libs/cluster/Server/Replication/PrimaryOps/DisklessReplication/ReplicaSyncSession.cs,False,Direct Analysis
SetFlushTask,151,garnet-1.0.92/libs/cluster/Server/Replication/PrimaryOps/DisklessReplication/ReplicaSyncSession.cs,False,Direct Analysis
WaitForFlush,172,garnet-1.0.92/libs/cluster/Server/Replication/PrimaryOps/DisklessReplication/ReplicaSyncSession.cs,False,Direct Analysis
NeedToFullSync,208,garnet-1.0.92/libs/cluster/Server/Replication/PrimaryOps/DisklessReplication/ReplicaSyncSession.cs,False,Direct Analysis
BeginAofSync,234,garnet-1.0.92/libs/cluster/Server/Replication/PrimaryOps/DisklessReplication/ReplicaSyncSession.cs,False,Direct Analysis
GetSingleSlotRequest,850,garnet-1.0.92/test/Garnet.test.cluster/RedirectTests/BaseCommand.cs,False,Direct Analysis
Add,38,garnet-1.0.92/libs/server/Metrics/Slowlog/SlowLogContainer.cs,False,Direct Analysis
GetEntries,57,garnet-1.0.92/libs/server/Metrics/Slowlog/SlowLogContainer.cs,False,Direct Analysis
Dispose,31,garnet-1.0.92/libs/storage/Tsavorite/cs/src/core/TsavoriteLog/TsavoriteLogScanSingleIterator.cs,False,Direct Analysis
SlowWaitUncommittedAsync,42,garnet-1.0.92/libs/storage/Tsavorite/cs/src/core/TsavoriteLog/TsavoriteLogScanSingleIterator.cs,False,Direct Analysis
FlushTask,108,garnet-1.0.92/libs/cluster/Server/ClusterManager.cs,False,Direct Analysis
Dispose,135,garnet-1.0.92/libs/cluster/Server/ClusterManager.cs,False,Direct Analysis
DisposeBackgroundTasks,146,garnet-1.0.92/libs/cluster/Server/ClusterManager.cs,False,Direct Analysis
FlushConfig,163,garnet-1.0.92/libs/cluster/Server/ClusterManager.cs,False,Direct Analysis
InitLocal,185,garnet-1.0.92/libs/cluster/Server/ClusterManager.cs,False,Direct Analysis
TrySetLocalConfigEpoch,267,garnet-1.0.92/libs/cluster/Server/ClusterManager.cs,False,Direct Analysis
TryBumpClusterEpoch,297,garnet-1.0.92/libs/cluster/Server/ClusterManager.cs,False,Direct Analysis
TrySetLocalNodeRole,314,garnet-1.0.92/libs/cluster/Server/ClusterManager.cs,False,Direct Analysis
TryResetReplica,329,garnet-1.0.92/libs/cluster/Server/ClusterManager.cs,False,Direct Analysis
TryStopWrites,345,garnet-1.0.92/libs/cluster/Server/ClusterManager.cs,False,Direct Analysis
TryTakeOverForPrimary,362,garnet-1.0.92/libs/cluster/Server/ClusterManager.cs,False,Direct Analysis
TryAddSlots,33,garnet-1.0.92/libs/cluster/Server/ClusterManagerSlotState.cs,False,Direct Analysis
TryRemoveSlots,60,garnet-1.0.92/libs/cluster/Server/ClusterManagerSlotState.cs,False,Direct Analysis
TryPrepareSlotForMigration,91,garnet-1.0.92/libs/cluster/Server/ClusterManagerSlotState.cs,False,Direct Analysis
TryPrepareSlotsForMigration,156,garnet-1.0.92/libs/cluster/Server/ClusterManagerSlotState.cs,False,Direct Analysis
TryPrepareSlotForImport,223,garnet-1.0.92/libs/cluster/Server/ClusterManagerSlotState.cs,False,Direct Analysis
TryPrepareSlotsForImport,277,garnet-1.0.92/libs/cluster/Server/ClusterManagerSlotState.cs,False,Direct Analysis
TryPrepareSlotForOwnershipChange,340,garnet-1.0.92/libs/cluster/Server/ClusterManagerSlotState.cs,False,Direct Analysis
TryPrepareSlotsForOwnershipChange,410,garnet-1.0.92/libs/cluster/Server/ClusterManagerSlotState.cs,False,Direct Analysis
TryResetSlotState,437,garnet-1.0.92/libs/cluster/Server/ClusterManagerSlotState.cs,False,Direct Analysis
TryResetSlotState,460,garnet-1.0.92/libs/cluster/Server/ClusterManagerSlotState.cs,False,Direct Analysis
TryInitializeLocalWorker,23,garnet-1.0.92/libs/cluster/Server/ClusterManagerWorkerState.cs,False,Direct Analysis
TryRemoveWorker,49,garnet-1.0.92/libs/cluster/Server/ClusterManagerWorkerState.cs,False,Direct Analysis
TryReset,98,garnet-1.0.92/libs/cluster/Server/ClusterManagerWorkerState.cs,False,Direct Analysis
TryAddReplica,154,garnet-1.0.92/libs/cluster/Server/ClusterManagerWorkerState.cs,False,Direct Analysis
GetBanList,35,garnet-1.0.92/libs/cluster/Server/Gossip/Gossip.cs,False,Direct Analysis
GetPrimaryLinkStatus,64,garnet-1.0.92/libs/cluster/Server/Gossip/Gossip.cs,False,Direct Analysis
TryStartGossipTasks,95,garnet-1.0.92/libs/cluster/Server/Gossip/Gossip.cs,False,Direct Analysis
TryMerge,112,garnet-1.0.92/libs/cluster/Server/Gossip/Gossip.cs,False,Direct Analysis
TryMeetAsync,156,garnet-1.0.92/libs/cluster/Server/Gossip/Gossip.cs,False,Direct Analysis
TryClusterPublish,224,garnet-1.0.92/libs/cluster/Server/Gossip/Gossip.cs,False,Direct Analysis
GossipMain,260,garnet-1.0.92/libs/cluster/Server/Gossip/Gossip.cs,False,Direct Analysis
ToString,211,garnet-1.0.92/libs/storage/Tsavorite/cs/src/core/Index/Tsavorite/Implementation/Revivification/FreeRecordPool.cs,False,Direct Analysis
GetSegmentStart,271,garnet-1.0.92/libs/storage/Tsavorite/cs/src/core/Index/Tsavorite/Implementation/Revivification/FreeRecordPool.cs,False,Direct Analysis
TryAdd,287,garnet-1.0.92/libs/storage/Tsavorite/cs/src/core/Index/Tsavorite/Implementation/Revivification/FreeRecordPool.cs,False,Direct Analysis
TryTake,314,garnet-1.0.92/libs/storage/Tsavorite/cs/src/core/Index/Tsavorite/Implementation/Revivification/FreeRecordPool.cs,False,Direct Analysis
TryTakeFirstFit,329,garnet-1.0.92/libs/storage/Tsavorite/cs/src/core/Index/Tsavorite/Implementation/Revivification/FreeRecordPool.cs,False,Direct Analysis
TryTakeBestFit,358,garnet-1.0.92/libs/storage/Tsavorite/cs/src/core/Index/Tsavorite/Implementation/Revivification/FreeRecordPool.cs,False,Direct Analysis
ScanForEmpty,417,garnet-1.0.92/libs/storage/Tsavorite/cs/src/core/Index/Tsavorite/Implementation/Revivification/FreeRecordPool.cs,False,Direct Analysis
CreateAuthenticator,36,garnet-1.0.92/libs/server/Auth/Settings/AclAuthenticationSettings.cs,False,Direct Analysis
Dispose,52,garnet-1.0.92/libs/server/Auth/Settings/AclAuthenticationSettings.cs,False,Direct Analysis
ToString,39,garnet-1.0.92/libs/server/Cluster/RoleInfo.cs,False,Direct Analysis
TimeoutChecker,337,garnet-1.0.92/libs/client/GarnetClient.cs,False,Direct Analysis
Dispose,406,garnet-1.0.92/libs/client/GarnetClient.cs,False,Direct Analysis
Dispose,413,garnet-1.0.92/libs/client/GarnetClient.cs,False,Direct Analysis
CheckLength,424,garnet-1.0.92/libs/client/GarnetClient.cs,False,Direct Analysis
PipelineLength,459,garnet-1.0.92/libs/client/GarnetClient.cs,False,Direct Analysis
AwaitPreviousTaskAsync,483,garnet-1.0.92/libs/client/GarnetClient.cs,False,Direct Analysis
DisposeMessageConsumer,1079,garnet-1.0.92/libs/client/GarnetClient.cs,False,Direct Analysis
DisposeOffset,1089,garnet-1.0.92/libs/client/GarnetClient.cs,False,Direct Analysis
ConsumeTcsOffset,1125,garnet-1.0.92/libs/client/GarnetClient.cs,False,Direct Analysis
GetPercentiles,26,garnet-1.0.92/libs/client/GarnetClientMetrics.cs,False,Direct Analysis
DumpLatencyHistToConsole,70,garnet-1.0.92/libs/client/GarnetClientMetrics.cs,False,Direct Analysis
ProcessReplyAsMemoryByte,147,garnet-1.0.92/libs/client/GarnetClientProcessReplies.cs,False,Direct Analysis
ProcessReplies,215,garnet-1.0.92/libs/client/GarnetClientProcessReplies.cs,False,Direct Analysis
CopyErrorToSpan,337,garnet-1.0.92/libs/client/GarnetClientProcessReplies.cs,False,Direct Analysis
NextState,20,garnet-1.0.92/libs/storage/Tsavorite/cs/src/core/Index/Checkpointing/VersionChangeSM.cs,False,Direct Analysis
Execute,29,garnet-1.0.92/benchmark/BDN.benchmark/Custom/CustomProcSet.cs,False,Direct Analysis
Setup,83,garnet-1.0.92/libs/storage/Tsavorite/cs/test/InputOutputParameterTests.cs,False,Direct Analysis
TearDown,103,garnet-1.0.92/libs/storage/Tsavorite/cs/test/InputOutputParameterTests.cs,False,Direct Analysis
InputOutputParametersTest,118,garnet-1.0.92/libs/storage/Tsavorite/cs/test/InputOutputParameterTests.cs,False,Direct Analysis
ToString,33,garnet-1.0.92/benchmark/BDN.benchmark/Operations/OperationParams.cs,False,Direct Analysis
TryImportRespCommandsData,122,garnet-1.0.92/libs/server/Resp/RespCommandDataProvider.cs,False,Direct Analysis
TryExportRespCommandsData,158,garnet-1.0.92/libs/server/Resp/RespCommandDataProvider.cs,False,Direct Analysis
BaseSetup,79,garnet-1.0.92/libs/storage/Tsavorite/cs/test/LogTests.cs,False,Direct Analysis
BaseTearDown,90,garnet-1.0.92/libs/storage/Tsavorite/cs/test/LogTests.cs,False,Direct Analysis
GlobalSetup,45,garnet-1.0.92/benchmark/BDN.benchmark/Network/RawStringOperations.cs,False,Direct Analysis
Set,68,garnet-1.0.92/benchmark/BDN.benchmark/Network/RawStringOperations.cs,False,Direct Analysis
SetEx,74,garnet-1.0.92/benchmark/BDN.benchmark/Network/RawStringOperations.cs,False,Direct Analysis
SetNx,80,garnet-1.0.92/benchmark/BDN.benchmark/Network/RawStringOperations.cs,False,Direct Analysis
SetXx,86,garnet-1.0.92/benchmark/BDN.benchmark/Network/RawStringOperations.cs,False,Direct Analysis
GetFound,92,garnet-1.0.92/benchmark/BDN.benchmark/Network/RawStringOperations.cs,False,Direct Analysis
GetNotFound,98,garnet-1.0.92/benchmark/BDN.benchmark/Network/RawStringOperations.cs,False,Direct Analysis
Increment,104,garnet-1.0.92/benchmark/BDN.benchmark/Network/RawStringOperations.cs,False,Direct Analysis
Decrement,110,garnet-1.0.92/benchmark/BDN.benchmark/Network/RawStringOperations.cs,False,Direct Analysis
IncrementBy,116,garnet-1.0.92/benchmark/BDN.benchmark/Network/RawStringOperations.cs,False,Direct Analysis
DecrementBy,122,garnet-1.0.92/benchmark/BDN.benchmark/Network/RawStringOperations.cs,False,Direct Analysis
GlobalSetup,45,garnet-1.0.92/benchmark/BDN.benchmark/Operations/RawStringOperations.cs,False,Direct Analysis
Set,68,garnet-1.0.92/benchmark/BDN.benchmark/Operations/RawStringOperations.cs,False,Direct Analysis
SetEx,74,garnet-1.0.92/benchmark/BDN.benchmark/Operations/RawStringOperations.cs,False,Direct Analysis
SetNx,80,garnet-1.0.92/benchmark/BDN.benchmark/Operations/RawStringOperations.cs,False,Direct Analysis
SetXx,86,garnet-1.0.92/benchmark/BDN.benchmark/Operations/RawStringOperations.cs,False,Direct Analysis
GetFound,92,garnet-1.0.92/benchmark/BDN.benchmark/Operations/RawStringOperations.cs,False,Direct Analysis
GetNotFound,98,garnet-1.0.92/benchmark/BDN.benchmark/Operations/RawStringOperations.cs,False,Direct Analysis
Increment,104,garnet-1.0.92/benchmark/BDN.benchmark/Operations/RawStringOperations.cs,False,Direct Analysis
Decrement,110,garnet-1.0.92/benchmark/BDN.benchmark/Operations/RawStringOperations.cs,False,Direct Analysis
IncrementBy,116,garnet-1.0.92/benchmark/BDN.benchmark/Operations/RawStringOperations.cs,False,Direct Analysis
DecrementBy,122,garnet-1.0.92/benchmark/BDN.benchmark/Operations/RawStringOperations.cs,False,Direct Analysis
GetClusterConfig,47,garnet-1.0.92/playground/ClusterStress/ShardedRespPerfBench.cs,False,Direct Analysis
CheckAllSlotsCovered,54,garnet-1.0.92/playground/ClusterStress/ShardedRespPerfBench.cs,False,Direct Analysis
InitSlotMap,78,garnet-1.0.92/playground/ClusterStress/ShardedRespPerfBench.cs,False,Direct Analysis
InitConnections,92,garnet-1.0.92/playground/ClusterStress/ShardedRespPerfBench.cs,False,Direct Analysis
GetConnection,131,garnet-1.0.92/playground/ClusterStress/ShardedRespPerfBench.cs,False,Direct Analysis
PrintClusterConfig,158,garnet-1.0.92/playground/ClusterStress/ShardedRespPerfBench.cs,False,Direct Analysis
LightOperateThreadRunnerCluster,356,garnet-1.0.92/playground/ClusterStress/ShardedRespPerfBench.cs,False,Direct Analysis
LightOperateThreadRunnerClusterReplicaReads,399,garnet-1.0.92/playground/ClusterStress/ShardedRespPerfBench.cs,False,Direct Analysis
SnapCursorToLogicalAddress,75,garnet-1.0.92/libs/storage/Tsavorite/cs/src/core/Allocator/SpanByteScanIterator.cs,False,Direct Analysis
InitializeGetNext,88,garnet-1.0.92/libs/storage/Tsavorite/cs/src/core/Allocator/SpanByteScanIterator.cs,False,Direct Analysis
SnapToLogicalAddressBoundary,120,garnet-1.0.92/libs/storage/Tsavorite/cs/src/core/Allocator/SpanByteScanIterator.cs,False,Direct Analysis
GetNext,149,garnet-1.0.92/libs/storage/Tsavorite/cs/src/core/Allocator/SpanByteScanIterator.cs,False,Direct Analysis
IPushScanIterator,231,garnet-1.0.92/libs/storage/Tsavorite/cs/src/core/Allocator/SpanByteScanIterator.cs,False,Direct Analysis
IPushScanIterator,269,garnet-1.0.92/libs/storage/Tsavorite/cs/src/core/Allocator/SpanByteScanIterator.cs,False,Direct Analysis
GetPhysicalAddress,276,garnet-1.0.92/libs/storage/Tsavorite/cs/src/core/Allocator/SpanByteScanIterator.cs,False,Direct Analysis
Dispose,296,garnet-1.0.92/libs/storage/Tsavorite/cs/src/core/Allocator/SpanByteScanIterator.cs,False,Direct Analysis
AsyncReadPagesCallback,308,garnet-1.0.92/libs/storage/Tsavorite/cs/src/core/Allocator/SpanByteScanIterator.cs,False,Direct Analysis
Prepare,19,garnet-1.0.92/test/Garnet.test/ObjectExpiryTxn.cs,False,Direct Analysis
Main,26,garnet-1.0.92/test/Garnet.test/ObjectExpiryTxn.cs,False,Direct Analysis
AdmitCommit,111,garnet-1.0.92/libs/storage/Tsavorite/cs/src/core/TsavoriteLog/LogCommitPolicy.cs,False,Direct Analysis
OnCommitCreated,127,garnet-1.0.92/libs/storage/Tsavorite/cs/src/core/TsavoriteLog/LogCommitPolicy.cs,False,Direct Analysis
OnCommitFinished,130,garnet-1.0.92/libs/storage/Tsavorite/cs/src/core/TsavoriteLog/LogCommitPolicy.cs,False,Direct Analysis
Delete,21,garnet-1.0.92/libs/storage/Tsavorite/cs/src/core/Index/CheckpointManagement/NullNamedDeviceFactory.cs,False,Direct Analysis
ListContents,30,garnet-1.0.92/libs/storage/Tsavorite/cs/src/core/Index/CheckpointManagement/NullNamedDeviceFactory.cs,False,Direct Analysis
GlobalSetup_Binary,39,garnet-1.0.92/benchmark/BDN.benchmark/Bitmap/BinaryOperations.cs,False,Direct Analysis
BinaryOperation,58,garnet-1.0.92/benchmark/BDN.benchmark/Bitmap/BinaryOperations.cs,False,Direct Analysis
GlobalCleanup,64,garnet-1.0.92/benchmark/BDN.benchmark/Bitmap/BinaryOperations.cs,False,Direct Analysis
GetSingleSlotRequest,1730,garnet-1.0.92/test/Garnet.test.cluster/RedirectTests/BaseCommand.cs,False,Direct Analysis
GetCrossSlotRequest,1736,garnet-1.0.92/test/Garnet.test.cluster/RedirectTests/BaseCommand.cs,False,Direct Analysis
SetupSingleSlotRequest,1742,garnet-1.0.92/test/Garnet.test.cluster/RedirectTests/BaseCommand.cs,False,Direct Analysis
IsLocalConnection,96,garnet-1.0.92/libs/common/Networking/GarnetTcpNetworkSender.cs,False,Direct Analysis
Enter,112,garnet-1.0.92/libs/common/Networking/GarnetTcpNetworkSender.cs,False,Direct Analysis
EnterAndGetResponseObject,120,garnet-1.0.92/libs/common/Networking/GarnetTcpNetworkSender.cs,False,Direct Analysis
Exit,137,garnet-1.0.92/libs/common/Networking/GarnetTcpNetworkSender.cs,False,Direct Analysis
ExitAndReturnResponseObject,143,garnet-1.0.92/libs/common/Networking/GarnetTcpNetworkSender.cs,False,Direct Analysis
GetResponseObject,156,garnet-1.0.92/libs/common/Networking/GarnetTcpNetworkSender.cs,False,Direct Analysis
ReturnResponseObject,174,garnet-1.0.92/libs/common/Networking/GarnetTcpNetworkSender.cs,False,Direct Analysis
ReturnBuffer,183,garnet-1.0.92/libs/common/Networking/GarnetTcpNetworkSender.cs,False,Direct Analysis
GetResponseObjectHead,192,garnet-1.0.92/libs/common/Networking/GarnetTcpNetworkSender.cs,False,Direct Analysis
GetResponseObjectTail,201,garnet-1.0.92/libs/common/Networking/GarnetTcpNetworkSender.cs,False,Direct Analysis
SendResponse,210,garnet-1.0.92/libs/common/Networking/GarnetTcpNetworkSender.cs,False,Direct Analysis
SendResponse,231,garnet-1.0.92/libs/common/Networking/GarnetTcpNetworkSender.cs,False,Direct Analysis
SendCallback,237,garnet-1.0.92/libs/common/Networking/GarnetTcpNetworkSender.cs,False,Direct Analysis
DisposeNetworkSender,246,garnet-1.0.92/libs/common/Networking/GarnetTcpNetworkSender.cs,False,Direct Analysis
Throttle,263,garnet-1.0.92/libs/common/Networking/GarnetTcpNetworkSender.cs,False,Direct Analysis
TryClose,284,garnet-1.0.92/libs/common/Networking/GarnetTcpNetworkSender.cs,False,Direct Analysis
Send,309,garnet-1.0.92/libs/common/Networking/GarnetTcpNetworkSender.cs,False,Direct Analysis
SeaaBuffer_Completed,332,garnet-1.0.92/libs/common/Networking/GarnetTcpNetworkSender.cs,False,Direct Analysis
ToString,100,garnet-1.0.92/libs/storage/Tsavorite/cs/src/core/Utilities/LockType.cs,False,Direct Analysis
GetSingleSlotRequest,896,garnet-1.0.92/test/Garnet.test.cluster/RedirectTests/BaseCommand.cs,False,Direct Analysis
RandomBytes,18,garnet-1.0.92/benchmark/BDN.benchmark/Utils/BenchUtils.cs,False,Direct Analysis
SelectOpType,102,garnet-1.0.92/benchmark/Resp.benchmark/RespOnlineBench.cs,False,Direct Analysis
WaitForMonitorIterationSwitch,110,garnet-1.0.92/benchmark/Resp.benchmark/RespOnlineBench.cs,False,Direct Analysis
RecordValue,135,garnet-1.0.92/benchmark/Resp.benchmark/RespOnlineBench.cs,False,Direct Analysis
InitializeClients,152,garnet-1.0.92/benchmark/Resp.benchmark/RespOnlineBench.cs,False,Direct Analysis
GetCookie,39,garnet-1.0.92/libs/server/GarnetCheckpointManager.cs,False,Direct Analysis
Setup,22,garnet-1.0.92/test/Garnet.test.cluster/ClusterAuthCommsTests.cs,False,Direct Analysis
TearDown,29,garnet-1.0.92/test/Garnet.test.cluster/ClusterAuthCommsTests.cs,False,Direct Analysis
ClusterBasicACLTest,36,garnet-1.0.92/test/Garnet.test.cluster/ClusterAuthCommsTests.cs,False,Direct Analysis
ClusterStartupWithoutAuthCreds,68,garnet-1.0.92/test/Garnet.test.cluster/ClusterAuthCommsTests.cs,False,Direct Analysis
ClusterReplicationAuth,114,garnet-1.0.92/test/Garnet.test.cluster/ClusterAuthCommsTests.cs,False,Direct Analysis
ClusterSimpleFailoverAuth,181,garnet-1.0.92/test/Garnet.test.cluster/ClusterAuthCommsTests.cs,False,Direct Analysis
ClusterSimpleACLReload,198,garnet-1.0.92/test/Garnet.test.cluster/ClusterAuthCommsTests.cs,False,Direct Analysis
GetRespSession,48,garnet-1.0.92/benchmark/BDN.benchmark/Embedded/EmbeddedRespServer.cs,False,Direct Analysis
GetNetworkHandler,53,garnet-1.0.92/benchmark/BDN.benchmark/Embedded/EmbeddedRespServer.cs,False,Direct Analysis
StartAsync,106,garnet-1.0.92/libs/storage/Tsavorite/cs/src/devices/AzureStorageDevice/BlobManager.cs,False,Direct Analysis
HandleStorageError,114,garnet-1.0.92/libs/storage/Tsavorite/cs/src/devices/AzureStorageDevice/BlobManager.cs,False,Direct Analysis
StopAsync,129,garnet-1.0.92/libs/storage/Tsavorite/cs/src/devices/AzureStorageDevice/BlobManager.cs,False,Direct Analysis
ConfirmLeaseIsGoodForAWhileAsync,137,garnet-1.0.92/libs/storage/Tsavorite/cs/src/devices/AzureStorageDevice/BlobManager.cs,False,Direct Analysis
ConfirmLeaseIsGoodForAWhile,147,garnet-1.0.92/libs/storage/Tsavorite/cs/src/devices/AzureStorageDevice/BlobManager.cs,False,Direct Analysis
AcquireOwnership,157,garnet-1.0.92/libs/storage/Tsavorite/cs/src/devices/AzureStorageDevice/BlobManager.cs,False,Direct Analysis
RenewLeaseTask,256,garnet-1.0.92/libs/storage/Tsavorite/cs/src/devices/AzureStorageDevice/BlobManager.cs,False,Direct Analysis
MaintenanceLoopAsync,287,garnet-1.0.92/libs/storage/Tsavorite/cs/src/devices/AzureStorageDevice/BlobManager.cs,False,Direct Analysis
PerformWithRetriesAsync,14,garnet-1.0.92/libs/storage/Tsavorite/cs/src/devices/AzureStorageDevice/StorageOperations.cs,False,Direct Analysis
GlobalBeforeEnteringState,23,garnet-1.0.92/libs/storage/Tsavorite/cs/src/core/Index/Checkpointing/IncrementalSnapshotCheckpointSMTask.cs,False,Direct Analysis
GlobalSetup,18,garnet-1.0.92/benchmark/BDN.benchmark/Operations/TxnOperations.cs,False,Direct Analysis
MultiExec,30,garnet-1.0.92/benchmark/BDN.benchmark/Operations/TxnOperations.cs,False,Direct Analysis
Transform,43,garnet-1.0.92/libs/host/Configuration/GarnetCustomTransformers.cs,False,Direct Analysis
TransformBack,63,garnet-1.0.92/libs/host/Configuration/GarnetCustomTransformers.cs,False,Direct Analysis
GlobalSetup,24,garnet-1.0.92/benchmark/BDN.benchmark/Parsing/DoubleToResp.cs,False,Direct Analysis
WriteDoubleAsBulkString,36,garnet-1.0.92/benchmark/BDN.benchmark/Parsing/DoubleToResp.cs,False,Direct Analysis
WriteDoubleAsBulkStringByTranscoding,44,garnet-1.0.92/benchmark/BDN.benchmark/Parsing/DoubleToResp.cs,False,Direct Analysis
Dispose,179,garnet-1.0.92/libs/cluster/Server/Migration/MigrateSession.cs,False,Direct Analysis
CheckConnection,189,garnet-1.0.92/libs/cluster/Server/Migration/MigrateSession.cs,False,Direct Analysis
GetRanges,225,garnet-1.0.92/libs/cluster/Server/Migration/MigrateSession.cs,False,Direct Analysis
TrySetSlotRanges,254,garnet-1.0.92/libs/cluster/Server/Migration/MigrateSession.cs,False,Direct Analysis
TryPrepareLocalForMigration,301,garnet-1.0.92/libs/cluster/Server/Migration/MigrateSession.cs,False,Direct Analysis
TryRecoverFromFailure,327,garnet-1.0.92/libs/cluster/Server/Migration/MigrateSession.cs,False,Direct Analysis
HandleMigrateTaskResponse,102,garnet-1.0.92/libs/cluster/Server/Migration/MigrateSessionCommonUtils.cs,False,Direct Analysis
WaitForConfigPropagation,16,garnet-1.0.92/libs/cluster/Server/Migration/MigrateSessionKeyAccess.cs,False,Direct Analysis
CanAccessKey,34,garnet-1.0.92/libs/cluster/Server/Migration/MigrateSessionKeyAccess.cs,False,Direct Analysis
MigrateKeysFromMainStore,21,garnet-1.0.92/libs/cluster/Server/Migration/MigrateSessionKeys.cs,False,Direct Analysis
MigrateKeysFromObjectStore,62,garnet-1.0.92/libs/cluster/Server/Migration/MigrateSessionKeys.cs,False,Direct Analysis
DeleteKeys,85,garnet-1.0.92/libs/cluster/Server/Migration/MigrateSessionKeys.cs,False,Direct Analysis
MigrateKeys,105,garnet-1.0.92/libs/cluster/Server/Migration/MigrateSessionKeys.cs,False,Direct Analysis
MigrateSlotsDriverInline,20,garnet-1.0.92/libs/cluster/Server/Migration/MigrateSessionSlots.cs,False,Direct Analysis
TryStartMigrationTask,17,garnet-1.0.92/libs/cluster/Server/Migration/MigrationDriver.cs,False,Direct Analysis
BeginAsyncMigrationTask,52,garnet-1.0.92/libs/cluster/Server/Migration/MigrationDriver.cs,False,Direct Analysis
SignalRead,55,garnet-1.0.92/libs/storage/Tsavorite/cs/src/core/Index/Recovery/Recovery.cs,False,Direct Analysis
SignalReadError,61,garnet-1.0.92/libs/storage/Tsavorite/cs/src/core/Index/Recovery/Recovery.cs,False,Direct Analysis
WaitRead,68,garnet-1.0.92/libs/storage/Tsavorite/cs/src/core/Index/Recovery/Recovery.cs,False,Direct Analysis
WaitReadAsync,77,garnet-1.0.92/libs/storage/Tsavorite/cs/src/core/Index/Recovery/Recovery.cs,False,Direct Analysis
SignalFlushed,86,garnet-1.0.92/libs/storage/Tsavorite/cs/src/core/Index/Recovery/Recovery.cs,False,Direct Analysis
SignalFlushedError,92,garnet-1.0.92/libs/storage/Tsavorite/cs/src/core/Index/Recovery/Recovery.cs,False,Direct Analysis
WaitFlush,99,garnet-1.0.92/libs/storage/Tsavorite/cs/src/core/Index/Recovery/Recovery.cs,False,Direct Analysis
WaitFlushAsync,108,garnet-1.0.92/libs/storage/Tsavorite/cs/src/core/Index/Recovery/Recovery.cs,False,Direct Analysis
Dispose,116,garnet-1.0.92/libs/storage/Tsavorite/cs/src/core/Index/Recovery/Recovery.cs,False,Direct Analysis
RecoveryCheck3,489,garnet-1.0.92/libs/storage/Tsavorite/cs/test/RecoveryChecks.cs,False,Direct Analysis
GlobalSetup,22,garnet-1.0.92/benchmark/BDN.benchmark/Operations/PubSubOperations.cs,False,Direct Analysis
Publish,45,garnet-1.0.92/benchmark/BDN.benchmark/Operations/PubSubOperations.cs,False,Direct Analysis
Authenticate,60,garnet-1.0.92/libs/server/Auth/GarnetAadAuthenticator.cs,False,Direct Analysis
IsIdentityAuthorized,92,garnet-1.0.92/libs/server/Auth/GarnetAadAuthenticator.cs,False,Direct Analysis
IsApplicationAuthorized,101,garnet-1.0.92/libs/server/Auth/GarnetAadAuthenticator.cs,False,Direct Analysis
IsAuthorized,134,garnet-1.0.92/libs/server/Auth/GarnetAadAuthenticator.cs,False,Direct Analysis
GetSingleSlotRequest,1814,garnet-1.0.92/test/Garnet.test.cluster/RedirectTests/BaseCommand.cs,False,Direct Analysis
SendCommand,40,garnet-1.0.92/libs/common/LightClientRequest.cs,False,Direct Analysis
SendCommand,49,garnet-1.0.92/libs/common/LightClientRequest.cs,False,Direct Analysis
Execute,56,garnet-1.0.92/libs/common/LightClientRequest.cs,False,Direct Analysis
Execute,62,garnet-1.0.92/libs/common/LightClientRequest.cs,False,Direct Analysis
SendCommandChunks,77,garnet-1.0.92/libs/common/LightClientRequest.cs,False,Direct Analysis
SendCommands,101,garnet-1.0.92/libs/common/LightClientRequest.cs,False,Direct Analysis
BaseSetup,30,garnet-1.0.92/libs/storage/Tsavorite/cs/test/StateMachineDriverTests.cs,False,Direct Analysis
BaseTearDown,38,garnet-1.0.92/libs/storage/Tsavorite/cs/test/StateMachineDriverTests.cs,False,Direct Analysis
DoCheckpointVersionSwitchEquivalenceCheck,47,garnet-1.0.92/libs/storage/Tsavorite/cs/test/StateMachineDriverTests.cs,False,Direct Analysis
DoGrowIndexVersionSwitchEquivalenceCheck,159,garnet-1.0.92/libs/storage/Tsavorite/cs/test/StateMachineDriverTests.cs,False,Direct Analysis
ClearExtraValueLength,94,garnet-1.0.92/libs/storage/Tsavorite/cs/src/core/Index/Interfaces/CallbackInfos.cs,False,Direct Analysis
SetUsedValueLength,121,garnet-1.0.92/libs/storage/Tsavorite/cs/src/core/Index/Interfaces/CallbackInfos.cs,False,Direct Analysis
Start,23,garnet-1.0.92/benchmark/Resp.benchmark/PeriodicCheckpointer.cs,False,Direct Analysis
Stop,44,garnet-1.0.92/benchmark/Resp.benchmark/PeriodicCheckpointer.cs,False,Direct Analysis
Dispose,112,garnet-1.0.92/libs/common/ClientBase.cs,False,Direct Analysis
Callback,63,garnet-1.0.92/benchmark/Device.benchmark/BenchWorker.cs,False,Direct Analysis
Run,84,garnet-1.0.92/benchmark/Device.benchmark/BenchWorker.cs,False,Direct Analysis
TakeIndexFuzzyCheckpoint,37,garnet-1.0.92/libs/storage/Tsavorite/cs/src/core/Index/Recovery/IndexCheckpoint.cs,False,Direct Analysis
IsIndexFuzzyCheckpointCompleted,48,garnet-1.0.92/libs/storage/Tsavorite/cs/src/core/Index/Recovery/IndexCheckpoint.cs,False,Direct Analysis
AddIndexCheckpointWaitingList,55,garnet-1.0.92/libs/storage/Tsavorite/cs/src/core/Index/Recovery/IndexCheckpoint.cs,False,Direct Analysis
FlushRunner,88,garnet-1.0.92/libs/storage/Tsavorite/cs/src/core/Index/Recovery/IndexCheckpoint.cs,False,Direct Analysis
IsMainIndexCheckpointCompleted,151,garnet-1.0.92/libs/storage/Tsavorite/cs/src/core/Index/Recovery/IndexCheckpoint.cs,False,Direct Analysis
AsyncPageFlushCallback,163,garnet-1.0.92/libs/storage/Tsavorite/cs/src/core/Index/Recovery/IndexCheckpoint.cs,False,Direct Analysis
RecoverFuzzyIndex,24,garnet-1.0.92/libs/storage/Tsavorite/cs/src/core/Index/Recovery/IndexRecovery.cs,False,Direct Analysis
RecoverFuzzyIndexAsync,34,garnet-1.0.92/libs/storage/Tsavorite/cs/src/core/Index/Recovery/IndexRecovery.cs,False,Direct Analysis
InitializeMainIndexRecovery,42,garnet-1.0.92/libs/storage/Tsavorite/cs/src/core/Index/Recovery/IndexRecovery.cs,False,Direct Analysis
RecoverFuzzyIndex,75,garnet-1.0.92/libs/storage/Tsavorite/cs/src/core/Index/Recovery/IndexRecovery.cs,False,Direct Analysis
RecoverFuzzyIndexAsync,84,garnet-1.0.92/libs/storage/Tsavorite/cs/src/core/Index/Recovery/IndexRecovery.cs,False,Direct Analysis
IsFuzzyIndexRecoveryComplete,93,garnet-1.0.92/libs/storage/Tsavorite/cs/src/core/Index/Recovery/IndexRecovery.cs,False,Direct Analysis
BeginMainIndexRecovery,105,garnet-1.0.92/libs/storage/Tsavorite/cs/src/core/Index/Recovery/IndexRecovery.cs,False,Direct Analysis
IsMainIndexRecoveryCompleted,136,garnet-1.0.92/libs/storage/Tsavorite/cs/src/core/Index/Recovery/IndexRecovery.cs,False,Direct Analysis
AsyncPageReadCallback,147,garnet-1.0.92/libs/storage/Tsavorite/cs/src/core/Index/Recovery/IndexRecovery.cs,False,Direct Analysis
DeleteTentativeEntries,156,garnet-1.0.92/libs/storage/Tsavorite/cs/src/core/Index/Recovery/IndexRecovery.cs,False,Direct Analysis
Free,61,garnet-1.0.92/libs/storage/Tsavorite/cs/src/core/Index/Tsavorite/TsavoriteBase.cs,False,Direct Analysis
Initialize,78,garnet-1.0.92/libs/storage/Tsavorite/cs/src/core/Index/Tsavorite/TsavoriteBase.cs,False,Direct Analysis
Initialize,102,garnet-1.0.92/libs/storage/Tsavorite/cs/src/core/Index/Tsavorite/TsavoriteBase.cs,False,Direct Analysis
FindTag,125,garnet-1.0.92/libs/storage/Tsavorite/cs/src/core/Index/Tsavorite/TsavoriteBase.cs,False,Direct Analysis
FindOrCreateTag,167,garnet-1.0.92/libs/storage/Tsavorite/cs/src/core/Index/Tsavorite/TsavoriteBase.cs,False,Direct Analysis
FindTagOrFreeInternal,215,garnet-1.0.92/libs/storage/Tsavorite/cs/src/core/Index/Tsavorite/TsavoriteBase.cs,False,Direct Analysis
FindOtherSlotForThisTagMaybeTentativeInternal,310,garnet-1.0.92/libs/storage/Tsavorite/cs/src/core/Index/Tsavorite/TsavoriteBase.cs,False,Direct Analysis
ConvertMetadata,72,garnet-1.0.92/libs/cluster/Server/Replication/GarnetClusterCheckpointManager.cs,False,Direct Analysis
GetSingleSlotRequest,2722,garnet-1.0.92/test/Garnet.test.cluster/RedirectTests/BaseCommand.cs,False,Direct Analysis
Initialize,558,garnet-1.0.92/libs/storage/Tsavorite/cs/src/core/Index/CheckpointManagement/RecoveryInfo.cs,False,Direct Analysis
Recover,565,garnet-1.0.92/libs/storage/Tsavorite/cs/src/core/Index/CheckpointManagement/RecoveryInfo.cs,False,Direct Analysis
Reset,570,garnet-1.0.92/libs/storage/Tsavorite/cs/src/core/Index/CheckpointManagement/RecoveryInfo.cs,False,Direct Analysis
IsDefault,577,garnet-1.0.92/libs/storage/Tsavorite/cs/src/core/Index/CheckpointManagement/RecoveryInfo.cs,False,Direct Analysis
_callback,73,garnet-1.0.92/libs/storage/Tsavorite/cs/src/core/Device/LocalStorageDevice.cs,False,Direct Analysis
Reset,152,garnet-1.0.92/libs/storage/Tsavorite/cs/src/core/Device/LocalStorageDevice.cs,False,Direct Analysis
RecoverFiles,164,garnet-1.0.92/libs/storage/Tsavorite/cs/src/core/Device/LocalStorageDevice.cs,False,Direct Analysis
ReadAsync,208,garnet-1.0.92/libs/storage/Tsavorite/cs/src/core/Device/LocalStorageDevice.cs,False,Direct Analysis
WriteAsync,272,garnet-1.0.92/libs/storage/Tsavorite/cs/src/core/Device/LocalStorageDevice.cs,False,Direct Analysis
RemoveSegment,334,garnet-1.0.92/libs/storage/Tsavorite/cs/src/core/Device/LocalStorageDevice.cs,False,Direct Analysis
RemoveSegmentAsync,347,garnet-1.0.92/libs/storage/Tsavorite/cs/src/core/Device/LocalStorageDevice.cs,False,Direct Analysis
Dispose,356,garnet-1.0.92/libs/storage/Tsavorite/cs/src/core/Device/LocalStorageDevice.cs,False,Direct Analysis
TryComplete,372,garnet-1.0.92/libs/storage/Tsavorite/cs/src/core/Device/LocalStorageDevice.cs,False,Direct Analysis
GetFileSize,398,garnet-1.0.92/libs/storage/Tsavorite/cs/src/core/Device/LocalStorageDevice.cs,False,Direct Analysis
GetOrAddHandle,483,garnet-1.0.92/libs/storage/Tsavorite/cs/src/core/Device/LocalStorageDevice.cs,False,Direct Analysis
CreateAuthenticator,32,garnet-1.0.92/libs/server/Auth/Settings/PasswordAuthenticationSettings.cs,False,Direct Analysis
Dispose,40,garnet-1.0.92/libs/server/Auth/Settings/PasswordAuthenticationSettings.cs,False,Direct Analysis
OnNext,48,garnet-1.0.92/libs/storage/Tsavorite/cs/src/core/Index/Common/LogSizeTracker.cs,False,Direct Analysis
SelectOpType,79,garnet-1.0.92/benchmark/Resp.benchmark/TxnPerfBench.cs,False,Direct Analysis
Run,101,garnet-1.0.92/benchmark/Resp.benchmark/TxnPerfBench.cs,False,Direct Analysis
OpRunnerSERedis,238,garnet-1.0.92/benchmark/Resp.benchmark/TxnPerfBench.cs,False,Direct Analysis
LoadData,326,garnet-1.0.92/benchmark/Resp.benchmark/TxnPerfBench.cs,False,Direct Analysis
ResetRunner,342,garnet-1.0.92/benchmark/Resp.benchmark/TxnPerfBench.cs,False,Direct Analysis
Equals,106,garnet-1.0.92/libs/storage/Tsavorite/cs/test/GenericByteArrayTests.cs,False,Direct Analysis
GetHashCode64,111,garnet-1.0.92/libs/storage/Tsavorite/cs/test/GenericByteArrayTests.cs,False,Direct Analysis
Setup,1957,garnet-1.0.92/libs/storage/Tsavorite/cs/test/RevivificationTests.cs,False,Direct Analysis
TearDown,1990,garnet-1.0.92/libs/storage/Tsavorite/cs/test/RevivificationTests.cs,False,Direct Analysis
Populate,2002,garnet-1.0.92/libs/storage/Tsavorite/cs/test/RevivificationTests.cs,False,Direct Analysis
ArtificialFreeBinThreadStressTest,2031,garnet-1.0.92/libs/storage/Tsavorite/cs/test/RevivificationTests.cs,False,Direct Analysis
ArtificialSimpleTest,2166,garnet-1.0.92/libs/storage/Tsavorite/cs/test/RevivificationTests.cs,False,Direct Analysis
CreateBestFitTestPool,2189,garnet-1.0.92/libs/storage/Tsavorite/cs/test/RevivificationTests.cs,False,Direct Analysis
ArtificialBestFitTest,2231,garnet-1.0.92/libs/storage/Tsavorite/cs/test/RevivificationTests.cs,False,Direct Analysis
ArtificialFirstFitTest,2266,garnet-1.0.92/libs/storage/Tsavorite/cs/test/RevivificationTests.cs,False,Direct Analysis
ArtificialThreadContentionOnOneRecordTest,2296,garnet-1.0.92/libs/storage/Tsavorite/cs/test/RevivificationTests.cs,False,Direct Analysis
LiveThreadContentionOnOneRecordTest,2340,garnet-1.0.92/libs/storage/Tsavorite/cs/test/RevivificationTests.cs,False,Direct Analysis
LiveFreeListThreadStressTest,2423,garnet-1.0.92/libs/storage/Tsavorite/cs/test/RevivificationTests.cs,False,Direct Analysis
LiveInChainThreadStressTest,2504,garnet-1.0.92/libs/storage/Tsavorite/cs/test/RevivificationTests.cs,False,Direct Analysis
Deserialize,29,garnet-1.0.92/libs/storage/Tsavorite/cs/test/StructWithStringTests.cs,False,Direct Analysis
Serialize,36,garnet-1.0.92/libs/storage/Tsavorite/cs/test/StructWithStringTests.cs,False,Direct Analysis
Setup,527,garnet-1.0.92/libs/storage/Tsavorite/cs/test/ExpirationTests.cs,False,Direct Analysis
TearDown,548,garnet-1.0.92/libs/storage/Tsavorite/cs/test/ExpirationTests.cs,False,Direct Analysis
Populate,559,garnet-1.0.92/libs/storage/Tsavorite/cs/test/ExpirationTests.cs,False,Direct Analysis
GetRecord,579,garnet-1.0.92/libs/storage/Tsavorite/cs/test/ExpirationTests.cs,False,Direct Analysis
MaybeEvict,660,garnet-1.0.92/libs/storage/Tsavorite/cs/test/ExpirationTests.cs,False,Direct Analysis
PassiveExpireTest,704,garnet-1.0.92/libs/storage/Tsavorite/cs/test/ExpirationTests.cs,False,Direct Analysis
ExpireDeleteTest,716,garnet-1.0.92/libs/storage/Tsavorite/cs/test/ExpirationTests.cs,False,Direct Analysis
ExpireRolloverTest,746,garnet-1.0.92/libs/storage/Tsavorite/cs/test/ExpirationTests.cs,False,Direct Analysis
SetIfKeyExistsTest,775,garnet-1.0.92/libs/storage/Tsavorite/cs/test/ExpirationTests.cs,False,Direct Analysis
SetIfKeyNotExistsTest,819,garnet-1.0.92/libs/storage/Tsavorite/cs/test/ExpirationTests.cs,False,Direct Analysis
SetIfValueEqualsTest,864,garnet-1.0.92/libs/storage/Tsavorite/cs/test/ExpirationTests.cs,False,Direct Analysis
SetIfValueNotEqualsTest,910,garnet-1.0.92/libs/storage/Tsavorite/cs/test/ExpirationTests.cs,False,Direct Analysis
DeleteThenUpdateTest,953,garnet-1.0.92/libs/storage/Tsavorite/cs/test/ExpirationTests.cs,False,Direct Analysis
DeleteThenInsertTest,1002,garnet-1.0.92/libs/storage/Tsavorite/cs/test/ExpirationTests.cs,False,Direct Analysis
DeleteAndCancelIfValueEqualsTest,1050,garnet-1.0.92/libs/storage/Tsavorite/cs/test/ExpirationTests.cs,False,Direct Analysis
DeleteIfValueNotEqualsTest,1086,garnet-1.0.92/libs/storage/Tsavorite/cs/test/ExpirationTests.cs,False,Direct Analysis
GetSingleSlotRequest,2067,garnet-1.0.92/test/Garnet.test.cluster/RedirectTests/BaseCommand.cs,False,Direct Analysis
IsLocalConnection,25,garnet-1.0.92/benchmark/BDN.benchmark/Embedded/EmbeddedNetworkHandler.cs,False,Direct Analysis
Dispose,30,garnet-1.0.92/benchmark/BDN.benchmark/Embedded/EmbeddedNetworkHandler.cs,False,Direct Analysis
Send,37,garnet-1.0.92/benchmark/BDN.benchmark/Embedded/EmbeddedNetworkHandler.cs,False,Direct Analysis
Initialize,445,garnet-1.0.92/libs/storage/Tsavorite/cs/src/core/Index/CheckpointManagement/RecoveryInfo.cs,False,Direct Analysis
Initialize,456,garnet-1.0.92/libs/storage/Tsavorite/cs/src/core/Index/CheckpointManagement/RecoveryInfo.cs,False,Direct Analysis
Recover,492,garnet-1.0.92/libs/storage/Tsavorite/cs/src/core/Index/CheckpointManagement/RecoveryInfo.cs,False,Direct Analysis
ToByteArray,500,garnet-1.0.92/libs/storage/Tsavorite/cs/src/core/Index/CheckpointManagement/RecoveryInfo.cs,False,Direct Analysis
Checksum,521,garnet-1.0.92/libs/storage/Tsavorite/cs/src/core/Index/CheckpointManagement/RecoveryInfo.cs,False,Direct Analysis
DebugPrint,530,garnet-1.0.92/libs/storage/Tsavorite/cs/src/core/Index/CheckpointManagement/RecoveryInfo.cs,False,Direct Analysis
Reset,541,garnet-1.0.92/libs/storage/Tsavorite/cs/src/core/Index/CheckpointManagement/RecoveryInfo.cs,False,Direct Analysis
Dispose,75,garnet-1.0.92/libs/storage/Tsavorite/cs/benchmark/YCSB.benchmark/ConcurrentDictionaryBenchmark.cs,False,Direct Analysis
RunYcsb,80,garnet-1.0.92/libs/storage/Tsavorite/cs/benchmark/YCSB.benchmark/ConcurrentDictionaryBenchmark.cs,False,Direct Analysis
Setup,25,garnet-1.0.92/test/Garnet.test/CacheSizeTrackerTests.cs,False,Direct Analysis
TearDown,35,garnet-1.0.92/test/Garnet.test/CacheSizeTrackerTests.cs,False,Direct Analysis
HeapSizeValidationTest,42,garnet-1.0.92/test/Garnet.test/CacheSizeTrackerTests.cs,False,Direct Analysis
IncreaseEmptyPageCountTest,56,garnet-1.0.92/test/Garnet.test/CacheSizeTrackerTests.cs,False,Direct Analysis
ReadCacheIncreaseEmptyPageCountTest,93,garnet-1.0.92/test/Garnet.test/CacheSizeTrackerTests.cs,False,Direct Analysis
GetDBSIZE,82,garnet-1.0.92/benchmark/Resp.benchmark/RespPerfBench.cs,False,Direct Analysis
PerformAsyncGET,143,garnet-1.0.92/benchmark/Resp.benchmark/RespPerfBench.cs,False,Direct Analysis
PerformMGET,203,garnet-1.0.92/benchmark/Resp.benchmark/RespPerfBench.cs,False,Direct Analysis
LightOperateThreadRunner,374,garnet-1.0.92/benchmark/Resp.benchmark/RespPerfBench.cs,False,Direct Analysis
GarnetClientSessionOperateThreadRunner,402,garnet-1.0.92/benchmark/Resp.benchmark/RespPerfBench.cs,False,Direct Analysis
SERedisOperateThreadRunner,440,garnet-1.0.92/benchmark/Resp.benchmark/RespPerfBench.cs,False,Direct Analysis
MGetThreadRunner,471,garnet-1.0.92/benchmark/Resp.benchmark/RespPerfBench.cs,False,Direct Analysis
CreateLocalDB,520,garnet-1.0.92/benchmark/Resp.benchmark/RespPerfBench.cs,False,Direct Analysis
LoadDatabaseStringSet,531,garnet-1.0.92/benchmark/Resp.benchmark/RespPerfBench.cs,False,Direct Analysis
GetSingleSlotRequest,552,garnet-1.0.92/test/Garnet.test.cluster/RedirectTests/BaseCommand.cs,False,Direct Analysis
GetCrossSlotRequest,558,garnet-1.0.92/test/Garnet.test.cluster/RedirectTests/BaseCommand.cs,False,Direct Analysis
SetupSingleSlotRequest,564,garnet-1.0.92/test/Garnet.test.cluster/RedirectTests/BaseCommand.cs,False,Direct Analysis
Next,37,garnet-1.0.92/benchmark/Resp.benchmark/ZipfGenerator.cs,False,Direct Analysis
Next,37,garnet-1.0.92/libs/storage/Tsavorite/cs/benchmark/YCSB.benchmark/ZipfGenerator.cs,False,Direct Analysis
GetResponseObjectHead,74,garnet-1.0.92/libs/common/Networking/NetworkSenderBase.cs,False,Direct Analysis
GetResponseObjectTail,77,garnet-1.0.92/libs/common/Networking/NetworkSenderBase.cs,False,Direct Analysis
EnterInfallibleAllocationRegion,32,garnet-1.0.92/libs/server/Lua/LuaTrackedAllocator.cs,False,Direct Analysis
TryExitInfallibleAllocationRegion,40,garnet-1.0.92/libs/server/Lua/LuaTrackedAllocator.cs,False,Direct Analysis
AllocateNew,50,garnet-1.0.92/libs/server/Lua/LuaTrackedAllocator.cs,False,Direct Analysis
Free,81,garnet-1.0.92/libs/server/Lua/LuaTrackedAllocator.cs,False,Direct Analysis
ResizeAllocation,100,garnet-1.0.92/libs/server/Lua/LuaTrackedAllocator.cs,False,Direct Analysis
InfallibleAllocate,157,garnet-1.0.92/libs/server/Lua/LuaTrackedAllocator.cs,False,Direct Analysis
IsInfallibleAllocation,181,garnet-1.0.92/libs/server/Lua/LuaTrackedAllocator.cs,False,Direct Analysis
Init,30,garnet-1.0.92/libs/server/Metrics/Latency/GarnetLatencyMetrics.cs,False,Direct Analysis
Return,38,garnet-1.0.92/libs/server/Metrics/Latency/GarnetLatencyMetrics.cs,False,Direct Analysis
Merge,50,garnet-1.0.92/libs/server/Metrics/Latency/GarnetLatencyMetrics.cs,False,Direct Analysis
Reset,60,garnet-1.0.92/libs/server/Metrics/Latency/GarnetLatencyMetrics.cs,False,Direct Analysis
GetPercentiles,70,garnet-1.0.92/libs/server/Metrics/Latency/GarnetLatencyMetrics.cs,False,Direct Analysis
GetRespHistogram,128,garnet-1.0.92/libs/server/Metrics/Latency/GarnetLatencyMetrics.cs,False,Direct Analysis
GetRespHistograms,160,garnet-1.0.92/libs/server/Metrics/Latency/GarnetLatencyMetrics.cs,False,Direct Analysis
GetLatencyMetrics,181,garnet-1.0.92/libs/server/Metrics/Latency/GarnetLatencyMetrics.cs,False,Direct Analysis
Dump,202,garnet-1.0.92/libs/server/Metrics/Latency/GarnetLatencyMetrics.cs,False,Direct Analysis
Setup,30,garnet-1.0.92/test/Garnet.test.cluster/ReplicationTests/ClusterResetDuringReplicationTests.cs,False,Direct Analysis
TearDown,37,garnet-1.0.92/test/Garnet.test.cluster/ReplicationTests/ClusterResetDuringReplicationTests.cs,False,Direct Analysis
ClusterResetHardDuringDisklessReplicationAttach,49,garnet-1.0.92/test/Garnet.test.cluster/ReplicationTests/ClusterResetDuringReplicationTests.cs,False,Direct Analysis
ToString,41,garnet-1.0.92/libs/server/Cluster/CheckpointMetadata.cs,False,Direct Analysis
AsMemoryReadOnlySpan,90,garnet-1.0.92/libs/storage/Tsavorite/cs/src/core/VarLen/SpanByteAndMemory.cs,False,Direct Analysis
CopyFrom,100,garnet-1.0.92/libs/storage/Tsavorite/cs/src/core/VarLen/SpanByteAndMemory.cs,False,Direct Analysis
ConvertToHeap,129,garnet-1.0.92/libs/storage/Tsavorite/cs/src/core/VarLen/SpanByteAndMemory.cs,False,Direct Analysis
BooleanQuery_TwoValues,42,garnet-1.0.92/test/Garnet.test/GarnetJSON/JSONPath/JsonPathParseTests.cs,False,Direct Analysis
BooleanQuery_TwoPaths,54,garnet-1.0.92/test/Garnet.test/GarnetJSON/JSONPath/JsonPathParseTests.cs,False,Direct Analysis
SingleProperty,69,garnet-1.0.92/test/Garnet.test/GarnetJSON/JSONPath/JsonPathParseTests.cs,False,Direct Analysis
SingleQuotedProperty,77,garnet-1.0.92/test/Garnet.test/GarnetJSON/JSONPath/JsonPathParseTests.cs,False,Direct Analysis
SingleQuotedPropertyWithWhitespace,85,garnet-1.0.92/test/Garnet.test/GarnetJSON/JSONPath/JsonPathParseTests.cs,False,Direct Analysis
SingleQuotedPropertyWithDots,93,garnet-1.0.92/test/Garnet.test/GarnetJSON/JSONPath/JsonPathParseTests.cs,False,Direct Analysis
SingleQuotedPropertyWithBrackets,101,garnet-1.0.92/test/Garnet.test/GarnetJSON/JSONPath/JsonPathParseTests.cs,False,Direct Analysis
SinglePropertyWithRoot,109,garnet-1.0.92/test/Garnet.test/GarnetJSON/JSONPath/JsonPathParseTests.cs,False,Direct Analysis
SinglePropertyWithRootWithStartAndEndWhitespace,117,garnet-1.0.92/test/Garnet.test/GarnetJSON/JSONPath/JsonPathParseTests.cs,False,Direct Analysis
RootWithBadWhitespace,125,garnet-1.0.92/test/Garnet.test/GarnetJSON/JSONPath/JsonPathParseTests.cs,False,Direct Analysis
NoFieldNameAfterDot,132,garnet-1.0.92/test/Garnet.test/GarnetJSON/JSONPath/JsonPathParseTests.cs,False,Direct Analysis
RootWithBadWhitespace2,139,garnet-1.0.92/test/Garnet.test/GarnetJSON/JSONPath/JsonPathParseTests.cs,False,Direct Analysis
WildcardPropertyWithRoot,146,garnet-1.0.92/test/Garnet.test/GarnetJSON/JSONPath/JsonPathParseTests.cs,False,Direct Analysis
WildcardArrayWithRoot,154,garnet-1.0.92/test/Garnet.test/GarnetJSON/JSONPath/JsonPathParseTests.cs,False,Direct Analysis
RootArrayNoDot,162,garnet-1.0.92/test/Garnet.test/GarnetJSON/JSONPath/JsonPathParseTests.cs,False,Direct Analysis
WildcardArray,170,garnet-1.0.92/test/Garnet.test/GarnetJSON/JSONPath/JsonPathParseTests.cs,False,Direct Analysis
WildcardArrayWithProperty,178,garnet-1.0.92/test/Garnet.test/GarnetJSON/JSONPath/JsonPathParseTests.cs,False,Direct Analysis
QuotedWildcardPropertyWithRoot,187,garnet-1.0.92/test/Garnet.test/GarnetJSON/JSONPath/JsonPathParseTests.cs,False,Direct Analysis
SingleScanWithRoot,195,garnet-1.0.92/test/Garnet.test/GarnetJSON/JSONPath/JsonPathParseTests.cs,False,Direct Analysis
QueryTrue,203,garnet-1.0.92/test/Garnet.test/GarnetJSON/JSONPath/JsonPathParseTests.cs,False,Direct Analysis
ScanQuery,212,garnet-1.0.92/test/Garnet.test/GarnetJSON/JSONPath/JsonPathParseTests.cs,False,Direct Analysis
WildcardScanWithRoot,226,garnet-1.0.92/test/Garnet.test/GarnetJSON/JSONPath/JsonPathParseTests.cs,False,Direct Analysis
WildcardScanWithRootWithWhitespace,234,garnet-1.0.92/test/Garnet.test/GarnetJSON/JSONPath/JsonPathParseTests.cs,False,Direct Analysis
TwoProperties,242,garnet-1.0.92/test/Garnet.test/GarnetJSON/JSONPath/JsonPathParseTests.cs,False,Direct Analysis
OnePropertyOneScan,251,garnet-1.0.92/test/Garnet.test/GarnetJSON/JSONPath/JsonPathParseTests.cs,False,Direct Analysis
SinglePropertyAndIndexer,260,garnet-1.0.92/test/Garnet.test/GarnetJSON/JSONPath/JsonPathParseTests.cs,False,Direct Analysis
SinglePropertyAndExistsQuery,269,garnet-1.0.92/test/Garnet.test/GarnetJSON/JSONPath/JsonPathParseTests.cs,False,Direct Analysis
SinglePropertyAndFilterWithWhitespace,282,garnet-1.0.92/test/Garnet.test/GarnetJSON/JSONPath/JsonPathParseTests.cs,False,Direct Analysis
SinglePropertyAndFilterWithEscapeQuote,293,garnet-1.0.92/test/Garnet.test/GarnetJSON/JSONPath/JsonPathParseTests.cs,False,Direct Analysis
SinglePropertyAndFilterWithDoubleEscape,304,garnet-1.0.92/test/Garnet.test/GarnetJSON/JSONPath/JsonPathParseTests.cs,False,Direct Analysis
SinglePropertyAndFilterWithRegexAndOptions,315,garnet-1.0.92/test/Garnet.test/GarnetJSON/JSONPath/JsonPathParseTests.cs,False,Direct Analysis
SinglePropertyAndFilterWithRegex,326,garnet-1.0.92/test/Garnet.test/GarnetJSON/JSONPath/JsonPathParseTests.cs,False,Direct Analysis
SinglePropertyAndFilterWithEscapedRegex,337,garnet-1.0.92/test/Garnet.test/GarnetJSON/JSONPath/JsonPathParseTests.cs,False,Direct Analysis
SinglePropertyAndFilterWithOpenRegex,349,garnet-1.0.92/test/Garnet.test/GarnetJSON/JSONPath/JsonPathParseTests.cs,False,Direct Analysis
SinglePropertyAndFilterWithUnknownEscape,356,garnet-1.0.92/test/Garnet.test/GarnetJSON/JSONPath/JsonPathParseTests.cs,False,Direct Analysis
SinglePropertyAndFilterWithFalse,363,garnet-1.0.92/test/Garnet.test/GarnetJSON/JSONPath/JsonPathParseTests.cs,False,Direct Analysis
SinglePropertyAndFilterWithTrue,374,garnet-1.0.92/test/Garnet.test/GarnetJSON/JSONPath/JsonPathParseTests.cs,False,Direct Analysis
SinglePropertyAndFilterWithNull,385,garnet-1.0.92/test/Garnet.test/GarnetJSON/JSONPath/JsonPathParseTests.cs,False,Direct Analysis
FilterWithScan,396,garnet-1.0.92/test/Garnet.test/GarnetJSON/JSONPath/JsonPathParseTests.cs,False,Direct Analysis
FilterWithNotEquals,405,garnet-1.0.92/test/Garnet.test/GarnetJSON/JSONPath/JsonPathParseTests.cs,False,Direct Analysis
FilterWithNotEquals2,413,garnet-1.0.92/test/Garnet.test/GarnetJSON/JSONPath/JsonPathParseTests.cs,False,Direct Analysis
FilterWithLessThan,421,garnet-1.0.92/test/Garnet.test/GarnetJSON/JSONPath/JsonPathParseTests.cs,False,Direct Analysis
FilterWithLessThanOrEquals,429,garnet-1.0.92/test/Garnet.test/GarnetJSON/JSONPath/JsonPathParseTests.cs,False,Direct Analysis
FilterWithGreaterThan,437,garnet-1.0.92/test/Garnet.test/GarnetJSON/JSONPath/JsonPathParseTests.cs,False,Direct Analysis
FilterWithGreaterThanOrEquals,445,garnet-1.0.92/test/Garnet.test/GarnetJSON/JSONPath/JsonPathParseTests.cs,False,Direct Analysis
FilterWithInteger,453,garnet-1.0.92/test/Garnet.test/GarnetJSON/JSONPath/JsonPathParseTests.cs,False,Direct Analysis
FilterWithNegativeInteger,461,garnet-1.0.92/test/Garnet.test/GarnetJSON/JSONPath/JsonPathParseTests.cs,False,Direct Analysis
FilterWithFloat,469,garnet-1.0.92/test/Garnet.test/GarnetJSON/JSONPath/JsonPathParseTests.cs,False,Direct Analysis
FilterExistWithAnd,477,garnet-1.0.92/test/Garnet.test/GarnetJSON/JSONPath/JsonPathParseTests.cs,False,Direct Analysis
FilterExistWithAndOr,496,garnet-1.0.92/test/Garnet.test/GarnetJSON/JSONPath/JsonPathParseTests.cs,False,Direct Analysis
FilterWithRoot,523,garnet-1.0.92/test/Garnet.test/GarnetJSON/JSONPath/JsonPathParseTests.cs,False,Direct Analysis
BadOr1,534,garnet-1.0.92/test/Garnet.test/GarnetJSON/JSONPath/JsonPathParseTests.cs,False,Direct Analysis
BaddOr2,541,garnet-1.0.92/test/Garnet.test/GarnetJSON/JSONPath/JsonPathParseTests.cs,False,Direct Analysis
BaddOr3,548,garnet-1.0.92/test/Garnet.test/GarnetJSON/JSONPath/JsonPathParseTests.cs,False,Direct Analysis
BaddOr4,555,garnet-1.0.92/test/Garnet.test/GarnetJSON/JSONPath/JsonPathParseTests.cs,False,Direct Analysis
NoAtAfterOr,561,garnet-1.0.92/test/Garnet.test/GarnetJSON/JSONPath/JsonPathParseTests.cs,False,Direct Analysis
NoPathAfterAt,568,garnet-1.0.92/test/Garnet.test/GarnetJSON/JSONPath/JsonPathParseTests.cs,False,Direct Analysis
NoPathAfterDot,574,garnet-1.0.92/test/Garnet.test/GarnetJSON/JSONPath/JsonPathParseTests.cs,False,Direct Analysis
NoPathAfterDot2,581,garnet-1.0.92/test/Garnet.test/GarnetJSON/JSONPath/JsonPathParseTests.cs,False,Direct Analysis
FilterWithFloatExp,588,garnet-1.0.92/test/Garnet.test/GarnetJSON/JSONPath/JsonPathParseTests.cs,False,Direct Analysis
MultiplePropertiesAndIndexers,596,garnet-1.0.92/test/Garnet.test/GarnetJSON/JSONPath/JsonPathParseTests.cs,False,Direct Analysis
BadCharactersInIndexer,609,garnet-1.0.92/test/Garnet.test/GarnetJSON/JSONPath/JsonPathParseTests.cs,False,Direct Analysis
UnclosedIndexer,616,garnet-1.0.92/test/Garnet.test/GarnetJSON/JSONPath/JsonPathParseTests.cs,False,Direct Analysis
IndexerOnly,622,garnet-1.0.92/test/Garnet.test/GarnetJSON/JSONPath/JsonPathParseTests.cs,False,Direct Analysis
IndexerOnlyWithWhitespace,630,garnet-1.0.92/test/Garnet.test/GarnetJSON/JSONPath/JsonPathParseTests.cs,False,Direct Analysis
MultipleIndexes,638,garnet-1.0.92/test/Garnet.test/GarnetJSON/JSONPath/JsonPathParseTests.cs,False,Direct Analysis
MultipleIndexesWithWhitespace,648,garnet-1.0.92/test/Garnet.test/GarnetJSON/JSONPath/JsonPathParseTests.cs,False,Direct Analysis
MultipleQuotedIndexes,658,garnet-1.0.92/test/Garnet.test/GarnetJSON/JSONPath/JsonPathParseTests.cs,False,Direct Analysis
MultipleQuotedIndexesWithWhitespace,668,garnet-1.0.92/test/Garnet.test/GarnetJSON/JSONPath/JsonPathParseTests.cs,False,Direct Analysis
SlicingIndexAll,678,garnet-1.0.92/test/Garnet.test/GarnetJSON/JSONPath/JsonPathParseTests.cs,False,Direct Analysis
SlicingIndex,688,garnet-1.0.92/test/Garnet.test/GarnetJSON/JSONPath/JsonPathParseTests.cs,False,Direct Analysis
SlicingIndexNegative,698,garnet-1.0.92/test/Garnet.test/GarnetJSON/JSONPath/JsonPathParseTests.cs,False,Direct Analysis
SlicingIndexEmptyStop,708,garnet-1.0.92/test/Garnet.test/GarnetJSON/JSONPath/JsonPathParseTests.cs,False,Direct Analysis
SlicingIndexEmptyStart,718,garnet-1.0.92/test/Garnet.test/GarnetJSON/JSONPath/JsonPathParseTests.cs,False,Direct Analysis
SlicingIndexWhitespace,728,garnet-1.0.92/test/Garnet.test/GarnetJSON/JSONPath/JsonPathParseTests.cs,False,Direct Analysis
EmptyIndexer,738,garnet-1.0.92/test/Garnet.test/GarnetJSON/JSONPath/JsonPathParseTests.cs,False,Direct Analysis
IndexerCloseInProperty,744,garnet-1.0.92/test/Garnet.test/GarnetJSON/JSONPath/JsonPathParseTests.cs,False,Direct Analysis
AdjacentIndexers,751,garnet-1.0.92/test/Garnet.test/GarnetJSON/JSONPath/JsonPathParseTests.cs,False,Direct Analysis
MissingDotAfterIndexer,762,garnet-1.0.92/test/Garnet.test/GarnetJSON/JSONPath/JsonPathParseTests.cs,False,Direct Analysis
PropertyFollowingEscapedPropertyName,769,garnet-1.0.92/test/Garnet.test/GarnetJSON/JSONPath/JsonPathParseTests.cs,False,Direct Analysis
ArrayOfArrayValue,782,garnet-1.0.92/test/Garnet.test/GarnetJSON/JSONPath/JsonPathParseTests.cs,False,Direct Analysis
ArrayOfArrayValueWithEscaping,797,garnet-1.0.92/test/Garnet.test/GarnetJSON/JSONPath/JsonPathParseTests.cs,False,Direct Analysis
AuthenticateAsClientAsync,238,garnet-1.0.92/libs/common/Networking/NetworkHandler.cs,False,Direct Analysis
OnNetworkReceiveWithoutTLS,266,garnet-1.0.92/libs/common/Networking/NetworkHandler.cs,False,Direct Analysis
OnNetworkReceiveWithTLSAsync,284,garnet-1.0.92/libs/common/Networking/NetworkHandler.cs,False,Direct Analysis
UpdateNetworkBuffers,320,garnet-1.0.92/libs/common/Networking/NetworkHandler.cs,False,Direct Analysis
Process,335,garnet-1.0.92/libs/common/Networking/NetworkHandler.cs,False,Direct Analysis
Read,349,garnet-1.0.92/libs/common/Networking/NetworkHandler.cs,False,Direct Analysis
EndTransformNetworkToTransport,473,garnet-1.0.92/libs/common/Networking/NetworkHandler.cs,False,Direct Analysis
TryProcessRequest,482,garnet-1.0.92/libs/common/Networking/NetworkHandler.cs,False,Direct Analysis
DoubleNetworkReceiveBuffer,495,garnet-1.0.92/libs/common/Networking/NetworkHandler.cs,False,Direct Analysis
ShiftNetworkReceiveBuffer,505,garnet-1.0.92/libs/common/Networking/NetworkHandler.cs,False,Direct Analysis
DoubleTransportReceiveBuffer,517,garnet-1.0.92/libs/common/Networking/NetworkHandler.cs,False,Direct Analysis
ShiftTransportReceiveBuffer,530,garnet-1.0.92/libs/common/Networking/NetworkHandler.cs,False,Direct Analysis
EnterAndGetResponseObject,548,garnet-1.0.92/libs/common/Networking/NetworkHandler.cs,False,Direct Analysis
ExitAndReturnResponseObject,560,garnet-1.0.92/libs/common/Networking/NetworkHandler.cs,False,Direct Analysis
GetResponseObject,566,garnet-1.0.92/libs/common/Networking/NetworkHandler.cs,False,Direct Analysis
ReturnResponseObject,569,garnet-1.0.92/libs/common/Networking/NetworkHandler.cs,False,Direct Analysis
SendResponse,572,garnet-1.0.92/libs/common/Networking/NetworkHandler.cs,False,Direct Analysis
SendResponse,585,garnet-1.0.92/libs/common/Networking/NetworkHandler.cs,False,Direct Analysis
SendCallback,598,garnet-1.0.92/libs/common/Networking/NetworkHandler.cs,False,Direct Analysis
DisposeImpl,614,garnet-1.0.92/libs/common/Networking/NetworkHandler.cs,False,Direct Analysis
Throttle,645,garnet-1.0.92/libs/common/Networking/NetworkHandler.cs,False,Direct Analysis
Enqueue,112,garnet-1.0.92/libs/common/Collections/ElasticCircularBuffer.cs,False,Direct Analysis
Dequeue,149,garnet-1.0.92/libs/common/Collections/ElasticCircularBuffer.cs,False,Direct Analysis
PeekFirst,169,garnet-1.0.92/libs/common/Collections/ElasticCircularBuffer.cs,False,Direct Analysis
PeekLast,188,garnet-1.0.92/libs/common/Collections/ElasticCircularBuffer.cs,False,Direct Analysis
Iterate,201,garnet-1.0.92/libs/common/Collections/ElasticCircularBuffer.cs,False,Direct Analysis
Setup,25,garnet-1.0.92/libs/storage/Tsavorite/cs/test/GenericByteArrayTests.cs,False,Direct Analysis
TearDown,48,garnet-1.0.92/libs/storage/Tsavorite/cs/test/GenericByteArrayTests.cs,False,Direct Analysis
ByteArrayBasicTest,70,garnet-1.0.92/libs/storage/Tsavorite/cs/test/GenericByteArrayTests.cs,False,Direct Analysis
PeekFirst,32,garnet-1.0.92/libs/common/Collections/ElasticCircularBuffer.cs,False,Direct Analysis
PeekLast,37,garnet-1.0.92/libs/common/Collections/ElasticCircularBuffer.cs,False,Direct Analysis
Enqueue,43,garnet-1.0.92/libs/common/Collections/ElasticCircularBuffer.cs,False,Direct Analysis
Dequeue,55,garnet-1.0.92/libs/common/Collections/ElasticCircularBuffer.cs,False,Direct Analysis
Iterate,74,garnet-1.0.92/libs/common/Collections/ElasticCircularBuffer.cs,False,Direct Analysis
CanEncodeAndDecodeCoordinates,26,garnet-1.0.92/test/Garnet.test/GeoHashTests.cs,False,Direct Analysis
CanEncodeAndDecodeCoordinatesWithGeoHashCode,51,garnet-1.0.92/test/Garnet.test/GeoHashTests.cs,False,Direct Analysis
GetSingleSlotRequest,397,garnet-1.0.92/test/Garnet.test.cluster/RedirectTests/BaseCommand.cs,False,Direct Analysis
GetCrossSlotRequest,403,garnet-1.0.92/test/Garnet.test.cluster/RedirectTests/BaseCommand.cs,False,Direct Analysis
SetupSingleSlotRequest,409,garnet-1.0.92/test/Garnet.test.cluster/RedirectTests/BaseCommand.cs,False,Direct Analysis
ExecuteFilter,35,garnet-1.0.92/modules/GarnetJSON/JSONPath/ArraySliceFilter.cs,False,Direct Analysis
ExecuteFilter,108,garnet-1.0.92/modules/GarnetJSON/JSONPath/ArraySliceFilter.cs,False,Direct Analysis
Setup,22,garnet-1.0.92/libs/storage/Tsavorite/cs/test/LowMemoryTests.cs,False,Direct Analysis
TearDown,42,garnet-1.0.92/libs/storage/Tsavorite/cs/test/LowMemoryTests.cs,False,Direct Analysis
LowMemConcurrentUpsertReadTest,61,garnet-1.0.92/libs/storage/Tsavorite/cs/test/LowMemoryTests.cs,False,Direct Analysis
LowMemConcurrentUpsertRMWReadTest,97,garnet-1.0.92/libs/storage/Tsavorite/cs/test/LowMemoryTests.cs,False,Direct Analysis
ReadCompletionCallback,14,garnet-1.0.92/libs/server/Storage/Functions/MainStore/CallbackMethods.cs,False,Direct Analysis
RMWCompletionCallback,19,garnet-1.0.92/libs/server/Storage/Functions/MainStore/CallbackMethods.cs,False,Direct Analysis
SingleDeleter,14,garnet-1.0.92/libs/server/Storage/Functions/MainStore/DeleteMethods.cs,False,Direct Analysis
PostSingleDeleter,22,garnet-1.0.92/libs/server/Storage/Functions/MainStore/DeleteMethods.cs,False,Direct Analysis
ConcurrentDeleter,29,garnet-1.0.92/libs/server/Storage/Functions/MainStore/DeleteMethods.cs,False,Direct Analysis
ConvertOutputToHeap,25,garnet-1.0.92/libs/server/Storage/Functions/MainStore/MainSessionFunctions.cs,False,Direct Analysis
CopyRespTo,37,garnet-1.0.92/libs/server/Storage/Functions/MainStore/PrivateMethods.cs,False,Direct Analysis
CopyRespToWithInput,85,garnet-1.0.92/libs/server/Storage/Functions/MainStore/PrivateMethods.cs,False,Direct Analysis
NeedInitialUpdate,24,garnet-1.0.92/libs/server/Storage/Functions/MainStore/RMWMethods.cs,False,Direct Analysis
InitialUpdater,78,garnet-1.0.92/libs/server/Storage/Functions/MainStore/RMWMethods.cs,False,Direct Analysis
PostInitialUpdater,290,garnet-1.0.92/libs/server/Storage/Functions/MainStore/RMWMethods.cs,False,Direct Analysis
InPlaceUpdater,305,garnet-1.0.92/libs/server/Storage/Functions/MainStore/RMWMethods.cs,False,Direct Analysis
InPlaceUpdaterWorker,326,garnet-1.0.92/libs/server/Storage/Functions/MainStore/RMWMethods.cs,False,Direct Analysis
NeedCopyUpdate,875,garnet-1.0.92/libs/server/Storage/Functions/MainStore/RMWMethods.cs,False,Direct Analysis
CopyUpdater,1009,garnet-1.0.92/libs/server/Storage/Functions/MainStore/RMWMethods.cs,False,Direct Analysis
PostCopyUpdater,1396,garnet-1.0.92/libs/server/Storage/Functions/MainStore/RMWMethods.cs,False,Direct Analysis
SingleReader,16,garnet-1.0.92/libs/server/Storage/Functions/MainStore/ReadMethods.cs,False,Direct Analysis
ConcurrentReader,86,garnet-1.0.92/libs/server/Storage/Functions/MainStore/ReadMethods.cs,False,Direct Analysis
handleGetIfNotMatch,156,garnet-1.0.92/libs/server/Storage/Functions/MainStore/ReadMethods.cs,False,Direct Analysis
SingleWriter,14,garnet-1.0.92/libs/server/Storage/Functions/MainStore/UpsertMethods.cs,False,Direct Analysis
PostSingleWriter,22,garnet-1.0.92/libs/server/Storage/Functions/MainStore/UpsertMethods.cs,False,Direct Analysis
ConcurrentWriter,30,garnet-1.0.92/libs/server/Storage/Functions/MainStore/UpsertMethods.cs,False,Direct Analysis
GetRMWInitialValueLength,70,garnet-1.0.92/libs/server/Storage/Functions/MainStore/VarLenInputMethods.cs,False,Direct Analysis
GetRMWModifiedValueLength,135,garnet-1.0.92/libs/server/Storage/Functions/MainStore/VarLenInputMethods.cs,False,Direct Analysis
GetUpsertValueLength,260,garnet-1.0.92/libs/server/Storage/Functions/MainStore/VarLenInputMethods.cs,False,Direct Analysis
Dispose,41,garnet-1.0.92/libs/storage/Tsavorite/cs/src/core/Allocator/MemoryPageScanIterator.cs,False,Direct Analysis
GetNext,48,garnet-1.0.92/libs/storage/Tsavorite/cs/src/core/Allocator/MemoryPageScanIterator.cs,False,Direct Analysis
GetNext,66,garnet-1.0.92/libs/storage/Tsavorite/cs/src/core/Allocator/MemoryPageScanIterator.cs,False,Direct Analysis
Dispose,34,garnet-1.0.92/playground/Embedded.perftest/PerformanceTestLoggerProvider.cs,False,Direct Analysis
ReadKeyByRef,34,garnet-1.0.92/libs/server/SpanByteServerSerializer.cs,False,Direct Analysis
ReadValueByRef,43,garnet-1.0.92/libs/server/SpanByteServerSerializer.cs,False,Direct Analysis
ReadInputByRef,52,garnet-1.0.92/libs/server/SpanByteServerSerializer.cs,False,Direct Analysis
Write,60,garnet-1.0.92/libs/server/SpanByteServerSerializer.cs,False,Direct Analysis
Write,74,garnet-1.0.92/libs/server/SpanByteServerSerializer.cs,False,Direct Analysis
AsRefOutput,87,garnet-1.0.92/libs/server/SpanByteServerSerializer.cs,False,Direct Analysis
Push,36,garnet-1.0.92/libs/common/SimpleStack.cs,False,Direct Analysis
Peek,48,garnet-1.0.92/libs/common/SimpleStack.cs,False,Direct Analysis
Pop,60,garnet-1.0.92/libs/common/SimpleStack.cs,False,Direct Analysis
ExtendStackBuffer,73,garnet-1.0.92/libs/common/SimpleStack.cs,False,Direct Analysis
TryEnqueue1,414,garnet-1.0.92/libs/storage/Tsavorite/cs/test/LogTests.cs,False,Direct Analysis
TryEnqueue2,467,garnet-1.0.92/libs/storage/Tsavorite/cs/test/LogTests.cs,False,Direct Analysis
WriteUnlock,52,garnet-1.0.92/libs/common/SingleWriterMultiReaderLock.cs,False,Direct Analysis
TryReadLock,64,garnet-1.0.92/libs/common/SingleWriterMultiReaderLock.cs,False,Direct Analysis
ReadUnlock,89,garnet-1.0.92/libs/common/SingleWriterMultiReaderLock.cs,False,Direct Analysis
TryUpgradeReadLock,99,garnet-1.0.92/libs/common/SingleWriterMultiReaderLock.cs,False,Direct Analysis
DowngradeWriteLock,111,garnet-1.0.92/libs/common/SingleWriterMultiReaderLock.cs,False,Direct Analysis
SafeTailShiftCallback,52,garnet-1.0.92/libs/cluster/Server/Replication/PrimaryOps/AofTaskStore.cs,False,Direct Analysis
GetReplicaInfo,68,garnet-1.0.92/libs/cluster/Server/Replication/PrimaryOps/AofTaskStore.cs,False,Direct Analysis
Dispose,101,garnet-1.0.92/libs/cluster/Server/Replication/PrimaryOps/AofTaskStore.cs,False,Direct Analysis
TryAddReplicationTask,121,garnet-1.0.92/libs/cluster/Server/Replication/PrimaryOps/AofTaskStore.cs,False,Direct Analysis
TryAddReplicationTasks,220,garnet-1.0.92/libs/cluster/Server/Replication/PrimaryOps/AofTaskStore.cs,False,Direct Analysis
TryRemove,329,garnet-1.0.92/libs/cluster/Server/Replication/PrimaryOps/AofTaskStore.cs,False,Direct Analysis
SafeTruncateAof,374,garnet-1.0.92/libs/cluster/Server/Replication/PrimaryOps/AofTaskStore.cs,False,Direct Analysis
CountConnectedReplicas,413,garnet-1.0.92/libs/cluster/Server/Replication/PrimaryOps/AofTaskStore.cs,False,Direct Analysis
UpdateTruncatedUntil,434,garnet-1.0.92/libs/cluster/Server/Replication/PrimaryOps/AofTaskStore.cs,False,Direct Analysis
GetSingleSlotRequest,1887,garnet-1.0.92/test/Garnet.test.cluster/RedirectTests/BaseCommand.cs,False,Direct Analysis
GetDevice,166,garnet-1.0.92/libs/common/StreamProvider.cs,False,Direct Analysis
GetBytesToWrite,177,garnet-1.0.92/libs/common/StreamProvider.cs,False,Direct Analysis
Prepare,12,garnet-1.0.92/test/Garnet.test/Extensions/SortedSetCountTxn.cs,False,Direct Analysis
Main,19,garnet-1.0.92/test/Garnet.test/Extensions/SortedSetCountTxn.cs,False,Direct Analysis
Read,66,garnet-1.0.92/libs/host/Configuration/CompactObjectJsonConverter.cs,False,Direct Analysis
Write,72,garnet-1.0.92/libs/host/Configuration/CompactObjectJsonConverter.cs,False,Direct Analysis
RecordValue,226,garnet-1.0.92/metrics/HdrHistogram/HistogramBase.cs,False,Direct Analysis
RecordValueWithCount,237,garnet-1.0.92/metrics/HdrHistogram/HistogramBase.cs,False,Direct Analysis
RecordValueWithExpectedInterval,261,garnet-1.0.92/metrics/HdrHistogram/HistogramBase.cs,False,Direct Analysis
Add,279,garnet-1.0.92/metrics/HdrHistogram/HistogramBase.cs,False,Direct Analysis
SizeOfEquivalentValueRange,313,garnet-1.0.92/metrics/HdrHistogram/HistogramBase.cs,False,Direct Analysis
GetValueAtPercentile,368,garnet-1.0.92/metrics/HdrHistogram/HistogramBase.cs,False,Direct Analysis
RecordedValues,410,garnet-1.0.92/metrics/HdrHistogram/HistogramBase.cs,False,Direct Analysis
AllValues,420,garnet-1.0.92/metrics/HdrHistogram/HistogramBase.cs,False,Direct Analysis
GetEstimatedFootprintInBytes,429,garnet-1.0.92/metrics/HdrHistogram/HistogramBase.cs,False,Direct Analysis
ValueFromIndex,439,garnet-1.0.92/metrics/HdrHistogram/HistogramBase.cs,False,Direct Analysis
EstablishInternalTackingValues,444,garnet-1.0.92/metrics/HdrHistogram/HistogramBase.cs,False,Direct Analysis
UpdatedMaxValue,518,garnet-1.0.92/metrics/HdrHistogram/HistogramBase.cs,False,Direct Analysis
UpdateMinNonZeroValue,533,garnet-1.0.92/metrics/HdrHistogram/HistogramBase.cs,False,Direct Analysis
ResetMinNonZeroValue,544,garnet-1.0.92/metrics/HdrHistogram/HistogramBase.cs,False,Direct Analysis
ResetMaxValue,549,garnet-1.0.92/metrics/HdrHistogram/HistogramBase.cs,False,Direct Analysis
GetBucketsNeededToCoverValue,576,garnet-1.0.92/metrics/HdrHistogram/HistogramBase.cs,False,Direct Analysis
GetLengthForNumberOfBuckets,588,garnet-1.0.92/metrics/HdrHistogram/HistogramBase.cs,False,Direct Analysis
CountsArrayIndex,594,garnet-1.0.92/metrics/HdrHistogram/HistogramBase.cs,False,Direct Analysis
GetBucketIndex,608,garnet-1.0.92/metrics/HdrHistogram/HistogramBase.cs,False,Direct Analysis
GetSubBucketIndex,618,garnet-1.0.92/metrics/HdrHistogram/HistogramBase.cs,False,Direct Analysis
ValueFromIndex,623,garnet-1.0.92/metrics/HdrHistogram/HistogramBase.cs,False,Direct Analysis
GetClusterEndpoint,298,garnet-1.0.92/libs/server/StoreWrapper.cs,False,Direct Analysis
Recover,343,garnet-1.0.92/libs/server/StoreWrapper.cs,False,Direct Analysis
TakeOnDemandCheckpoint,400,garnet-1.0.92/libs/server/StoreWrapper.cs,False,Direct Analysis
TryPauseCheckpoints,420,garnet-1.0.92/libs/server/StoreWrapper.cs,False,Direct Analysis
ResumeCheckpoints,432,garnet-1.0.92/libs/server/StoreWrapper.cs,False,Direct Analysis
EnqueueCommit,456,garnet-1.0.92/libs/server/StoreWrapper.cs,False,Direct Analysis
CommitAOF,469,garnet-1.0.92/libs/server/StoreWrapper.cs,False,Direct Analysis
CreateFunctionsState,534,garnet-1.0.92/libs/server/StoreWrapper.cs,False,Direct Analysis
Reset,546,garnet-1.0.92/libs/server/StoreWrapper.cs,False,Direct Analysis
FlushDatabase,604,garnet-1.0.92/libs/server/StoreWrapper.cs,False,Direct Analysis
FlushAllDatabases,616,garnet-1.0.92/libs/server/StoreWrapper.cs,False,Direct Analysis
TrySwapDatabases,627,garnet-1.0.92/libs/server/StoreWrapper.cs,False,Direct Analysis
IndexAutoGrowTask,773,garnet-1.0.92/libs/server/StoreWrapper.cs,False,Direct Analysis
Start,796,garnet-1.0.92/libs/server/StoreWrapper.cs,False,Direct Analysis
HasKeysInSlots,836,garnet-1.0.92/libs/server/StoreWrapper.cs,False,Direct Analysis
CheckMultiDatabaseCompatibility,882,garnet-1.0.92/libs/server/StoreWrapper.cs,False,Direct Analysis
Dispose,907,garnet-1.0.92/libs/server/StoreWrapper.cs,False,Direct Analysis
Setup,24,garnet-1.0.92/test/Garnet.test/RespHashTests.cs,False,Direct Analysis
TearDown,32,garnet-1.0.92/test/Garnet.test/RespHashTests.cs,False,Direct Analysis
CanSetEmpty,42,garnet-1.0.92/test/Garnet.test/RespHashTests.cs,False,Direct Analysis
CanSetAndGetOnePair,52,garnet-1.0.92/test/Garnet.test/RespHashTests.cs,False,Direct Analysis
CanSetAndGetOnePairWithExpire,62,garnet-1.0.92/test/Garnet.test/RespHashTests.cs,False,Direct Analysis
CanSetWithExpireAndRemoveExpireByCallingSetAgain,76,garnet-1.0.92/test/Garnet.test/RespHashTests.cs,False,Direct Analysis
CanFieldPersistAndGetTimeToLive,90,garnet-1.0.92/test/Garnet.test/RespHashTests.cs,False,Direct Analysis
CanSetAndGetOnePairLarge,105,garnet-1.0.92/test/Garnet.test/RespHashTests.cs,False,Direct Analysis
CanSetAndGetMultiPair,118,garnet-1.0.92/test/Garnet.test/RespHashTests.cs,False,Direct Analysis
CanSetAndGetMultiplePairs,138,garnet-1.0.92/test/Garnet.test/RespHashTests.cs,False,Direct Analysis
CanDelSingleField,150,garnet-1.0.92/test/Garnet.test/RespHashTests.cs,False,Direct Analysis
CanDelWithExpire,162,garnet-1.0.92/test/Garnet.test/RespHashTests.cs,False,Direct Analysis
CanDeleteMultipleFields,176,garnet-1.0.92/test/Garnet.test/RespHashTests.cs,False,Direct Analysis
CanDeleteMultipleFieldsWithNonExistingField,192,garnet-1.0.92/test/Garnet.test/RespHashTests.cs,False,Direct Analysis
CanDoHLen,202,garnet-1.0.92/test/Garnet.test/RespHashTests.cs,False,Direct Analysis
CanDoHLenWithExpire,212,garnet-1.0.92/test/Garnet.test/RespHashTests.cs,False,Direct Analysis
CanDoGetAll,229,garnet-1.0.92/test/Garnet.test/RespHashTests.cs,False,Direct Analysis
CanDoGetAllWithExpire,243,garnet-1.0.92/test/Garnet.test/RespHashTests.cs,False,Direct Analysis
CanDoHExists,270,garnet-1.0.92/test/Garnet.test/RespHashTests.cs,False,Direct Analysis
CanDoHExistsWithExpire,283,garnet-1.0.92/test/Garnet.test/RespHashTests.cs,False,Direct Analysis
CanDoHStrLen,304,garnet-1.0.92/test/Garnet.test/RespHashTests.cs,False,Direct Analysis
CanDoHStrLenWithExire,318,garnet-1.0.92/test/Garnet.test/RespHashTests.cs,False,Direct Analysis
CanDoHKeys,339,garnet-1.0.92/test/Garnet.test/RespHashTests.cs,False,Direct Analysis
CanDoHKeysWithExpire,353,garnet-1.0.92/test/Garnet.test/RespHashTests.cs,False,Direct Analysis
CanDoHVals,382,garnet-1.0.92/test/Garnet.test/RespHashTests.cs,False,Direct Analysis
CanDoHValsWithExpire,396,garnet-1.0.92/test/Garnet.test/RespHashTests.cs,False,Direct Analysis
CanDoHIncrBy,425,garnet-1.0.92/test/Garnet.test/RespHashTests.cs,False,Direct Analysis
CanDoHIncrByWithExpire,443,garnet-1.0.92/test/Garnet.test/RespHashTests.cs,False,Direct Analysis
CanDoHIncrByLTM,459,garnet-1.0.92/test/Garnet.test/RespHashTests.cs,False,Direct Analysis
CanDoHashDecrement,481,garnet-1.0.92/test/Garnet.test/RespHashTests.cs,False,Direct Analysis
CheckHashIncrementDoublePrecision,491,garnet-1.0.92/test/Garnet.test/RespHashTests.cs,False,Direct Analysis
CheckHashIncrementDoublePrecisionWithExpire,501,garnet-1.0.92/test/Garnet.test/RespHashTests.cs,False,Direct Analysis
CanDoHSETNXCommand,517,garnet-1.0.92/test/Garnet.test/RespHashTests.cs,False,Direct Analysis
CanDoHSETNXCommandWithExpire,530,garnet-1.0.92/test/Garnet.test/RespHashTests.cs,False,Direct Analysis
CanDoRandomField,547,garnet-1.0.92/test/Garnet.test/RespHashTests.cs,False,Direct Analysis
CanDoRandomFieldWithExpire,613,garnet-1.0.92/test/Garnet.test/RespHashTests.cs,False,Direct Analysis
CanDoRandomFieldsWithExpire,632,garnet-1.0.92/test/Garnet.test/RespHashTests.cs,False,Direct Analysis
HashRandomFieldEmptyHash,652,garnet-1.0.92/test/Garnet.test/RespHashTests.cs,False,Direct Analysis
CanDoHashScan,670,garnet-1.0.92/test/Garnet.test/RespHashTests.cs,False,Direct Analysis
CanDoHashScanWithExpire,718,garnet-1.0.92/test/Garnet.test/RespHashTests.cs,False,Direct Analysis
CanDoHashScanWithCursor,740,garnet-1.0.92/test/Garnet.test/RespHashTests.cs,False,Direct Analysis
CanDoHMGET,785,garnet-1.0.92/test/Garnet.test/RespHashTests.cs,False,Direct Analysis
CanDoHMGETWithExpire,821,garnet-1.0.92/test/Garnet.test/RespHashTests.cs,False,Direct Analysis
CanDoHGETALL,848,garnet-1.0.92/test/Garnet.test/RespHashTests.cs,False,Direct Analysis
CanDoHMSETMultipleTimes,870,garnet-1.0.92/test/Garnet.test/RespHashTests.cs,False,Direct Analysis
CanDoHSETWhenAlwaysAsync,895,garnet-1.0.92/test/Garnet.test/RespHashTests.cs,False,Direct Analysis
CanDoHashSetWithNX,917,garnet-1.0.92/test/Garnet.test/RespHashTests.cs,False,Direct Analysis
CheckEmptyHashKeyRemoved,950,garnet-1.0.92/test/Garnet.test/RespHashTests.cs,False,Direct Analysis
CheckHashOperationsOnWrongTypeObjectSE,968,garnet-1.0.92/test/Garnet.test/RespHashTests.cs,False,Direct Analysis
CanDoHashExpire,1023,garnet-1.0.92/test/Garnet.test/RespHashTests.cs,False,Direct Analysis
CanDoHashExpireLTM,1108,garnet-1.0.92/test/Garnet.test/RespHashTests.cs,False,Direct Analysis
CanDoHashExpireWithAofRecovery,1175,garnet-1.0.92/test/Garnet.test/RespHashTests.cs,False,Direct Analysis
CanDoHashExpireWithNonExistKey,1275,garnet-1.0.92/test/Garnet.test/RespHashTests.cs,False,Direct Analysis
CanDoHashCollect,1287,garnet-1.0.92/test/Garnet.test/RespHashTests.cs,False,Direct Analysis
CanDoHashExpireWithOptions,1349,garnet-1.0.92/test/Garnet.test/RespHashTests.cs,False,Direct Analysis
CanSetAndGetOnepairLC,1408,garnet-1.0.92/test/Garnet.test/RespHashTests.cs,False,Direct Analysis
CanSetAndGetMultiplepairLC,1420,garnet-1.0.92/test/Garnet.test/RespHashTests.cs,False,Direct Analysis
CanSetAndGetMultiplepairandAllChunks,1440,garnet-1.0.92/test/Garnet.test/RespHashTests.cs,False,Direct Analysis
CanSetAndGetMultiplePairsSecondUseCaseLC,1468,garnet-1.0.92/test/Garnet.test/RespHashTests.cs,False,Direct Analysis
CanDeleteOnepairLC,1484,garnet-1.0.92/test/Garnet.test/RespHashTests.cs,False,Direct Analysis
CanDoGetAllLC,1510,garnet-1.0.92/test/Garnet.test/RespHashTests.cs,False,Direct Analysis
CanDoHExistsLC,1524,garnet-1.0.92/test/Garnet.test/RespHashTests.cs,False,Direct Analysis
CanDoHStrLenLC,1553,garnet-1.0.92/test/Garnet.test/RespHashTests.cs,False,Direct Analysis
CanDoIncrByLC,1587,garnet-1.0.92/test/Garnet.test/RespHashTests.cs,False,Direct Analysis
CanDoIncrByFloatLC,1609,garnet-1.0.92/test/Garnet.test/RespHashTests.cs,False,Direct Analysis
CanDoHRANDFIELDCommandLC,1647,garnet-1.0.92/test/Garnet.test/RespHashTests.cs,False,Direct Analysis
CanDoKeyNotFoundCommandLC,1690,garnet-1.0.92/test/Garnet.test/RespHashTests.cs,False,Direct Analysis
CanDoNOTFOUNDSSKEYLC,1703,garnet-1.0.92/test/Garnet.test/RespHashTests.cs,False,Direct Analysis
HRespOutput,1715,garnet-1.0.92/test/Garnet.test/RespHashTests.cs,False,Direct Analysis
CanFailWhenUseMultiWatchTest,1741,garnet-1.0.92/test/Garnet.test/RespHashTests.cs,False,Direct Analysis
CanDoNotFoundSKeyInHRANDFIELDLC,1811,garnet-1.0.92/test/Garnet.test/RespHashTests.cs,False,Direct Analysis
CanDoWrongParametersNumberHRANDFIELDLC,1820,garnet-1.0.92/test/Garnet.test/RespHashTests.cs,False,Direct Analysis
CanDoNOTFOUNDSKeyInHVALSLC,1829,garnet-1.0.92/test/Garnet.test/RespHashTests.cs,False,Direct Analysis
CanDoWrongNumOfParametersInHINCRBYLC,1838,garnet-1.0.92/test/Garnet.test/RespHashTests.cs,False,Direct Analysis
CanDoWrongNumOfParametersInHINCRBYFLOATLC,1847,garnet-1.0.92/test/Garnet.test/RespHashTests.cs,False,Direct Analysis
CanIncrementBeyond32bits,1856,garnet-1.0.92/test/Garnet.test/RespHashTests.cs,False,Direct Analysis
GetSingleSlotRequest,2826,garnet-1.0.92/test/Garnet.test.cluster/RedirectTests/BaseCommand.cs,False,Direct Analysis
SetNumMessagesProtocol,61,garnet-1.0.92/libs/common/Networking/BatchHeader.cs,False,Direct Analysis
Setup,16,garnet-1.0.92/test/Garnet.test.cluster/ClusterMigrateTLSTests.cs,False,Direct Analysis
TearDown,23,garnet-1.0.92/test/Garnet.test.cluster/ClusterMigrateTLSTests.cs,False,Direct Analysis
TryImportOptions,244,garnet-1.0.92/libs/host/Configuration/ConfigProviders.cs,False,Direct Analysis
TryExportOptions,252,garnet-1.0.92/libs/host/Configuration/ConfigProviders.cs,False,Direct Analysis
Transform,75,garnet-1.0.92/libs/host/Configuration/GarnetCustomTransformers.cs,False,Direct Analysis
TransformBack,82,garnet-1.0.92/libs/host/Configuration/GarnetCustomTransformers.cs,False,Direct Analysis
Register,230,garnet-1.0.92/libs/server/Custom/CustomCommandRegistration.cs,False,Direct Analysis
ExecuteFilter,34,garnet-1.0.92/modules/GarnetJSON/JSONPath/FieldFilter.cs,False,Direct Analysis
ExecuteFilter,79,garnet-1.0.92/modules/GarnetJSON/JSONPath/FieldFilter.cs,False,Direct Analysis
ExecuteFilterMultiple,105,garnet-1.0.92/modules/GarnetJSON/JSONPath/FieldFilter.cs,False,Direct Analysis
SerializeObject,54,garnet-1.0.92/main/GarnetServer/Extensions/MyDictObject.cs,False,Direct Analysis
Dispose,66,garnet-1.0.92/main/GarnetServer/Extensions/MyDictObject.cs,False,Direct Analysis
Scan,79,garnet-1.0.92/main/GarnetServer/Extensions/MyDictObject.cs,False,Direct Analysis
Set,132,garnet-1.0.92/main/GarnetServer/Extensions/MyDictObject.cs,False,Direct Analysis
UpdateSize,144,garnet-1.0.92/main/GarnetServer/Extensions/MyDictObject.cs,False,Direct Analysis
TryGetValue,152,garnet-1.0.92/main/GarnetServer/Extensions/MyDictObject.cs,False,Direct Analysis
Dispose,41,garnet-1.0.92/libs/common/Networking/GarnetSaeaBuffer.cs,False,Direct Analysis
GlobalSetup,34,garnet-1.0.92/benchmark/BDN.benchmark/Operations/SetOperations.cs,False,Direct Analysis
AuthenticateInternal,25,garnet-1.0.92/libs/server/Auth/GarnetAclWithPasswordAuthenticator.cs,False,Direct Analysis
ReadCompletionCallback,14,garnet-1.0.92/libs/server/Storage/Functions/ObjectStore/CallbackMethods.cs,False,Direct Analysis
RMWCompletionCallback,19,garnet-1.0.92/libs/server/Storage/Functions/ObjectStore/CallbackMethods.cs,False,Direct Analysis
PostSingleDeleter,18,garnet-1.0.92/libs/server/Storage/Functions/ObjectStore/DeleteMethods.cs,False,Direct Analysis
ConcurrentDeleter,27,garnet-1.0.92/libs/server/Storage/Functions/ObjectStore/DeleteMethods.cs,False,Direct Analysis
ConvertOutputToHeap,24,garnet-1.0.92/libs/server/Storage/Functions/ObjectStore/ObjectSessionFunctions.cs,False,Direct Analysis
WriteLogUpsert,23,garnet-1.0.92/libs/server/Storage/Functions/ObjectStore/PrivateMethods.cs,False,Direct Analysis
WriteLogRMW,49,garnet-1.0.92/libs/server/Storage/Functions/ObjectStore/PrivateMethods.cs,False,Direct Analysis
WriteLogDelete,70,garnet-1.0.92/libs/server/Storage/Functions/ObjectStore/PrivateMethods.cs,False,Direct Analysis
GetCustomObjectCommand,185,garnet-1.0.92/libs/server/Storage/Functions/ObjectStore/PrivateMethods.cs,False,Direct Analysis
NeedInitialUpdate,16,garnet-1.0.92/libs/server/Storage/Functions/ObjectStore/RMWMethods.cs,False,Direct Analysis
InitialUpdater,48,garnet-1.0.92/libs/server/Storage/Functions/ObjectStore/RMWMethods.cs,False,Direct Analysis
PostInitialUpdater,78,garnet-1.0.92/libs/server/Storage/Functions/ObjectStore/RMWMethods.cs,False,Direct Analysis
InPlaceUpdater,91,garnet-1.0.92/libs/server/Storage/Functions/ObjectStore/RMWMethods.cs,False,Direct Analysis
InPlaceUpdaterWorker,104,garnet-1.0.92/libs/server/Storage/Functions/ObjectStore/RMWMethods.cs,False,Direct Analysis
NeedCopyUpdate,178,garnet-1.0.92/libs/server/Storage/Functions/ObjectStore/RMWMethods.cs,False,Direct Analysis
CopyUpdater,190,garnet-1.0.92/libs/server/Storage/Functions/ObjectStore/RMWMethods.cs,False,Direct Analysis
PostCopyUpdater,202,garnet-1.0.92/libs/server/Storage/Functions/ObjectStore/RMWMethods.cs,False,Direct Analysis
SingleReader,16,garnet-1.0.92/libs/server/Storage/Functions/ObjectStore/ReadMethods.cs,False,Direct Analysis
SingleWriter,14,garnet-1.0.92/libs/server/Storage/Functions/ObjectStore/UpsertMethods.cs,False,Direct Analysis
PostSingleWriter,21,garnet-1.0.92/libs/server/Storage/Functions/ObjectStore/UpsertMethods.cs,False,Direct Analysis
ConcurrentWriter,35,garnet-1.0.92/libs/server/Storage/Functions/ObjectStore/UpsertMethods.cs,False,Direct Analysis
GetRMWModifiedValueLength,15,garnet-1.0.92/libs/server/Storage/Functions/ObjectStore/VarLenInputMethods.cs,False,Direct Analysis
GetRMWInitialValueLength,21,garnet-1.0.92/libs/server/Storage/Functions/ObjectStore/VarLenInputMethods.cs,False,Direct Analysis
GetUpsertValueLength,26,garnet-1.0.92/libs/server/Storage/Functions/ObjectStore/VarLenInputMethods.cs,False,Direct Analysis
IsValid,676,garnet-1.0.92/libs/host/Configuration/OptionsValidators.cs,False,Direct Analysis
Transform,96,garnet-1.0.92/libs/host/Configuration/GarnetCustomTransformers.cs,False,Direct Analysis
TransformBack,103,garnet-1.0.92/libs/host/Configuration/GarnetCustomTransformers.cs,False,Direct Analysis
Setup,21,garnet-1.0.92/libs/storage/Tsavorite/cs/test/LogResumeTests.cs,False,Direct Analysis
TearDown,29,garnet-1.0.92/libs/storage/Tsavorite/cs/test/LogResumeTests.cs,False,Direct Analysis
TsavoriteLogResumePersistedReaderViaCookie,38,garnet-1.0.92/libs/storage/Tsavorite/cs/test/LogResumeTests.cs,False,Direct Analysis
TsavoriteLogResumeViaCompleteUntilRecordAtSpec,71,garnet-1.0.92/libs/storage/Tsavorite/cs/test/LogResumeTests.cs,False,Direct Analysis
TsavoriteLogResumePersistedReader2,103,garnet-1.0.92/libs/storage/Tsavorite/cs/test/LogResumeTests.cs,False,Direct Analysis
TsavoriteLogResumePersistedReader3,142,garnet-1.0.92/libs/storage/Tsavorite/cs/test/LogResumeTests.cs,False,Direct Analysis
Initialize,105,garnet-1.0.92/libs/storage/Tsavorite/cs/src/core/Device/StorageDeviceBase.cs,False,Direct Analysis
WriteAsync,156,garnet-1.0.92/libs/storage/Tsavorite/cs/src/core/Device/StorageDeviceBase.cs,False,Direct Analysis
ReadAsync,173,garnet-1.0.92/libs/storage/Tsavorite/cs/src/core/Device/StorageDeviceBase.cs,False,Direct Analysis
RemoveSegment,197,garnet-1.0.92/libs/storage/Tsavorite/cs/src/core/Device/StorageDeviceBase.cs,False,Direct Analysis
TruncateUntilSegmentAsync,222,garnet-1.0.92/libs/storage/Tsavorite/cs/src/core/Device/StorageDeviceBase.cs,False,Direct Analysis
TruncateUntilSegment,266,garnet-1.0.92/libs/storage/Tsavorite/cs/src/core/Device/StorageDeviceBase.cs,False,Direct Analysis
TruncateUntilAddressAsync,292,garnet-1.0.92/libs/storage/Tsavorite/cs/src/core/Device/StorageDeviceBase.cs,False,Direct Analysis
TruncateUntilAddress,307,garnet-1.0.92/libs/storage/Tsavorite/cs/src/core/Device/StorageDeviceBase.cs,False,Direct Analysis
HandleCapacity,361,garnet-1.0.92/libs/storage/Tsavorite/cs/src/core/Device/StorageDeviceBase.cs,False,Direct Analysis
TryComplete,374,garnet-1.0.92/libs/storage/Tsavorite/cs/src/core/Device/StorageDeviceBase.cs,False,Direct Analysis
GetFileSize,380,garnet-1.0.92/libs/storage/Tsavorite/cs/src/core/Device/StorageDeviceBase.cs,False,Direct Analysis
Reset,387,garnet-1.0.92/libs/storage/Tsavorite/cs/src/core/Device/StorageDeviceBase.cs,False,Direct Analysis
TsavoriteLogSimpleCommitCookieTest,1055,garnet-1.0.92/libs/storage/Tsavorite/cs/test/LogTests.cs,False,Direct Analysis
TsavoriteLogManualCommitTest,1088,garnet-1.0.92/libs/storage/Tsavorite/cs/test/LogTests.cs,False,Direct Analysis
TsavoriteLogAsyncConsumerTestAfterDisposeIterator,1167,garnet-1.0.92/libs/storage/Tsavorite/cs/test/LogTests.cs,False,Direct Analysis
Prepare,15,garnet-1.0.92/test/Garnet.test/Extensions/BulkRead.cs,False,Direct Analysis
Main,29,garnet-1.0.92/test/Garnet.test/Extensions/BulkRead.cs,False,Direct Analysis
IsValid,59,garnet-1.0.92/libs/host/Configuration/OptionsValidators.cs,False,Direct Analysis
TryInitialValidation,81,garnet-1.0.92/libs/host/Configuration/OptionsValidators.cs,False,Direct Analysis
Dispose,26,garnet-1.0.92/libs/cluster/Server/Migration/MigrateSessionTaskStore.cs,False,Direct Analysis
GetNumSessions,46,garnet-1.0.92/libs/cluster/Server/Migration/MigrateSessionTaskStore.cs,False,Direct Analysis
TryAddMigrateSession,69,garnet-1.0.92/libs/cluster/Server/Migration/MigrateSessionTaskStore.cs,False,Direct Analysis
TryRemove,146,garnet-1.0.92/libs/cluster/Server/Migration/MigrateSessionTaskStore.cs,False,Direct Analysis
TryRemove,178,garnet-1.0.92/libs/cluster/Server/Migration/MigrateSessionTaskStore.cs,False,Direct Analysis
CanAccessKey,214,garnet-1.0.92/libs/cluster/Server/Migration/MigrateSessionTaskStore.cs,False,Direct Analysis
IsValid,195,garnet-1.0.92/libs/host/Configuration/OptionsValidators.cs,False,Direct Analysis
GlobalBeforeEnteringState,31,garnet-1.0.92/libs/storage/Tsavorite/cs/src/core/Index/Checkpointing/HybridLogCheckpointSMTask.cs,False,Direct Analysis
GlobalAfterEnteringState,88,garnet-1.0.92/libs/storage/Tsavorite/cs/src/core/Index/Checkpointing/HybridLogCheckpointSMTask.cs,False,Direct Analysis
Report,36,garnet-1.0.92/playground/GarnetClientStress/ProgressBar.cs,False,Direct Analysis
TimerHandler,42,garnet-1.0.92/playground/GarnetClientStress/ProgressBar.cs,False,Direct Analysis
UpdateText,62,garnet-1.0.92/playground/GarnetClientStress/ProgressBar.cs,False,Direct Analysis
ResetTimer,91,garnet-1.0.92/playground/GarnetClientStress/ProgressBar.cs,False,Direct Analysis
Dispose,96,garnet-1.0.92/playground/GarnetClientStress/ProgressBar.cs,False,Direct Analysis
ExecuteFilter,36,garnet-1.0.92/modules/GarnetJSON/JSONPath/ScanArraySliceFilter.cs,False,Direct Analysis
ExecuteFilter,190,garnet-1.0.92/modules/GarnetJSON/JSONPath/ScanArraySliceFilter.cs,False,Direct Analysis
IsValid,528,garnet-1.0.92/libs/host/Configuration/OptionsValidators.cs,False,Direct Analysis
IsValid,583,garnet-1.0.92/libs/host/Configuration/OptionsValidators.cs,False,Direct Analysis
Setup,24,garnet-1.0.92/test/Garnet.test/RespTlsTests.cs,False,Direct Analysis
TearDown,32,garnet-1.0.92/test/Garnet.test/RespTlsTests.cs,False,Direct Analysis
TlsSingleSetGet,39,garnet-1.0.92/test/Garnet.test/RespTlsTests.cs,False,Direct Analysis
TlsSingleSetGetGarnetClient,53,garnet-1.0.92/test/Garnet.test/RespTlsTests.cs,False,Direct Analysis
SingleUnicodeSetGetGarnetClient,67,garnet-1.0.92/test/Garnet.test/RespTlsTests.cs,False,Direct Analysis
TlsMultiSetGet,81,garnet-1.0.92/test/Garnet.test/RespTlsTests.cs,False,Direct Analysis
TlsLargeSetGet,102,garnet-1.0.92/test/Garnet.test/RespTlsTests.cs,False,Direct Analysis
TlsSetExpiry,122,garnet-1.0.92/test/Garnet.test/RespTlsTests.cs,False,Direct Analysis
TlsSetExpiryNx,139,garnet-1.0.92/test/Garnet.test/RespTlsTests.cs,False,Direct Analysis
TlsSetXx,156,garnet-1.0.92/test/Garnet.test/RespTlsTests.cs,False,Direct Analysis
TlsSetExpiryIncr,186,garnet-1.0.92/test/Garnet.test/RespTlsTests.cs,False,Direct Analysis
TlsLockTakeRelease,216,garnet-1.0.92/test/Garnet.test/RespTlsTests.cs,False,Direct Analysis
TlsSingleDecr,256,garnet-1.0.92/test/Garnet.test/RespTlsTests.cs,False,Direct Analysis
TlsSingleDecrBy,273,garnet-1.0.92/test/Garnet.test/RespTlsTests.cs,False,Direct Analysis
TlsSingleIncrNoKey,287,garnet-1.0.92/test/Garnet.test/RespTlsTests.cs,False,Direct Analysis
TlsSingleDelete,302,garnet-1.0.92/test/Garnet.test/RespTlsTests.cs,False,Direct Analysis
TlsSingleExists,317,garnet-1.0.92/test/Garnet.test/RespTlsTests.cs,False,Direct Analysis
TlsSingleRename,335,garnet-1.0.92/test/Garnet.test/RespTlsTests.cs,False,Direct Analysis
TlsCanSelectCommand,350,garnet-1.0.92/test/Garnet.test/RespTlsTests.cs,False,Direct Analysis
TlsCanSelectCommandLC,363,garnet-1.0.92/test/Garnet.test/RespTlsTests.cs,False,Direct Analysis
TlsPlainTextCommandLC,373,garnet-1.0.92/test/Garnet.test/RespTlsTests.cs,False,Direct Analysis
TlsCanDoCommandsInChunks,383,garnet-1.0.92/test/Garnet.test/RespTlsTests.cs,False,Direct Analysis
TlsCanSetGetCommandsChunks,452,garnet-1.0.92/test/Garnet.test/RespTlsTests.cs,False,Direct Analysis
GetSingleSlotRequest,621,garnet-1.0.92/test/Garnet.test.cluster/RedirectTests/BaseCommand.cs,False,Direct Analysis
GetSingleSlotRequest,2278,garnet-1.0.92/test/Garnet.test.cluster/RedirectTests/BaseCommand.cs,False,Direct Analysis
Deserialize,22,garnet-1.0.92/libs/storage/Tsavorite/cs/src/core/Index/Interfaces/DataContractObjectSerializer.cs,False,Direct Analysis
Serialize,35,garnet-1.0.92/libs/storage/Tsavorite/cs/src/core/Index/Interfaces/DataContractObjectSerializer.cs,False,Direct Analysis
Finalize,34,garnet-1.0.92/main/GarnetServer/Extensions/GetTwoKeysNoTxn.cs,False,Direct Analysis
CanConvertFrom,75,garnet-1.0.92/libs/host/Configuration/TypeConverters.cs,False,Direct Analysis
CanConvertTo,80,garnet-1.0.92/libs/host/Configuration/TypeConverters.cs,False,Direct Analysis
ConvertFrom,85,garnet-1.0.92/libs/host/Configuration/TypeConverters.cs,False,Direct Analysis
ConvertTo,115,garnet-1.0.92/libs/host/Configuration/TypeConverters.cs,False,Direct Analysis
CanRunCommand,47,garnet-1.0.92/libs/server/ACL/CommandPermissionSet.cs,False,Direct Analysis
Copy,68,garnet-1.0.92/libs/server/ACL/CommandPermissionSet.cs,False,Direct Analysis
AddCommand,91,garnet-1.0.92/libs/server/ACL/CommandPermissionSet.cs,False,Direct Analysis
RemoveCommand,118,garnet-1.0.92/libs/server/ACL/CommandPermissionSet.cs,False,Direct Analysis
IsEquivalentTo,152,garnet-1.0.92/libs/server/ACL/CommandPermissionSet.cs,False,Direct Analysis
GetHashCode,42,garnet-1.0.92/libs/server/ByteArrayWrapper.cs,False,Direct Analysis
Create,42,garnet-1.0.92/libs/storage/Tsavorite/cs/src/core/Index/CheckpointManagement/LocalStorageNamedDeviceFactoryCreator.cs,False,Direct Analysis
RecoverCheckpoint,90,garnet-1.0.92/libs/server/Databases/MultiDatabaseManager.cs,False,Direct Analysis
TakeOnDemandCheckpointAsync,232,garnet-1.0.92/libs/server/Databases/MultiDatabaseManager.cs,False,Direct Analysis
RecoverAOF,413,garnet-1.0.92/libs/server/Databases/MultiDatabaseManager.cs,False,Direct Analysis
ReplayAOF,444,garnet-1.0.92/libs/server/Databases/MultiDatabaseManager.cs,False,Direct Analysis
ExecuteObjectCollection,548,garnet-1.0.92/libs/server/Databases/MultiDatabaseManager.cs,False,Direct Analysis
ExpiredKeyDeletionScan,563,garnet-1.0.92/libs/server/Databases/MultiDatabaseManager.cs,False,Direct Analysis
Reset,608,garnet-1.0.92/libs/server/Databases/MultiDatabaseManager.cs,False,Direct Analysis
ResetRevivificationStats,618,garnet-1.0.92/libs/server/Databases/MultiDatabaseManager.cs,False,Direct Analysis
EnqueueCommit,632,garnet-1.0.92/libs/server/Databases/MultiDatabaseManager.cs,False,Direct Analysis
GetDatabasesSnapshot,642,garnet-1.0.92/libs/server/Databases/MultiDatabaseManager.cs,False,Direct Analysis
CreateFunctionsState,708,garnet-1.0.92/libs/server/Databases/MultiDatabaseManager.cs,False,Direct Analysis
TryGetOrAddDatabase,719,garnet-1.0.92/libs/server/Databases/MultiDatabaseManager.cs,False,Direct Analysis
TryPauseCheckpoints,772,garnet-1.0.92/libs/server/Databases/MultiDatabaseManager.cs,False,Direct Analysis
ResumeCheckpoints,782,garnet-1.0.92/libs/server/Databases/MultiDatabaseManager.cs,False,Direct Analysis
TryGetDatabase,792,garnet-1.0.92/libs/server/Databases/MultiDatabaseManager.cs,False,Direct Analysis
FlushDatabase,821,garnet-1.0.92/libs/server/Databases/MultiDatabaseManager.cs,False,Direct Analysis
FlushAllDatabases,831,garnet-1.0.92/libs/server/Databases/MultiDatabaseManager.cs,False,Direct Analysis
TryAddDatabase,917,garnet-1.0.92/libs/server/Databases/MultiDatabaseManager.cs,False,Direct Analysis
HandleDatabaseAdded,930,garnet-1.0.92/libs/server/Databases/MultiDatabaseManager.cs,False,Direct Analysis
UpdateLastSaveData,1042,garnet-1.0.92/libs/server/Databases/MultiDatabaseManager.cs,False,Direct Analysis
Dispose,1058,garnet-1.0.92/libs/server/Databases/MultiDatabaseManager.cs,False,Direct Analysis
GetDbById,1080,garnet-1.0.92/libs/server/Databases/MultiDatabaseManager.cs,False,Direct Analysis
Read,28,garnet-1.0.92/libs/host/Configuration/PopulateObjectJsonConverter.cs,False,Direct Analysis
Write,52,garnet-1.0.92/libs/host/Configuration/PopulateObjectJsonConverter.cs,False,Direct Analysis
GetSingleSlotRequest,1294,garnet-1.0.92/test/Garnet.test.cluster/RedirectTests/BaseCommand.cs,False,Direct Analysis
IsValid,312,garnet-1.0.92/libs/host/Configuration/OptionsValidators.cs,False,Direct Analysis
GetDefaultUserHandle,70,garnet-1.0.92/libs/server/ACL/AccessControlList.cs,False,Direct Analysis
AddUserHandle,80,garnet-1.0.92/libs/server/ACL/AccessControlList.cs,False,Direct Analysis
DeleteUserHandle,97,garnet-1.0.92/libs/server/ACL/AccessControlList.cs,False,Direct Analysis
ClearUsers,109,garnet-1.0.92/libs/server/ACL/AccessControlList.cs,False,Direct Analysis
GetUserHandles,118,garnet-1.0.92/libs/server/ACL/AccessControlList.cs,False,Direct Analysis
CreateDefaultUserHandle,128,garnet-1.0.92/libs/server/ACL/AccessControlList.cs,False,Direct Analysis
Load,174,garnet-1.0.92/libs/server/ACL/AccessControlList.cs,False,Direct Analysis
Save,221,garnet-1.0.92/libs/server/ACL/AccessControlList.cs,False,Direct Analysis
Import,261,garnet-1.0.92/libs/server/ACL/AccessControlList.cs,False,Direct Analysis
SetReadWriteSession,35,garnet-1.0.92/libs/server/AOF/AofProcessor.cs,False,Direct Analysis
Dispose,85,garnet-1.0.92/libs/server/AOF/AofProcessor.cs,False,Direct Analysis
Recover,101,garnet-1.0.92/libs/server/AOF/AofProcessor.cs,False,Direct Analysis
ProcessAofRecordInternal,196,garnet-1.0.92/libs/server/AOF/AofProcessor.cs,False,Direct Analysis
ReplayOp,275,garnet-1.0.92/libs/server/AOF/AofProcessor.cs,False,Direct Analysis
SwitchActiveDatabaseContext,321,garnet-1.0.92/libs/server/AOF/AofProcessor.cs,False,Direct Analysis
ProcessFuzzyRegionOperations,154,garnet-1.0.92/libs/server/AOF/ReplayCoordinator/AofReplayCoordinator.cs,False,Direct Analysis
ProcessTransactionGroup,187,garnet-1.0.92/libs/server/AOF/ReplayCoordinator/AofReplayCoordinator.cs,False,Direct Analysis
PingAsync,44,garnet-1.0.92/samples/GarnetClientSample/GarnetClientSamples.cs,False,Direct Analysis
SetGetAsync,54,garnet-1.0.92/samples/GarnetClientSample/GarnetClientSamples.cs,False,Direct Analysis
SetGetSync,69,garnet-1.0.92/samples/GarnetClientSample/GarnetClientSamples.cs,False,Direct Analysis
IncrAsync,83,garnet-1.0.92/samples/GarnetClientSample/GarnetClientSamples.cs,False,Direct Analysis
IncrByAsync,107,garnet-1.0.92/samples/GarnetClientSample/GarnetClientSamples.cs,False,Direct Analysis
DecrByAsync,132,garnet-1.0.92/samples/GarnetClientSample/GarnetClientSamples.cs,False,Direct Analysis
DecrAsync,157,garnet-1.0.92/samples/GarnetClientSample/GarnetClientSamples.cs,False,Direct Analysis
IncrNoKeyAsync,178,garnet-1.0.92/samples/GarnetClientSample/GarnetClientSamples.cs,False,Direct Analysis
ExistsAsync,198,garnet-1.0.92/samples/GarnetClientSample/GarnetClientSamples.cs,False,Direct Analysis
DeleteAsync,214,garnet-1.0.92/samples/GarnetClientSample/GarnetClientSamples.cs,False,Direct Analysis
SetGetMemoryAsync,232,garnet-1.0.92/samples/GarnetClientSample/GarnetClientSamples.cs,False,Direct Analysis
ToRespFormat,416,garnet-1.0.92/libs/server/Resp/RespCommandsInfo.cs,False,Direct Analysis
ToString,119,garnet-1.0.92/libs/storage/Tsavorite/cs/src/core/Utilities/LockType.cs,False,Direct Analysis
Read,229,garnet-1.0.92/libs/common/StreamProvider.cs,False,Direct Analysis
Write,238,garnet-1.0.92/libs/common/StreamProvider.cs,False,Direct Analysis
GetSingleSlotRequest,2481,garnet-1.0.92/test/Garnet.test.cluster/RedirectTests/BaseCommand.cs,False,Direct Analysis
SetupSingleSlotRequest,2489,garnet-1.0.92/test/Garnet.test.cluster/RedirectTests/BaseCommand.cs,False,Direct Analysis
IsValid,464,garnet-1.0.92/libs/host/Configuration/OptionsValidators.cs,False,Direct Analysis
GetHashCode,25,garnet-1.0.92/libs/server/ArgSlice/ArgSliceComparer.cs,False,Direct Analysis
RewindScratchBuffer,67,garnet-1.0.92/libs/server/ArgSlice/ScratchBufferBuilder.cs,False,Direct Analysis
ResetScratchBuffer,83,garnet-1.0.92/libs/server/ArgSlice/ScratchBufferBuilder.cs,False,Direct Analysis
CreateArgSlice,95,garnet-1.0.92/libs/server/ArgSlice/ScratchBufferBuilder.cs,False,Direct Analysis
MoveOffset,109,garnet-1.0.92/libs/server/ArgSlice/ScratchBufferBuilder.cs,False,Direct Analysis
CreateArgSlice,117,garnet-1.0.92/libs/server/ArgSlice/ScratchBufferBuilder.cs,False,Direct Analysis
UTF8EncodeString,128,garnet-1.0.92/libs/server/ArgSlice/ScratchBufferBuilder.cs,False,Direct Analysis
FormatScratchAsResp,152,garnet-1.0.92/libs/server/ArgSlice/ScratchBufferBuilder.cs,False,Direct Analysis
FormatScratchAsResp,174,garnet-1.0.92/libs/server/ArgSlice/ScratchBufferBuilder.cs,False,Direct Analysis
FormatScratch,194,garnet-1.0.92/libs/server/ArgSlice/ScratchBufferBuilder.cs,False,Direct Analysis
CreateArgSlice,213,garnet-1.0.92/libs/server/ArgSlice/ScratchBufferBuilder.cs,False,Direct Analysis
ViewRemainingArgSlice,228,garnet-1.0.92/libs/server/ArgSlice/ScratchBufferBuilder.cs,False,Direct Analysis
ViewFullArgSlice,234,garnet-1.0.92/libs/server/ArgSlice/ScratchBufferBuilder.cs,False,Direct Analysis
FormatScratch,242,garnet-1.0.92/libs/server/ArgSlice/ScratchBufferBuilder.cs,False,Direct Analysis
StartCommand,263,garnet-1.0.92/libs/server/ArgSlice/ScratchBufferBuilder.cs,False,Direct Analysis
WriteNullArgument,288,garnet-1.0.92/libs/server/ArgSlice/ScratchBufferBuilder.cs,False,Direct Analysis
WriteArgument,304,garnet-1.0.92/libs/server/ArgSlice/ScratchBufferBuilder.cs,False,Direct Analysis
ExpandScratchBufferIfNeeded,327,garnet-1.0.92/libs/server/ArgSlice/ScratchBufferBuilder.cs,False,Direct Analysis
ExpandScratchBuffer,333,garnet-1.0.92/libs/server/ArgSlice/ScratchBufferBuilder.cs,False,Direct Analysis
GetSliceFromTail,359,garnet-1.0.92/libs/server/ArgSlice/ScratchBufferBuilder.cs,False,Direct Analysis
GrowBuffer,371,garnet-1.0.92/libs/server/ArgSlice/ScratchBufferBuilder.cs,False,Direct Analysis
Dispose,58,garnet-1.0.92/libs/server/Providers/GarnetProvider.cs,False,Direct Analysis
Prepare,68,garnet-1.0.92/test/Garnet.test/RespCustomCommandTests.cs,False,Direct Analysis
Main,75,garnet-1.0.92/test/Garnet.test/RespCustomCommandTests.cs,False,Direct Analysis
RefreshSigningTokens,46,garnet-1.0.92/libs/server/Auth/Aad/IssuerSigningTokenProvider.cs,False,Direct Analysis
Dispose,73,garnet-1.0.92/libs/server/Auth/Aad/IssuerSigningTokenProvider.cs,False,Direct Analysis
Dispose,90,garnet-1.0.92/libs/server/Auth/Aad/IssuerSigningTokenProvider.cs,False,Direct Analysis
InitialUpdater,130,garnet-1.0.92/libs/storage/Tsavorite/cs/test/ObjectTestTypes.cs,False,Direct Analysis
InPlaceUpdater,136,garnet-1.0.92/libs/storage/Tsavorite/cs/test/ObjectTestTypes.cs,False,Direct Analysis
CopyUpdater,144,garnet-1.0.92/libs/storage/Tsavorite/cs/test/ObjectTestTypes.cs,False,Direct Analysis
ConcurrentReader,150,garnet-1.0.92/libs/storage/Tsavorite/cs/test/ObjectTestTypes.cs,False,Direct Analysis
ConcurrentWriter,158,garnet-1.0.92/libs/storage/Tsavorite/cs/test/ObjectTestTypes.cs,False,Direct Analysis
ReadCompletionCallback,164,garnet-1.0.92/libs/storage/Tsavorite/cs/test/ObjectTestTypes.cs,False,Direct Analysis
RMWCompletionCallback,170,garnet-1.0.92/libs/storage/Tsavorite/cs/test/ObjectTestTypes.cs,False,Direct Analysis
SingleReader,176,garnet-1.0.92/libs/storage/Tsavorite/cs/test/ObjectTestTypes.cs,False,Direct Analysis
SingleWriter,184,garnet-1.0.92/libs/storage/Tsavorite/cs/test/ObjectTestTypes.cs,False,Direct Analysis
Reset,149,garnet-1.0.92/libs/server/Transaction/TransactionManager.cs,False,Direct Analysis
RunTransactionProc,185,garnet-1.0.92/libs/server/Transaction/TransactionManager.cs,False,Direct Analysis
IsSkippingOperations,257,garnet-1.0.92/libs/server/Transaction/TransactionManager.cs,False,Direct Analysis
Abort,262,garnet-1.0.92/libs/server/Transaction/TransactionManager.cs,False,Direct Analysis
Log,267,garnet-1.0.92/libs/server/Transaction/TransactionManager.cs,False,Direct Analysis
Commit,280,garnet-1.0.92/libs/server/Transaction/TransactionManager.cs,False,Direct Analysis
Watch,291,garnet-1.0.92/libs/server/Transaction/TransactionManager.cs,False,Direct Analysis
UpdateTransactionStoreType,306,garnet-1.0.92/libs/server/Transaction/TransactionManager.cs,False,Direct Analysis
GetKeysForValidation,322,garnet-1.0.92/libs/server/Transaction/TransactionManager.cs,False,Direct Analysis
BeginLockable,331,garnet-1.0.92/libs/server/Transaction/TransactionManager.cs,False,Direct Analysis
LocksAcquired,345,garnet-1.0.92/libs/server/Transaction/TransactionManager.cs,False,Direct Analysis
SaveKeyArgSlice,21,garnet-1.0.92/libs/server/Transaction/TxnClusterSlotCheck.cs,False,Direct Analysis
UpdateRecvBufferPtr,40,garnet-1.0.92/libs/server/Transaction/TxnClusterSlotCheck.cs,False,Direct Analysis
SaveKeyEntryToLock,17,garnet-1.0.92/libs/server/Transaction/TxnKeyManager.cs,False,Direct Analysis
ResetCacheSlotVerificationResult,28,garnet-1.0.92/libs/server/Transaction/TxnKeyManager.cs,False,Direct Analysis
WriteCachedSlotVerificationMessage,37,garnet-1.0.92/libs/server/Transaction/TxnKeyManager.cs,False,Direct Analysis
VerifyKeyOwnership,48,garnet-1.0.92/libs/server/Transaction/TxnKeyManager.cs,False,Direct Analysis
LockKeys,63,garnet-1.0.92/libs/server/Transaction/TxnKeyManager.cs,False,Direct Analysis
CreateAuthenticator,15,garnet-1.0.92/libs/server/Auth/Settings/NoAuthSettings.cs,False,Direct Analysis
Dispose,23,garnet-1.0.92/libs/server/Auth/Settings/NoAuthSettings.cs,False,Direct Analysis
HandleSetResult,67,garnet-1.0.92/libs/server/Objects/ItemBroker/CollectionItemObserver.cs,False,Direct Analysis
TryForceUnblock,93,garnet-1.0.92/libs/server/Objects/ItemBroker/CollectionItemObserver.cs,False,Direct Analysis
HandleSessionDisposed,121,garnet-1.0.92/libs/server/Objects/ItemBroker/CollectionItemObserver.cs,False,Direct Analysis
Dispose,26,garnet-1.0.92/benchmark/BDN.benchmark/Cluster/ClusterContext.cs,False,Direct Analysis
SetupSingleInstance,32,garnet-1.0.92/benchmark/BDN.benchmark/Cluster/ClusterContext.cs,False,Direct Analysis
AddSlotRange,49,garnet-1.0.92/benchmark/BDN.benchmark/Cluster/ClusterContext.cs,False,Direct Analysis
CreateGetSet,61,garnet-1.0.92/benchmark/BDN.benchmark/Cluster/ClusterContext.cs,False,Direct Analysis
CreateMGetMSet,98,garnet-1.0.92/benchmark/BDN.benchmark/Cluster/ClusterContext.cs,False,Direct Analysis
CreateCTXNSET,139,garnet-1.0.92/benchmark/BDN.benchmark/Cluster/ClusterContext.cs,False,Direct Analysis
Allocate,28,garnet-1.0.92/libs/storage/Tsavorite/cs/src/core/Allocator/BlittableFrame.cs,False,Direct Analysis
Clear,38,garnet-1.0.92/libs/storage/Tsavorite/cs/src/core/Allocator/BlittableFrame.cs,False,Direct Analysis
GetPhysicalAddress,43,garnet-1.0.92/libs/storage/Tsavorite/cs/src/core/Allocator/BlittableFrame.cs,False,Direct Analysis
Dispose,48,garnet-1.0.92/libs/storage/Tsavorite/cs/src/core/Allocator/BlittableFrame.cs,False,Direct Analysis
ContainsSharedToken,86,garnet-1.0.92/libs/cluster/Server/Replication/CheckpointEntry.cs,False,Direct Analysis
ToByteArray,102,garnet-1.0.92/libs/cluster/Server/Replication/CheckpointEntry.cs,False,Direct Analysis
Register,77,garnet-1.0.92/libs/server/Custom/CustomCommandManager.cs,False,Direct Analysis
Register,105,garnet-1.0.92/libs/server/Custom/CustomCommandManager.cs,False,Direct Analysis
Register,186,garnet-1.0.92/libs/server/Custom/CustomCommandManager.cs,False,Direct Analysis
RegisterModule,213,garnet-1.0.92/libs/server/Custom/CustomCommandManager.cs,False,Direct Analysis
RegisterNewType,389,garnet-1.0.92/libs/server/Custom/CustomCommandManager.cs,False,Direct Analysis
UpdateCertFile,100,garnet-1.0.92/libs/server/TLS/GarnetTlsOptions.cs,False,Direct Analysis
GetSslServerAuthenticationOptions,122,garnet-1.0.92/libs/server/TLS/GarnetTlsOptions.cs,False,Direct Analysis
TryHashAndStore,34,garnet-1.0.92/libs/cluster/Server/Migration/Sketch.cs,False,Direct Analysis
HashAndStore,51,garnet-1.0.92/libs/cluster/Server/Migration/Sketch.cs,False,Direct Analysis
Probe,66,garnet-1.0.92/libs/cluster/Server/Migration/Sketch.cs,False,Direct Analysis
Clear,80,garnet-1.0.92/libs/cluster/Server/Migration/Sketch.cs,False,Direct Analysis
ToRespFormat,239,garnet-1.0.92/libs/server/Resp/RespCommandKeySpecification.cs,False,Direct Analysis
TryGetStartIndex,264,garnet-1.0.92/libs/server/Resp/RespCommandKeySpecification.cs,False,Direct Analysis
Setup,25,garnet-1.0.92/libs/storage/Tsavorite/cs/test/MiscTests.cs,False,Direct Analysis
TearDown,45,garnet-1.0.92/libs/storage/Tsavorite/cs/test/MiscTests.cs,False,Direct Analysis
MixedTest1,59,garnet-1.0.92/libs/storage/Tsavorite/cs/test/MiscTests.cs,False,Direct Analysis
MixedTest2,83,garnet-1.0.92/libs/storage/Tsavorite/cs/test/MiscTests.cs,False,Direct Analysis
ForceRCUAndRecover,121,garnet-1.0.92/libs/storage/Tsavorite/cs/test/MiscTests.cs,False,Direct Analysis
CreateAuthenticatorInternal,30,garnet-1.0.92/libs/server/Auth/Settings/AclAuthenticationAadSettings.cs,False,Direct Analysis
Register,186,garnet-1.0.92/libs/server/Custom/CustomCommandRegistration.cs,False,Direct Analysis
Read,289,garnet-1.0.92/libs/server/Resp/RespCommandArgument.cs,False,Direct Analysis
Write,417,garnet-1.0.92/libs/server/Resp/RespCommandArgument.cs,False,Direct Analysis
SetDestination,39,garnet-1.0.92/libs/storage/Tsavorite/cs/src/core/VarLen/UnmanagedMemoryManager.cs,False,Direct Analysis
Pin,53,garnet-1.0.92/libs/storage/Tsavorite/cs/src/core/VarLen/UnmanagedMemoryManager.cs,False,Direct Analysis
Unpin,62,garnet-1.0.92/libs/storage/Tsavorite/cs/src/core/VarLen/UnmanagedMemoryManager.cs,False,Direct Analysis
Dispose,67,garnet-1.0.92/libs/storage/Tsavorite/cs/src/core/VarLen/UnmanagedMemoryManager.cs,False,Direct Analysis
Register,207,garnet-1.0.92/libs/server/Custom/CustomCommandRegistration.cs,False,Direct Analysis
Setup,20,garnet-1.0.92/test/Garnet.test/IndexGrowthTests.cs,False,Direct Analysis
TearDown,26,garnet-1.0.92/test/Garnet.test/IndexGrowthTests.cs,False,Direct Analysis
IndexGrowthTest,33,garnet-1.0.92/test/Garnet.test/IndexGrowthTests.cs,False,Direct Analysis
ObjectStoreIndexGrowthTest,71,garnet-1.0.92/test/Garnet.test/IndexGrowthTests.cs,False,Direct Analysis
IndexGrowthTestWithDiskReadAndCheckpoint,118,garnet-1.0.92/test/Garnet.test/IndexGrowthTests.cs,False,Direct Analysis
ObjectStoreIndexGrowthTestWithDiskReadAndCheckpoint,182,garnet-1.0.92/test/Garnet.test/IndexGrowthTests.cs,False,Direct Analysis
GlobalBeforeEnteringState,27,garnet-1.0.92/libs/storage/Tsavorite/cs/src/core/Index/Checkpointing/StreamingSnapshotCheckpointSMTask.cs,False,Direct Analysis
Prepare,21,garnet-1.0.92/main/GarnetServer/Extensions/ReadWriteTxn.cs,False,Direct Analysis
Main,32,garnet-1.0.92/main/GarnetServer/Extensions/ReadWriteTxn.cs,False,Direct Analysis
ExecuteFilter,31,garnet-1.0.92/modules/GarnetJSON/JSONPath/ArrayMultipleIndexFilter.cs,False,Direct Analysis
ExecuteFilter,50,garnet-1.0.92/modules/GarnetJSON/JSONPath/ArrayMultipleIndexFilter.cs,False,Direct Analysis
GetData,61,garnet-1.0.92/test/Garnet.test/TestUtils.cs,False,Direct Analysis
Dispose,25,garnet-1.0.92/libs/server/Resp/ScriptHashOwner.cs,False,Direct Analysis
WriteInfo,58,garnet-1.0.92/libs/storage/Tsavorite/cs/src/core/Index/Common/RecordInfo.cs,False,Direct Analysis
ClearBitsForDiskImages,73,garnet-1.0.92/libs/storage/Tsavorite/cs/src/core/Index/Common/RecordInfo.cs,False,Direct Analysis
IsClosedOrTombstoned,83,garnet-1.0.92/libs/storage/Tsavorite/cs/src/core/Index/Common/RecordInfo.cs,False,Direct Analysis
TrySeal,109,garnet-1.0.92/libs/storage/Tsavorite/cs/src/core/Index/Common/RecordInfo.cs,False,Direct Analysis
TryResetModifiedAtomic,128,garnet-1.0.92/libs/storage/Tsavorite/cs/src/core/Index/Common/RecordInfo.cs,False,Direct Analysis
TryUpdateAddress,145,garnet-1.0.92/libs/storage/Tsavorite/cs/src/core/Index/Common/RecordInfo.cs,False,Direct Analysis
ClearDirtyAtomic,181,garnet-1.0.92/libs/storage/Tsavorite/cs/src/core/Index/Common/RecordInfo.cs,False,Direct Analysis
SetInvalidAtomic,242,garnet-1.0.92/libs/storage/Tsavorite/cs/src/core/Index/Common/RecordInfo.cs,False,Direct Analysis
ToString,287,garnet-1.0.92/libs/storage/Tsavorite/cs/src/core/Index/Common/RecordInfo.cs,False,Direct Analysis
GetResult,42,garnet-1.0.92/libs/storage/Tsavorite/cs/src/core/Index/Common/SingleWaiterAutoResetEvent.cs,False,Direct Analysis
Signal,56,garnet-1.0.92/libs/storage/Tsavorite/cs/src/core/Index/Common/SingleWaiterAutoResetEvent.cs,False,Direct Analysis
WaitAsync,82,garnet-1.0.92/libs/storage/Tsavorite/cs/src/core/Index/Common/SingleWaiterAutoResetEvent.cs,False,Direct Analysis
ResetStatus,110,garnet-1.0.92/libs/storage/Tsavorite/cs/src/core/Index/Common/SingleWaiterAutoResetEvent.cs,False,Direct Analysis
BaseSetup,30,garnet-1.0.92/libs/storage/Tsavorite/cs/test/RecoveryChecks.cs,False,Direct Analysis
BaseTearDown,42,garnet-1.0.92/libs/storage/Tsavorite/cs/test/RecoveryChecks.cs,False,Direct Analysis
Reader,38,garnet-1.0.92/modules/NoOpModule/NoOpCommandRead.cs,False,Direct Analysis
CopyTo,272,garnet-1.0.92/libs/server/InputHeader.cs,False,Direct Analysis
DeserializeFrom,300,garnet-1.0.92/libs/server/InputHeader.cs,False,Direct Analysis
Equals,47,garnet-1.0.92/libs/storage/Tsavorite/cs/src/core/Index/Interfaces/KeyComparers.cs,False,Direct Analysis
GetHashCode64,55,garnet-1.0.92/libs/storage/Tsavorite/cs/src/core/Index/Interfaces/KeyComparers.cs,False,Direct Analysis
GetSingleSlotRequest,1766,garnet-1.0.92/test/Garnet.test.cluster/RedirectTests/BaseCommand.cs,False,Direct Analysis
GetCrossSlotRequest,1772,garnet-1.0.92/test/Garnet.test.cluster/RedirectTests/BaseCommand.cs,False,Direct Analysis
SetupSingleSlotRequest,1781,garnet-1.0.92/test/Garnet.test.cluster/RedirectTests/BaseCommand.cs,False,Direct Analysis
GetHashCode64,120,garnet-1.0.92/libs/storage/Tsavorite/cs/src/core/Index/Interfaces/KeyComparers.cs,False,Direct Analysis
Setup,91,garnet-1.0.92/libs/storage/Tsavorite/cs/test/BasicLockTests.cs,False,Direct Analysis
TearDown,107,garnet-1.0.92/libs/storage/Tsavorite/cs/test/BasicLockTests.cs,False,Direct Analysis
FunctionsLockTest,121,garnet-1.0.92/libs/storage/Tsavorite/cs/test/BasicLockTests.cs,False,Direct Analysis
UpdateFunc,144,garnet-1.0.92/libs/storage/Tsavorite/cs/test/BasicLockTests.cs,False,Direct Analysis
CollidingDeletedRecordTest,161,garnet-1.0.92/libs/storage/Tsavorite/cs/test/BasicLockTests.cs,False,Direct Analysis
SetInvalidOnException,212,garnet-1.0.92/libs/storage/Tsavorite/cs/test/BasicLockTests.cs,False,Direct Analysis
GetHashCode64,143,garnet-1.0.92/libs/storage/Tsavorite/cs/src/core/Index/Interfaces/KeyComparers.cs,False,Direct Analysis
Prepare,19,garnet-1.0.92/test/Garnet.test/SortedSetRemoveTxn.cs,False,Direct Analysis
Main,28,garnet-1.0.92/test/Garnet.test/SortedSetRemoveTxn.cs,False,Direct Analysis
GetSingleSlotRequest,2447,garnet-1.0.92/test/Garnet.test.cluster/RedirectTests/BaseCommand.cs,False,Direct Analysis
InitialUpdater,65,garnet-1.0.92/libs/storage/Tsavorite/cs/test/FunctionPerSessionTests.cs,False,Direct Analysis
InPlaceUpdater,74,garnet-1.0.92/libs/storage/Tsavorite/cs/test/FunctionPerSessionTests.cs,False,Direct Analysis
CopyUpdater,84,garnet-1.0.92/libs/storage/Tsavorite/cs/test/FunctionPerSessionTests.cs,False,Direct Analysis
Setup,21,garnet-1.0.92/libs/storage/Tsavorite/cs/test/ObjectReadCacheTests.cs,False,Direct Analysis
TearDown,43,garnet-1.0.92/libs/storage/Tsavorite/cs/test/ObjectReadCacheTests.cs,False,Direct Analysis
ObjectDiskWriteReadCache,57,garnet-1.0.92/libs/storage/Tsavorite/cs/test/ObjectReadCacheTests.cs,False,Direct Analysis
ObjectDiskWriteReadCache2,160,garnet-1.0.92/libs/storage/Tsavorite/cs/test/ObjectReadCacheTests.cs,False,Direct Analysis
InitializeForReads,92,garnet-1.0.92/libs/storage/Tsavorite/cs/src/core/Index/Recovery/DeltaLog.cs,False,Direct Analysis
Dispose,102,garnet-1.0.92/libs/storage/Tsavorite/cs/src/core/Index/Recovery/DeltaLog.cs,False,Direct Analysis
AsyncReadPagesFromDeviceToFrame,120,garnet-1.0.92/libs/storage/Tsavorite/cs/src/core/Index/Recovery/DeltaLog.cs,False,Direct Analysis
AsyncReadPagesCallback,163,garnet-1.0.92/libs/storage/Tsavorite/cs/src/core/Index/Recovery/DeltaLog.cs,False,Direct Analysis
Align,185,garnet-1.0.92/libs/storage/Tsavorite/cs/src/core/Index/Recovery/DeltaLog.cs,False,Direct Analysis
GetNext,197,garnet-1.0.92/libs/storage/Tsavorite/cs/src/core/Index/Recovery/DeltaLog.cs,False,Direct Analysis
InitializeForWrites,303,garnet-1.0.92/libs/storage/Tsavorite/cs/src/core/Index/Recovery/DeltaLog.cs,False,Direct Analysis
Allocate,314,garnet-1.0.92/libs/storage/Tsavorite/cs/src/core/Index/Recovery/DeltaLog.cs,False,Direct Analysis
Seal,328,garnet-1.0.92/libs/storage/Tsavorite/cs/src/core/Index/Recovery/DeltaLog.cs,False,Direct Analysis
FlushPage,354,garnet-1.0.92/libs/storage/Tsavorite/cs/src/core/Index/Recovery/DeltaLog.cs,False,Direct Analysis
FlushAsync,378,garnet-1.0.92/libs/storage/Tsavorite/cs/src/core/Index/Recovery/DeltaLog.cs,False,Direct Analysis
AsyncFlushPageToDeviceCallback,397,garnet-1.0.92/libs/storage/Tsavorite/cs/src/core/Index/Recovery/DeltaLog.cs,False,Direct Analysis
Setup,23,garnet-1.0.92/libs/storage/Tsavorite/cs/test/SessionTests.cs,False,Direct Analysis
TearDown,38,garnet-1.0.92/libs/storage/Tsavorite/cs/test/SessionTests.cs,False,Direct Analysis
SessionTest1,50,garnet-1.0.92/libs/storage/Tsavorite/cs/test/SessionTests.cs,False,Direct Analysis
SessionTest2,77,garnet-1.0.92/libs/storage/Tsavorite/cs/test/SessionTests.cs,False,Direct Analysis
SessionTest3,121,garnet-1.0.92/libs/storage/Tsavorite/cs/test/SessionTests.cs,False,Direct Analysis
SessionTest4,151,garnet-1.0.92/libs/storage/Tsavorite/cs/test/SessionTests.cs,False,Direct Analysis
SessionTest5,208,garnet-1.0.92/libs/storage/Tsavorite/cs/test/SessionTests.cs,False,Direct Analysis
DisposeRecord,72,garnet-1.0.92/libs/storage/Tsavorite/cs/src/core/Index/StoreFunctions/IRecordDisposer.cs,False,Direct Analysis
ExecuteAsync,19,garnet-1.0.92/libs/client/ClientSession/AsyncGarnetClientSession.cs,False,Direct Analysis
ExecuteAsyncBatch,33,garnet-1.0.92/libs/client/ClientSession/AsyncGarnetClientSession.cs,False,Direct Analysis
ExecuteForArrayAsync,46,garnet-1.0.92/libs/client/ClientSession/AsyncGarnetClientSession.cs,False,Direct Analysis
ExecuteForArrayAsyncBatch,60,garnet-1.0.92/libs/client/ClientSession/AsyncGarnetClientSession.cs,False,Direct Analysis
Dispose,283,garnet-1.0.92/libs/client/ClientSession/GarnetClientSession.cs,False,Direct Analysis
Execute,298,garnet-1.0.92/libs/client/ClientSession/GarnetClientSession.cs,False,Direct Analysis
ExecuteBatch,310,garnet-1.0.92/libs/client/ClientSession/GarnetClientSession.cs,False,Direct Analysis
ExecuteForArray,321,garnet-1.0.92/libs/client/ClientSession/GarnetClientSession.cs,False,Direct Analysis
ExecuteClusterAppendLog,334,garnet-1.0.92/libs/client/ClientSession/GarnetClientSession.cs,False,Direct Analysis
Wait,419,garnet-1.0.92/libs/client/ClientSession/GarnetClientSession.cs,False,Direct Analysis
InternalExecute,431,garnet-1.0.92/libs/client/ClientSession/GarnetClientSession.cs,False,Direct Analysis
ProcessReplies,455,garnet-1.0.92/libs/client/ClientSession/GarnetClientSession.cs,False,Direct Analysis
Flush,546,garnet-1.0.92/libs/client/ClientSession/GarnetClientSession.cs,False,Direct Analysis
DisposeMessageConsumer,573,garnet-1.0.92/libs/client/ClientSession/GarnetClientSession.cs,False,Direct Analysis
ExecuteGossip,25,garnet-1.0.92/libs/client/ClientSession/GarnetClientSessionClusterExtensions.cs,False,Direct Analysis
InitializeIterationBuffer,48,garnet-1.0.92/libs/client/ClientSession/GarnetClientSessionIncremental.cs,False,Direct Analysis
SendAndResetIterationBuffer,60,garnet-1.0.92/libs/client/ClientSession/GarnetClientSessionIncremental.cs,False,Direct Analysis
TryWriteKeyValueSpanByte,97,garnet-1.0.92/libs/client/ClientSession/GarnetClientSessionIncremental.cs,False,Direct Analysis
TryWriteKeyValueByteArray,134,garnet-1.0.92/libs/client/ClientSession/GarnetClientSessionIncremental.cs,False,Direct Analysis
TrackIterationProgress,186,garnet-1.0.92/libs/client/ClientSession/GarnetClientSessionIncremental.cs,False,Direct Analysis
Authenticate,37,garnet-1.0.92/libs/client/ClientSession/GarnetClientSessionMigrationExtensions.cs,False,Direct Analysis
SetSlotRange,90,garnet-1.0.92/libs/client/ClientSession/GarnetClientSessionMigrationExtensions.cs,False,Direct Analysis
SetClusterMigrateHeader,173,garnet-1.0.92/libs/client/ClientSession/GarnetClientSessionMigrationExtensions.cs,False,Direct Analysis
CompleteMigrate,250,garnet-1.0.92/libs/client/ClientSession/GarnetClientSessionMigrationExtensions.cs,False,Direct Analysis
ExecuteReplicaSync,34,garnet-1.0.92/libs/client/ClientSession/GarnetClientSessionReplicationExtensions.cs,False,Direct Analysis
ExecuteSendCkptMetadata,115,garnet-1.0.92/libs/client/ClientSession/GarnetClientSessionReplicationExtensions.cs,False,Direct Analysis
ExecuteSendFileSegments,181,garnet-1.0.92/libs/client/ClientSession/GarnetClientSessionReplicationExtensions.cs,False,Direct Analysis
ExecuteBeginReplicaRecover,267,garnet-1.0.92/libs/client/ClientSession/GarnetClientSessionReplicationExtensions.cs,False,Direct Analysis
ExecuteAttachSync,363,garnet-1.0.92/libs/client/ClientSession/GarnetClientSessionReplicationExtensions.cs,False,Direct Analysis
SetClusterSyncHeader,411,garnet-1.0.92/libs/client/ClientSession/GarnetClientSessionReplicationExtensions.cs,False,Direct Analysis
CompactionCopyToTail,454,garnet-1.0.92/libs/storage/Tsavorite/cs/src/core/ClientSession/BasicContext.cs,False,Direct Analysis
ConditionalScanPush,478,garnet-1.0.92/libs/storage/Tsavorite/cs/src/core/ClientSession/BasicContext.cs,False,Direct Analysis
ContainsKeyInMemory,499,garnet-1.0.92/libs/storage/Tsavorite/cs/src/core/ClientSession/BasicContext.cs,False,Direct Analysis
ToString,62,garnet-1.0.92/libs/storage/Tsavorite/cs/src/core/Index/Tsavorite/HashBucketEntry.cs,False,Direct Analysis
Set,46,garnet-1.0.92/libs/storage/Tsavorite/cs/src/core/Index/Tsavorite/Implementation/Revivification/FreeRecordPool.cs,False,Direct Analysis
SetEmptyAtomic,58,garnet-1.0.92/libs/storage/Tsavorite/cs/src/core/Index/Tsavorite/Implementation/Revivification/FreeRecordPool.cs,False,Direct Analysis
TryPeek,65,garnet-1.0.92/libs/storage/Tsavorite/cs/src/core/Index/Tsavorite/Implementation/Revivification/FreeRecordPool.cs,False,Direct Analysis
TryTake,110,garnet-1.0.92/libs/storage/Tsavorite/cs/src/core/Index/Tsavorite/Implementation/Revivification/FreeRecordPool.cs,False,Direct Analysis
TryTakeOversize,152,garnet-1.0.92/libs/storage/Tsavorite/cs/src/core/Index/Tsavorite/Implementation/Revivification/FreeRecordPool.cs,False,Direct Analysis
GetBinIndex,504,garnet-1.0.92/libs/storage/Tsavorite/cs/src/core/Index/Tsavorite/Implementation/Revivification/FreeRecordPool.cs,False,Direct Analysis
TryAdd,522,garnet-1.0.92/libs/storage/Tsavorite/cs/src/core/Index/Tsavorite/Implementation/Revivification/FreeRecordPool.cs,False,Direct Analysis
TryAdd,537,garnet-1.0.92/libs/storage/Tsavorite/cs/src/core/Index/Tsavorite/Implementation/Revivification/FreeRecordPool.cs,False,Direct Analysis
TryTake,558,garnet-1.0.92/libs/storage/Tsavorite/cs/src/core/Index/Tsavorite/Implementation/Revivification/FreeRecordPool.cs,False,Direct Analysis
ScanForEmpty,579,garnet-1.0.92/libs/storage/Tsavorite/cs/src/core/Index/Tsavorite/Implementation/Revivification/FreeRecordPool.cs,False,Direct Analysis
Dispose,590,garnet-1.0.92/libs/storage/Tsavorite/cs/src/core/Index/Tsavorite/Implementation/Revivification/FreeRecordPool.cs,False,Direct Analysis
AssertSlotsNotAssigned,168,garnet-1.0.92/test/Garnet.test.cluster/RedirectTests/ClusterSlotVerificationTests.cs,False,Direct Analysis
ConfigureSlotForMigration,178,garnet-1.0.92/test/Garnet.test.cluster/RedirectTests/ClusterSlotVerificationTests.cs,False,Direct Analysis
ResetSlot,198,garnet-1.0.92/test/Garnet.test.cluster/RedirectTests/ClusterSlotVerificationTests.cs,False,Direct Analysis
OneTimeSetUp,216,garnet-1.0.92/test/Garnet.test.cluster/RedirectTests/ClusterSlotVerificationTests.cs,False,Direct Analysis
OneTimeTearDown,246,garnet-1.0.92/test/Garnet.test.cluster/RedirectTests/ClusterSlotVerificationTests.cs,False,Direct Analysis
ClusterCLUSTERDOWNTest,270,garnet-1.0.92/test/Garnet.test.cluster/RedirectTests/ClusterSlotVerificationTests.cs,False,Direct Analysis
ClusterOKTest,305,garnet-1.0.92/test/Garnet.test.cluster/RedirectTests/ClusterSlotVerificationTests.cs,False,Direct Analysis
ClusterCROSSSLOTTest,362,garnet-1.0.92/test/Garnet.test.cluster/RedirectTests/ClusterSlotVerificationTests.cs,False,Direct Analysis
ClusterMOVEDTest,399,garnet-1.0.92/test/Garnet.test.cluster/RedirectTests/ClusterSlotVerificationTests.cs,False,Direct Analysis
ClusterASKTest,443,garnet-1.0.92/test/Garnet.test.cluster/RedirectTests/ClusterSlotVerificationTests.cs,False,Direct Analysis
ClusterTRYAGAINTest,504,garnet-1.0.92/test/Garnet.test.cluster/RedirectTests/ClusterSlotVerificationTests.cs,False,Direct Analysis
Initialize,558,garnet-1.0.92/test/Garnet.test.cluster/RedirectTests/ClusterSlotVerificationTests.cs,False,Direct Analysis
Setup,32,garnet-1.0.92/libs/storage/Tsavorite/cs/test/SharedDirectoryTests.cs,False,Direct Analysis
TearDown,43,garnet-1.0.92/libs/storage/Tsavorite/cs/test/SharedDirectoryTests.cs,False,Direct Analysis
SharedLogDirectory,54,garnet-1.0.92/libs/storage/Tsavorite/cs/test/SharedDirectoryTests.cs,False,Direct Analysis
IsValid,609,garnet-1.0.92/libs/host/Configuration/OptionsValidators.cs,False,Direct Analysis
LocalStorageWriteRead,20,garnet-1.0.92/libs/storage/Tsavorite/cs/test/BasicStorageTests.cs,False,Direct Analysis
PageBlobWriteRead,28,garnet-1.0.92/libs/storage/Tsavorite/cs/test/BasicStorageTests.cs,False,Direct Analysis
PageBlobWriteReadWithLease,37,garnet-1.0.92/libs/storage/Tsavorite/cs/test/BasicStorageTests.cs,False,Direct Analysis
TieredWriteRead,46,garnet-1.0.92/libs/storage/Tsavorite/cs/test/BasicStorageTests.cs,False,Direct Analysis
ShardedWriteRead,69,garnet-1.0.92/libs/storage/Tsavorite/cs/test/BasicStorageTests.cs,False,Direct Analysis
OmitSegmentIdTest,80,garnet-1.0.92/libs/storage/Tsavorite/cs/test/BasicStorageTests.cs,False,Direct Analysis
Reader,16,garnet-1.0.92/modules/NoOpModule/DummyObjectNoOpRead.cs,False,Direct Analysis
ConcurrentReader,80,garnet-1.0.92/libs/storage/Tsavorite/cs/src/core/Index/Interfaces/SessionFunctionsBase.cs,False,Direct Analysis
SingleReader,87,garnet-1.0.92/libs/storage/Tsavorite/cs/src/core/Index/Interfaces/SessionFunctionsBase.cs,False,Direct Analysis
SingleWriter,93,garnet-1.0.92/libs/storage/Tsavorite/cs/src/core/Index/Interfaces/SessionFunctionsBase.cs,False,Direct Analysis
ConcurrentWriter,101,garnet-1.0.92/libs/storage/Tsavorite/cs/src/core/Index/Interfaces/SessionFunctionsBase.cs,False,Direct Analysis
InitialUpdater,110,garnet-1.0.92/libs/storage/Tsavorite/cs/src/core/Index/Interfaces/SessionFunctionsBase.cs,False,Direct Analysis
CopyUpdater,112,garnet-1.0.92/libs/storage/Tsavorite/cs/src/core/Index/Interfaces/SessionFunctionsBase.cs,False,Direct Analysis
InPlaceUpdater,114,garnet-1.0.92/libs/storage/Tsavorite/cs/src/core/Index/Interfaces/SessionFunctionsBase.cs,False,Direct Analysis
GetSingleSlotRequest,2669,garnet-1.0.92/test/Garnet.test.cluster/RedirectTests/BaseCommand.cs,False,Direct Analysis
InitialUpdater,270,garnet-1.0.92/libs/storage/Tsavorite/cs/test/TestTypes.cs,False,Direct Analysis
CopyUpdater,278,garnet-1.0.92/libs/storage/Tsavorite/cs/test/TestTypes.cs,False,Direct Analysis
InPlaceUpdater,286,garnet-1.0.92/libs/storage/Tsavorite/cs/test/TestTypes.cs,False,Direct Analysis
PostSingleDeleter,23,garnet-1.0.92/libs/storage/Tsavorite/cs/src/core/Compaction/LogCompactionFunctions.cs,False,Direct Analysis
PostInitialUpdater,41,garnet-1.0.92/libs/storage/Tsavorite/cs/src/core/Compaction/LogCompactionFunctions.cs,False,Direct Analysis
ReadCompletionCallback,49,garnet-1.0.92/libs/storage/Tsavorite/cs/src/core/Compaction/LogCompactionFunctions.cs,False,Direct Analysis
RMWCompletionCallback,51,garnet-1.0.92/libs/storage/Tsavorite/cs/src/core/Compaction/LogCompactionFunctions.cs,False,Direct Analysis
PostSingleWriter,68,garnet-1.0.92/libs/storage/Tsavorite/cs/src/core/Compaction/LogCompactionFunctions.cs,False,Direct Analysis
ConvertOutputToHeap,70,garnet-1.0.92/libs/storage/Tsavorite/cs/src/core/Compaction/LogCompactionFunctions.cs,False,Direct Analysis
GetSingleSlotRequest,303,garnet-1.0.92/test/Garnet.test.cluster/RedirectTests/BaseCommand.cs,False,Direct Analysis
GetCrossSlotRequest,309,garnet-1.0.92/test/Garnet.test.cluster/RedirectTests/BaseCommand.cs,False,Direct Analysis
SetupSingleSlotRequest,315,garnet-1.0.92/test/Garnet.test.cluster/RedirectTests/BaseCommand.cs,False,Direct Analysis
PostSingleWriter,47,garnet-1.0.92/libs/storage/Tsavorite/cs/src/core/ClientSession/SessionFunctionsWrapper.cs,False,Direct Analysis
ConcurrentWriter,54,garnet-1.0.92/libs/storage/Tsavorite/cs/src/core/ClientSession/SessionFunctionsWrapper.cs,False,Direct Analysis
PostInitialUpdater,76,garnet-1.0.92/libs/storage/Tsavorite/cs/src/core/ClientSession/SessionFunctionsWrapper.cs,False,Direct Analysis
PostCopyUpdater,93,garnet-1.0.92/libs/storage/Tsavorite/cs/src/core/ClientSession/SessionFunctionsWrapper.cs,False,Direct Analysis
InPlaceUpdater,102,garnet-1.0.92/libs/storage/Tsavorite/cs/src/core/ClientSession/SessionFunctionsWrapper.cs,False,Direct Analysis
PostSingleDeleter,150,garnet-1.0.92/libs/storage/Tsavorite/cs/src/core/ClientSession/SessionFunctionsWrapper.cs,False,Direct Analysis
ConcurrentDeleter,157,garnet-1.0.92/libs/storage/Tsavorite/cs/src/core/ClientSession/SessionFunctionsWrapper.cs,False,Direct Analysis
GetHeapContainer,204,garnet-1.0.92/libs/storage/Tsavorite/cs/src/core/ClientSession/SessionFunctionsWrapper.cs,False,Direct Analysis
Create,13,garnet-1.0.92/libs/storage/Tsavorite/cs/src/core/Index/CheckpointManagement/NullNamedDeviceFactoryCreator.cs,False,Direct Analysis
AdmitCommit,164,garnet-1.0.92/libs/storage/Tsavorite/cs/src/core/TsavoriteLog/LogCommitPolicy.cs,False,Direct Analysis
OnCommitCreated,193,garnet-1.0.92/libs/storage/Tsavorite/cs/src/core/TsavoriteLog/LogCommitPolicy.cs,False,Direct Analysis
OnCommitFinished,196,garnet-1.0.92/libs/storage/Tsavorite/cs/src/core/TsavoriteLog/LogCommitPolicy.cs,False,Direct Analysis
Setup,25,garnet-1.0.92/test/Garnet.test/RespEtagTests.cs,False,Direct Analysis
TearDown,45,garnet-1.0.92/test/Garnet.test/RespEtagTests.cs,False,Direct Analysis
SETReturnsEtagForNewData,54,garnet-1.0.92/test/Garnet.test/RespEtagTests.cs,False,Direct Analysis
SetIfMatchReturnsNewValueAndEtagWhenEtagMatches,64,garnet-1.0.92/test/Garnet.test/RespEtagTests.cs,False,Direct Analysis
SetIfMatchWorksWithExpiration,118,garnet-1.0.92/test/Garnet.test/RespEtagTests.cs,False,Direct Analysis
GetWithEtagReturnsValAndEtagForKey,242,garnet-1.0.92/test/Garnet.test/RespEtagTests.cs,False,Direct Analysis
GetIfNotMatchReturnsDataWhenEtagDoesNotMatch,265,garnet-1.0.92/test/Garnet.test/RespEtagTests.cs,False,Direct Analysis
SetWithEtagWorksWithMetadata,291,garnet-1.0.92/test/Garnet.test/RespEtagTests.cs,False,Direct Analysis
SetIfGreaterWorksWithInitialETag,350,garnet-1.0.92/test/Garnet.test/RespEtagTests.cs,False,Direct Analysis
SetIfGreaterWorksWithoutInitialETag,380,garnet-1.0.92/test/Garnet.test/RespEtagTests.cs,False,Direct Analysis
DelIfGreaterOnAnAlreadyExistingKeyWithEtagWorks,414,garnet-1.0.92/test/Garnet.test/RespEtagTests.cs,False,Direct Analysis
DelIfGreaterOnAnAlreadyExistingKeyWithoutEtagWorks,441,garnet-1.0.92/test/Garnet.test/RespEtagTests.cs,False,Direct Analysis
DelIfGreaterOnAnAlreadyExistingKeyWithEtagRCUWorks,468,garnet-1.0.92/test/Garnet.test/RespEtagTests.cs,False,Direct Analysis
DelIfGreaterOnAnAlreadyExistingKeyWithoutEtagRCUWorks,529,garnet-1.0.92/test/Garnet.test/RespEtagTests.cs,False,Direct Analysis
MakeReadOnly,589,garnet-1.0.92/test/Garnet.test/RespEtagTests.cs,False,Direct Analysis
SetIfGreaterWhenExpIsSentForExistingNonEtagKey,613,garnet-1.0.92/test/Garnet.test/RespEtagTests.cs,False,Direct Analysis
SetIfMatchWhenExpIsSentForExistingNonEtagKey,639,garnet-1.0.92/test/Garnet.test/RespEtagTests.cs,False,Direct Analysis
SetIfMatchSetsKeyValueOnNonExistingKey,662,garnet-1.0.92/test/Garnet.test/RespEtagTests.cs,False,Direct Analysis
SetIfGreaterSetsKeyValueOnNonExistingKey,674,garnet-1.0.92/test/Garnet.test/RespEtagTests.cs,False,Direct Analysis
SETOnAlreadyExistingSETDataOverridesItWithInitialEtag,685,garnet-1.0.92/test/Garnet.test/RespEtagTests.cs,False,Direct Analysis
SETWithWITHETAGOnAlreadyExistingSETDataOverridesItButUpdatesEtag,724,garnet-1.0.92/test/Garnet.test/RespEtagTests.cs,False,Direct Analysis
SETWithWITHETAGOnAlreadyExistingNonEtagDataOverridesItToInitialEtag,757,garnet-1.0.92/test/Garnet.test/RespEtagTests.cs,False,Direct Analysis
DelIfGreaterOnNonExistingKeyWorks,780,garnet-1.0.92/test/Garnet.test/RespEtagTests.cs,False,Direct Analysis
SETOnAlreadyExistingNonEtagDataOverridesIt,794,garnet-1.0.92/test/Garnet.test/RespEtagTests.cs,False,Direct Analysis
SetIfMatchOnNonEtagDataReturnsNewEtagAndNoValue,821,garnet-1.0.92/test/Garnet.test/RespEtagTests.cs,False,Direct Analysis
SetIfMatchReturnsNewEtagButNoValueWhenUsingNoGet,834,garnet-1.0.92/test/Garnet.test/RespEtagTests.cs,False,Direct Analysis
GetIfNotMatchOnNonEtagDataReturnsNilForEtagAndCorrectData,852,garnet-1.0.92/test/Garnet.test/RespEtagTests.cs,False,Direct Analysis
GetWithEtagOnNonEtagDataReturns0ForEtagAndCorrectData,866,garnet-1.0.92/test/Garnet.test/RespEtagTests.cs,False,Direct Analysis
SingleEtagSetGet,883,garnet-1.0.92/test/Garnet.test/RespEtagTests.cs,False,Direct Analysis
SingleUnicodeEtagSetGetGarnetClient,897,garnet-1.0.92/test/Garnet.test/RespEtagTests.cs,False,Direct Analysis
LargeEtagSetGet,911,garnet-1.0.92/test/Garnet.test/RespEtagTests.cs,False,Direct Analysis
SetExpiryForEtagSetData,933,garnet-1.0.92/test/Garnet.test/RespEtagTests.cs,False,Direct Analysis
SetExpiryHighPrecisionForEtagSetDatat,972,garnet-1.0.92/test/Garnet.test/RespEtagTests.cs,False,Direct Analysis
SetExpiryIncrForEtagSetData,995,garnet-1.0.92/test/Garnet.test/RespEtagTests.cs,False,Direct Analysis
IncrDecrChangeDigitsWithExpiry,1047,garnet-1.0.92/test/Garnet.test/RespEtagTests.cs,False,Direct Analysis
StringSetOnAnExistingEtagDataOverrides,1084,garnet-1.0.92/test/Garnet.test/RespEtagTests.cs,False,Direct Analysis
StringSetOnAnExistingEtagDataUpdatesEtagIfEtagRetain,1112,garnet-1.0.92/test/Garnet.test/RespEtagTests.cs,False,Direct Analysis
LockTakeReleaseOnAValueInitiallySET,1144,garnet-1.0.92/test/Garnet.test/RespEtagTests.cs,False,Direct Analysis
SingleDecrForEtagSetData,1185,garnet-1.0.92/test/Garnet.test/RespEtagTests.cs,False,Direct Analysis
SingleDecrByForEtagSetData,1208,garnet-1.0.92/test/Garnet.test/RespEtagTests.cs,False,Direct Analysis
SimpleIncrementInvalidValueForEtagSetdata,1231,garnet-1.0.92/test/Garnet.test/RespEtagTests.cs,False,Direct Analysis
SimpleIncrementOverflowForEtagSetData,1270,garnet-1.0.92/test/Garnet.test/RespEtagTests.cs,False,Direct Analysis
SimpleIncrementByFloatForEtagSetData,1320,garnet-1.0.92/test/Garnet.test/RespEtagTests.cs,False,Direct Analysis
SingleDeleteForEtagSetData,1346,garnet-1.0.92/test/Garnet.test/RespEtagTests.cs,False,Direct Analysis
SingleDeleteWithObjectStoreDisabledForEtagSetData,1361,garnet-1.0.92/test/Garnet.test/RespEtagTests.cs,False,Direct Analysis
SingleDeleteWithObjectStoreDisable_LTMForEtagSetData,1387,garnet-1.0.92/test/Garnet.test/RespEtagTests.cs,False,Direct Analysis
MultiKeyDeleteForEtagSetData,1427,garnet-1.0.92/test/Garnet.test/RespEtagTests.cs,False,Direct Analysis
MultiKeyUnlinkForEtagSetData,1462,garnet-1.0.92/test/Garnet.test/RespEtagTests.cs,False,Direct Analysis
SingleExistsForEtagSetData,1496,garnet-1.0.92/test/Garnet.test/RespEtagTests.cs,False,Direct Analysis
MultipleExistsKeysAndObjectsAndEtagData,1524,garnet-1.0.92/test/Garnet.test/RespEtagTests.cs,False,Direct Analysis
RenameEtagTests,1547,garnet-1.0.92/test/Garnet.test/RespEtagTests.cs,False,Direct Analysis
PersistTTLTestForEtagSetData,1635,garnet-1.0.92/test/Garnet.test/RespEtagTests.cs,False,Direct Analysis
PersistTestForEtagSetData,1686,garnet-1.0.92/test/Garnet.test/RespEtagTests.cs,False,Direct Analysis
KeyExpireStringTestForEtagSetData,1723,garnet-1.0.92/test/Garnet.test/RespEtagTests.cs,False,Direct Analysis
KeyExpireOptionsTestForEtagSetData,1748,garnet-1.0.92/test/Garnet.test/RespEtagTests.cs,False,Direct Analysis
MainObjectKeyForEtagSetData,1810,garnet-1.0.92/test/Garnet.test/RespEtagTests.cs,False,Direct Analysis
GetSliceTestForEtagSetData,1838,garnet-1.0.92/test/Garnet.test/RespEtagTests.cs,False,Direct Analysis
SetRangeTestForEtagSetData,1956,garnet-1.0.92/test/Garnet.test/RespEtagTests.cs,False,Direct Analysis
KeepTtlTestForDataInitiallySET,2038,garnet-1.0.92/test/Garnet.test/RespEtagTests.cs,False,Direct Analysis
StrlenTestOnEtagSetData,2070,garnet-1.0.92/test/Garnet.test/RespEtagTests.cs,False,Direct Analysis
TTLTestMillisecondsForEtagSetData,2085,garnet-1.0.92/test/Garnet.test/RespEtagTests.cs,False,Direct Analysis
GetDelTestForEtagSetData,2125,garnet-1.0.92/test/Garnet.test/RespEtagTests.cs,False,Direct Analysis
AppendTestForEtagSetData,2169,garnet-1.0.92/test/Garnet.test/RespEtagTests.cs,False,Direct Analysis
SetBitOperationsOnEtagSetData,2244,garnet-1.0.92/test/Garnet.test/RespEtagTests.cs,False,Direct Analysis
BitFieldSetGetOnEtagSetData,2325,garnet-1.0.92/test/Garnet.test/RespEtagTests.cs,False,Direct Analysis
BitFieldIncrementWithWrapOverflowOnEtagSetData,2349,garnet-1.0.92/test/Garnet.test/RespEtagTests.cs,False,Direct Analysis
BitFieldIncrementWithSaturateOverflowOnEtagSetData,2374,garnet-1.0.92/test/Garnet.test/RespEtagTests.cs,False,Direct Analysis
HyperLogLogCommandsShouldReturnWrongTypeErrorForEtagSetData,2402,garnet-1.0.92/test/Garnet.test/RespEtagTests.cs,False,Direct Analysis
SetWithWITHETAGOnANewUpsertWillCreateKeyValueWithoutEtag,2425,garnet-1.0.92/test/Garnet.test/RespEtagTests.cs,False,Direct Analysis
GetSingleSlotRequest,2133,garnet-1.0.92/test/Garnet.test.cluster/RedirectTests/BaseCommand.cs,False,Direct Analysis
GetCrossSlotRequest,2139,garnet-1.0.92/test/Garnet.test.cluster/RedirectTests/BaseCommand.cs,False,Direct Analysis
SetupSingleSlotRequest,2145,garnet-1.0.92/test/Garnet.test.cluster/RedirectTests/BaseCommand.cs,False,Direct Analysis
Updater,20,garnet-1.0.92/modules/NoOpModule/DummyObjectNoOpRMW.cs,False,Direct Analysis
Initialize,55,garnet-1.0.92/libs/storage/Tsavorite/cs/src/core/TsavoriteLog/TsavoriteLogRecoveryInfo.cs,False,Direct Analysis
Initialize,67,garnet-1.0.92/libs/storage/Tsavorite/cs/src/core/TsavoriteLog/TsavoriteLogRecoveryInfo.cs,False,Direct Analysis
ToByteArray,153,garnet-1.0.92/libs/storage/Tsavorite/cs/src/core/TsavoriteLog/TsavoriteLogRecoveryInfo.cs,False,Direct Analysis
SerializedSize,189,garnet-1.0.92/libs/storage/Tsavorite/cs/src/core/TsavoriteLog/TsavoriteLogRecoveryInfo.cs,False,Direct Analysis
DebugPrint,197,garnet-1.0.92/libs/storage/Tsavorite/cs/src/core/TsavoriteLog/TsavoriteLogRecoveryInfo.cs,False,Direct Analysis
Setup,32,garnet-1.0.92/test/Garnet.test.cluster/ClusterRedirectTests.cs,False,Direct Analysis
TearDown,39,garnet-1.0.92/test/Garnet.test.cluster/ClusterRedirectTests.cs,False,Direct Analysis
Dispose,167,garnet-1.0.92/libs/storage/Tsavorite/cs/src/core/TsavoriteLog/TsavoriteLogSettings.cs,False,Direct Analysis
ToString,180,garnet-1.0.92/libs/storage/Tsavorite/cs/src/core/TsavoriteLog/TsavoriteLogSettings.cs,False,Direct Analysis
GetLogSettings,200,garnet-1.0.92/libs/storage/Tsavorite/cs/src/core/TsavoriteLog/TsavoriteLogSettings.cs,False,Direct Analysis
RecoveryCheck2,189,garnet-1.0.92/libs/storage/Tsavorite/cs/test/RecoveryChecks.cs,False,Direct Analysis
RecoveryCheck2Repeated,280,garnet-1.0.92/libs/storage/Tsavorite/cs/test/RecoveryChecks.cs,False,Direct Analysis
RecoveryRollback,335,garnet-1.0.92/libs/storage/Tsavorite/cs/test/RecoveryChecks.cs,False,Direct Analysis
ReadAsync,29,garnet-1.0.92/libs/storage/Tsavorite/cs/src/core/Device/NullDevice.cs,False,Direct Analysis
WriteAsync,43,garnet-1.0.92/libs/storage/Tsavorite/cs/src/core/Device/NullDevice.cs,False,Direct Analysis
RemoveSegment,52,garnet-1.0.92/libs/storage/Tsavorite/cs/src/core/Device/NullDevice.cs,False,Direct Analysis
Dispose,66,garnet-1.0.92/libs/storage/Tsavorite/cs/src/core/Device/NullDevice.cs,False,Direct Analysis
GetSingleSlotRequest,2615,garnet-1.0.92/test/Garnet.test.cluster/RedirectTests/BaseCommand.cs,False,Direct Analysis
Add,27,garnet-1.0.92/libs/storage/Tsavorite/cs/src/core/Utilities/AsyncCountDown.cs,False,Direct Analysis
Remove,35,garnet-1.0.92/libs/storage/Tsavorite/cs/src/core/Utilities/AsyncCountDown.cs,False,Direct Analysis
TryCompleteAwaitingTask,48,garnet-1.0.92/libs/storage/Tsavorite/cs/src/core/Utilities/AsyncCountDown.cs,False,Direct Analysis
WaitUntilEmptyAsync,61,garnet-1.0.92/libs/storage/Tsavorite/cs/src/core/Utilities/AsyncCountDown.cs,False,Direct Analysis
GetOrCreateTaskCompletionSource,71,garnet-1.0.92/libs/storage/Tsavorite/cs/src/core/Utilities/AsyncCountDown.cs,False,Direct Analysis
RMWCompletionCallback,59,garnet-1.0.92/libs/storage/Tsavorite/cs/test/TestTypes.cs,False,Direct Analysis
ReadCompletionCallback,67,garnet-1.0.92/libs/storage/Tsavorite/cs/test/TestTypes.cs,False,Direct Analysis
SingleReader,75,garnet-1.0.92/libs/storage/Tsavorite/cs/test/TestTypes.cs,False,Direct Analysis
ConcurrentReader,82,garnet-1.0.92/libs/storage/Tsavorite/cs/test/TestTypes.cs,False,Direct Analysis
InitialUpdater,90,garnet-1.0.92/libs/storage/Tsavorite/cs/test/TestTypes.cs,False,Direct Analysis
InPlaceUpdater,99,garnet-1.0.92/libs/storage/Tsavorite/cs/test/TestTypes.cs,False,Direct Analysis
NeedCopyUpdate,108,garnet-1.0.92/libs/storage/Tsavorite/cs/test/TestTypes.cs,False,Direct Analysis
CopyUpdater,114,garnet-1.0.92/libs/storage/Tsavorite/cs/test/TestTypes.cs,False,Direct Analysis
Setup,129,garnet-1.0.92/test/Garnet.test/RespSortedSetGeoTests.cs,False,Direct Analysis
TearDown,137,garnet-1.0.92/test/Garnet.test/RespSortedSetGeoTests.cs,False,Direct Analysis
CanUseGeoAdd,146,garnet-1.0.92/test/Garnet.test/RespSortedSetGeoTests.cs,False,Direct Analysis
CanUseGeoAddWhenLTM,169,garnet-1.0.92/test/Garnet.test/RespSortedSetGeoTests.cs,False,Direct Analysis
CanUseGeoPos,196,garnet-1.0.92/test/Garnet.test/RespSortedSetGeoTests.cs,False,Direct Analysis
CheckGeoSortedSetOperationsOnWrongTypeObjectSE,231,garnet-1.0.92/test/Garnet.test/RespSortedSetGeoTests.cs,False,Direct Analysis
CanUseGeoSearch,269,garnet-1.0.92/test/Garnet.test/RespSortedSetGeoTests.cs,False,Direct Analysis
CanUseGeoSearchStore,383,garnet-1.0.92/test/Garnet.test/RespSortedSetGeoTests.cs,False,Direct Analysis
CanUseGeoSearchStoreWithDeleteKeyWhenSourceNotFound,434,garnet-1.0.92/test/Garnet.test/RespSortedSetGeoTests.cs,False,Direct Analysis
CanUseGeoSearchWithCities,466,garnet-1.0.92/test/Garnet.test/RespSortedSetGeoTests.cs,False,Direct Analysis
CanDoGeoAddWhenInvalidPairLC,541,garnet-1.0.92/test/Garnet.test/RespSortedSetGeoTests.cs,False,Direct Analysis
CanUseGeoHash,583,garnet-1.0.92/test/Garnet.test/RespSortedSetGeoTests.cs,False,Direct Analysis
CanUseGeoDist,609,garnet-1.0.92/test/Garnet.test/RespSortedSetGeoTests.cs,False,Direct Analysis
CanReturnNullGeoDistLC,647,garnet-1.0.92/test/Garnet.test/RespSortedSetGeoTests.cs,False,Direct Analysis
CanUseGeoPosLC,667,garnet-1.0.92/test/Garnet.test/RespSortedSetGeoTests.cs,False,Direct Analysis
CanContinueWhenNotEnoughParametersInGeoAdd,693,garnet-1.0.92/test/Garnet.test/RespSortedSetGeoTests.cs,False,Direct Analysis
InvalidGeoSearches,706,garnet-1.0.92/test/Garnet.test/RespSortedSetGeoTests.cs,False,Direct Analysis
Setup,21,garnet-1.0.92/libs/storage/Tsavorite/cs/test/ObjectRecoveryTest2.cs,False,Direct Analysis
TearDown,27,garnet-1.0.92/libs/storage/Tsavorite/cs/test/ObjectRecoveryTest2.cs,False,Direct Analysis
ObjectRecoveryTest2,37,garnet-1.0.92/libs/storage/Tsavorite/cs/test/ObjectRecoveryTest2.cs,False,Direct Analysis
Write,96,garnet-1.0.92/libs/storage/Tsavorite/cs/test/ObjectRecoveryTest2.cs,False,Direct Analysis
Read,115,garnet-1.0.92/libs/storage/Tsavorite/cs/test/ObjectRecoveryTest2.cs,False,Direct Analysis
Return,214,garnet-1.0.92/libs/storage/Tsavorite/cs/src/core/Utilities/BufferPool.cs,False,Direct Analysis
Get,259,garnet-1.0.92/libs/storage/Tsavorite/cs/src/core/Utilities/BufferPool.cs,False,Direct Analysis
Free,304,garnet-1.0.92/libs/storage/Tsavorite/cs/src/core/Utilities/BufferPool.cs,False,Direct Analysis
Print,320,garnet-1.0.92/libs/storage/Tsavorite/cs/src/core/Utilities/BufferPool.cs,False,Direct Analysis
GetEnumerator,26,garnet-1.0.92/metrics/HdrHistogram/Iteration/RecordedValuesEnumerable.cs,False,Direct Analysis
GetEnumerator,31,garnet-1.0.92/metrics/HdrHistogram/Iteration/RecordedValuesEnumerable.cs,False,Direct Analysis
TryGet,43,garnet-1.0.92/libs/storage/Tsavorite/cs/src/core/Utilities/OverflowPool.cs,False,Direct Analysis
TryAdd,52,garnet-1.0.92/libs/storage/Tsavorite/cs/src/core/Utilities/OverflowPool.cs,False,Direct Analysis
Dispose,69,garnet-1.0.92/libs/storage/Tsavorite/cs/src/core/Utilities/OverflowPool.cs,False,Direct Analysis
Free,128,garnet-1.0.92/libs/storage/Tsavorite/cs/src/core/Utilities/PageAsyncResultTypes.cs,False,Direct Analysis
Setup,19,garnet-1.0.92/test/Garnet.test/UnixSocketTests.cs,False,Direct Analysis
TearDown,25,garnet-1.0.92/test/Garnet.test/UnixSocketTests.cs,False,Direct Analysis
Permission_SetPermissionMatches,31,garnet-1.0.92/test/Garnet.test/UnixSocketTests.cs,False,Direct Analysis
Ping_DoesNotThrow,53,garnet-1.0.92/test/Garnet.test/UnixSocketTests.cs,False,Direct Analysis
SetGet_Equals,69,garnet-1.0.92/test/Garnet.test/UnixSocketTests.cs,False,Direct Analysis
Helpful_Exception_For_Missing_Path,94,garnet-1.0.92/test/Garnet.test/UnixSocketTests.cs,False,Direct Analysis
Add,14,garnet-1.0.92/libs/storage/Tsavorite/cs/src/core/Allocator/ErrorList.cs,False,Direct Analysis
GetEarliestError,20,garnet-1.0.92/libs/storage/Tsavorite/cs/src/core/Allocator/ErrorList.cs,False,Direct Analysis
ClearError,39,garnet-1.0.92/libs/storage/Tsavorite/cs/src/core/Allocator/ErrorList.cs,False,Direct Analysis
TruncateUntil,45,garnet-1.0.92/libs/storage/Tsavorite/cs/src/core/Allocator/ErrorList.cs,False,Direct Analysis
GetHashCode64,23,garnet-1.0.92/libs/storage/Tsavorite/cs/test/GenericLogScanTests.cs,False,Direct Analysis
GetSingleSlotRequest,243,garnet-1.0.92/test/Garnet.test.cluster/RedirectTests/BaseCommand.cs,False,Direct Analysis
ToPointer,49,garnet-1.0.92/libs/storage/Tsavorite/cs/src/core/VarLen/SpanByte.cs,False,Direct Analysis
ToPointerWithMetadata,61,garnet-1.0.92/libs/storage/Tsavorite/cs/src/core/VarLen/SpanByte.cs,False,Direct Analysis
MarkExtraMetadata,144,garnet-1.0.92/libs/storage/Tsavorite/cs/src/core/VarLen/SpanByte.cs,False,Direct Analysis
AsSpan,180,garnet-1.0.92/libs/storage/Tsavorite/cs/src/core/VarLen/SpanByte.cs,False,Direct Analysis
AsSpan,195,garnet-1.0.92/libs/storage/Tsavorite/cs/src/core/VarLen/SpanByte.cs,False,Direct Analysis
AsReadOnlySpan,207,garnet-1.0.92/libs/storage/Tsavorite/cs/src/core/VarLen/SpanByte.cs,False,Direct Analysis
AsReadOnlySpan,222,garnet-1.0.92/libs/storage/Tsavorite/cs/src/core/VarLen/SpanByte.cs,False,Direct Analysis
AsSpanWithMetadata,234,garnet-1.0.92/libs/storage/Tsavorite/cs/src/core/VarLen/SpanByte.cs,False,Direct Analysis
AsReadOnlySpanWithMetadata,246,garnet-1.0.92/libs/storage/Tsavorite/cs/src/core/VarLen/SpanByte.cs,False,Direct Analysis
Deserialize,261,garnet-1.0.92/libs/storage/Tsavorite/cs/src/core/VarLen/SpanByte.cs,False,Direct Analysis
TryCopyTo,369,garnet-1.0.92/libs/storage/Tsavorite/cs/src/core/VarLen/SpanByte.cs,False,Direct Analysis
CopyTo,381,garnet-1.0.92/libs/storage/Tsavorite/cs/src/core/VarLen/SpanByte.cs,False,Direct Analysis
TrySafeCopyTo,395,garnet-1.0.92/libs/storage/Tsavorite/cs/src/core/VarLen/SpanByte.cs,False,Direct Analysis
ShrinkSerializedLength,420,garnet-1.0.92/libs/storage/Tsavorite/cs/src/core/VarLen/SpanByte.cs,False,Direct Analysis
CopyTo,441,garnet-1.0.92/libs/storage/Tsavorite/cs/src/core/VarLen/SpanByte.cs,False,Direct Analysis
CopyWithHeaderTo,462,garnet-1.0.92/libs/storage/Tsavorite/cs/src/core/VarLen/SpanByte.cs,False,Direct Analysis
CopyTo,502,garnet-1.0.92/libs/storage/Tsavorite/cs/src/core/VarLen/SpanByte.cs,False,Direct Analysis
ConcurrentReader,33,garnet-1.0.92/libs/storage/Tsavorite/cs/src/core/VarLen/SpanByteFunctions.cs,False,Direct Analysis
ConvertOutputToHeap,40,garnet-1.0.92/libs/storage/Tsavorite/cs/src/core/VarLen/SpanByteFunctions.cs,False,Direct Analysis
BasicHashBucketMallocFPSTest,18,garnet-1.0.92/libs/storage/Tsavorite/cs/test/MallocFixedPageSizeTests.cs,False,Direct Analysis
BasicIHeapContainerMallocFPSTest,81,garnet-1.0.92/libs/storage/Tsavorite/cs/test/MallocFixedPageSizeTests.cs,False,Direct Analysis
GetSingleSlotRequest,457,garnet-1.0.92/test/Garnet.test.cluster/RedirectTests/BaseCommand.cs,False,Direct Analysis
RemoveSubscription,57,garnet-1.0.92/libs/server/PubSub/SubscribeBroker.cs,False,Direct Analysis
Broadcast,77,garnet-1.0.92/libs/server/PubSub/SubscribeBroker.cs,False,Direct Analysis
Consume,139,garnet-1.0.92/libs/server/PubSub/SubscribeBroker.cs,False,Direct Analysis
Initialize,172,garnet-1.0.92/libs/server/PubSub/SubscribeBroker.cs,False,Direct Analysis
Subscribe,187,garnet-1.0.92/libs/server/PubSub/SubscribeBroker.cs,False,Direct Analysis
PatternSubscribe,207,garnet-1.0.92/libs/server/PubSub/SubscribeBroker.cs,False,Direct Analysis
Unsubscribe,225,garnet-1.0.92/libs/server/PubSub/SubscribeBroker.cs,False,Direct Analysis
PatternUnsubscribe,241,garnet-1.0.92/libs/server/PubSub/SubscribeBroker.cs,False,Direct Analysis
ListAllSubscriptions,260,garnet-1.0.92/libs/server/PubSub/SubscribeBroker.cs,False,Direct Analysis
ListAllPatternSubscriptions,279,garnet-1.0.92/libs/server/PubSub/SubscribeBroker.cs,False,Direct Analysis
PublishNow,298,garnet-1.0.92/libs/server/PubSub/SubscribeBroker.cs,False,Direct Analysis
Publish,309,garnet-1.0.92/libs/server/PubSub/SubscribeBroker.cs,False,Direct Analysis
GetChannels,322,garnet-1.0.92/libs/server/PubSub/SubscribeBroker.cs,False,Direct Analysis
GetChannels,341,garnet-1.0.92/libs/server/PubSub/SubscribeBroker.cs,False,Direct Analysis
NumPatternSubscriptions,365,garnet-1.0.92/libs/server/PubSub/SubscribeBroker.cs,False,Direct Analysis
NumSubscriptions,385,garnet-1.0.92/libs/server/PubSub/SubscribeBroker.cs,False,Direct Analysis
Dispose,394,garnet-1.0.92/libs/server/PubSub/SubscribeBroker.cs,False,Direct Analysis
GetSingleSlotRequest,363,garnet-1.0.92/test/Garnet.test.cluster/RedirectTests/BaseCommand.cs,False,Direct Analysis
GetSingleSlotRequest,1611,garnet-1.0.92/test/Garnet.test.cluster/RedirectTests/BaseCommand.cs,False,Direct Analysis
GetSingleSlotRequest,2103,garnet-1.0.92/test/Garnet.test.cluster/RedirectTests/BaseCommand.cs,False,Direct Analysis
GetCrossSlotRequest,2110,garnet-1.0.92/test/Garnet.test.cluster/RedirectTests/BaseCommand.cs,False,Direct Analysis
SetupSingleSlotRequest,2116,garnet-1.0.92/test/Garnet.test.cluster/RedirectTests/BaseCommand.cs,False,Direct Analysis
GetHashCode64,27,garnet-1.0.92/libs/storage/Tsavorite/cs/test/SpanByteLogScanTests.cs,False,Direct Analysis
GetHashCode64,295,garnet-1.0.92/libs/storage/Tsavorite/cs/test/TestUtils.cs,False,Direct Analysis
Create,47,garnet-1.0.92/libs/storage/Tsavorite/cs/src/devices/AzureStorageDevice/AzureStorageNamedDeviceFactoryCreator.cs,False,Direct Analysis
CreateAsync,56,garnet-1.0.92/libs/storage/Tsavorite/cs/src/devices/AzureStorageDevice/BlobEntry.cs,False,Direct Analysis
TryQueueAction,114,garnet-1.0.92/libs/storage/Tsavorite/cs/src/devices/AzureStorageDevice/BlobEntry.cs,False,Direct Analysis
GetSingleSlotRequest,346,garnet-1.0.92/test/Garnet.test.cluster/RedirectTests/BaseCommand.cs,False,Direct Analysis
Run,79,garnet-1.0.92/libs/storage/Tsavorite/cs/src/devices/AzureStorageDevice/LeaseTimer.cs,False,Direct Analysis
AdvancePosition,104,garnet-1.0.92/libs/storage/Tsavorite/cs/src/devices/AzureStorageDevice/LeaseTimer.cs,False,Direct Analysis
Schedule,123,garnet-1.0.92/libs/storage/Tsavorite/cs/src/devices/AzureStorageDevice/LeaseTimer.cs,False,Direct Analysis
HandleError,58,garnet-1.0.92/libs/storage/Tsavorite/cs/src/devices/AzureStorageDevice/StorageErrorHandler.cs,False,Direct Analysis
TerminateNormally,73,garnet-1.0.92/libs/storage/Tsavorite/cs/src/devices/AzureStorageDevice/StorageErrorHandler.cs,False,Direct Analysis
TraceError,81,garnet-1.0.92/libs/storage/Tsavorite/cs/src/devices/AzureStorageDevice/StorageErrorHandler.cs,False,Direct Analysis
Terminate,93,garnet-1.0.92/libs/storage/Tsavorite/cs/src/devices/AzureStorageDevice/StorageErrorHandler.cs,False,Direct Analysis
WaitForTermination,145,garnet-1.0.92/libs/storage/Tsavorite/cs/src/devices/AzureStorageDevice/StorageErrorHandler.cs,False,Direct Analysis
Deserialize,175,garnet-1.0.92/test/Garnet.test/GarnetObjectTests.cs,False,Direct Analysis
Serialize,189,garnet-1.0.92/test/Garnet.test/GarnetObjectTests.cs,False,Direct Analysis
SetupStore,30,garnet-1.0.92/libs/storage/Tsavorite/cs/benchmark/BDN-Tsavorite.Benchmark/IterationTests.cs,False,Direct Analysis
PopulateStore,45,garnet-1.0.92/libs/storage/Tsavorite/cs/benchmark/BDN-Tsavorite.Benchmark/IterationTests.cs,False,Direct Analysis
SetupPopulatedStore,68,garnet-1.0.92/libs/storage/Tsavorite/cs/benchmark/BDN-Tsavorite.Benchmark/IterationTests.cs,False,Direct Analysis
TearDown,75,garnet-1.0.92/libs/storage/Tsavorite/cs/benchmark/BDN-Tsavorite.Benchmark/IterationTests.cs,False,Direct Analysis
Cursor,89,garnet-1.0.92/libs/storage/Tsavorite/cs/benchmark/BDN-Tsavorite.Benchmark/IterationTests.cs,False,Direct Analysis
Setup,34,garnet-1.0.92/libs/storage/Tsavorite/cs/test/BasicTests.cs,False,Direct Analysis
Setup,40,garnet-1.0.92/libs/storage/Tsavorite/cs/test/BasicTests.cs,False,Direct Analysis
TearDown,58,garnet-1.0.92/libs/storage/Tsavorite/cs/test/BasicTests.cs,False,Direct Analysis
NativeInMemWriteRead,85,garnet-1.0.92/libs/storage/Tsavorite/cs/test/BasicTests.cs,False,Direct Analysis
NativeInMemWriteReadDelete,106,garnet-1.0.92/libs/storage/Tsavorite/cs/test/BasicTests.cs,False,Direct Analysis
NativeInMemWriteReadDelete2,140,garnet-1.0.92/libs/storage/Tsavorite/cs/test/BasicTests.cs,False,Direct Analysis
NativeInMemWriteRead2,188,garnet-1.0.92/libs/storage/Tsavorite/cs/test/BasicTests.cs,False,Direct Analysis
TestShiftHeadAddress,243,garnet-1.0.92/libs/storage/Tsavorite/cs/test/BasicTests.cs,False,Direct Analysis
NativeInMemRMWRefKeys,325,garnet-1.0.92/libs/storage/Tsavorite/cs/test/BasicTests.cs,False,Direct Analysis
NativeInMemRMWNoRefKeys,388,garnet-1.0.92/libs/storage/Tsavorite/cs/test/BasicTests.cs,False,Direct Analysis
ReadNoRefKeyInputOutput,447,garnet-1.0.92/libs/storage/Tsavorite/cs/test/BasicTests.cs,False,Direct Analysis
ReadNoRefKey,470,garnet-1.0.92/libs/storage/Tsavorite/cs/test/BasicTests.cs,False,Direct Analysis
ReadWithoutInput,493,garnet-1.0.92/libs/storage/Tsavorite/cs/test/BasicTests.cs,False,Direct Analysis
ReadBareMinParams,517,garnet-1.0.92/libs/storage/Tsavorite/cs/test/BasicTests.cs,False,Direct Analysis
ReadAtAddressDefaultOptions,538,garnet-1.0.92/libs/storage/Tsavorite/cs/test/BasicTests.cs,False,Direct Analysis
ReadAtAddressIgnoreReadCache,593,garnet-1.0.92/libs/storage/Tsavorite/cs/test/BasicTests.cs,False,Direct Analysis
UpsertDefaultsTest,671,garnet-1.0.92/libs/storage/Tsavorite/cs/test/BasicTests.cs,False,Direct Analysis
UpsertNoRefNoDefaultsTest,696,garnet-1.0.92/libs/storage/Tsavorite/cs/test/BasicTests.cs,False,Direct Analysis
Setup,22,garnet-1.0.92/test/Garnet.test/Resp/ACL/BasicTests.cs,False,Direct Analysis
BasicWhoamiTest,32,garnet-1.0.92/test/Garnet.test/Resp/ACL/BasicTests.cs,False,Direct Analysis
BasicListTest,62,garnet-1.0.92/test/Garnet.test/Resp/ACL/BasicTests.cs,False,Direct Analysis
BasicUsersTest,95,garnet-1.0.92/test/Garnet.test/Resp/ACL/BasicTests.cs,False,Direct Analysis
BasicGenPassTest,115,garnet-1.0.92/test/Garnet.test/Resp/ACL/BasicTests.cs,False,Direct Analysis
InvalidSubcommand,139,garnet-1.0.92/test/Garnet.test/Resp/ACL/BasicTests.cs,False,Direct Analysis
NoAuthValidation,150,garnet-1.0.92/test/Garnet.test/Resp/ACL/BasicTests.cs,False,Direct Analysis
Setup,45,garnet-1.0.92/libs/storage/Tsavorite/cs/test/BlittableLogCompactionTests.cs,False,Direct Analysis
TearDown,72,garnet-1.0.92/libs/storage/Tsavorite/cs/test/BlittableLogCompactionTests.cs,False,Direct Analysis
BlittableLogCompactionTest1,138,garnet-1.0.92/libs/storage/Tsavorite/cs/test/BlittableLogCompactionTests.cs,False,Direct Analysis
BlittableLogCompactionTest2,170,garnet-1.0.92/libs/storage/Tsavorite/cs/test/BlittableLogCompactionTests.cs,False,Direct Analysis
BlittableLogCompactionTest3,218,garnet-1.0.92/libs/storage/Tsavorite/cs/test/BlittableLogCompactionTests.cs,False,Direct Analysis
BlittableLogCompactionCustomFunctionsTest1,258,garnet-1.0.92/libs/storage/Tsavorite/cs/test/BlittableLogCompactionTests.cs,False,Direct Analysis
BlittableLogCompactionCustomFunctionsTest2,318,garnet-1.0.92/libs/storage/Tsavorite/cs/test/BlittableLogCompactionTests.cs,False,Direct Analysis
Setup,23,garnet-1.0.92/test/Garnet.test/ExpiredKeyDeletionTests.cs,False,Direct Analysis
TearDown,29,garnet-1.0.92/test/Garnet.test/ExpiredKeyDeletionTests.cs,False,Direct Analysis
SetupServer,36,garnet-1.0.92/test/Garnet.test/ExpiredKeyDeletionTests.cs,False,Direct Analysis
TestOnDemandExpiredKeyDeletionScan,45,garnet-1.0.92/test/Garnet.test/ExpiredKeyDeletionTests.cs,False,Direct Analysis
TestExpiredKeyDeletionScanAsync,68,garnet-1.0.92/test/Garnet.test/ExpiredKeyDeletionTests.cs,False,Direct Analysis
SlowWaitUncommittedAsync,186,garnet-1.0.92/libs/storage/Tsavorite/cs/src/core/TsavoriteLog/TsavoriteLogIterator.cs,False,Direct Analysis
GetNext,235,garnet-1.0.92/libs/storage/Tsavorite/cs/src/core/TsavoriteLog/TsavoriteLogIterator.cs,False,Direct Analysis
GetNext,329,garnet-1.0.92/libs/storage/Tsavorite/cs/src/core/TsavoriteLog/TsavoriteLogIterator.cs,False,Direct Analysis
TryConsumeNext,396,garnet-1.0.92/libs/storage/Tsavorite/cs/src/core/TsavoriteLog/TsavoriteLogIterator.cs,False,Direct Analysis
TryBulkConsumeNext,476,garnet-1.0.92/libs/storage/Tsavorite/cs/src/core/TsavoriteLog/TsavoriteLogIterator.cs,False,Direct Analysis
UnsafeGetNext,571,garnet-1.0.92/libs/storage/Tsavorite/cs/src/core/TsavoriteLog/TsavoriteLogIterator.cs,False,Direct Analysis
Dispose,634,garnet-1.0.92/libs/storage/Tsavorite/cs/src/core/TsavoriteLog/TsavoriteLogIterator.cs,False,Direct Analysis
AsyncReadPagesCallback,653,garnet-1.0.92/libs/storage/Tsavorite/cs/src/core/TsavoriteLog/TsavoriteLogIterator.cs,False,Direct Analysis
ScanForwardForCommit,687,garnet-1.0.92/libs/storage/Tsavorite/cs/src/core/TsavoriteLog/TsavoriteLogIterator.cs,False,Direct Analysis
GetNextInternal,738,garnet-1.0.92/libs/storage/Tsavorite/cs/src/core/TsavoriteLog/TsavoriteLogIterator.cs,False,Direct Analysis
ExpandGetNextInternal,859,garnet-1.0.92/libs/storage/Tsavorite/cs/src/core/TsavoriteLog/TsavoriteLogIterator.cs,False,Direct Analysis
Setup,132,garnet-1.0.92/libs/storage/Tsavorite/cs/test/CancellationTests.cs,False,Direct Analysis
TearDown,153,garnet-1.0.92/libs/storage/Tsavorite/cs/test/CancellationTests.cs,False,Direct Analysis
Populate,164,garnet-1.0.92/libs/storage/Tsavorite/cs/test/CancellationTests.cs,False,Direct Analysis
InitialUpdaterTest,174,garnet-1.0.92/libs/storage/Tsavorite/cs/test/CancellationTests.cs,False,Direct Analysis
CopyUpdaterTest,194,garnet-1.0.92/libs/storage/Tsavorite/cs/test/CancellationTests.cs,False,Direct Analysis
InPlaceUpdaterTest,227,garnet-1.0.92/libs/storage/Tsavorite/cs/test/CancellationTests.cs,False,Direct Analysis
SingleWriterTest,243,garnet-1.0.92/libs/storage/Tsavorite/cs/test/CancellationTests.cs,False,Direct Analysis
ConcurrentWriterTest,258,garnet-1.0.92/libs/storage/Tsavorite/cs/test/CancellationTests.cs,False,Direct Analysis
Setup,40,garnet-1.0.92/libs/storage/Tsavorite/cs/test/CompletePendingTests.cs,False,Direct Analysis
TearDown,57,garnet-1.0.92/libs/storage/Tsavorite/cs/test/CompletePendingTests.cs,False,Direct Analysis
ReadAndCompleteWithPendingOutput,158,garnet-1.0.92/libs/storage/Tsavorite/cs/test/CompletePendingTests.cs,False,Direct Analysis
ReadPendingWithNewSameKey,270,garnet-1.0.92/libs/storage/Tsavorite/cs/test/CompletePendingTests.cs,False,Direct Analysis
ReadPendingWithNewDifferentKeyInChain,302,garnet-1.0.92/libs/storage/Tsavorite/cs/test/CompletePendingTests.cs,False,Direct Analysis
ReadPendingWithNoNewKey,338,garnet-1.0.92/libs/storage/Tsavorite/cs/test/CompletePendingTests.cs,False,Direct Analysis
OperationThread,266,garnet-1.0.92/libs/storage/Tsavorite/cs/test/StateMachineDriverTests.cs,False,Direct Analysis
Increment_IncreasesCounterValue,14,garnet-1.0.92/libs/storage/Tsavorite/cs/test/ConcurrentCounterTests.cs,False,Direct Analysis
Increment_WithZeroValue_DoesNotChangeCounterValue,27,garnet-1.0.92/libs/storage/Tsavorite/cs/test/ConcurrentCounterTests.cs,False,Direct Analysis
Total_ReturnsSumOfCounterValues,40,garnet-1.0.92/libs/storage/Tsavorite/cs/test/ConcurrentCounterTests.cs,False,Direct Analysis
Increment_WithMaxValue_IncreasesCounterValue,54,garnet-1.0.92/libs/storage/Tsavorite/cs/test/ConcurrentCounterTests.cs,False,Direct Analysis
Increment_WithMinValue_IncreasesCounterValue,67,garnet-1.0.92/libs/storage/Tsavorite/cs/test/ConcurrentCounterTests.cs,False,Direct Analysis
IncrementedTotal_WithMultipleThreads_ReturnsCorrectValue,80,garnet-1.0.92/libs/storage/Tsavorite/cs/test/ConcurrentCounterTests.cs,False,Direct Analysis
Setup,19,garnet-1.0.92/libs/storage/Tsavorite/cs/test/DeltaLogTests.cs,False,Direct Analysis
TearDown,26,garnet-1.0.92/libs/storage/Tsavorite/cs/test/DeltaLogTests.cs,False,Direct Analysis
DeltaLogTest1,40,garnet-1.0.92/libs/storage/Tsavorite/cs/test/DeltaLogTests.cs,False,Direct Analysis
AddCategory,86,garnet-1.0.92/libs/server/ACL/User.cs,False,Direct Analysis
AddCommand,163,garnet-1.0.92/libs/server/ACL/User.cs,False,Direct Analysis
RemoveCategory,216,garnet-1.0.92/libs/server/ACL/User.cs,False,Direct Analysis
RemoveCommand,292,garnet-1.0.92/libs/server/ACL/User.cs,False,Direct Analysis
AddPasswordHash,345,garnet-1.0.92/libs/server/ACL/User.cs,False,Direct Analysis
RemovePasswordHash,357,garnet-1.0.92/libs/server/ACL/User.cs,False,Direct Analysis
ClearPasswords,368,garnet-1.0.92/libs/server/ACL/User.cs,False,Direct Analysis
Reset,379,garnet-1.0.92/libs/server/ACL/User.cs,False,Direct Analysis
ValidatePassword,396,garnet-1.0.92/libs/server/ACL/User.cs,False,Direct Analysis
DescribeUser,426,garnet-1.0.92/libs/server/ACL/User.cs,False,Direct Analysis
GetEnabledCommandsDescription,468,garnet-1.0.92/libs/server/ACL/User.cs,False,Direct Analysis
CopyPasswordHashes,544,garnet-1.0.92/libs/server/ACL/User.cs,False,Direct Analysis
SafeTailRefreshWorker,263,garnet-1.0.92/libs/storage/Tsavorite/cs/src/core/TsavoriteLog/TsavoriteLog.cs,False,Direct Analysis
PeriodicRefreshSafeTailAddressBumpCallback,318,garnet-1.0.92/libs/storage/Tsavorite/cs/src/core/TsavoriteLog/TsavoriteLog.cs,False,Direct Analysis
Reset,364,garnet-1.0.92/libs/storage/Tsavorite/cs/src/core/TsavoriteLog/TsavoriteLog.cs,False,Direct Analysis
SafeInitialize,382,garnet-1.0.92/libs/storage/Tsavorite/cs/src/core/TsavoriteLog/TsavoriteLog.cs,False,Direct Analysis
Initialize,407,garnet-1.0.92/libs/storage/Tsavorite/cs/src/core/TsavoriteLog/TsavoriteLog.cs,False,Direct Analysis
Recover,448,garnet-1.0.92/libs/storage/Tsavorite/cs/src/core/TsavoriteLog/TsavoriteLog.cs,False,Direct Analysis
Dispose,478,garnet-1.0.92/libs/storage/Tsavorite/cs/src/core/TsavoriteLog/TsavoriteLog.cs,False,Direct Analysis
CompleteLog,489,garnet-1.0.92/libs/storage/Tsavorite/cs/src/core/TsavoriteLog/TsavoriteLog.cs,False,Direct Analysis
TrueDispose,519,garnet-1.0.92/libs/storage/Tsavorite/cs/src/core/TsavoriteLog/TsavoriteLog.cs,False,Direct Analysis
UnsafeCommitMetadataOnly,579,garnet-1.0.92/libs/storage/Tsavorite/cs/src/core/TsavoriteLog/TsavoriteLog.cs,False,Direct Analysis
TryEnqueue,661,garnet-1.0.92/libs/storage/Tsavorite/cs/src/core/TsavoriteLog/TsavoriteLog.cs,False,Direct Analysis
TryEnqueue,698,garnet-1.0.92/libs/storage/Tsavorite/cs/src/core/TsavoriteLog/TsavoriteLog.cs,False,Direct Analysis
TryEnqueue,743,garnet-1.0.92/libs/storage/Tsavorite/cs/src/core/TsavoriteLog/TsavoriteLog.cs,False,Direct Analysis
UnsafeTryEnqueueRaw,781,garnet-1.0.92/libs/storage/Tsavorite/cs/src/core/TsavoriteLog/TsavoriteLog.cs,False,Direct Analysis
TryEnqueue,818,garnet-1.0.92/libs/storage/Tsavorite/cs/src/core/TsavoriteLog/TsavoriteLog.cs,False,Direct Analysis
Enqueue,852,garnet-1.0.92/libs/storage/Tsavorite/cs/src/core/TsavoriteLog/TsavoriteLog.cs,False,Direct Analysis
Enqueue,878,garnet-1.0.92/libs/storage/Tsavorite/cs/src/core/TsavoriteLog/TsavoriteLog.cs,False,Direct Analysis
Enqueue,906,garnet-1.0.92/libs/storage/Tsavorite/cs/src/core/TsavoriteLog/TsavoriteLog.cs,False,Direct Analysis
Enqueue,934,garnet-1.0.92/libs/storage/Tsavorite/cs/src/core/TsavoriteLog/TsavoriteLog.cs,False,Direct Analysis
Enqueue,962,garnet-1.0.92/libs/storage/Tsavorite/cs/src/core/TsavoriteLog/TsavoriteLog.cs,False,Direct Analysis
Enqueue,991,garnet-1.0.92/libs/storage/Tsavorite/cs/src/core/TsavoriteLog/TsavoriteLog.cs,False,Direct Analysis
Enqueue,1018,garnet-1.0.92/libs/storage/Tsavorite/cs/src/core/TsavoriteLog/TsavoriteLog.cs,False,Direct Analysis
Enqueue,1047,garnet-1.0.92/libs/storage/Tsavorite/cs/src/core/TsavoriteLog/TsavoriteLog.cs,False,Direct Analysis
Enqueue,1076,garnet-1.0.92/libs/storage/Tsavorite/cs/src/core/TsavoriteLog/TsavoriteLog.cs,False,Direct Analysis
AllocateBlock,1097,garnet-1.0.92/libs/storage/Tsavorite/cs/src/core/TsavoriteLog/TsavoriteLog.cs,False,Direct Analysis
TryEnqueue,1131,garnet-1.0.92/libs/storage/Tsavorite/cs/src/core/TsavoriteLog/TsavoriteLog.cs,False,Direct Analysis
TryEnqueue,1170,garnet-1.0.92/libs/storage/Tsavorite/cs/src/core/TsavoriteLog/TsavoriteLog.cs,False,Direct Analysis
TryEnqueue,1208,garnet-1.0.92/libs/storage/Tsavorite/cs/src/core/TsavoriteLog/TsavoriteLog.cs,False,Direct Analysis
WaitForCommit,1439,garnet-1.0.92/libs/storage/Tsavorite/cs/src/core/TsavoriteLog/TsavoriteLog.cs,False,Direct Analysis
Commit,1521,garnet-1.0.92/libs/storage/Tsavorite/cs/src/core/TsavoriteLog/TsavoriteLog.cs,False,Direct Analysis
TruncateUntil,2029,garnet-1.0.92/libs/storage/Tsavorite/cs/src/core/TsavoriteLog/TsavoriteLog.cs,False,Direct Analysis
UnsafeShiftBeginAddress,2041,garnet-1.0.92/libs/storage/Tsavorite/cs/src/core/TsavoriteLog/TsavoriteLog.cs,False,Direct Analysis
TruncateUntilPageStart,2069,garnet-1.0.92/libs/storage/Tsavorite/cs/src/core/TsavoriteLog/TsavoriteLog.cs,False,Direct Analysis
Scan,2084,garnet-1.0.92/libs/storage/Tsavorite/cs/src/core/TsavoriteLog/TsavoriteLog.cs,False,Direct Analysis
RemoveIterator,2106,garnet-1.0.92/libs/storage/Tsavorite/cs/src/core/TsavoriteLog/TsavoriteLog.cs,False,Direct Analysis
ScanSingle,2126,garnet-1.0.92/libs/storage/Tsavorite/cs/src/core/TsavoriteLog/TsavoriteLog.cs,False,Direct Analysis
DoAutoRefreshSafeTailAddress,2245,garnet-1.0.92/libs/storage/Tsavorite/cs/src/core/TsavoriteLog/TsavoriteLog.cs,False,Direct Analysis
CommitCallback,2259,garnet-1.0.92/libs/storage/Tsavorite/cs/src/core/TsavoriteLog/TsavoriteLog.cs,False,Direct Analysis
TryEnqueueCommitRecord,2266,garnet-1.0.92/libs/storage/Tsavorite/cs/src/core/TsavoriteLog/TsavoriteLog.cs,False,Direct Analysis
ShouldCommmitMetadata,2297,garnet-1.0.92/libs/storage/Tsavorite/cs/src/core/TsavoriteLog/TsavoriteLog.cs,False,Direct Analysis
CommitMetadataOnly,2302,garnet-1.0.92/libs/storage/Tsavorite/cs/src/core/TsavoriteLog/TsavoriteLog.cs,False,Direct Analysis
UpdateCommittedState,2315,garnet-1.0.92/libs/storage/Tsavorite/cs/src/core/TsavoriteLog/TsavoriteLog.cs,False,Direct Analysis
WriteCommitMetadata,2322,garnet-1.0.92/libs/storage/Tsavorite/cs/src/core/TsavoriteLog/TsavoriteLog.cs,False,Direct Analysis
SerialCommitCallbackWorker,2350,garnet-1.0.92/libs/storage/Tsavorite/cs/src/core/TsavoriteLog/TsavoriteLog.cs,False,Direct Analysis
RecoverReadOnly,2430,garnet-1.0.92/libs/storage/Tsavorite/cs/src/core/TsavoriteLog/TsavoriteLog.cs,False,Direct Analysis
SignalWaitingROIterators,2451,garnet-1.0.92/libs/storage/Tsavorite/cs/src/core/TsavoriteLog/TsavoriteLog.cs,False,Direct Analysis
LoadCommitMetadata,2471,garnet-1.0.92/libs/storage/Tsavorite/cs/src/core/TsavoriteLog/TsavoriteLog.cs,False,Direct Analysis
RestoreLatest,2489,garnet-1.0.92/libs/storage/Tsavorite/cs/src/core/TsavoriteLog/TsavoriteLog.cs,False,Direct Analysis
RestoreSpecificCommit,2569,garnet-1.0.92/libs/storage/Tsavorite/cs/src/core/TsavoriteLog/TsavoriteLog.cs,False,Direct Analysis
RestoreLatestAsync,2645,garnet-1.0.92/libs/storage/Tsavorite/cs/src/core/TsavoriteLog/TsavoriteLog.cs,False,Direct Analysis
CompleteRestoreFromCommit,2715,garnet-1.0.92/libs/storage/Tsavorite/cs/src/core/TsavoriteLog/TsavoriteLog.cs,False,Direct Analysis
TryAppend,2730,garnet-1.0.92/libs/storage/Tsavorite/cs/src/core/TsavoriteLog/TsavoriteLog.cs,False,Direct Analysis
AsyncGetFromDiskCallback,2771,garnet-1.0.92/libs/storage/Tsavorite/cs/src/core/TsavoriteLog/TsavoriteLog.cs,False,Direct Analysis
AsyncGetHeaderOnlyFromDiskCallback,2810,garnet-1.0.92/libs/storage/Tsavorite/cs/src/core/TsavoriteLog/TsavoriteLog.cs,False,Direct Analysis
Setup,39,garnet-1.0.92/libs/storage/Tsavorite/cs/test/EnqueueAndWaitForCommit.cs,False,Direct Analysis
TearDown,53,garnet-1.0.92/libs/storage/Tsavorite/cs/test/EnqueueAndWaitForCommit.cs,False,Direct Analysis
EnqueueWaitCommitBasicTest,66,garnet-1.0.92/libs/storage/Tsavorite/cs/test/EnqueueAndWaitForCommit.cs,False,Direct Analysis
ToString,114,garnet-1.0.92/libs/storage/Tsavorite/cs/test/EpochProtectedVersionScheme.cs,False,Direct Analysis
Equals,122,garnet-1.0.92/libs/storage/Tsavorite/cs/test/EpochProtectedVersionScheme.cs,False,Direct Analysis
GetHashCode,128,garnet-1.0.92/libs/storage/Tsavorite/cs/test/EpochProtectedVersionScheme.cs,False,Direct Analysis
Equals,136,garnet-1.0.92/libs/storage/Tsavorite/cs/test/EpochProtectedVersionScheme.cs,False,Direct Analysis
GetNextStep,217,garnet-1.0.92/libs/storage/Tsavorite/cs/test/EpochProtectedVersionScheme.cs,False,Direct Analysis
OnEnteringState,224,garnet-1.0.92/libs/storage/Tsavorite/cs/test/EpochProtectedVersionScheme.cs,False,Direct Analysis
AfterEnteringState,230,garnet-1.0.92/libs/storage/Tsavorite/cs/test/EpochProtectedVersionScheme.cs,False,Direct Analysis
GetSingleSlotRequest,380,garnet-1.0.92/test/Garnet.test.cluster/RedirectTests/BaseCommand.cs,False,Direct Analysis
GetSingleSlotRequest,655,garnet-1.0.92/test/Garnet.test.cluster/RedirectTests/BaseCommand.cs,False,Direct Analysis
ReadCompletionCallback,352,garnet-1.0.92/libs/storage/Tsavorite/cs/test/ObjectTestTypes.cs,False,Direct Analysis
SingleReader,361,garnet-1.0.92/libs/storage/Tsavorite/cs/test/ObjectTestTypes.cs,False,Direct Analysis
ConcurrentReader,367,garnet-1.0.92/libs/storage/Tsavorite/cs/test/ObjectTestTypes.cs,False,Direct Analysis
ConcurrentWriter,373,garnet-1.0.92/libs/storage/Tsavorite/cs/test/ObjectTestTypes.cs,False,Direct Analysis
SingleWriter,379,garnet-1.0.92/libs/storage/Tsavorite/cs/test/ObjectTestTypes.cs,False,Direct Analysis
SingleReader,98,garnet-1.0.92/libs/storage/Tsavorite/cs/test/FunctionPerSessionTests.cs,False,Direct Analysis
ConcurrentReader,104,garnet-1.0.92/libs/storage/Tsavorite/cs/test/FunctionPerSessionTests.cs,False,Direct Analysis
FlakyLogTestCleanFailure,28,garnet-1.0.92/libs/storage/Tsavorite/cs/test/FlakyDeviceTests.cs,False,Direct Analysis
FlakyLogTestConcurrentWriteFailure,77,garnet-1.0.92/libs/storage/Tsavorite/cs/test/FlakyDeviceTests.cs,False,Direct Analysis
FlakyLogTestTolerateFailure,143,garnet-1.0.92/libs/storage/Tsavorite/cs/test/FlakyDeviceTests.cs,False,Direct Analysis
GetSingleSlotRequest,979,garnet-1.0.92/test/Garnet.test.cluster/RedirectTests/BaseCommand.cs,False,Direct Analysis
GetCrossSlotRequest,985,garnet-1.0.92/test/Garnet.test.cluster/RedirectTests/BaseCommand.cs,False,Direct Analysis
SetupSingleSlotRequest,991,garnet-1.0.92/test/Garnet.test.cluster/RedirectTests/BaseCommand.cs,False,Direct Analysis
Setup,24,garnet-1.0.92/libs/storage/Tsavorite/cs/test/GenericDiskDeleteTests.cs,False,Direct Analysis
TearDown,46,garnet-1.0.92/libs/storage/Tsavorite/cs/test/GenericDiskDeleteTests.cs,False,Direct Analysis
DiskDeleteBasicTest1,64,garnet-1.0.92/libs/storage/Tsavorite/cs/test/GenericDiskDeleteTests.cs,False,Direct Analysis
DiskDeleteBasicTest2,124,garnet-1.0.92/libs/storage/Tsavorite/cs/test/GenericDiskDeleteTests.cs,False,Direct Analysis
Setup,27,garnet-1.0.92/libs/storage/Tsavorite/cs/test/SpanByteIterationTests.cs,False,Direct Analysis
TearDown,34,garnet-1.0.92/libs/storage/Tsavorite/cs/test/SpanByteIterationTests.cs,False,Direct Analysis
SpanByteIterationBasicTest,92,garnet-1.0.92/libs/storage/Tsavorite/cs/test/SpanByteIterationTests.cs,False,Direct Analysis
SpanByteIterationPushStopTest,191,garnet-1.0.92/libs/storage/Tsavorite/cs/test/SpanByteIterationTests.cs,False,Direct Analysis
SpanByteIterationPushLockTest,244,garnet-1.0.92/libs/storage/Tsavorite/cs/test/SpanByteIterationTests.cs,False,Direct Analysis
Setup,24,garnet-1.0.92/libs/storage/Tsavorite/cs/test/GenericLogCompactionTests.cs,False,Direct Analysis
TearDown,68,garnet-1.0.92/libs/storage/Tsavorite/cs/test/GenericLogCompactionTests.cs,False,Direct Analysis
LogCompactBasicTest,86,garnet-1.0.92/libs/storage/Tsavorite/cs/test/GenericLogCompactionTests.cs,False,Direct Analysis
LogCompactTestNewEntries,133,garnet-1.0.92/libs/storage/Tsavorite/cs/test/GenericLogCompactionTests.cs,False,Direct Analysis
LogCompactAfterDeleteTest,188,garnet-1.0.92/libs/storage/Tsavorite/cs/test/GenericLogCompactionTests.cs,False,Direct Analysis
LogCompactBasicCustomFctnTest,247,garnet-1.0.92/libs/storage/Tsavorite/cs/test/GenericLogCompactionTests.cs,False,Direct Analysis
LogCompactCopyInPlaceCustomFctnTest,301,garnet-1.0.92/libs/storage/Tsavorite/cs/test/GenericLogCompactionTests.cs,False,Direct Analysis
Setup,28,garnet-1.0.92/libs/storage/Tsavorite/cs/test/RecoverReadOnlyTest.cs,False,Direct Analysis
TearDown,41,garnet-1.0.92/libs/storage/Tsavorite/cs/test/RecoverReadOnlyTest.cs,False,Direct Analysis
RecoverReadOnlyAsyncBasicTest,60,garnet-1.0.92/libs/storage/Tsavorite/cs/test/RecoverReadOnlyTest.cs,False,Direct Analysis
SeparateConsumerAsync,108,garnet-1.0.92/libs/storage/Tsavorite/cs/test/RecoverReadOnlyTest.cs,False,Direct Analysis
Setup,46,garnet-1.0.92/libs/storage/Tsavorite/cs/test/GenericLogScanTests.cs,False,Direct Analysis
TearDown,64,garnet-1.0.92/libs/storage/Tsavorite/cs/test/GenericLogScanTests.cs,False,Direct Analysis
DiskWriteScanBasicTest,103,garnet-1.0.92/libs/storage/Tsavorite/cs/test/GenericLogScanTests.cs,False,Direct Analysis
BlittableScanJumpToBeginAddressTest,186,garnet-1.0.92/libs/storage/Tsavorite/cs/test/GenericLogScanTests.cs,False,Direct Analysis
GenericScanCursorTest,260,garnet-1.0.92/libs/storage/Tsavorite/cs/test/GenericLogScanTests.cs,False,Direct Analysis
GenericScanCursorFilterTest,366,garnet-1.0.92/libs/storage/Tsavorite/cs/test/GenericLogScanTests.cs,False,Direct Analysis
Setup,46,garnet-1.0.92/libs/storage/Tsavorite/cs/test/InsertAtTailSpanByteStressTests.cs,False,Direct Analysis
TearDown,87,garnet-1.0.92/libs/storage/Tsavorite/cs/test/InsertAtTailSpanByteStressTests.cs,False,Direct Analysis
PopulateAndSetReadOnlyToTail,139,garnet-1.0.92/libs/storage/Tsavorite/cs/test/InsertAtTailSpanByteStressTests.cs,False,Direct Analysis
SpanByteTailInsertMultiThreadTest,161,garnet-1.0.92/libs/storage/Tsavorite/cs/test/InsertAtTailSpanByteStressTests.cs,False,Direct Analysis
OnAttached,82,garnet-1.0.92/libs/storage/Tsavorite/cs/src/core/TsavoriteLog/LogCommitPolicy.cs,False,Direct Analysis
OnCommitCreated,88,garnet-1.0.92/libs/storage/Tsavorite/cs/src/core/TsavoriteLog/LogCommitPolicy.cs,False,Direct Analysis
OnCommitFinished,91,garnet-1.0.92/libs/storage/Tsavorite/cs/src/core/TsavoriteLog/LogCommitPolicy.cs,False,Direct Analysis
LargeObjectTest,28,garnet-1.0.92/libs/storage/Tsavorite/cs/test/LargeObjectTests.cs,False,Direct Analysis
GetSingleSlotRequest,1127,garnet-1.0.92/test/Garnet.test.cluster/RedirectTests/BaseCommand.cs,False,Direct Analysis
GetCrossSlotRequest,1133,garnet-1.0.92/test/Garnet.test.cluster/RedirectTests/BaseCommand.cs,False,Direct Analysis
SetupSingleSlotRequest,1139,garnet-1.0.92/test/Garnet.test.cluster/RedirectTests/BaseCommand.cs,False,Direct Analysis
GetHashCode64,28,garnet-1.0.92/libs/storage/Tsavorite/cs/test/LockableUnsafeContextTests.cs,False,Direct Analysis
GetSingleSlotRequest,1995,garnet-1.0.92/test/Garnet.test.cluster/RedirectTests/BaseCommand.cs,False,Direct Analysis
PostSingleDeleter,48,garnet-1.0.92/libs/storage/Tsavorite/cs/test/LockableUnsafeContextTests.cs,False,Direct Analysis
ConcurrentDeleter,53,garnet-1.0.92/libs/storage/Tsavorite/cs/test/LockableUnsafeContextTests.cs,False,Direct Analysis
AddX,93,garnet-1.0.92/libs/storage/Tsavorite/cs/test/LockableUnsafeContextTests.cs,False,Direct Analysis
AddS,102,garnet-1.0.92/libs/storage/Tsavorite/cs/test/LockableUnsafeContextTests.cs,False,Direct Analysis
AssertNoLocks,133,garnet-1.0.92/libs/storage/Tsavorite/cs/test/LockableUnsafeContextTests.cs,False,Direct Analysis
Setup,24,garnet-1.0.92/libs/storage/Tsavorite/cs/test/LogAndDeviceConfigTests.cs,False,Direct Analysis
TearDown,35,garnet-1.0.92/libs/storage/Tsavorite/cs/test/LogAndDeviceConfigTests.cs,False,Direct Analysis
DeviceAndLogConfig,49,garnet-1.0.92/libs/storage/Tsavorite/cs/test/LogAndDeviceConfigTests.cs,False,Direct Analysis
Setup,27,garnet-1.0.92/libs/storage/Tsavorite/cs/test/LogReadAsyncTests.cs,False,Direct Analysis
TearDown,35,garnet-1.0.92/libs/storage/Tsavorite/cs/test/LogReadAsyncTests.cs,False,Direct Analysis
LogReadAsyncBasicTest,49,garnet-1.0.92/libs/storage/Tsavorite/cs/test/LogReadAsyncTests.cs,False,Direct Analysis
Setup,28,garnet-1.0.92/libs/storage/Tsavorite/cs/test/LogRecoverReadOnlyTests.cs,False,Direct Analysis
TearDown,40,garnet-1.0.92/libs/storage/Tsavorite/cs/test/LogRecoverReadOnlyTests.cs,False,Direct Analysis
RecoverReadOnlyCheck1,51,garnet-1.0.92/libs/storage/Tsavorite/cs/test/LogRecoverReadOnlyTests.cs,False,Direct Analysis
ProducerAsync,62,garnet-1.0.92/libs/storage/Tsavorite/cs/test/LogRecoverReadOnlyTests.cs,False,Direct Analysis
ReadOnlyConsumerAsync,89,garnet-1.0.92/libs/storage/Tsavorite/cs/test/LogRecoverReadOnlyTests.cs,False,Direct Analysis
Setup,27,garnet-1.0.92/libs/storage/Tsavorite/cs/test/LogScanTests.cs,False,Direct Analysis
TearDown,35,garnet-1.0.92/libs/storage/Tsavorite/cs/test/LogScanTests.cs,False,Direct Analysis
PopulateLog,50,garnet-1.0.92/libs/storage/Tsavorite/cs/test/LogScanTests.cs,False,Direct Analysis
PopulateUncommittedLog,76,garnet-1.0.92/libs/storage/Tsavorite/cs/test/LogScanTests.cs,False,Direct Analysis
ScanBasicDefaultTest,107,garnet-1.0.92/libs/storage/Tsavorite/cs/test/LogScanTests.cs,False,Direct Analysis
ScanBehindBeginAddressTest,140,garnet-1.0.92/libs/storage/Tsavorite/cs/test/LogScanTests.cs,False,Direct Analysis
ScanConsumerTest,205,garnet-1.0.92/libs/storage/Tsavorite/cs/test/LogScanTests.cs,False,Direct Analysis
ScanNoDefaultTest,229,garnet-1.0.92/libs/storage/Tsavorite/cs/test/LogScanTests.cs,False,Direct Analysis
ScanByNameTest,261,garnet-1.0.92/libs/storage/Tsavorite/cs/test/LogScanTests.cs,False,Direct Analysis
ScanWithoutRecoverTest,293,garnet-1.0.92/libs/storage/Tsavorite/cs/test/LogScanTests.cs,False,Direct Analysis
ScanBufferingModeDoublePageTest,325,garnet-1.0.92/libs/storage/Tsavorite/cs/test/LogScanTests.cs,False,Direct Analysis
ScanBufferingModeSinglePageTest,357,garnet-1.0.92/libs/storage/Tsavorite/cs/test/LogScanTests.cs,False,Direct Analysis
ScanUncommittedTest,387,garnet-1.0.92/libs/storage/Tsavorite/cs/test/LogScanTests.cs,False,Direct Analysis
TsavoriteLogShiftTailStressTest,23,garnet-1.0.92/libs/storage/Tsavorite/cs/test/LogShiftTailStressTest.cs,False,Direct Analysis
TestDisposeReleasesFileLocksWithCompletedCommit,23,garnet-1.0.92/libs/storage/Tsavorite/cs/test/LogTests.cs,False,Direct Analysis
TsavoriteLogTest1,200,garnet-1.0.92/libs/storage/Tsavorite/cs/test/LogTests.cs,False,Direct Analysis
TsavoriteLogTest2,260,garnet-1.0.92/libs/storage/Tsavorite/cs/test/LogTests.cs,False,Direct Analysis
TsavoriteLogConsumerTest,344,garnet-1.0.92/libs/storage/Tsavorite/cs/test/LogTests.cs,False,Direct Analysis
TsavoriteLogAsyncConsumerTest,375,garnet-1.0.92/libs/storage/Tsavorite/cs/test/LogTests.cs,False,Direct Analysis
TruncateUntilBasic,552,garnet-1.0.92/libs/storage/Tsavorite/cs/test/LogTests.cs,False,Direct Analysis
EnqueueAndWaitForCommitAsyncBasicTest,608,garnet-1.0.92/libs/storage/Tsavorite/cs/test/LogTests.cs,False,Direct Analysis
TruncateUntil2,670,garnet-1.0.92/libs/storage/Tsavorite/cs/test/LogTests.cs,False,Direct Analysis
TruncateUntilPageStart,753,garnet-1.0.92/libs/storage/Tsavorite/cs/test/LogTests.cs,False,Direct Analysis
CommitNoSpinWait,838,garnet-1.0.92/libs/storage/Tsavorite/cs/test/LogTests.cs,False,Direct Analysis
CommitAsyncPrevTask,890,garnet-1.0.92/libs/storage/Tsavorite/cs/test/LogTests.cs,False,Direct Analysis
RefreshUncommittedAsyncTest,957,garnet-1.0.92/libs/storage/Tsavorite/cs/test/LogTests.cs,False,Direct Analysis
Setup,22,garnet-1.0.92/libs/storage/Tsavorite/cs/test/ManagedLocalStorageTests.cs,False,Direct Analysis
TearDown,37,garnet-1.0.92/libs/storage/Tsavorite/cs/test/ManagedLocalStorageTests.cs,False,Direct Analysis
ManagedLocalStoreBasicTest,56,garnet-1.0.92/libs/storage/Tsavorite/cs/test/ManagedLocalStorageTests.cs,False,Direct Analysis
ManagedLocalStoreFullParamsTest,148,garnet-1.0.92/libs/storage/Tsavorite/cs/test/ManagedLocalStorageTests.cs,False,Direct Analysis
IsMatch,151,garnet-1.0.92/modules/GarnetJSON/JSONPath/QueryExpression.cs,False,Direct Analysis
MatchTokens,205,garnet-1.0.92/modules/GarnetJSON/JSONPath/QueryExpression.cs,False,Direct Analysis
MakeTransition,280,garnet-1.0.92/libs/storage/Tsavorite/cs/test/EpochProtectedVersionScheme.cs,False,Direct Analysis
Enter,293,garnet-1.0.92/libs/storage/Tsavorite/cs/test/EpochProtectedVersionScheme.cs,False,Direct Analysis
Refresh,318,garnet-1.0.92/libs/storage/Tsavorite/cs/test/EpochProtectedVersionScheme.cs,False,Direct Analysis
Leave,338,garnet-1.0.92/libs/storage/Tsavorite/cs/test/EpochProtectedVersionScheme.cs,False,Direct Analysis
TryStepStateMachine,343,garnet-1.0.92/libs/storage/Tsavorite/cs/test/EpochProtectedVersionScheme.cs,False,Direct Analysis
StepMachineHeavy,375,garnet-1.0.92/libs/storage/Tsavorite/cs/test/EpochProtectedVersionScheme.cs,False,Direct Analysis
TryExecuteStateMachine,420,garnet-1.0.92/libs/storage/Tsavorite/cs/test/EpochProtectedVersionScheme.cs,False,Direct Analysis
ExecuteStateMachine,448,garnet-1.0.92/libs/storage/Tsavorite/cs/test/EpochProtectedVersionScheme.cs,False,Direct Analysis
Setup,42,garnet-1.0.92/libs/storage/Tsavorite/cs/test/ModifiedBitTests.cs,False,Direct Analysis
TearDown,60,garnet-1.0.92/libs/storage/Tsavorite/cs/test/ModifiedBitTests.cs,False,Direct Analysis
Populate,70,garnet-1.0.92/libs/storage/Tsavorite/cs/test/ModifiedBitTests.cs,False,Direct Analysis
AssertLockandModified,76,garnet-1.0.92/libs/storage/Tsavorite/cs/test/ModifiedBitTests.cs,False,Direct Analysis
AssertLockandModified,83,garnet-1.0.92/libs/storage/Tsavorite/cs/test/ModifiedBitTests.cs,False,Direct Analysis
AssertLockandModified,90,garnet-1.0.92/libs/storage/Tsavorite/cs/test/ModifiedBitTests.cs,False,Direct Analysis
LockAndNotModify,104,garnet-1.0.92/libs/storage/Tsavorite/cs/test/ModifiedBitTests.cs,False,Direct Analysis
ResetModifyForNonExistingKey,135,garnet-1.0.92/libs/storage/Tsavorite/cs/test/ModifiedBitTests.cs,False,Direct Analysis
ModifyClientSession,145,garnet-1.0.92/libs/storage/Tsavorite/cs/test/ModifiedBitTests.cs,False,Direct Analysis
ModifyLUC,196,garnet-1.0.92/libs/storage/Tsavorite/cs/test/ModifiedBitTests.cs,False,Direct Analysis
ModifyUC,270,garnet-1.0.92/libs/storage/Tsavorite/cs/test/ModifiedBitTests.cs,False,Direct Analysis
ModifyLC,322,garnet-1.0.92/libs/storage/Tsavorite/cs/test/ModifiedBitTests.cs,False,Direct Analysis
CopyToTailTest,388,garnet-1.0.92/libs/storage/Tsavorite/cs/test/ModifiedBitTests.cs,False,Direct Analysis
TryLockTransientExclusive,38,garnet-1.0.92/libs/storage/Tsavorite/cs/src/core/Index/Interfaces/ISessionLocker.cs,False,Direct Analysis
TryLockTransientShared,47,garnet-1.0.92/libs/storage/Tsavorite/cs/src/core/Index/Interfaces/ISessionLocker.cs,False,Direct Analysis
UnlockTransientExclusive,56,garnet-1.0.92/libs/storage/Tsavorite/cs/src/core/Index/Interfaces/ISessionLocker.cs,False,Direct Analysis
UnlockTransientShared,63,garnet-1.0.92/libs/storage/Tsavorite/cs/src/core/Index/Interfaces/ISessionLocker.cs,False,Direct Analysis
Setup,21,garnet-1.0.92/libs/storage/Tsavorite/cs/test/MoreLogCompactionTests.cs,False,Direct Analysis
TearDown,37,garnet-1.0.92/libs/storage/Tsavorite/cs/test/MoreLogCompactionTests.cs,False,Direct Analysis
DeleteCompactLookup,51,garnet-1.0.92/libs/storage/Tsavorite/cs/test/MoreLogCompactionTests.cs,False,Direct Analysis
Dispose,34,garnet-1.0.92/libs/storage/Tsavorite/cs/test/NUnitLoggerProvider.cs,False,Direct Analysis
Dispose,43,garnet-1.0.92/test/Garnet.test/NUnitLoggerProvider.cs,False,Direct Analysis
AddKey,40,garnet-1.0.92/libs/server/Custom/CustomTransactionProcedure.cs,False,Direct Analysis
Finalize,82,garnet-1.0.92/libs/server/Custom/CustomTransactionProcedure.cs,False,Direct Analysis
Setup,21,garnet-1.0.92/libs/storage/Tsavorite/cs/test/NativeReadCacheTests.cs,False,Direct Analysis
TearDown,40,garnet-1.0.92/libs/storage/Tsavorite/cs/test/NativeReadCacheTests.cs,False,Direct Analysis
NativeDiskWriteReadCache,52,garnet-1.0.92/libs/storage/Tsavorite/cs/test/NativeReadCacheTests.cs,False,Direct Analysis
NativeDiskWriteReadCache2,165,garnet-1.0.92/libs/storage/Tsavorite/cs/test/NativeReadCacheTests.cs,False,Direct Analysis
Enqueue,37,garnet-1.0.92/libs/storage/Tsavorite/cs/src/core/Utilities/AsyncQueue.cs,False,Direct Analysis
TryDequeue,79,garnet-1.0.92/libs/storage/Tsavorite/cs/src/core/Utilities/AsyncQueue.cs,False,Direct Analysis
Setup,180,garnet-1.0.92/libs/storage/Tsavorite/cs/test/NeedCopyUpdateTests.cs,False,Direct Analysis
TearDown,198,garnet-1.0.92/libs/storage/Tsavorite/cs/test/NeedCopyUpdateTests.cs,False,Direct Analysis
CopyUpdateFromHeadReadOnlyPageTest,210,garnet-1.0.92/libs/storage/Tsavorite/cs/test/NeedCopyUpdateTests.cs,False,Direct Analysis
Setup,36,garnet-1.0.92/libs/storage/Tsavorite/cs/test/ObjectRecoveryTest.cs,False,Direct Analysis
TearDown,58,garnet-1.0.92/libs/storage/Tsavorite/cs/test/ObjectRecoveryTest.cs,False,Direct Analysis
ObjectRecoveryTest1,79,garnet-1.0.92/libs/storage/Tsavorite/cs/test/ObjectRecoveryTest.cs,False,Direct Analysis
Populate,92,garnet-1.0.92/libs/storage/Tsavorite/cs/test/ObjectRecoveryTest.cs,False,Direct Analysis
Verify,139,garnet-1.0.92/libs/storage/Tsavorite/cs/test/ObjectRecoveryTest.cs,False,Direct Analysis
Serialize,157,garnet-1.0.92/libs/storage/Tsavorite/cs/test/ObjectRecoveryTest2.cs,False,Direct Analysis
Deserialize,165,garnet-1.0.92/libs/storage/Tsavorite/cs/test/ObjectRecoveryTest2.cs,False,Direct Analysis
Populate,217,garnet-1.0.92/libs/storage/Tsavorite/cs/test/ObjectRecoveryTest2.cs,False,Direct Analysis
FinalizeRead,222,garnet-1.0.92/libs/storage/Tsavorite/cs/test/ObjectRecoveryTest2.cs,False,Direct Analysis
Initialize,39,garnet-1.0.92/libs/cluster/Server/Replication/CheckpointStore.cs,False,Direct Analysis
WaitForReplicas,68,garnet-1.0.92/libs/cluster/Server/Replication/CheckpointStore.cs,False,Direct Analysis
PurgeAllCheckpointsExceptEntry,83,garnet-1.0.92/libs/cluster/Server/Replication/CheckpointStore.cs,False,Direct Analysis
AddCheckpointEntry,125,garnet-1.0.92/libs/cluster/Server/Replication/CheckpointStore.cs,False,Direct Analysis
DeleteOutdatedCheckpoints,175,garnet-1.0.92/libs/cluster/Server/Replication/CheckpointStore.cs,False,Direct Analysis
TryGetLatestCheckpointEntryFromMemory,254,garnet-1.0.92/libs/cluster/Server/Replication/CheckpointStore.cs,False,Direct Analysis
GetLatestCheckpointEntryFromDisk,283,garnet-1.0.92/libs/cluster/Server/Replication/CheckpointStore.cs,False,Direct Analysis
IncrementByFloat,253,garnet-1.0.92/libs/server/API/GarnetApi.cs,False,Direct Analysis
IncrementByFloat,276,garnet-1.0.92/libs/server/API/GarnetApi.cs,False,Direct Analysis
Setup,24,garnet-1.0.92/libs/storage/Tsavorite/cs/test/ObjectRecoveryTest3.cs,False,Direct Analysis
TearDown,30,garnet-1.0.92/libs/storage/Tsavorite/cs/test/ObjectRecoveryTest3.cs,False,Direct Analysis
ObjectRecoveryTest3,37,garnet-1.0.92/libs/storage/Tsavorite/cs/test/ObjectRecoveryTest3.cs,False,Direct Analysis
Write,99,garnet-1.0.92/libs/storage/Tsavorite/cs/test/ObjectRecoveryTest3.cs,False,Direct Analysis
IncrementAndGet,37,garnet-1.0.92/metrics/HdrHistogram/Utilities/AtomicLongArray.cs,False,Direct Analysis
AddAndGet,42,garnet-1.0.92/metrics/HdrHistogram/Utilities/AtomicLongArray.cs,False,Direct Analysis
LazySet,47,garnet-1.0.92/metrics/HdrHistogram/Utilities/AtomicLongArray.cs,False,Direct Analysis
InitialUpdater,193,garnet-1.0.92/libs/storage/Tsavorite/cs/test/ObjectTestTypes.cs,False,Direct Analysis
InPlaceUpdater,199,garnet-1.0.92/libs/storage/Tsavorite/cs/test/ObjectTestTypes.cs,False,Direct Analysis
CopyUpdater,207,garnet-1.0.92/libs/storage/Tsavorite/cs/test/ObjectTestTypes.cs,False,Direct Analysis
ConcurrentReader,213,garnet-1.0.92/libs/storage/Tsavorite/cs/test/ObjectTestTypes.cs,False,Direct Analysis
ConcurrentWriter,220,garnet-1.0.92/libs/storage/Tsavorite/cs/test/ObjectTestTypes.cs,False,Direct Analysis
ReadCompletionCallback,226,garnet-1.0.92/libs/storage/Tsavorite/cs/test/ObjectTestTypes.cs,False,Direct Analysis
RMWCompletionCallback,239,garnet-1.0.92/libs/storage/Tsavorite/cs/test/ObjectTestTypes.cs,False,Direct Analysis
SingleReader,250,garnet-1.0.92/libs/storage/Tsavorite/cs/test/ObjectTestTypes.cs,False,Direct Analysis
SingleWriter,257,garnet-1.0.92/libs/storage/Tsavorite/cs/test/ObjectTestTypes.cs,False,Direct Analysis
Setup,20,garnet-1.0.92/test/Garnet.test/HyperLogLogTests.cs,False,Direct Analysis
TearDown,29,garnet-1.0.92/test/Garnet.test/HyperLogLogTests.cs,False,Direct Analysis
SimpleHyperLogLogAddCount,37,garnet-1.0.92/test/Garnet.test/HyperLogLogTests.cs,False,Direct Analysis
SimpleHyperLogLogMerge,86,garnet-1.0.92/test/Garnet.test/HyperLogLogTests.cs,False,Direct Analysis
HyperLogLogSimpleInvalidHLLTypeTest,116,garnet-1.0.92/test/Garnet.test/HyperLogLogTests.cs,False,Direct Analysis
HyperLogLogSimple_PCT,192,garnet-1.0.92/test/Garnet.test/HyperLogLogTests.cs,False,Direct Analysis
HyperLogLogArraySimple_PCT,214,garnet-1.0.92/test/Garnet.test/HyperLogLogTests.cs,False,Direct Analysis
HyperLogLogUpdateReturnTest,323,garnet-1.0.92/test/Garnet.test/HyperLogLogTests.cs,False,Direct Analysis
RandomString,373,garnet-1.0.92/test/Garnet.test/HyperLogLogTests.cs,False,Direct Analysis
HyperLogLogMultiValueUpdateReturnTest,381,garnet-1.0.92/test/Garnet.test/HyperLogLogTests.cs,False,Direct Analysis
HyperLogLogMultiCountTest,450,garnet-1.0.92/test/Garnet.test/HyperLogLogTests.cs,False,Direct Analysis
RandomSubSeq,493,garnet-1.0.92/test/Garnet.test/HyperLogLogTests.cs,False,Direct Analysis
RandomRedisValueSubseq,500,garnet-1.0.92/test/Garnet.test/HyperLogLogTests.cs,False,Direct Analysis
HyperLogLogTestPFADDV2,515,garnet-1.0.92/test/Garnet.test/HyperLogLogTests.cs,False,Direct Analysis
HyperLogLogPFADD_LTM,567,garnet-1.0.92/test/Garnet.test/HyperLogLogTests.cs,False,Direct Analysis
HyperLogLogTestPFADD_DuplicatesV2,619,garnet-1.0.92/test/Garnet.test/HyperLogLogTests.cs,False,Direct Analysis
HyperLogLogTestPFMERGE_SparseToSparseV2,645,garnet-1.0.92/test/Garnet.test/HyperLogLogTests.cs,False,Direct Analysis
HyperLogLogTestPFMERGE_LTM_SparseToSparse,687,garnet-1.0.92/test/Garnet.test/HyperLogLogTests.cs,False,Direct Analysis
HyperLogLogTestPFMERGE_SparseToDenseV2,745,garnet-1.0.92/test/Garnet.test/HyperLogLogTests.cs,False,Direct Analysis
HyperLogLogTestPFMERGE_LTM_SparseToDense,797,garnet-1.0.92/test/Garnet.test/HyperLogLogTests.cs,False,Direct Analysis
HyperLogLogTestPFMERGE_DenseToDenseV2,856,garnet-1.0.92/test/Garnet.test/HyperLogLogTests.cs,False,Direct Analysis
HyperLogLogTestPFMERGE_LTM_DenseToDense,906,garnet-1.0.92/test/Garnet.test/HyperLogLogTests.cs,False,Direct Analysis
HyperLogLogPFMerge_MultiHLLMergeV2,964,garnet-1.0.92/test/Garnet.test/HyperLogLogTests.cs,False,Direct Analysis
CanRunHLLProcedureTest,997,garnet-1.0.92/test/Garnet.test/HyperLogLogTests.cs,False,Direct Analysis
Setup,33,garnet-1.0.92/test/Garnet.test.cluster/ClusterManagementTests.cs,False,Direct Analysis
TearDown,40,garnet-1.0.92/test/Garnet.test.cluster/ClusterManagementTests.cs,False,Direct Analysis
ClusterSlotsTest,48,garnet-1.0.92/test/Garnet.test.cluster/ClusterManagementTests.cs,False,Direct Analysis
ClusterSlotRangesTest,68,garnet-1.0.92/test/Garnet.test.cluster/ClusterManagementTests.cs,False,Direct Analysis
ClusterForgetTest,107,garnet-1.0.92/test/Garnet.test.cluster/ClusterManagementTests.cs,False,Direct Analysis
ClusterResetTest,137,garnet-1.0.92/test/Garnet.test.cluster/ClusterManagementTests.cs,False,Direct Analysis
ClusterResetFailsForMasterWithKeysInSlotsTest,182,garnet-1.0.92/test/Garnet.test.cluster/ClusterManagementTests.cs,False,Direct Analysis
ClusterResetFailsForMasterWithKeysInSlotsObjectStoreTest,212,garnet-1.0.92/test/Garnet.test.cluster/ClusterManagementTests.cs,False,Direct Analysis
ClusterResetAfterFLushAllTest,239,garnet-1.0.92/test/Garnet.test.cluster/ClusterManagementTests.cs,False,Direct Analysis
VerifyClusterResetFails,276,garnet-1.0.92/test/Garnet.test.cluster/ClusterManagementTests.cs,False,Direct Analysis
ClusterResetDisposesGossipConnections,296,garnet-1.0.92/test/Garnet.test.cluster/ClusterManagementTests.cs,False,Direct Analysis
ClusterKeySlotTest,333,garnet-1.0.92/test/Garnet.test.cluster/ClusterManagementTests.cs,False,Direct Analysis
ClusterRestartNodeDropGossip,386,garnet-1.0.92/test/Garnet.test.cluster/ClusterManagementTests.cs,False,Direct Analysis
ClusterClientList,419,garnet-1.0.92/test/Garnet.test.cluster/ClusterManagementTests.cs,False,Direct Analysis
ClusterClientKill,550,garnet-1.0.92/test/Garnet.test.cluster/ClusterManagementTests.cs,False,Direct Analysis
ClusterClientKillSlave,565,garnet-1.0.92/test/Garnet.test.cluster/ClusterManagementTests.cs,False,Direct Analysis
FailoverBadOptions,580,garnet-1.0.92/test/Garnet.test.cluster/ClusterManagementTests.cs,False,Direct Analysis
ClusterFailoverBadOptions,615,garnet-1.0.92/test/Garnet.test.cluster/ClusterManagementTests.cs,False,Direct Analysis
ClusterSetSlotBadOptions,650,garnet-1.0.92/test/Garnet.test.cluster/ClusterManagementTests.cs,False,Direct Analysis
ClusterRoleCommand,703,garnet-1.0.92/test/Garnet.test.cluster/ClusterManagementTests.cs,False,Direct Analysis
ClusterNodeCommand,729,garnet-1.0.92/test/Garnet.test.cluster/ClusterManagementTests.cs,False,Direct Analysis
ClusterMeetHostname,771,garnet-1.0.92/test/Garnet.test.cluster/ClusterManagementTests.cs,False,Direct Analysis
ClusterFlushAll,795,garnet-1.0.92/test/Garnet.test.cluster/ClusterManagementTests.cs,False,Direct Analysis
ClusterCheckpointUpgradeFrom,846,garnet-1.0.92/test/Garnet.test.cluster/ClusterManagementTests.cs,False,Direct Analysis
InitialUpdater,266,garnet-1.0.92/libs/storage/Tsavorite/cs/test/ObjectTestTypes.cs,False,Direct Analysis
InPlaceUpdater,272,garnet-1.0.92/libs/storage/Tsavorite/cs/test/ObjectTestTypes.cs,False,Direct Analysis
CopyUpdater,280,garnet-1.0.92/libs/storage/Tsavorite/cs/test/ObjectTestTypes.cs,False,Direct Analysis
ConcurrentReader,286,garnet-1.0.92/libs/storage/Tsavorite/cs/test/ObjectTestTypes.cs,False,Direct Analysis
ConcurrentWriter,292,garnet-1.0.92/libs/storage/Tsavorite/cs/test/ObjectTestTypes.cs,False,Direct Analysis
SingleReader,298,garnet-1.0.92/libs/storage/Tsavorite/cs/test/ObjectTestTypes.cs,False,Direct Analysis
SingleWriter,304,garnet-1.0.92/libs/storage/Tsavorite/cs/test/ObjectTestTypes.cs,False,Direct Analysis
GetClusterConfig,28,garnet-1.0.92/samples/MetricsMonitor/ClientMonitor.cs,False,Direct Analysis
StartMonitor,34,garnet-1.0.92/samples/MetricsMonitor/ClientMonitor.cs,False,Direct Analysis
MonitorServerSideLatency,52,garnet-1.0.92/samples/MetricsMonitor/ClientMonitor.cs,False,Direct Analysis
MonitorServerSideMetrics,109,garnet-1.0.92/samples/MetricsMonitor/ClientMonitor.cs,False,Direct Analysis
MonitorClusterServerSideMetrics,123,garnet-1.0.92/samples/MetricsMonitor/ClientMonitor.cs,False,Direct Analysis
MonitorClusterLatencyMetrics,151,garnet-1.0.92/samples/MetricsMonitor/ClientMonitor.cs,False,Direct Analysis
Deserialize,331,garnet-1.0.92/libs/storage/Tsavorite/cs/test/ObjectTestTypes.cs,False,Direct Analysis
Serialize,338,garnet-1.0.92/libs/storage/Tsavorite/cs/test/ObjectTestTypes.cs,False,Direct Analysis
ToRespFormat,436,garnet-1.0.92/libs/server/Resp/RespCommandKeySpecification.cs,False,Direct Analysis
ExtractKeys,464,garnet-1.0.92/libs/server/Resp/RespCommandKeySpecification.cs,False,Direct Analysis
IncrementIterationLevel,31,garnet-1.0.92/metrics/HdrHistogram/Iteration/AllValuesEnumerator.cs,False,Direct Analysis
ReachedIterationLevel,37,garnet-1.0.92/metrics/HdrHistogram/Iteration/AllValuesEnumerator.cs,False,Direct Analysis
Copy,84,garnet-1.0.92/libs/cluster/Server/ClusterConfig.cs,False,Direct Analysis
InitializeUnassignedWorker,96,garnet-1.0.92/libs/cluster/Server/ClusterConfig.cs,False,Direct Analysis
InitializeLocalWorker,119,garnet-1.0.92/libs/cluster/Server/ClusterConfig.cs,False,Direct Analysis
HasAssignedSlots,146,garnet-1.0.92/libs/cluster/Server/ClusterConfig.cs,False,Direct Analysis
IsKnown,190,garnet-1.0.92/libs/cluster/Server/ClusterConfig.cs,False,Direct Analysis
GetLocalNodeReplicaEndpoints,268,garnet-1.0.92/libs/cluster/Server/ClusterConfig.cs,False,Direct Analysis
GetLocalNodePrimaryEndpoints,285,garnet-1.0.92/libs/cluster/Server/ClusterConfig.cs,False,Direct Analysis
GetLocalPrimarySlots,304,garnet-1.0.92/libs/cluster/Server/ClusterConfig.cs,False,Direct Analysis
GetMaxConfigEpoch,324,garnet-1.0.92/libs/cluster/Server/ClusterConfig.cs,False,Direct Analysis
GetRemoteNodeIds,336,garnet-1.0.92/libs/cluster/Server/ClusterConfig.cs,False,Direct Analysis
GetWorkerIdFromNodeId,351,garnet-1.0.92/libs/cluster/Server/ClusterConfig.cs,False,Direct Analysis
ToByteArray,14,garnet-1.0.92/libs/cluster/Server/ClusterConfigSerializer.cs,False,Direct Analysis
SerializeSlotMap,60,garnet-1.0.92/libs/cluster/Server/ClusterConfigSerializer.cs,False,Direct Analysis
Setup,39,garnet-1.0.92/libs/storage/Tsavorite/cs/test/OverflowBucketLockTableTests.cs,False,Direct Analysis
TearDown,67,garnet-1.0.92/libs/storage/Tsavorite/cs/test/OverflowBucketLockTableTests.cs,False,Direct Analysis
TryLock,77,garnet-1.0.92/libs/storage/Tsavorite/cs/test/OverflowBucketLockTableTests.cs,False,Direct Analysis
Unlock,92,garnet-1.0.92/libs/storage/Tsavorite/cs/test/OverflowBucketLockTableTests.cs,False,Direct Analysis
AssertLockCounts,109,garnet-1.0.92/libs/storage/Tsavorite/cs/test/OverflowBucketLockTableTests.cs,False,Direct Analysis
SingleKeyTest,192,garnet-1.0.92/libs/storage/Tsavorite/cs/test/OverflowBucketLockTableTests.cs,False,Direct Analysis
ThreeKeyTest,228,garnet-1.0.92/libs/storage/Tsavorite/cs/test/OverflowBucketLockTableTests.cs,False,Direct Analysis
ThreadedLockStressTest1Thread,264,garnet-1.0.92/libs/storage/Tsavorite/cs/test/OverflowBucketLockTableTests.cs,False,Direct Analysis
ThreadedLockStressTestMultiThreadsNoContention,274,garnet-1.0.92/libs/storage/Tsavorite/cs/test/OverflowBucketLockTableTests.cs,False,Direct Analysis
ThreadedLockStressTestMultiThreadsFullContention,286,garnet-1.0.92/libs/storage/Tsavorite/cs/test/OverflowBucketLockTableTests.cs,False,Direct Analysis
ThreadedLockStressTestMultiThreadsRandomContention,297,garnet-1.0.92/libs/storage/Tsavorite/cs/test/OverflowBucketLockTableTests.cs,False,Direct Analysis
AssertSorted,323,garnet-1.0.92/libs/storage/Tsavorite/cs/test/OverflowBucketLockTableTests.cs,False,Direct Analysis
FullArraySortTest,361,garnet-1.0.92/libs/storage/Tsavorite/cs/test/OverflowBucketLockTableTests.cs,False,Direct Analysis
PartialArraySortTest,370,garnet-1.0.92/libs/storage/Tsavorite/cs/test/OverflowBucketLockTableTests.cs,False,Direct Analysis
Setup,69,garnet-1.0.92/libs/storage/Tsavorite/cs/test/PostOperationsTests.cs,False,Direct Analysis
TearDown,90,garnet-1.0.92/libs/storage/Tsavorite/cs/test/PostOperationsTests.cs,False,Direct Analysis
Populate,101,garnet-1.0.92/libs/storage/Tsavorite/cs/test/PostOperationsTests.cs,False,Direct Analysis
CompletePendingAndVerifyInsertedAddress,114,garnet-1.0.92/libs/storage/Tsavorite/cs/test/PostOperationsTests.cs,False,Direct Analysis
PostSingleWriterTest,125,garnet-1.0.92/libs/storage/Tsavorite/cs/test/PostOperationsTests.cs,False,Direct Analysis
PostInitialUpdaterTest,139,garnet-1.0.92/libs/storage/Tsavorite/cs/test/PostOperationsTests.cs,False,Direct Analysis
PostCopyUpdaterTest,164,garnet-1.0.92/libs/storage/Tsavorite/cs/test/PostOperationsTests.cs,False,Direct Analysis
PostCopyUpdaterFalseTest,182,garnet-1.0.92/libs/storage/Tsavorite/cs/test/PostOperationsTests.cs,False,Direct Analysis
PostSingleDeleterTest,206,garnet-1.0.92/libs/storage/Tsavorite/cs/test/PostOperationsTests.cs,False,Direct Analysis
TsavoriteLogSimpleFastCommitTest,26,garnet-1.0.92/libs/storage/Tsavorite/cs/test/LogFastCommitTests.cs,False,Direct Analysis
CommitRecordBoundedGrowthTest,101,garnet-1.0.92/libs/storage/Tsavorite/cs/test/LogFastCommitTests.cs,False,Direct Analysis
VersionedReadTests,271,garnet-1.0.92/libs/storage/Tsavorite/cs/test/ReadAddressTests.cs,False,Direct Analysis
IterateKeyTests,339,garnet-1.0.92/libs/storage/Tsavorite/cs/test/ReadAddressTests.cs,False,Direct Analysis
IterateKeyStopTests,358,garnet-1.0.92/libs/storage/Tsavorite/cs/test/ReadAddressTests.cs,False,Direct Analysis
ReadAtAddressTests,384,garnet-1.0.92/libs/storage/Tsavorite/cs/test/ReadAddressTests.cs,False,Direct Analysis
ReadAtAddressCopyOptNoRcTest,430,garnet-1.0.92/libs/storage/Tsavorite/cs/test/ReadAddressTests.cs,False,Direct Analysis
ReadNoKeyTests,472,garnet-1.0.92/libs/storage/Tsavorite/cs/test/ReadAddressTests.cs,False,Direct Analysis
ReadCopyOptionssMergeTest,518,garnet-1.0.92/libs/storage/Tsavorite/cs/test/ReadAddressTests.cs,False,Direct Analysis
Setup,56,garnet-1.0.92/libs/storage/Tsavorite/cs/test/ReadCacheChainTests.cs,False,Direct Analysis
TearDown,77,garnet-1.0.92/libs/storage/Tsavorite/cs/test/ReadCacheChainTests.cs,False,Direct Analysis
PopulateAndEvict,88,garnet-1.0.92/libs/storage/Tsavorite/cs/test/ReadCacheChainTests.cs,False,Direct Analysis
CreateChain,115,garnet-1.0.92/libs/storage/Tsavorite/cs/test/ReadCacheChainTests.cs,False,Direct Analysis
GetRecordInInMemoryHashChain,166,garnet-1.0.92/libs/storage/Tsavorite/cs/test/ReadCacheChainTests.cs,False,Direct Analysis
FindRecordInReadCache,179,garnet-1.0.92/libs/storage/Tsavorite/cs/test/ReadCacheChainTests.cs,False,Direct Analysis
ConcurrentWriter,708,garnet-1.0.92/libs/storage/Tsavorite/cs/test/ReadCacheChainTests.cs,False,Direct Analysis
SingleWriter,715,garnet-1.0.92/libs/storage/Tsavorite/cs/test/ReadCacheChainTests.cs,False,Direct Analysis
CopyUpdater,722,garnet-1.0.92/libs/storage/Tsavorite/cs/test/ReadCacheChainTests.cs,False,Direct Analysis
InPlaceUpdater,729,garnet-1.0.92/libs/storage/Tsavorite/cs/test/ReadCacheChainTests.cs,False,Direct Analysis
InitialUpdater,736,garnet-1.0.92/libs/storage/Tsavorite/cs/test/ReadCacheChainTests.cs,False,Direct Analysis
GetSingleSlotRequest,1011,garnet-1.0.92/test/Garnet.test.cluster/RedirectTests/BaseCommand.cs,False,Direct Analysis
GetCrossSlotRequest,1017,garnet-1.0.92/test/Garnet.test.cluster/RedirectTests/BaseCommand.cs,False,Direct Analysis
SetupSingleSlotRequest,1023,garnet-1.0.92/test/Garnet.test.cluster/RedirectTests/BaseCommand.cs,False,Direct Analysis
RecoveryCheck4,591,garnet-1.0.92/libs/storage/Tsavorite/cs/test/RecoveryChecks.cs,False,Direct Analysis
IncrSnapshotRecoveryCheck,812,garnet-1.0.92/libs/storage/Tsavorite/cs/test/RecoveryChecks.cs,False,Direct Analysis
IncrSnapshotRecoveryCheck,834,garnet-1.0.92/libs/storage/Tsavorite/cs/test/RecoveryChecks.cs,False,Direct Analysis
StreamingSnapshotBasicTest,990,garnet-1.0.92/libs/storage/Tsavorite/cs/test/RecoveryChecks.cs,False,Direct Analysis
Setup,40,garnet-1.0.92/libs/storage/Tsavorite/cs/test/RecoveryTests.cs,False,Direct Analysis
Setup,48,garnet-1.0.92/libs/storage/Tsavorite/cs/test/RecoveryTests.cs,False,Direct Analysis
TearDown,65,garnet-1.0.92/libs/storage/Tsavorite/cs/test/RecoveryTests.cs,False,Direct Analysis
RecoveryTestSeparateCheckpoint,86,garnet-1.0.92/libs/storage/Tsavorite/cs/test/RecoveryTests.cs,False,Direct Analysis
RecoveryTestFullCheckpoint,103,garnet-1.0.92/libs/storage/Tsavorite/cs/test/RecoveryTests.cs,False,Direct Analysis
FullCheckpointAction,115,garnet-1.0.92/libs/storage/Tsavorite/cs/test/RecoveryTests.cs,False,Direct Analysis
SeparateCheckpointAction,127,garnet-1.0.92/libs/storage/Tsavorite/cs/test/RecoveryTests.cs,False,Direct Analysis
Populate,147,garnet-1.0.92/libs/storage/Tsavorite/cs/test/RecoveryTests.cs,False,Direct Analysis
RecoverAndTestAsync,176,garnet-1.0.92/libs/storage/Tsavorite/cs/test/RecoveryTests.cs,False,Direct Analysis
IsValid,137,garnet-1.0.92/libs/host/Configuration/OptionsValidators.cs,False,Direct Analysis
Setup,251,garnet-1.0.92/libs/storage/Tsavorite/cs/test/RevivificationTests.cs,False,Direct Analysis
TearDown,292,garnet-1.0.92/libs/storage/Tsavorite/cs/test/RevivificationTests.cs,False,Direct Analysis
Populate,304,garnet-1.0.92/libs/storage/Tsavorite/cs/test/RevivificationTests.cs,False,Direct Analysis
SimpleFixedLenTest,316,garnet-1.0.92/libs/storage/Tsavorite/cs/test/RevivificationTests.cs,False,Direct Analysis
UnelideTest,351,garnet-1.0.92/libs/storage/Tsavorite/cs/test/RevivificationTests.cs,False,Direct Analysis
SimpleMinAddressAddTest,391,garnet-1.0.92/libs/storage/Tsavorite/cs/test/RevivificationTests.cs,False,Direct Analysis
SimpleMinAddressTakeTest,409,garnet-1.0.92/libs/storage/Tsavorite/cs/test/RevivificationTests.cs,False,Direct Analysis
Setup,24,garnet-1.0.92/test/Garnet.test.cluster/ClusterConfigTests.cs,False,Direct Analysis
TearDown,31,garnet-1.0.92/test/Garnet.test.cluster/ClusterConfigTests.cs,False,Direct Analysis
ClusterConfigInitializesUnassignedWorkerTest,38,garnet-1.0.92/test/Garnet.test.cluster/ClusterConfigTests.cs,False,Direct Analysis
ClusterForgetAfterNodeRestartTest,65,garnet-1.0.92/test/Garnet.test.cluster/ClusterConfigTests.cs,False,Direct Analysis
ClusterAnnounceRecoverTest,107,garnet-1.0.92/test/Garnet.test.cluster/ClusterConfigTests.cs,False,Direct Analysis
ClusterAnyIPAnnounce,136,garnet-1.0.92/test/Garnet.test.cluster/ClusterConfigTests.cs,False,Direct Analysis
Dispose,26,garnet-1.0.92/libs/common/Networking/LightConcurrentStack.cs,False,Direct Analysis
TryPush,40,garnet-1.0.92/libs/common/Networking/LightConcurrentStack.cs,False,Direct Analysis
TryPop,55,garnet-1.0.92/libs/common/Networking/LightConcurrentStack.cs,False,Direct Analysis
Setup,702,garnet-1.0.92/libs/storage/Tsavorite/cs/test/RevivificationTests.cs,False,Direct Analysis
TearDown,751,garnet-1.0.92/libs/storage/Tsavorite/cs/test/RevivificationTests.cs,False,Direct Analysis
Populate,765,garnet-1.0.92/libs/storage/Tsavorite/cs/test/RevivificationTests.cs,False,Direct Analysis
SpanByteNoRevivLengthTest,793,garnet-1.0.92/libs/storage/Tsavorite/cs/test/RevivificationTests.cs,False,Direct Analysis
DeleteViaRMW,859,garnet-1.0.92/libs/storage/Tsavorite/cs/test/RevivificationTests.cs,False,Direct Analysis
PerformDeletion,866,garnet-1.0.92/libs/storage/Tsavorite/cs/test/RevivificationTests.cs,False,Direct Analysis
SpanByteSimpleTest,901,garnet-1.0.92/libs/storage/Tsavorite/cs/test/RevivificationTests.cs,False,Direct Analysis
SpanByteDeletionViaRMWRCURevivifiesOriginalRecordAfterTombstoning,941,garnet-1.0.92/libs/storage/Tsavorite/cs/test/RevivificationTests.cs,False,Direct Analysis
SpanByteIPUGrowAndRevivifyTest,995,garnet-1.0.92/libs/storage/Tsavorite/cs/test/RevivificationTests.cs,False,Direct Analysis
SpanByteReadOnlyMinAddressTest,1070,garnet-1.0.92/libs/storage/Tsavorite/cs/test/RevivificationTests.cs,False,Direct Analysis
PrepareDeletes,1110,garnet-1.0.92/libs/storage/Tsavorite/cs/test/RevivificationTests.cs,False,Direct Analysis
SpanByteUpdateRevivifyTest,1170,garnet-1.0.92/libs/storage/Tsavorite/cs/test/RevivificationTests.cs,False,Direct Analysis
SimpleRevivifyTest,1245,garnet-1.0.92/libs/storage/Tsavorite/cs/test/RevivificationTests.cs,False,Direct Analysis
DeleteEntireChainAndRevivifyTest,1286,garnet-1.0.92/libs/storage/Tsavorite/cs/test/RevivificationTests.cs,False,Direct Analysis
DeleteAllRecordsAndRevivifyTest,1338,garnet-1.0.92/libs/storage/Tsavorite/cs/test/RevivificationTests.cs,False,Direct Analysis
DeleteAllRecordsAndTakeSnapshotTest,1407,garnet-1.0.92/libs/storage/Tsavorite/cs/test/RevivificationTests.cs,False,Direct Analysis
DeleteAllRecordsAndIterateTest,1431,garnet-1.0.92/libs/storage/Tsavorite/cs/test/RevivificationTests.cs,False,Direct Analysis
BinSelectionTest,1459,garnet-1.0.92/libs/storage/Tsavorite/cs/test/RevivificationTests.cs,False,Direct Analysis
ArtificialBinWrappingTest,1486,garnet-1.0.92/libs/storage/Tsavorite/cs/test/RevivificationTests.cs,False,Direct Analysis
LiveBinWrappingTest,1536,garnet-1.0.92/libs/storage/Tsavorite/cs/test/RevivificationTests.cs,False,Direct Analysis
LiveBinWrappingNoRevivTest,1620,garnet-1.0.92/libs/storage/Tsavorite/cs/test/RevivificationTests.cs,False,Direct Analysis
SimpleOversizeRevivifyTest,1662,garnet-1.0.92/libs/storage/Tsavorite/cs/test/RevivificationTests.cs,False,Direct Analysis
SimplePendingOpsRevivifyTest,1715,garnet-1.0.92/libs/storage/Tsavorite/cs/test/RevivificationTests.cs,False,Direct Analysis
SnapCursorToLogicalAddress,74,garnet-1.0.92/libs/storage/Tsavorite/cs/src/core/Allocator/BlittableScanIterator.cs,False,Direct Analysis
GetNext,85,garnet-1.0.92/libs/storage/Tsavorite/cs/src/core/Allocator/BlittableScanIterator.cs,False,Direct Analysis
IPushScanIterator,160,garnet-1.0.92/libs/storage/Tsavorite/cs/src/core/Allocator/BlittableScanIterator.cs,False,Direct Analysis
IPushScanIterator,199,garnet-1.0.92/libs/storage/Tsavorite/cs/src/core/Allocator/BlittableScanIterator.cs,False,Direct Analysis
GetPhysicalAddress,206,garnet-1.0.92/libs/storage/Tsavorite/cs/src/core/Allocator/BlittableScanIterator.cs,False,Direct Analysis
CopyDataMembers,220,garnet-1.0.92/libs/storage/Tsavorite/cs/src/core/Allocator/BlittableScanIterator.cs,False,Direct Analysis
GetNext,234,garnet-1.0.92/libs/storage/Tsavorite/cs/src/core/Allocator/BlittableScanIterator.cs,False,Direct Analysis
Dispose,251,garnet-1.0.92/libs/storage/Tsavorite/cs/src/core/Allocator/BlittableScanIterator.cs,False,Direct Analysis
AsyncReadPagesCallback,261,garnet-1.0.92/libs/storage/Tsavorite/cs/src/core/Allocator/BlittableScanIterator.cs,False,Direct Analysis
ExecuteFilter,34,garnet-1.0.92/modules/GarnetJSON/JSONPath/FieldMultipleFilter.cs,False,Direct Analysis
ExecuteFilter,72,garnet-1.0.92/modules/GarnetJSON/JSONPath/FieldMultipleFilter.cs,False,Direct Analysis
Setup,1790,garnet-1.0.92/libs/storage/Tsavorite/cs/test/RevivificationTests.cs,False,Direct Analysis
TearDown,1815,garnet-1.0.92/libs/storage/Tsavorite/cs/test/RevivificationTests.cs,False,Direct Analysis
Populate,1829,garnet-1.0.92/libs/storage/Tsavorite/cs/test/RevivificationTests.cs,False,Direct Analysis
SimpleObjectTest,1843,garnet-1.0.92/libs/storage/Tsavorite/cs/test/RevivificationTests.cs,False,Direct Analysis
Setup,56,garnet-1.0.92/libs/storage/Tsavorite/cs/test/SimpleRecoveryTest.cs,False,Direct Analysis
TearDown,67,garnet-1.0.92/libs/storage/Tsavorite/cs/test/SimpleRecoveryTest.cs,False,Direct Analysis
PageBlobSimpleRecoveryTest,82,garnet-1.0.92/libs/storage/Tsavorite/cs/test/SimpleRecoveryTest.cs,False,Direct Analysis
LocalDeviceSimpleRecoveryTest,100,garnet-1.0.92/libs/storage/Tsavorite/cs/test/SimpleRecoveryTest.cs,False,Direct Analysis
SimpleRecoveryTest1_Worker,113,garnet-1.0.92/libs/storage/Tsavorite/cs/test/SimpleRecoveryTest.cs,False,Direct Analysis
SimpleRecoveryTest2,196,garnet-1.0.92/libs/storage/Tsavorite/cs/test/SimpleRecoveryTest.cs,False,Direct Analysis
ShouldRecoverBeginAddress,263,garnet-1.0.92/libs/storage/Tsavorite/cs/test/SimpleRecoveryTest.cs,False,Direct Analysis
SimpleReadAndUpdateInfoTest,324,garnet-1.0.92/libs/storage/Tsavorite/cs/test/SimpleRecoveryTest.cs,False,Direct Analysis
GetSingleSlotRequest,2579,garnet-1.0.92/test/Garnet.test.cluster/RedirectTests/BaseCommand.cs,False,Direct Analysis
Dispose,108,garnet-1.0.92/libs/client/NetworkWriter.cs,False,Direct Analysis
GetTailAddress,121,garnet-1.0.92/libs/client/NetworkWriter.cs,False,Direct Analysis
TryAllocate,146,garnet-1.0.92/libs/client/NetworkWriter.cs,False,Direct Analysis
AddressInfoTest,16,garnet-1.0.92/libs/storage/Tsavorite/cs/test/SimpleTests.cs,False,Direct Analysis
SimpleTest,18,garnet-1.0.92/libs/storage/Tsavorite/cs/test/SimpleVersionSchemeTest.cs,False,Direct Analysis
SingleThreadTest,40,garnet-1.0.92/libs/storage/Tsavorite/cs/test/SimpleVersionSchemeTest.cs,False,Direct Analysis
LargeConcurrentTest,62,garnet-1.0.92/libs/storage/Tsavorite/cs/test/SimpleVersionSchemeTest.cs,False,Direct Analysis
Dispose,57,garnet-1.0.92/libs/cluster/Server/Replication/PrimaryOps/AofSyncTaskInfo.cs,False,Direct Analysis
Consume,69,garnet-1.0.92/libs/cluster/Server/Replication/PrimaryOps/AofSyncTaskInfo.cs,False,Direct Analysis
Throttle,91,garnet-1.0.92/libs/cluster/Server/Replication/PrimaryOps/AofSyncTaskInfo.cs,False,Direct Analysis
ReplicaSyncTask,101,garnet-1.0.92/libs/cluster/Server/Replication/PrimaryOps/AofSyncTaskInfo.cs,False,Direct Analysis
SingleWriter,19,garnet-1.0.92/libs/storage/Tsavorite/cs/test/SingleWriterTests.cs,False,Direct Analysis
PostSingleWriter,26,garnet-1.0.92/libs/storage/Tsavorite/cs/test/SingleWriterTests.cs,False,Direct Analysis
OperationThread,321,garnet-1.0.92/libs/storage/Tsavorite/cs/test/StateMachineDriverTests.cs,False,Direct Analysis
CanConvertFrom,17,garnet-1.0.92/libs/host/Configuration/TypeConverters.cs,False,Direct Analysis
CanConvertTo,22,garnet-1.0.92/libs/host/Configuration/TypeConverters.cs,False,Direct Analysis
ConvertFrom,28,garnet-1.0.92/libs/host/Configuration/TypeConverters.cs,False,Direct Analysis
ConvertTo,46,garnet-1.0.92/libs/host/Configuration/TypeConverters.cs,False,Direct Analysis
Setup,27,garnet-1.0.92/libs/storage/Tsavorite/cs/test/GenericIterationTests.cs,False,Direct Analysis
InternalSetup,33,garnet-1.0.92/libs/storage/Tsavorite/cs/test/GenericIterationTests.cs,False,Direct Analysis
TearDown,55,garnet-1.0.92/libs/storage/Tsavorite/cs/test/GenericIterationTests.cs,False,Direct Analysis
GenericIterationBasicTest,94,garnet-1.0.92/libs/storage/Tsavorite/cs/test/GenericIterationTests.cs,False,Direct Analysis
GenericIterationPushStopTest,174,garnet-1.0.92/libs/storage/Tsavorite/cs/test/GenericIterationTests.cs,False,Direct Analysis
GenericIterationPushLockTest,208,garnet-1.0.92/libs/storage/Tsavorite/cs/test/GenericIterationTests.cs,False,Direct Analysis
TsavoritePerfWarning,40,garnet-1.0.92/libs/storage/Tsavorite/cs/src/devices/AzureStorageDevice/TsavoriteTraceHelper.cs,False,Direct Analysis
TsavoriteStorageProgress,52,garnet-1.0.92/libs/storage/Tsavorite/cs/src/devices/AzureStorageDevice/TsavoriteTraceHelper.cs,False,Direct Analysis
TsavoriteAzureStorageAccessCompleted,63,garnet-1.0.92/libs/storage/Tsavorite/cs/src/devices/AzureStorageDevice/TsavoriteTraceHelper.cs,False,Direct Analysis
LeaseAcquired,79,garnet-1.0.92/libs/storage/Tsavorite/cs/src/devices/AzureStorageDevice/TsavoriteTraceHelper.cs,False,Direct Analysis
LeaseRenewed,90,garnet-1.0.92/libs/storage/Tsavorite/cs/src/devices/AzureStorageDevice/TsavoriteTraceHelper.cs,False,Direct Analysis
LeaseReleased,101,garnet-1.0.92/libs/storage/Tsavorite/cs/src/devices/AzureStorageDevice/TsavoriteTraceHelper.cs,False,Direct Analysis
LeaseLost,112,garnet-1.0.92/libs/storage/Tsavorite/cs/src/devices/AzureStorageDevice/TsavoriteTraceHelper.cs,False,Direct Analysis
LeaseProgress,123,garnet-1.0.92/libs/storage/Tsavorite/cs/src/devices/AzureStorageDevice/TsavoriteTraceHelper.cs,False,Direct Analysis
GetInitialLength,23,garnet-1.0.92/main/GarnetServer/Extensions/SetWPIfPGT.cs,False,Direct Analysis
GetLength,30,garnet-1.0.92/main/GarnetServer/Extensions/SetWPIfPGT.cs,False,Direct Analysis
NeedInitialUpdate,37,garnet-1.0.92/main/GarnetServer/Extensions/SetWPIfPGT.cs,False,Direct Analysis
NeedCopyUpdate,51,garnet-1.0.92/main/GarnetServer/Extensions/SetWPIfPGT.cs,False,Direct Analysis
InitialUpdater,65,garnet-1.0.92/main/GarnetServer/Extensions/SetWPIfPGT.cs,False,Direct Analysis
InPlaceUpdater,78,garnet-1.0.92/main/GarnetServer/Extensions/SetWPIfPGT.cs,False,Direct Analysis
CopyUpdater,108,garnet-1.0.92/main/GarnetServer/Extensions/SetWPIfPGT.cs,False,Direct Analysis
Initialize,68,garnet-1.0.92/libs/server/Module/ModuleRegistrar.cs,False,Direct Analysis
RegisterCommand,96,garnet-1.0.92/libs/server/Module/ModuleRegistrar.cs,False,Direct Analysis
RegisterTransaction,114,garnet-1.0.92/libs/server/Module/ModuleRegistrar.cs,False,Direct Analysis
RegisterType,127,garnet-1.0.92/libs/server/Module/ModuleRegistrar.cs,False,Direct Analysis
RegisterCommand,147,garnet-1.0.92/libs/server/Module/ModuleRegistrar.cs,False,Direct Analysis
RegisterProcedure,165,garnet-1.0.92/libs/server/Module/ModuleRegistrar.cs,False,Direct Analysis
RMWCompletionCallback,126,garnet-1.0.92/libs/storage/Tsavorite/cs/test/TestTypes.cs,False,Direct Analysis
ReadCompletionCallback,132,garnet-1.0.92/libs/storage/Tsavorite/cs/test/TestTypes.cs,False,Direct Analysis
SingleReader,147,garnet-1.0.92/libs/storage/Tsavorite/cs/test/TestTypes.cs,False,Direct Analysis
ConcurrentReader,153,garnet-1.0.92/libs/storage/Tsavorite/cs/test/TestTypes.cs,False,Direct Analysis
InitialUpdater,160,garnet-1.0.92/libs/storage/Tsavorite/cs/test/TestTypes.cs,False,Direct Analysis
InPlaceUpdater,167,garnet-1.0.92/libs/storage/Tsavorite/cs/test/TestTypes.cs,False,Direct Analysis
CopyUpdater,176,garnet-1.0.92/libs/storage/Tsavorite/cs/test/TestTypes.cs,False,Direct Analysis
RMWCompletionCallback,192,garnet-1.0.92/libs/storage/Tsavorite/cs/test/TestTypes.cs,False,Direct Analysis
ReadCompletionCallback,198,garnet-1.0.92/libs/storage/Tsavorite/cs/test/TestTypes.cs,False,Direct Analysis
SingleReader,206,garnet-1.0.92/libs/storage/Tsavorite/cs/test/TestTypes.cs,False,Direct Analysis
ConcurrentReader,213,garnet-1.0.92/libs/storage/Tsavorite/cs/test/TestTypes.cs,False,Direct Analysis
SingleWriter,221,garnet-1.0.92/libs/storage/Tsavorite/cs/test/TestTypes.cs,False,Direct Analysis
ConcurrentWriter,228,garnet-1.0.92/libs/storage/Tsavorite/cs/test/TestTypes.cs,False,Direct Analysis
InitialUpdater,236,garnet-1.0.92/libs/storage/Tsavorite/cs/test/TestTypes.cs,False,Direct Analysis
InPlaceUpdater,244,garnet-1.0.92/libs/storage/Tsavorite/cs/test/TestTypes.cs,False,Direct Analysis
NeedCopyUpdate,251,garnet-1.0.92/libs/storage/Tsavorite/cs/test/TestTypes.cs,False,Direct Analysis
CopyUpdater,257,garnet-1.0.92/libs/storage/Tsavorite/cs/test/TestTypes.cs,False,Direct Analysis
GetSingleSlotRequest,2507,garnet-1.0.92/test/Garnet.test.cluster/RedirectTests/BaseCommand.cs,False,Direct Analysis
Setup,31,garnet-1.0.92/libs/storage/Tsavorite/cs/test/UnsafeContextTests.cs,False,Direct Analysis
Setup,37,garnet-1.0.92/libs/storage/Tsavorite/cs/test/UnsafeContextTests.cs,False,Direct Analysis
TearDown,53,garnet-1.0.92/libs/storage/Tsavorite/cs/test/UnsafeContextTests.cs,False,Direct Analysis
NativeInMemWriteRead,81,garnet-1.0.92/libs/storage/Tsavorite/cs/test/UnsafeContextTests.cs,False,Direct Analysis
NativeInMemWriteReadDelete,110,garnet-1.0.92/libs/storage/Tsavorite/cs/test/UnsafeContextTests.cs,False,Direct Analysis
NativeInMemWriteReadDelete2,152,garnet-1.0.92/libs/storage/Tsavorite/cs/test/UnsafeContextTests.cs,False,Direct Analysis
NativeInMemWriteRead2,209,garnet-1.0.92/libs/storage/Tsavorite/cs/test/UnsafeContextTests.cs,False,Direct Analysis
TestShiftHeadAddressUC,270,garnet-1.0.92/libs/storage/Tsavorite/cs/test/UnsafeContextTests.cs,False,Direct Analysis
NativeInMemRMWRefKeys,367,garnet-1.0.92/libs/storage/Tsavorite/cs/test/UnsafeContextTests.cs,False,Direct Analysis
NativeInMemRMWNoRefKeys,440,garnet-1.0.92/libs/storage/Tsavorite/cs/test/UnsafeContextTests.cs,False,Direct Analysis
ReadNoRefKeyInputOutput,506,garnet-1.0.92/libs/storage/Tsavorite/cs/test/UnsafeContextTests.cs,False,Direct Analysis
ReadNoRefKey,537,garnet-1.0.92/libs/storage/Tsavorite/cs/test/UnsafeContextTests.cs,False,Direct Analysis
ReadWithoutInput,568,garnet-1.0.92/libs/storage/Tsavorite/cs/test/UnsafeContextTests.cs,False,Direct Analysis
ReadBareMinParams,600,garnet-1.0.92/libs/storage/Tsavorite/cs/test/UnsafeContextTests.cs,False,Direct Analysis
Setup,22,garnet-1.0.92/libs/storage/Tsavorite/cs/test/WaitForCommit.cs,False,Direct Analysis
TearDown,33,garnet-1.0.92/libs/storage/Tsavorite/cs/test/WaitForCommit.cs,False,Direct Analysis
WaitForCommitBasicTest,49,garnet-1.0.92/libs/storage/Tsavorite/cs/test/WaitForCommit.cs,False,Direct Analysis
InPlaceUpdater,36,garnet-1.0.92/main/GarnetServer/Extensions/DeleteIfMatch.cs,False,Direct Analysis
NeedCopyUpdate,49,garnet-1.0.92/main/GarnetServer/Extensions/DeleteIfMatch.cs,False,Direct Analysis
CopyUpdater,60,garnet-1.0.92/main/GarnetServer/Extensions/DeleteIfMatch.cs,False,Direct Analysis
Finalize,34,garnet-1.0.92/main/GarnetServer/Extensions/MGetIfPM.cs,False,Direct Analysis
WriterCriticalSectionEnter,83,garnet-1.0.92/metrics/HdrHistogram/Utilities/WriterReaderPhaser.cs,False,Direct Analysis
WriterCriticalSectionExit,98,garnet-1.0.92/metrics/HdrHistogram/Utilities/WriterReaderPhaser.cs,False,Direct Analysis
ReaderLock,115,garnet-1.0.92/metrics/HdrHistogram/Utilities/WriterReaderPhaser.cs,False,Direct Analysis
ReaderUnlock,123,garnet-1.0.92/metrics/HdrHistogram/Utilities/WriterReaderPhaser.cs,False,Direct Analysis
FlipPhase,143,garnet-1.0.92/metrics/HdrHistogram/Utilities/WriterReaderPhaser.cs,False,Direct Analysis
Updater,15,garnet-1.0.92/main/GarnetServer/Extensions/MyDictSet.cs,False,Direct Analysis
AuthenticateInternal,28,garnet-1.0.92/libs/server/Auth/GarnetAclWithAadAuthenticator.cs,False,Direct Analysis
Setup,121,garnet-1.0.92/libs/storage/Tsavorite/cs/test/FunctionPerSessionTests.cs,False,Direct Analysis
TearDown,140,garnet-1.0.92/libs/storage/Tsavorite/cs/test/FunctionPerSessionTests.cs,False,Direct Analysis
Should_create_multiple_sessions_with_different_callbacks,151,garnet-1.0.92/libs/storage/Tsavorite/cs/test/FunctionPerSessionTests.cs,False,Direct Analysis
Prepare,30,garnet-1.0.92/main/GarnetServer/Extensions/SampleDeleteTxn.cs,False,Direct Analysis
Main,54,garnet-1.0.92/main/GarnetServer/Extensions/SampleDeleteTxn.cs,False,Direct Analysis
Execute,11,garnet-1.0.92/main/GarnetServer/Extensions/Sum.cs,False,Direct Analysis
Setup,12,garnet-1.0.92/test/Garnet.test.cluster/ReplicationTests/ClusterReplicationTLS.cs,False,Direct Analysis
TearDown,19,garnet-1.0.92/test/Garnet.test.cluster/ReplicationTests/ClusterReplicationTLS.cs,False,Direct Analysis
Setup,30,garnet-1.0.92/test/Garnet.test/RespTests.cs,False,Direct Analysis
TearDown,39,garnet-1.0.92/test/Garnet.test/RespTests.cs,False,Direct Analysis
UniqueRespCommandIds,49,garnet-1.0.92/test/Garnet.test/RespTests.cs,False,Direct Analysis
OneIfWrite,63,garnet-1.0.92/test/Garnet.test/RespTests.cs,False,Direct Analysis
OneIfRead,95,garnet-1.0.92/test/Garnet.test/RespTests.cs,False,Direct Analysis
IsClusterSubCommand,127,garnet-1.0.92/test/Garnet.test/RespTests.cs,False,Direct Analysis
TryRestoreKeyNonStringType,146,garnet-1.0.92/test/Garnet.test/RespTests.cs,False,Direct Analysis
TryRestoreExistingKey,163,garnet-1.0.92/test/Garnet.test/RespTests.cs,False,Direct Analysis
SingleRestore32Bit,179,garnet-1.0.92/test/Garnet.test/RespTests.cs,False,Direct Analysis
SingleRestore14Bit,208,garnet-1.0.92/test/Garnet.test/RespTests.cs,False,Direct Analysis
SingleRestore6Bit,237,garnet-1.0.92/test/Garnet.test/RespTests.cs,False,Direct Analysis
SingleRestore6BitWithoutTtl,259,garnet-1.0.92/test/Garnet.test/RespTests.cs,False,Direct Analysis
SingleDump6Bit,281,garnet-1.0.92/test/Garnet.test/RespTests.cs,False,Direct Analysis
SingleDump14Bit,319,garnet-1.0.92/test/Garnet.test/RespTests.cs,False,Direct Analysis
SingleDump32Bit,370,garnet-1.0.92/test/Garnet.test/RespTests.cs,False,Direct Analysis
TryDumpKeyNonString,421,garnet-1.0.92/test/Garnet.test/RespTests.cs,False,Direct Analysis
TryDumpKeyThatDoesNotExist,438,garnet-1.0.92/test/Garnet.test/RespTests.cs,False,Direct Analysis
SingleSetGet,449,garnet-1.0.92/test/Garnet.test/RespTests.cs,False,Direct Analysis
SingleAsciiSetGetGarnetClient,463,garnet-1.0.92/test/Garnet.test/RespTests.cs,False,Direct Analysis
SingleUnicodeSetGetGarnetClient,477,garnet-1.0.92/test/Garnet.test/RespTests.cs,False,Direct Analysis
MultiSetGet,491,garnet-1.0.92/test/Garnet.test/RespTests.cs,False,Direct Analysis
MultiSetNX,564,garnet-1.0.92/test/Garnet.test/RespTests.cs,False,Direct Analysis
LargeSetGet,603,garnet-1.0.92/test/Garnet.test/RespTests.cs,False,Direct Analysis
SetExpiry,623,garnet-1.0.92/test/Garnet.test/RespTests.cs,False,Direct Analysis
SetExpiryHighPrecision,660,garnet-1.0.92/test/Garnet.test/RespTests.cs,False,Direct Analysis
SetExpiryThenExpireAndAppend,681,garnet-1.0.92/test/Garnet.test/RespTests.cs,False,Direct Analysis
SetExpiryNx,701,garnet-1.0.92/test/Garnet.test/RespTests.cs,False,Direct Analysis
SetAndGetExpiryNx,739,garnet-1.0.92/test/Garnet.test/RespTests.cs,False,Direct Analysis
SetXx,778,garnet-1.0.92/test/Garnet.test/RespTests.cs,False,Direct Analysis
SetAndGetExpiryXx,808,garnet-1.0.92/test/Garnet.test/RespTests.cs,False,Direct Analysis
SetGet,852,garnet-1.0.92/test/Garnet.test/RespTests.cs,False,Direct Analysis
SetExpiryIncr,921,garnet-1.0.92/test/Garnet.test/RespTests.cs,False,Direct Analysis
IncrDecrChangeDigitsWithExpiry,951,garnet-1.0.92/test/Garnet.test/RespTests.cs,False,Direct Analysis
SetOptionsCaseSensitivityTest,994,garnet-1.0.92/test/Garnet.test/RespTests.cs,False,Direct Analysis
LockTakeRelease,1096,garnet-1.0.92/test/Garnet.test/RespTests.cs,False,Direct Analysis
SingleIncr,1138,garnet-1.0.92/test/Garnet.test/RespTests.cs,False,Direct Analysis
SingleIncrBy,1167,garnet-1.0.92/test/Garnet.test/RespTests.cs,False,Direct Analysis
SingleDecr,1195,garnet-1.0.92/test/Garnet.test/RespTests.cs,False,Direct Analysis
SingleDecrBy,1213,garnet-1.0.92/test/Garnet.test/RespTests.cs,False,Direct Analysis
SingleDecrByNoKey,1227,garnet-1.0.92/test/Garnet.test/RespTests.cs,False,Direct Analysis
SingleIncrNoKey,1244,garnet-1.0.92/test/Garnet.test/RespTests.cs,False,Direct Analysis
SimpleIncrementInvalidValue,1273,garnet-1.0.92/test/Garnet.test/RespTests.cs,False,Direct Analysis
SimpleIncrementOverflow,1314,garnet-1.0.92/test/Garnet.test/RespTests.cs,False,Direct Analysis
SimpleIncrementByFloatWithNoKey,1351,garnet-1.0.92/test/Garnet.test/RespTests.cs,False,Direct Analysis
SimpleIncrementByFloat,1381,garnet-1.0.92/test/Garnet.test/RespTests.cs,False,Direct Analysis
SimpleIncrementByFloatWithInvalidFloat,1406,garnet-1.0.92/test/Garnet.test/RespTests.cs,False,Direct Analysis
SingleDelete,1424,garnet-1.0.92/test/Garnet.test/RespTests.cs,False,Direct Analysis
SingleDeleteWithObjectStoreDisabled,1439,garnet-1.0.92/test/Garnet.test/RespTests.cs,False,Direct Analysis
SingleDeleteWithObjectStoreDisable_LTM,1464,garnet-1.0.92/test/Garnet.test/RespTests.cs,False,Direct Analysis
GarnetObjectStoreDisabledError,1504,garnet-1.0.92/test/Garnet.test/RespTests.cs,False,Direct Analysis
MultiKeyDelete,1534,garnet-1.0.92/test/Garnet.test/RespTests.cs,False,Direct Analysis
MultiKeyDeleteObjectStore,1569,garnet-1.0.92/test/Garnet.test/RespTests.cs,False,Direct Analysis
MultiKeyUnlink,1602,garnet-1.0.92/test/Garnet.test/RespTests.cs,False,Direct Analysis
MultiKeyUnlinkObjectStore,1636,garnet-1.0.92/test/Garnet.test/RespTests.cs,False,Direct Analysis
SingleExists,1668,garnet-1.0.92/test/Garnet.test/RespTests.cs,False,Direct Analysis
SingleExistsObject,1694,garnet-1.0.92/test/Garnet.test/RespTests.cs,False,Direct Analysis
MultipleExistsKeysAndObjects,1709,garnet-1.0.92/test/Garnet.test/RespTests.cs,False,Direct Analysis
ExpiretimeWithStingValue,1729,garnet-1.0.92/test/Garnet.test/RespTests.cs,False,Direct Analysis
ExpiretimeWithUnknownKey,1745,garnet-1.0.92/test/Garnet.test/RespTests.cs,False,Direct Analysis
ExpiretimeWithNoKeyExpiration,1756,garnet-1.0.92/test/Garnet.test/RespTests.cs,False,Direct Analysis
ExpiretimeWithInvalidNumberOfArgs,1769,garnet-1.0.92/test/Garnet.test/RespTests.cs,False,Direct Analysis
ExpiretimeWithObjectValue,1779,garnet-1.0.92/test/Garnet.test/RespTests.cs,False,Direct Analysis
ExpiretimeWithNoKeyExpirationForObjectValue,1797,garnet-1.0.92/test/Garnet.test/RespTests.cs,False,Direct Analysis
PExpiretimeWithStingValue,1811,garnet-1.0.92/test/Garnet.test/RespTests.cs,False,Direct Analysis
PExpiretimeWithUnknownKey,1827,garnet-1.0.92/test/Garnet.test/RespTests.cs,False,Direct Analysis
PExpiretimeWithNoKeyExpiration,1838,garnet-1.0.92/test/Garnet.test/RespTests.cs,False,Direct Analysis
PExpiretimeWithInvalidNumberOfArgs,1851,garnet-1.0.92/test/Garnet.test/RespTests.cs,False,Direct Analysis
PExpiretimeWithObjectValue,1861,garnet-1.0.92/test/Garnet.test/RespTests.cs,False,Direct Analysis
PExpiretimeWithNoKeyExpirationForObjectValue,1879,garnet-1.0.92/test/Garnet.test/RespTests.cs,False,Direct Analysis
SingleRename,1895,garnet-1.0.92/test/Garnet.test/RespTests.cs,False,Direct Analysis
SingleRenameWithExpiry,1913,garnet-1.0.92/test/Garnet.test/RespTests.cs,False,Direct Analysis
SingleRenameKeyEdgeCase,1933,garnet-1.0.92/test/Garnet.test/RespTests.cs,False,Direct Analysis
SingleRenameObjectStore,1965,garnet-1.0.92/test/Garnet.test/RespTests.cs,False,Direct Analysis
SingleRenameObjectStoreWithExpiry,1989,garnet-1.0.92/test/Garnet.test/RespTests.cs,False,Direct Analysis
SingleRenameWithOldKeyAndNewKeyAsSame,2021,garnet-1.0.92/test/Garnet.test/RespTests.cs,False,Direct Analysis
SingleRenameNx,2039,garnet-1.0.92/test/Garnet.test/RespTests.cs,False,Direct Analysis
SingleRenameNxWithNewKeyAlreadyExist,2058,garnet-1.0.92/test/Garnet.test/RespTests.cs,False,Direct Analysis
SingleRenameNxWithExpiry,2079,garnet-1.0.92/test/Garnet.test/RespTests.cs,False,Direct Analysis
SingleRenameNxWithExpiryAndNewKeyAlreadyExist,2100,garnet-1.0.92/test/Garnet.test/RespTests.cs,False,Direct Analysis
SingleRenameNxObjectStore,2126,garnet-1.0.92/test/Garnet.test/RespTests.cs,False,Direct Analysis
SingleRenameNxObjectStoreWithNewKeyAlreadyExist,2148,garnet-1.0.92/test/Garnet.test/RespTests.cs,False,Direct Analysis
SingleRenameNxObjectStoreWithExpiry,2171,garnet-1.0.92/test/Garnet.test/RespTests.cs,False,Direct Analysis
SingleRenameNxObjectStoreWithExpiryAndNewKeyAlreadyExist,2199,garnet-1.0.92/test/Garnet.test/RespTests.cs,False,Direct Analysis
SingleRenameNxWithKeyNotExist,2232,garnet-1.0.92/test/Garnet.test/RespTests.cs,False,Direct Analysis
SingleRenameNxWithOldKeyAndNewKeyAsSame,2242,garnet-1.0.92/test/Garnet.test/RespTests.cs,False,Direct Analysis
SingleRenameNXWithEtagSetOldAndNewKey,2258,garnet-1.0.92/test/Garnet.test/RespTests.cs,False,Direct Analysis
SingleRenameNXWithEtagSetOldKey,2274,garnet-1.0.92/test/Garnet.test/RespTests.cs,False,Direct Analysis
CanSelectCommand,2302,garnet-1.0.92/test/Garnet.test/RespTests.cs,False,Direct Analysis
CanSelectCommandLC,2315,garnet-1.0.92/test/Garnet.test/RespTests.cs,False,Direct Analysis
CanDoCommandsInChunks,2328,garnet-1.0.92/test/Garnet.test/RespTests.cs,False,Direct Analysis
CanSetGetCommandsChunks,2397,garnet-1.0.92/test/Garnet.test/RespTests.cs,False,Direct Analysis
PersistTTLTest,2429,garnet-1.0.92/test/Garnet.test/RespTests.cs,False,Direct Analysis
ObjectTTLTest,2463,garnet-1.0.92/test/Garnet.test/RespTests.cs,False,Direct Analysis
PersistTest,2486,garnet-1.0.92/test/Garnet.test/RespTests.cs,False,Direct Analysis
PersistObjectTest,2516,garnet-1.0.92/test/Garnet.test/RespTests.cs,False,Direct Analysis
KeyExpireStringTest,2544,garnet-1.0.92/test/Garnet.test/RespTests.cs,False,Direct Analysis
KeyExpireObjectTest,2569,garnet-1.0.92/test/Garnet.test/RespTests.cs,False,Direct Analysis
KeyExpireOptionsTest,2609,garnet-1.0.92/test/Garnet.test/RespTests.cs,False,Direct Analysis
KeyExpireBadOptionTests,2673,garnet-1.0.92/test/Garnet.test/RespTests.cs,False,Direct Analysis
KeyExpireAtWithStringAndObject,2712,garnet-1.0.92/test/Garnet.test/RespTests.cs,False,Direct Analysis
KeyExpireAtWithUnknownKey,2740,garnet-1.0.92/test/Garnet.test/RespTests.cs,False,Direct Analysis
KeyExpireAtWithoutArgs,2755,garnet-1.0.92/test/Garnet.test/RespTests.cs,False,Direct Analysis
KeyExpireAtWithUnknownArgs,2767,garnet-1.0.92/test/Garnet.test/RespTests.cs,False,Direct Analysis
KeyExpireAtWithNxOptionAndKeyHasExpire,2783,garnet-1.0.92/test/Garnet.test/RespTests.cs,False,Direct Analysis
KeyExpireAtWithNxOptionAndKeyHasNoExpire,2816,garnet-1.0.92/test/Garnet.test/RespTests.cs,False,Direct Analysis
KeyExpireAtWithXxOptionAndKeyHasExpire,2846,garnet-1.0.92/test/Garnet.test/RespTests.cs,False,Direct Analysis
KeyExpireAtWithXxOptionAndKeyHasNoExpire,2878,garnet-1.0.92/test/Garnet.test/RespTests.cs,False,Direct Analysis
KeyExpireAtWithGtOptionAndExistingKeyHasSmallerExpire,2906,garnet-1.0.92/test/Garnet.test/RespTests.cs,False,Direct Analysis
KeyExpireAtWithGtOptionAndExistingKeyHasLargerExpire,2938,garnet-1.0.92/test/Garnet.test/RespTests.cs,False,Direct Analysis
KeyExpireAtWithGtOptionAndExistingKeyNoExpire,2970,garnet-1.0.92/test/Garnet.test/RespTests.cs,False,Direct Analysis
KeyExpireAtWithXxAndGtOptionAndExistingKeyHasSmallerExpire,2998,garnet-1.0.92/test/Garnet.test/RespTests.cs,False,Direct Analysis
KeyExpireAtWithXxAndGtOptionAndExistingKeyHasLargerExpire,3030,garnet-1.0.92/test/Garnet.test/RespTests.cs,False,Direct Analysis
KeyExpireAtWithXxAndGtOptionAndExistingKeyNoExpire,3062,garnet-1.0.92/test/Garnet.test/RespTests.cs,False,Direct Analysis
KeyExpireAtWithLtOptionAndExistingKeyHasSmallerExpire,3090,garnet-1.0.92/test/Garnet.test/RespTests.cs,False,Direct Analysis
KeyExpireAtWithLtOptionAndExistingKeyHasLargerExpire,3122,garnet-1.0.92/test/Garnet.test/RespTests.cs,False,Direct Analysis
KeyExpireAtWithLtOptionAndExistingKeyNoExpire,3154,garnet-1.0.92/test/Garnet.test/RespTests.cs,False,Direct Analysis
KeyExpireAtWithXxAndLtOptionAndExistingKeyHasSmallerExpire,3184,garnet-1.0.92/test/Garnet.test/RespTests.cs,False,Direct Analysis
KeyExpireAtWithXxAndLtOptionAndExistingKeyHasLargerExpire,3216,garnet-1.0.92/test/Garnet.test/RespTests.cs,False,Direct Analysis
KeyExpireAtWithXxAndLtOptionAndExistingKeyNoExpire,3248,garnet-1.0.92/test/Garnet.test/RespTests.cs,False,Direct Analysis
KeyExpireAtWithInvalidOptionCombination,3278,garnet-1.0.92/test/Garnet.test/RespTests.cs,False,Direct Analysis
ReAddExpiredKey,3293,garnet-1.0.92/test/Garnet.test/RespTests.cs,False,Direct Analysis
MainObjectKey,3378,garnet-1.0.92/test/Garnet.test/RespTests.cs,False,Direct Analysis
GetSliceTest,3407,garnet-1.0.92/test/Garnet.test/RespTests.cs,False,Direct Analysis
SetRangeTest,3524,garnet-1.0.92/test/Garnet.test/RespTests.cs,False,Direct Analysis
PingTest,3594,garnet-1.0.92/test/Garnet.test/RespTests.cs,False,Direct Analysis
AskingTest,3604,garnet-1.0.92/test/Garnet.test/RespTests.cs,False,Direct Analysis
KeepTtlTest,3614,garnet-1.0.92/test/Garnet.test/RespTests.cs,False,Direct Analysis
StrlenTest,3648,garnet-1.0.92/test/Garnet.test/RespTests.cs,False,Direct Analysis
TTLTestMilliseconds,3658,garnet-1.0.92/test/Garnet.test/RespTests.cs,False,Direct Analysis
GetDelTest,3693,garnet-1.0.92/test/Garnet.test/RespTests.cs,False,Direct Analysis
GetRole,3733,garnet-1.0.92/test/Garnet.test/RespTests.cs,False,Direct Analysis
AppendTest,3744,garnet-1.0.92/test/Garnet.test/RespTests.cs,False,Direct Analysis
HelloTest1,3796,garnet-1.0.92/test/Garnet.test/RespTests.cs,False,Direct Analysis
HelloAuthErrorTest,3825,garnet-1.0.92/test/Garnet.test/RespTests.cs,False,Direct Analysis
AsyncTest1,3892,garnet-1.0.92/test/Garnet.test/RespTests.cs,False,Direct Analysis
ClientIdTest,3969,garnet-1.0.92/test/Garnet.test/RespTests.cs,False,Direct Analysis
ClientInfoTest,4016,garnet-1.0.92/test/Garnet.test/RespTests.cs,False,Direct Analysis
ClientListTest,4031,garnet-1.0.92/test/Garnet.test/RespTests.cs,False,Direct Analysis
ClientListErrorTest,4058,garnet-1.0.92/test/Garnet.test/RespTests.cs,False,Direct Analysis
ClientKillTestAsync,4113,garnet-1.0.92/test/Garnet.test/RespTests.cs,False,Direct Analysis
ClientKillErrors,4315,garnet-1.0.92/test/Garnet.test/RespTests.cs,False,Direct Analysis
ClientGetNameBasicTest,4385,garnet-1.0.92/test/Garnet.test/RespTests.cs,False,Direct Analysis
ClientGetNameAfterSetNameTest,4397,garnet-1.0.92/test/Garnet.test/RespTests.cs,False,Direct Analysis
ClientSetNameTest,4419,garnet-1.0.92/test/Garnet.test/RespTests.cs,False,Direct Analysis
ClientSetInfoSingleOptionTest,4448,garnet-1.0.92/test/Garnet.test/RespTests.cs,False,Direct Analysis
ClientSetInfoInvalidOptionsTest,4462,garnet-1.0.92/test/Garnet.test/RespTests.cs,False,Direct Analysis
GetExpiryBasicTestWithSERedisApi,4505,garnet-1.0.92/test/Garnet.test/RespTests.cs,False,Direct Analysis
GetExpiryWithoutOptions,4529,garnet-1.0.92/test/Garnet.test/RespTests.cs,False,Direct Analysis
GetExpiryWithExpireOptions,4579,garnet-1.0.92/test/Garnet.test/RespTests.cs,False,Direct Analysis
GetExpiryWithPersistOptions,4630,garnet-1.0.92/test/Garnet.test/RespTests.cs,False,Direct Analysis
GetExpiryWithUnknownKey,4656,garnet-1.0.92/test/Garnet.test/RespTests.cs,False,Direct Analysis
GetExpiryWitInvalidOptions,4674,garnet-1.0.92/test/Garnet.test/RespTests.cs,False,Direct Analysis
GetSetWithExistingKey,4692,garnet-1.0.92/test/Garnet.test/RespTests.cs,False,Direct Analysis
GetSetWithNewKey,4713,garnet-1.0.92/test/Garnet.test/RespTests.cs,False,Direct Analysis
SetIfNotExistWithExistingKey,4735,garnet-1.0.92/test/Garnet.test/RespTests.cs,False,Direct Analysis
SetIfNotExistWithNewKey,4753,garnet-1.0.92/test/Garnet.test/RespTests.cs,False,Direct Analysis
SetNXCorrectResponse,4768,garnet-1.0.92/test/Garnet.test/RespTests.cs,False,Direct Analysis
SubStringWithOptions,4796,garnet-1.0.92/test/Garnet.test/RespTests.cs,False,Direct Analysis
LCSBasicTest,4824,garnet-1.0.92/test/Garnet.test/RespTests.cs,False,Direct Analysis
LCSWithLenOption,4844,garnet-1.0.92/test/Garnet.test/RespTests.cs,False,Direct Analysis
LCSWithInvalidOptions,4979,garnet-1.0.92/test/Garnet.test/RespTests.cs,False,Direct Analysis
LCSWithNonExistentKeys,4995,garnet-1.0.92/test/Garnet.test/RespTests.cs,False,Direct Analysis
ClientUnblockBasicTest,5021,garnet-1.0.92/test/Garnet.test/RespTests.cs,False,Direct Analysis
MultipleClientsUnblockAndAddTest,5079,garnet-1.0.92/test/Garnet.test/RespTests.cs,False,Direct Analysis
ClientUnblockInvalidIdTest,5139,garnet-1.0.92/test/Garnet.test/RespTests.cs,False,Direct Analysis
ClientUnblockInvalidModeTest,5149,garnet-1.0.92/test/Garnet.test/RespTests.cs,False,Direct Analysis
HasNext,64,garnet-1.0.92/metrics/HdrHistogram/Iteration/AbstractHistogramEnumerator.cs,False,Direct Analysis
GetPercentileIteratedTo,77,garnet-1.0.92/metrics/HdrHistogram/Iteration/AbstractHistogramEnumerator.cs,False,Direct Analysis
GetValueIteratedTo,82,garnet-1.0.92/metrics/HdrHistogram/Iteration/AbstractHistogramEnumerator.cs,False,Direct Analysis
Next,91,garnet-1.0.92/metrics/HdrHistogram/Iteration/AbstractHistogramEnumerator.cs,False,Direct Analysis
ExhaustedSubBuckets,132,garnet-1.0.92/metrics/HdrHistogram/Iteration/AbstractHistogramEnumerator.cs,False,Direct Analysis
IncrementSubBucket,137,garnet-1.0.92/metrics/HdrHistogram/Iteration/AbstractHistogramEnumerator.cs,False,Direct Analysis
MoveNext,158,garnet-1.0.92/metrics/HdrHistogram/Iteration/AbstractHistogramEnumerator.cs,False,Direct Analysis
Dispose,173,garnet-1.0.92/metrics/HdrHistogram/Iteration/AbstractHistogramEnumerator.cs,False,Direct Analysis
IsLastValue,64,garnet-1.0.92/metrics/HdrHistogram/Iteration/HistogramIterationValue.cs,False,Direct Analysis
Set,70,garnet-1.0.92/metrics/HdrHistogram/Iteration/HistogramIterationValue.cs,False,Direct Analysis
ToString,95,garnet-1.0.92/metrics/HdrHistogram/Iteration/HistogramIterationValue.cs,False,Direct Analysis
GetSingleSlotRequest,691,garnet-1.0.92/test/Garnet.test.cluster/RedirectTests/BaseCommand.cs,False,Direct Analysis
GetEnumerator,28,garnet-1.0.92/metrics/HdrHistogram/Iteration/PercentileEnumerable.cs,False,Direct Analysis
GetEnumerator,33,garnet-1.0.92/metrics/HdrHistogram/Iteration/PercentileEnumerable.cs,False,Direct Analysis
ClusterMyId,252,garnet-1.0.92/test/Garnet.test.cluster/ClusterTestUtils.cs,False,Direct Analysis
WaitForSync,331,garnet-1.0.92/test/Garnet.test.cluster/ClusterTestUtils.cs,False,Direct Analysis
Connect,613,garnet-1.0.92/test/Garnet.test.cluster/ClusterTestUtils.cs,False,Direct Analysis
InitMultiplexer,620,garnet-1.0.92/test/Garnet.test.cluster/ClusterTestUtils.cs,False,Direct Analysis
GetRedisConfig,634,garnet-1.0.92/test/Garnet.test.cluster/ClusterTestUtils.cs,False,Direct Analysis
Dispose,646,garnet-1.0.92/test/Garnet.test.cluster/ClusterTestUtils.cs,False,Direct Analysis
CloseConnections,651,garnet-1.0.92/test/Garnet.test.cluster/ClusterTestUtils.cs,False,Direct Analysis
GetNodeIds,663,garnet-1.0.92/test/Garnet.test.cluster/ClusterTestUtils.cs,False,Direct Analysis
Reconnect,682,garnet-1.0.92/test/Garnet.test.cluster/ClusterTestUtils.cs,False,Direct Analysis
GetGarnetClientSession,706,garnet-1.0.92/test/Garnet.test.cluster/ClusterTestUtils.cs,False,Direct Analysis
CreateGarnetClientSession,732,garnet-1.0.92/test/Garnet.test.cluster/ClusterTestUtils.cs,False,Direct Analysis
GetNodeIndexFromPort,757,garnet-1.0.92/test/Garnet.test.cluster/ClusterTestUtils.cs,False,Direct Analysis
InitRandom,782,garnet-1.0.92/test/Garnet.test.cluster/ClusterTestUtils.cs,False,Direct Analysis
RandomList,806,garnet-1.0.92/test/Garnet.test.cluster/ClusterTestUtils.cs,False,Direct Analysis
RandomHset,817,garnet-1.0.92/test/Garnet.test.cluster/ClusterTestUtils.cs,False,Direct Analysis
GetRandomTargetNodeIndex,844,garnet-1.0.92/test/Garnet.test.cluster/ClusterTestUtils.cs,False,Direct Analysis
Setup,96,garnet-1.0.92/test/Garnet.test.cluster/ReplicationTests/ClusterReplicationBaseTests.cs,False,Direct Analysis
TearDown,104,garnet-1.0.92/test/Garnet.test.cluster/ReplicationTests/ClusterReplicationBaseTests.cs,False,Direct Analysis
ClusterSRTest,111,garnet-1.0.92/test/Garnet.test.cluster/ReplicationTests/ClusterReplicationBaseTests.cs,False,Direct Analysis
ClusterSRNoCheckpointRestartSecondary,151,garnet-1.0.92/test/Garnet.test.cluster/ReplicationTests/ClusterReplicationBaseTests.cs,False,Direct Analysis
ClusterSRPrimaryCheckpoint,216,garnet-1.0.92/test/Garnet.test.cluster/ReplicationTests/ClusterReplicationBaseTests.cs,False,Direct Analysis
ClusterCheckpointRetrieveDisableStorageTier,291,garnet-1.0.92/test/Garnet.test.cluster/ReplicationTests/ClusterReplicationBaseTests.cs,False,Direct Analysis
ClusterCheckpointRetrieveDelta,298,garnet-1.0.92/test/Garnet.test.cluster/ReplicationTests/ClusterReplicationBaseTests.cs,False,Direct Analysis
ClusterSRPrimaryCheckpointRetrieve,308,garnet-1.0.92/test/Garnet.test.cluster/ReplicationTests/ClusterReplicationBaseTests.cs,False,Direct Analysis
ClusterSRAddReplicaAfterPrimaryCheckpoint,389,garnet-1.0.92/test/Garnet.test.cluster/ReplicationTests/ClusterReplicationBaseTests.cs,False,Direct Analysis
ClusterSRPrimaryRestart,448,garnet-1.0.92/test/Garnet.test.cluster/ReplicationTests/ClusterReplicationBaseTests.cs,False,Direct Analysis
ClusterSRRedirectWrites,515,garnet-1.0.92/test/Garnet.test.cluster/ReplicationTests/ClusterReplicationBaseTests.cs,False,Direct Analysis
ClusterSRReplicaOfTest,543,garnet-1.0.92/test/Garnet.test.cluster/ReplicationTests/ClusterReplicationBaseTests.cs,False,Direct Analysis
CheckpointManagerPurgeCheck,27,garnet-1.0.92/libs/storage/Tsavorite/cs/test/CheckpointManagerTests.cs,False,Direct Analysis
ExecuteFilter,25,garnet-1.0.92/modules/GarnetJSON/JSONPath/ArrayIndexFilter.cs,False,Direct Analysis
ExecuteFilter,66,garnet-1.0.92/modules/GarnetJSON/JSONPath/ArrayIndexFilter.cs,False,Direct Analysis
ExecuteFilterMultiple,91,garnet-1.0.92/modules/GarnetJSON/JSONPath/ArrayIndexFilter.cs,False,Direct Analysis
WaitAsync,37,garnet-1.0.92/libs/storage/Tsavorite/cs/src/core/Allocator/MallocFixedPageSize.cs,False,Direct Analysis
Decrement,43,garnet-1.0.92/libs/storage/Tsavorite/cs/src/core/Allocator/MallocFixedPageSize.cs,False,Direct Analysis
Evaluate,93,garnet-1.0.92/modules/GarnetJSON/JSONPath/JsonPath.cs,False,Direct Analysis
ParseMain,130,garnet-1.0.92/modules/GarnetJSON/JSONPath/JsonPath.cs,False,Direct Analysis
ParsePath,179,garnet-1.0.92/modules/GarnetJSON/JSONPath/JsonPath.cs,False,Direct Analysis
ParseIndexer,321,garnet-1.0.92/modules/GarnetJSON/JSONPath/JsonPath.cs,False,Direct Analysis
ParseArrayIndexer,351,garnet-1.0.92/modules/GarnetJSON/JSONPath/JsonPath.cs,False,Direct Analysis
EatWhitespace,524,garnet-1.0.92/modules/GarnetJSON/JSONPath/JsonPath.cs,False,Direct Analysis
ParseQuery,569,garnet-1.0.92/modules/GarnetJSON/JSONPath/JsonPath.cs,False,Direct Analysis
TryParseExpression,618,garnet-1.0.92/modules/GarnetJSON/JSONPath/JsonPath.cs,False,Direct Analysis
CreateUnexpectedCharacterException,654,garnet-1.0.92/modules/GarnetJSON/JSONPath/JsonPath.cs,False,Direct Analysis
ParseExpression,698,garnet-1.0.92/modules/GarnetJSON/JSONPath/JsonPath.cs,False,Direct Analysis
TryParseValue,811,garnet-1.0.92/modules/GarnetJSON/JSONPath/JsonPath.cs,False,Direct Analysis
TryParseArrayLiteral,897,garnet-1.0.92/modules/GarnetJSON/JSONPath/JsonPath.cs,False,Direct Analysis
ReadQuotedString,972,garnet-1.0.92/modules/GarnetJSON/JSONPath/JsonPath.cs,False,Direct Analysis
TryParseEscapedCodepoint,1038,garnet-1.0.92/modules/GarnetJSON/JSONPath/JsonPath.cs,False,Direct Analysis
IsValidHex,1091,garnet-1.0.92/modules/GarnetJSON/JSONPath/JsonPath.cs,False,Direct Analysis
ReadRegexString,1109,garnet-1.0.92/modules/GarnetJSON/JSONPath/JsonPath.cs,False,Direct Analysis
Match,1157,garnet-1.0.92/modules/GarnetJSON/JSONPath/JsonPath.cs,False,Direct Analysis
ParseOperator,1177,garnet-1.0.92/modules/GarnetJSON/JSONPath/JsonPath.cs,False,Direct Analysis
ParseQuotedField,1243,garnet-1.0.92/modules/GarnetJSON/JSONPath/JsonPath.cs,False,Direct Analysis
EnsureLength,1292,garnet-1.0.92/modules/GarnetJSON/JSONPath/JsonPath.cs,False,Direct Analysis
Prepare,164,garnet-1.0.92/test/Garnet.test/RespCustomCommandTests.cs,False,Direct Analysis
Main,172,garnet-1.0.92/test/Garnet.test/RespCustomCommandTests.cs,False,Direct Analysis
GetHashCode64,23,garnet-1.0.92/libs/storage/Tsavorite/cs/test/BlittableLogScanTests.cs,False,Direct Analysis
HasNext,37,garnet-1.0.92/metrics/HdrHistogram/Iteration/PercentileEnumerator.cs,False,Direct Analysis
IncrementIterationLevel,50,garnet-1.0.92/metrics/HdrHistogram/Iteration/PercentileEnumerator.cs,False,Direct Analysis
ReachedIterationLevel,59,garnet-1.0.92/metrics/HdrHistogram/Iteration/PercentileEnumerator.cs,False,Direct Analysis
GetPercentileIteratedTo,67,garnet-1.0.92/metrics/HdrHistogram/Iteration/PercentileEnumerator.cs,False,Direct Analysis
ExecuteFilter,31,garnet-1.0.92/modules/GarnetJSON/JSONPath/QueryFilter.cs,False,Direct Analysis
ExecuteFilter,63,garnet-1.0.92/modules/GarnetJSON/JSONPath/QueryFilter.cs,False,Direct Analysis
GreaterThanIssue1518,44,garnet-1.0.92/test/Garnet.test/GarnetJSON/JSONPath/JsonPathExecuteTests.cs,False,Direct Analysis
BacktrackingRegex_SingleMatch_TimeoutRespected,67,garnet-1.0.92/test/Garnet.test/GarnetJSON/JSONPath/JsonPathExecuteTests.cs,False,Direct Analysis
GreaterThanWithIntegerParameterAndStringValue,84,garnet-1.0.92/test/Garnet.test/GarnetJSON/JSONPath/JsonPathExecuteTests.cs,False,Direct Analysis
GreaterThanWithStringParameterAndIntegerValue,107,garnet-1.0.92/test/Garnet.test/GarnetJSON/JSONPath/JsonPathExecuteTests.cs,False,Direct Analysis
RecursiveWildcard,130,garnet-1.0.92/test/Garnet.test/GarnetJSON/JSONPath/JsonPathExecuteTests.cs,False,Direct Analysis
ScanFilter,167,garnet-1.0.92/test/Garnet.test/GarnetJSON/JSONPath/JsonPathExecuteTests.cs,False,Direct Analysis
FilterTrue,206,garnet-1.0.92/test/Garnet.test/GarnetJSON/JSONPath/JsonPathExecuteTests.cs,False,Direct Analysis
ScanFilterTrue,246,garnet-1.0.92/test/Garnet.test/GarnetJSON/JSONPath/JsonPathExecuteTests.cs,False,Direct Analysis
ScanQuoted,285,garnet-1.0.92/test/Garnet.test/GarnetJSON/JSONPath/JsonPathExecuteTests.cs,False,Direct Analysis
ScanMultipleQuoted,321,garnet-1.0.92/test/Garnet.test/GarnetJSON/JSONPath/JsonPathExecuteTests.cs,False,Direct Analysis
ParseWithEmptyArrayContent,360,garnet-1.0.92/test/Garnet.test/GarnetJSON/JSONPath/JsonPathExecuteTests.cs,False,Direct Analysis
SelectTokenAfterEmptyContainer,406,garnet-1.0.92/test/Garnet.test/GarnetJSON/JSONPath/JsonPathExecuteTests.cs,False,Direct Analysis
EvaluatePropertyWithRequired,422,garnet-1.0.92/test/Garnet.test/GarnetJSON/JSONPath/JsonPathExecuteTests.cs,False,Direct Analysis
EvaluateEmptyPropertyIndexer,434,garnet-1.0.92/test/Garnet.test/GarnetJSON/JSONPath/JsonPathExecuteTests.cs,False,Direct Analysis
EvaluateEmptyString,444,garnet-1.0.92/test/Garnet.test/GarnetJSON/JSONPath/JsonPathExecuteTests.cs,False,Direct Analysis
EvaluateEmptyStringWithMatchingEmptyProperty,458,garnet-1.0.92/test/Garnet.test/GarnetJSON/JSONPath/JsonPathExecuteTests.cs,False,Direct Analysis
EvaluateWhitespaceString,468,garnet-1.0.92/test/Garnet.test/GarnetJSON/JSONPath/JsonPathExecuteTests.cs,False,Direct Analysis
EvaluateDollarString,478,garnet-1.0.92/test/Garnet.test/GarnetJSON/JSONPath/JsonPathExecuteTests.cs,False,Direct Analysis
EvaluateDollarTypeString,488,garnet-1.0.92/test/Garnet.test/GarnetJSON/JSONPath/JsonPathExecuteTests.cs,False,Direct Analysis
EvaluateSingleProperty,498,garnet-1.0.92/test/Garnet.test/GarnetJSON/JSONPath/JsonPathExecuteTests.cs,False,Direct Analysis
EvaluateWildcardProperty,509,garnet-1.0.92/test/Garnet.test/GarnetJSON/JSONPath/JsonPathExecuteTests.cs,False,Direct Analysis
QuoteName,521,garnet-1.0.92/test/Garnet.test/GarnetJSON/JSONPath/JsonPathExecuteTests.cs,False,Direct Analysis
EvaluateMissingProperty,532,garnet-1.0.92/test/Garnet.test/GarnetJSON/JSONPath/JsonPathExecuteTests.cs,False,Direct Analysis
EvaluateIndexerOnObject,542,garnet-1.0.92/test/Garnet.test/GarnetJSON/JSONPath/JsonPathExecuteTests.cs,False,Direct Analysis
EvaluateIndexerOnObjectWithError,551,garnet-1.0.92/test/Garnet.test/GarnetJSON/JSONPath/JsonPathExecuteTests.cs,False,Direct Analysis
EvaluateSliceOnObjectWithError,562,garnet-1.0.92/test/Garnet.test/GarnetJSON/JSONPath/JsonPathExecuteTests.cs,False,Direct Analysis
EvaluatePropertyOnArray,572,garnet-1.0.92/test/Garnet.test/GarnetJSON/JSONPath/JsonPathExecuteTests.cs,False,Direct Analysis
EvaluateMultipleResultsError,581,garnet-1.0.92/test/Garnet.test/GarnetJSON/JSONPath/JsonPathExecuteTests.cs,False,Direct Analysis
EvaluatePropertyOnArrayWithError,590,garnet-1.0.92/test/Garnet.test/GarnetJSON/JSONPath/JsonPathExecuteTests.cs,False,Direct Analysis
EvaluateNoResultsWithMultipleArrayIndexes,602,garnet-1.0.92/test/Garnet.test/GarnetJSON/JSONPath/JsonPathExecuteTests.cs,False,Direct Analysis
EvaluateMissingPropertyWithError,614,garnet-1.0.92/test/Garnet.test/GarnetJSON/JSONPath/JsonPathExecuteTests.cs,False,Direct Analysis
EvaluatePropertyWithoutError,626,garnet-1.0.92/test/Garnet.test/GarnetJSON/JSONPath/JsonPathExecuteTests.cs,False,Direct Analysis
EvaluateMissingPropertyIndexWithError,636,garnet-1.0.92/test/Garnet.test/GarnetJSON/JSONPath/JsonPathExecuteTests.cs,False,Direct Analysis
EvaluateMultiPropertyIndexOnArrayWithError,649,garnet-1.0.92/test/Garnet.test/GarnetJSON/JSONPath/JsonPathExecuteTests.cs,False,Direct Analysis
EvaluateArraySliceWithError,662,garnet-1.0.92/test/Garnet.test/GarnetJSON/JSONPath/JsonPathExecuteTests.cs,False,Direct Analysis
EvaluateOutOfBoundsIndxer,690,garnet-1.0.92/test/Garnet.test/GarnetJSON/JSONPath/JsonPathExecuteTests.cs,False,Direct Analysis
EvaluateArrayOutOfBoundsIndxerWithError,699,garnet-1.0.92/test/Garnet.test/GarnetJSON/JSONPath/JsonPathExecuteTests.cs,False,Direct Analysis
EvaluateArray,711,garnet-1.0.92/test/Garnet.test/GarnetJSON/JSONPath/JsonPathExecuteTests.cs,False,Direct Analysis
EvaluateArraySlice,722,garnet-1.0.92/test/Garnet.test/GarnetJSON/JSONPath/JsonPathExecuteTests.cs,False,Direct Analysis
EvaluateWildcardArray,769,garnet-1.0.92/test/Garnet.test/GarnetJSON/JSONPath/JsonPathExecuteTests.cs,False,Direct Analysis
EvaluateArrayMultipleIndexes,783,garnet-1.0.92/test/Garnet.test/GarnetJSON/JSONPath/JsonPathExecuteTests.cs,False,Direct Analysis
EvaluateScan,796,garnet-1.0.92/test/Garnet.test/GarnetJSON/JSONPath/JsonPathExecuteTests.cs,False,Direct Analysis
EvaluateWildcardScan,810,garnet-1.0.92/test/Garnet.test/GarnetJSON/JSONPath/JsonPathExecuteTests.cs,False,Direct Analysis
EvaluateScanNestResults,826,garnet-1.0.92/test/Garnet.test/GarnetJSON/JSONPath/JsonPathExecuteTests.cs,False,Direct Analysis
EvaluateWildcardScanNestResults,845,garnet-1.0.92/test/Garnet.test/GarnetJSON/JSONPath/JsonPathExecuteTests.cs,False,Direct Analysis
EvaluateSinglePropertyReturningArray,864,garnet-1.0.92/test/Garnet.test/GarnetJSON/JSONPath/JsonPathExecuteTests.cs,False,Direct Analysis
EvaluateLastSingleCharacterProperty,879,garnet-1.0.92/test/Garnet.test/GarnetJSON/JSONPath/JsonPathExecuteTests.cs,False,Direct Analysis
ExistsQuery,890,garnet-1.0.92/test/Garnet.test/GarnetJSON/JSONPath/JsonPathExecuteTests.cs,False,Direct Analysis
EqualsQuery,902,garnet-1.0.92/test/Garnet.test/GarnetJSON/JSONPath/JsonPathExecuteTests.cs,False,Direct Analysis
NotEqualsQuery,914,garnet-1.0.92/test/Garnet.test/GarnetJSON/JSONPath/JsonPathExecuteTests.cs,False,Direct Analysis
NoPathQuery,926,garnet-1.0.92/test/Garnet.test/GarnetJSON/JSONPath/JsonPathExecuteTests.cs,False,Direct Analysis
MultipleQueries,939,garnet-1.0.92/test/Garnet.test/GarnetJSON/JSONPath/JsonPathExecuteTests.cs,False,Direct Analysis
GreaterQuery,950,garnet-1.0.92/test/Garnet.test/GarnetJSON/JSONPath/JsonPathExecuteTests.cs,False,Direct Analysis
LesserQuery_ValueFirst,963,garnet-1.0.92/test/Garnet.test/GarnetJSON/JSONPath/JsonPathExecuteTests.cs,False,Direct Analysis
GreaterQueryBigInteger,976,garnet-1.0.92/test/Garnet.test/GarnetJSON/JSONPath/JsonPathExecuteTests.cs,False,Direct Analysis
GreaterOrEqualQuery,989,garnet-1.0.92/test/Garnet.test/GarnetJSON/JSONPath/JsonPathExecuteTests.cs,False,Direct Analysis
NestedQuery,1004,garnet-1.0.92/test/Garnet.test/GarnetJSON/JSONPath/JsonPathExecuteTests.cs,False,Direct Analysis
PathWithConstructor,1021,garnet-1.0.92/test/Garnet.test/GarnetJSON/JSONPath/JsonPathExecuteTests.cs,False,Direct Analysis
MultiplePaths,1034,garnet-1.0.92/test/Garnet.test/GarnetJSON/JSONPath/JsonPathExecuteTests.cs,False,Direct Analysis
Exists_True,1049,garnet-1.0.92/test/Garnet.test/GarnetJSON/JSONPath/JsonPathExecuteTests.cs,False,Direct Analysis
Exists_Null,1066,garnet-1.0.92/test/Garnet.test/GarnetJSON/JSONPath/JsonPathExecuteTests.cs,False,Direct Analysis
WildcardWithProperty,1083,garnet-1.0.92/test/Garnet.test/GarnetJSON/JSONPath/JsonPathExecuteTests.cs,False,Direct Analysis
QueryAgainstNonStringValues,1115,garnet-1.0.92/test/Garnet.test/GarnetJSON/JSONPath/JsonPathExecuteTests.cs,False,Direct Analysis
Example,1155,garnet-1.0.92/test/Garnet.test/GarnetJSON/JSONPath/JsonPathExecuteTests.cs,False,Direct Analysis
ExecuteFilter,31,garnet-1.0.92/modules/GarnetJSON/JSONPath/QueryScanFilter.cs,False,Direct Analysis
ExecuteFilter,92,garnet-1.0.92/modules/GarnetJSON/JSONPath/QueryScanFilter.cs,False,Direct Analysis
ExecuteFilter,29,garnet-1.0.92/modules/GarnetJSON/JSONPath/RootFilter.cs,False,Direct Analysis
ExecuteFilter,42,garnet-1.0.92/modules/GarnetJSON/JSONPath/RootFilter.cs,False,Direct Analysis
ExecuteFilter,25,garnet-1.0.92/modules/GarnetJSON/JSONPath/ScanArrayIndexFilter.cs,False,Direct Analysis
ExecuteFilter,113,garnet-1.0.92/modules/GarnetJSON/JSONPath/ScanArrayIndexFilter.cs,False,Direct Analysis
Reader,109,garnet-1.0.92/modules/GarnetJSON/JsonCommands.cs,False,Direct Analysis
OnLoad,19,garnet-1.0.92/modules/GarnetJSON/JsonModule.cs,False,Direct Analysis
Dispose,32,garnet-1.0.92/libs/server/Lua/LuaScriptHandle.cs,False,Direct Analysis
GetValidPointer,149,garnet-1.0.92/libs/storage/Tsavorite/cs/src/core/Utilities/BufferPool.cs,False,Direct Analysis
ToString,158,garnet-1.0.92/libs/storage/Tsavorite/cs/src/core/Utilities/BufferPool.cs,False,Direct Analysis
Execute,15,garnet-1.0.92/modules/NoOpModule/NoOpProc.cs,False,Direct Analysis
Prepare,15,garnet-1.0.92/modules/NoOpModule/NoOpTxn.cs,False,Direct Analysis
Main,21,garnet-1.0.92/modules/NoOpModule/NoOpTxn.cs,False,Direct Analysis
GlobalSetup,42,garnet-1.0.92/benchmark/BDN.benchmark/Network/NetworkBase.cs,False,Direct Analysis
GlobalCleanup,61,garnet-1.0.92/benchmark/BDN.benchmark/Network/NetworkBase.cs,False,Direct Analysis
SelectOpType,99,garnet-1.0.92/playground/ClusterStress/ShardedRespOnlineBench.cs,False,Direct Analysis
RecordValue,107,garnet-1.0.92/playground/ClusterStress/ShardedRespOnlineBench.cs,False,Direct Analysis
WaitForMonitorIterationSwitch,124,garnet-1.0.92/playground/ClusterStress/ShardedRespOnlineBench.cs,False,Direct Analysis
PrintClusterConfig,149,garnet-1.0.92/playground/ClusterStress/ShardedRespOnlineBench.cs,False,Direct Analysis
GetClusterConfig,169,garnet-1.0.92/playground/ClusterStress/ShardedRespOnlineBench.cs,False,Direct Analysis
UpdateSlotMap,179,garnet-1.0.92/playground/ClusterStress/ShardedRespOnlineBench.cs,False,Direct Analysis
InitClients,199,garnet-1.0.92/playground/ClusterStress/ShardedRespOnlineBench.cs,False,Direct Analysis
InitializeThreadWorkers,253,garnet-1.0.92/playground/ClusterStress/ShardedRespOnlineBench.cs,False,Direct Analysis
PeriodicConfigUpdate,304,garnet-1.0.92/playground/ClusterStress/ShardedRespOnlineBench.cs,False,Direct Analysis
MigrationBgTask,316,garnet-1.0.92/playground/ClusterStress/ShardedRespOnlineBench.cs,False,Direct Analysis
InitiateMigration,342,garnet-1.0.92/playground/ClusterStress/ShardedRespOnlineBench.cs,False,Direct Analysis
Run,407,garnet-1.0.92/playground/ClusterStress/ShardedRespOnlineBench.cs,False,Direct Analysis
OpRunnerGarnetClient,537,garnet-1.0.92/playground/ClusterStress/ShardedRespOnlineBench.cs,False,Direct Analysis
OpRunnerGarnetClientParallel,577,garnet-1.0.92/playground/ClusterStress/ShardedRespOnlineBench.cs,False,Direct Analysis
OpRunnerGarnetClientSession,617,garnet-1.0.92/playground/ClusterStress/ShardedRespOnlineBench.cs,False,Direct Analysis
OpRunnerGarnetClientSessionParallel,667,garnet-1.0.92/playground/ClusterStress/ShardedRespOnlineBench.cs,False,Direct Analysis
OpRunnerSERedis,717,garnet-1.0.92/playground/ClusterStress/ShardedRespOnlineBench.cs,False,Direct Analysis
OpRunnerSERedisParallel,785,garnet-1.0.92/playground/ClusterStress/ShardedRespOnlineBench.cs,False,Direct Analysis
GetSingleSlotRequest,1851,garnet-1.0.92/test/Garnet.test.cluster/RedirectTests/BaseCommand.cs,False,Direct Analysis
Start,41,garnet-1.0.92/libs/storage/Tsavorite/cs/src/core/Index/Tsavorite/Implementation/Revivification/CheckEmptyWorker.cs,False,Direct Analysis
LaunchWorker,51,garnet-1.0.92/libs/storage/Tsavorite/cs/src/core/Index/Tsavorite/Implementation/Revivification/CheckEmptyWorker.cs,False,Direct Analysis
Dispose,71,garnet-1.0.92/libs/storage/Tsavorite/cs/src/core/Index/Tsavorite/Implementation/Revivification/CheckEmptyWorker.cs,False,Direct Analysis
Setup,49,garnet-1.0.92/libs/storage/Tsavorite/cs/test/EnqueueTests.cs,False,Direct Analysis
TearDown,58,garnet-1.0.92/libs/storage/Tsavorite/cs/test/EnqueueTests.cs,False,Direct Analysis
EnqueueBasicTest,72,garnet-1.0.92/libs/storage/Tsavorite/cs/test/EnqueueTests.cs,False,Direct Analysis
EnqueueAsyncBasicTest,168,garnet-1.0.92/libs/storage/Tsavorite/cs/test/EnqueueTests.cs,False,Direct Analysis
CreateClients,30,garnet-1.0.92/playground/GarnetClientStress/TaskScaling.cs,False,Direct Analysis
Run,57,garnet-1.0.92/playground/GarnetClientStress/TaskScaling.cs,False,Direct Analysis
PrintHistogram,75,garnet-1.0.92/playground/GarnetClientStress/TaskScaling.cs,False,Direct Analysis
MonitorThread,107,garnet-1.0.92/playground/GarnetClientStress/TaskScaling.cs,False,Direct Analysis
CheckConnection,149,garnet-1.0.92/playground/GarnetClientStress/TaskScaling.cs,False,Direct Analysis
OperationThread,157,garnet-1.0.92/playground/GarnetClientStress/TaskScaling.cs,False,Direct Analysis
ShortRunningTask,191,garnet-1.0.92/playground/GarnetClientStress/TaskScaling.cs,False,Direct Analysis
Run,66,garnet-1.0.92/playground/MigrateBench/MigrateRequest.cs,False,Direct Analysis
MigrateSlotRanges,131,garnet-1.0.92/playground/MigrateBench/MigrateRequest.cs,False,Direct Analysis
MigrateSlots,167,garnet-1.0.92/playground/MigrateBench/MigrateRequest.cs,False,Direct Analysis
MigrateKeys,201,garnet-1.0.92/playground/MigrateBench/MigrateRequest.cs,False,Direct Analysis
PopulateServerInfo,46,garnet-1.0.92/libs/server/Metrics/Info/GarnetInfoMetrics.cs,False,Direct Analysis
PopulateMemoryInfo,66,garnet-1.0.92/libs/server/Metrics/Info/GarnetInfoMetrics.cs,False,Direct Analysis
PopulateClusterInfo,162,garnet-1.0.92/libs/server/Metrics/Info/GarnetInfoMetrics.cs,False,Direct Analysis
PopulateReplicationInfo,167,garnet-1.0.92/libs/server/Metrics/Info/GarnetInfoMetrics.cs,False,Direct Analysis
PopulateStatsInfo,192,garnet-1.0.92/libs/server/Metrics/Info/GarnetInfoMetrics.cs,False,Direct Analysis
PopulateStoreStats,233,garnet-1.0.92/libs/server/Metrics/Info/GarnetInfoMetrics.cs,False,Direct Analysis
PopulateObjectStoreStats,269,garnet-1.0.92/libs/server/Metrics/Info/GarnetInfoMetrics.cs,False,Direct Analysis
PopulateStoreHashDistribution,305,garnet-1.0.92/libs/server/Metrics/Info/GarnetInfoMetrics.cs,False,Direct Analysis
PopulateObjectStoreHashDistribution,316,garnet-1.0.92/libs/server/Metrics/Info/GarnetInfoMetrics.cs,False,Direct Analysis
PopulateStoreRevivInfo,327,garnet-1.0.92/libs/server/Metrics/Info/GarnetInfoMetrics.cs,False,Direct Analysis
PopulateObjectStoreRevivInfo,338,garnet-1.0.92/libs/server/Metrics/Info/GarnetInfoMetrics.cs,False,Direct Analysis
PopulatePersistenceInfo,349,garnet-1.0.92/libs/server/Metrics/Info/GarnetInfoMetrics.cs,False,Direct Analysis
PopulateClientsInfo,376,garnet-1.0.92/libs/server/Metrics/Info/GarnetInfoMetrics.cs,False,Direct Analysis
PopulateKeyspaceInfo,383,garnet-1.0.92/libs/server/Metrics/Info/GarnetInfoMetrics.cs,False,Direct Analysis
PopulateClusterBufferPoolStats,388,garnet-1.0.92/libs/server/Metrics/Info/GarnetInfoMetrics.cs,False,Direct Analysis
PopulateCheckpointInfo,398,garnet-1.0.92/libs/server/Metrics/Info/GarnetInfoMetrics.cs,False,Direct Analysis
PopulateHlogScanInfo,403,garnet-1.0.92/libs/server/Metrics/Info/GarnetInfoMetrics.cs,False,Direct Analysis
GetRespInfo,470,garnet-1.0.92/libs/server/Metrics/Info/GarnetInfoMetrics.cs,False,Direct Analysis
GetMetricInternal,574,garnet-1.0.92/libs/server/Metrics/Info/GarnetInfoMetrics.cs,False,Direct Analysis
GetSingleSlotRequest,2525,garnet-1.0.92/test/Garnet.test.cluster/RedirectTests/BaseCommand.cs,False,Direct Analysis
OnLoad,12,garnet-1.0.92/playground/SampleModule/SampleModule.cs,False,Direct Analysis
GetSingleSlotRequest,913,garnet-1.0.92/test/Garnet.test.cluster/RedirectTests/BaseCommand.cs,False,Direct Analysis
InitialUpdater,31,garnet-1.0.92/libs/storage/Tsavorite/cs/test/FunctionPerSessionTests.cs,False,Direct Analysis
InPlaceUpdater,40,garnet-1.0.92/libs/storage/Tsavorite/cs/test/FunctionPerSessionTests.cs,False,Direct Analysis
CopyUpdater,49,garnet-1.0.92/libs/storage/Tsavorite/cs/test/FunctionPerSessionTests.cs,False,Direct Analysis
GetSingleSlotRequest,1069,garnet-1.0.92/test/Garnet.test.cluster/RedirectTests/BaseCommand.cs,False,Direct Analysis
GetCrossSlotRequest,1075,garnet-1.0.92/test/Garnet.test.cluster/RedirectTests/BaseCommand.cs,False,Direct Analysis
SetupSingleSlotRequest,1081,garnet-1.0.92/test/Garnet.test.cluster/RedirectTests/BaseCommand.cs,False,Direct Analysis
Initialize,14,garnet-1.0.92/libs/storage/Tsavorite/cs/src/core/Allocator/ScanCursorState.cs,False,Direct Analysis
Setup,28,garnet-1.0.92/test/Garnet.test.cluster/ClusterAadAuthTests.cs,False,Direct Analysis
TearDown,35,garnet-1.0.92/test/Garnet.test.cluster/ClusterAadAuthTests.cs,False,Direct Analysis
ValidateClusterAuthWithObjectId,42,garnet-1.0.92/test/Garnet.test.cluster/ClusterAadAuthTests.cs,False,Direct Analysis
ValidateClusterAuthWithGroupOid,64,garnet-1.0.92/test/Garnet.test.cluster/ClusterAadAuthTests.cs,False,Direct Analysis
ValidateConnectionsWithToken,85,garnet-1.0.92/test/Garnet.test.cluster/ClusterAadAuthTests.cs,False,Direct Analysis
Setup,36,garnet-1.0.92/test/Garnet.test.cluster/ClusterNegativeTests.cs,False,Direct Analysis
TearDown,43,garnet-1.0.92/test/Garnet.test.cluster/ClusterNegativeTests.cs,False,Direct Analysis
ClusterAddSlotsPartialPackage,125,garnet-1.0.92/test/Garnet.test.cluster/ClusterNegativeTests.cs,False,Direct Analysis
ClusterExceptionInjectionAtPrimarySyncSession,159,garnet-1.0.92/test/Garnet.test.cluster/ClusterNegativeTests.cs,False,Direct Analysis
Reset,45,garnet-1.0.92/libs/server/Transaction/TxnWatchedKeysContainer.cs,False,Direct Analysis
RemoveWatch,52,garnet-1.0.92/libs/server/Transaction/TxnWatchedKeysContainer.cs,False,Direct Analysis
AddWatch,65,garnet-1.0.92/libs/server/Transaction/TxnWatchedKeysContainer.cs,False,Direct Analysis
ValidateWatchVersion,112,garnet-1.0.92/libs/server/Transaction/TxnWatchedKeysContainer.cs,False,Direct Analysis
SaveKeysToLock,124,garnet-1.0.92/libs/server/Transaction/TxnWatchedKeysContainer.cs,False,Direct Analysis
SaveKeysToKeyList,140,garnet-1.0.92/libs/server/Transaction/TxnWatchedKeysContainer.cs,False,Direct Analysis
Setup,46,garnet-1.0.92/test/Garnet.test.cluster/ClusterTestContext.cs,False,Direct Analysis
ShutdownNode,62,garnet-1.0.92/test/Garnet.test.cluster/ClusterTestContext.cs,False,Direct Analysis
ShutdownNode,76,garnet-1.0.92/test/Garnet.test.cluster/ClusterTestContext.cs,False,Direct Analysis
RestartNode,87,garnet-1.0.92/test/Garnet.test.cluster/ClusterTestContext.cs,False,Direct Analysis
RestartNode,101,garnet-1.0.92/test/Garnet.test.cluster/ClusterTestContext.cs,False,Direct Analysis
TearDown,121,garnet-1.0.92/test/Garnet.test.cluster/ClusterTestContext.cs,False,Direct Analysis
RegisterCustomTxn,142,garnet-1.0.92/test/Garnet.test.cluster/ClusterTestContext.cs,False,Direct Analysis
DisposeCluster,385,garnet-1.0.92/test/Garnet.test.cluster/ClusterTestContext.cs,False,Direct Analysis
CreateConnection,410,garnet-1.0.92/test/Garnet.test.cluster/ClusterTestContext.cs,False,Direct Analysis
PopulatePrimary,442,garnet-1.0.92/test/Garnet.test.cluster/ClusterTestContext.cs,False,Direct Analysis
SimplePopulateDB,480,garnet-1.0.92/test/Garnet.test.cluster/ClusterTestContext.cs,False,Direct Analysis
SimpleValidateDB,496,garnet-1.0.92/test/Garnet.test.cluster/ClusterTestContext.cs,False,Direct Analysis
PopulatePrimaryRMW,509,garnet-1.0.92/test/Garnet.test.cluster/ClusterTestContext.cs,False,Direct Analysis
PopulatePrimaryWithObjects,535,garnet-1.0.92/test/Garnet.test.cluster/ClusterTestContext.cs,False,Direct Analysis
PopulatePrimaryAndTakeCheckpointTask,566,garnet-1.0.92/test/Garnet.test.cluster/ClusterTestContext.cs,False,Direct Analysis
ValidateKVCollectionAgainstReplica,589,garnet-1.0.92/test/Garnet.test.cluster/ClusterTestContext.cs,False,Direct Analysis
ValidateNodeObjects,618,garnet-1.0.92/test/Garnet.test.cluster/ClusterTestContext.cs,False,Direct Analysis
SendAndValidateKeys,644,garnet-1.0.92/test/Garnet.test.cluster/ClusterTestContext.cs,False,Direct Analysis
ClusterFailoveSpinWait,667,garnet-1.0.92/test/Garnet.test.cluster/ClusterTestContext.cs,False,Direct Analysis
AttachAndWaitForSync,687,garnet-1.0.92/test/Garnet.test.cluster/ClusterTestContext.cs,False,Direct Analysis
GenerateKeysWithPrefix,726,garnet-1.0.92/test/Garnet.test.cluster/ClusterTestContext.cs,False,Direct Analysis
GenerateIncreasingSizeValues,740,garnet-1.0.92/test/Garnet.test.cluster/ClusterTestContext.cs,False,Direct Analysis
ExecuteTxnBulkIncrement,752,garnet-1.0.92/test/Garnet.test.cluster/ClusterTestContext.cs,False,Direct Analysis
GetSingleSlotRequest,816,garnet-1.0.92/test/Garnet.test.cluster/RedirectTests/BaseCommand.cs,False,Direct Analysis
GetSingleSlotRequest,1905,garnet-1.0.92/test/Garnet.test.cluster/RedirectTests/BaseCommand.cs,False,Direct Analysis
GetSingleSlotRequest,2792,garnet-1.0.92/test/Garnet.test.cluster/RedirectTests/BaseCommand.cs,False,Direct Analysis
Prepare,14,garnet-1.0.92/test/Garnet.test.cluster/CustomProcs/ClusterDelRmw.cs,False,Direct Analysis
Main,21,garnet-1.0.92/test/Garnet.test.cluster/CustomProcs/ClusterDelRmw.cs,False,Direct Analysis
Setup,22,garnet-1.0.92/test/Garnet.test/GarnetBitmapTests.cs,False,Direct Analysis
TearDown,42,garnet-1.0.92/test/Garnet.test/GarnetBitmapTests.cs,False,Direct Analysis
BitmapSetBitResponseTest,60,garnet-1.0.92/test/Garnet.test/GarnetBitmapTests.cs,False,Direct Analysis
BitmapGetBitResponseTest,117,garnet-1.0.92/test/Garnet.test/GarnetBitmapTests.cs,False,Direct Analysis
BitmapSetGetBitResponseTest,135,garnet-1.0.92/test/Garnet.test/GarnetBitmapTests.cs,False,Direct Analysis
BitmapSimpleSetGet_PCT,164,garnet-1.0.92/test/Garnet.test/GarnetBitmapTests.cs,False,Direct Analysis
BitmapSetGetBitTest_LTM,181,garnet-1.0.92/test/Garnet.test/GarnetBitmapTests.cs,False,Direct Analysis
BitmapSimpleBitCountTest,259,garnet-1.0.92/test/Garnet.test/GarnetBitmapTests.cs,False,Direct Analysis
BitmapBitCountBetweenOffsetsTest,328,garnet-1.0.92/test/Garnet.test/GarnetBitmapTests.cs,False,Direct Analysis
BitmapBitCountBetweenOffsetsTestV2,392,garnet-1.0.92/test/Garnet.test/GarnetBitmapTests.cs,False,Direct Analysis
BitmapBitCountNegativeOffsets,425,garnet-1.0.92/test/Garnet.test/GarnetBitmapTests.cs,False,Direct Analysis
BitmapBitCountTest_LTM,471,garnet-1.0.92/test/Garnet.test/GarnetBitmapTests.cs,False,Direct Analysis
BitmapSimpleBITCOUNT_PCT,511,garnet-1.0.92/test/Garnet.test/GarnetBitmapTests.cs,False,Direct Analysis
BitmapSimpleBitPosTests,573,garnet-1.0.92/test/Garnet.test/GarnetBitmapTests.cs,False,Direct Analysis
BitmapBitPosOffsetsTest,626,garnet-1.0.92/test/Garnet.test/GarnetBitmapTests.cs,False,Direct Analysis
BitmapBitPosTest_LTM,683,garnet-1.0.92/test/Garnet.test/GarnetBitmapTests.cs,False,Direct Analysis
BitmapBitPosTest_BoundaryConditions,721,garnet-1.0.92/test/Garnet.test/GarnetBitmapTests.cs,False,Direct Analysis
BitmapSimpleBITPOS_PCT,745,garnet-1.0.92/test/Garnet.test/GarnetBitmapTests.cs,False,Direct Analysis
BitOp_Unary_BitwiseNot,798,garnet-1.0.92/test/Garnet.test/GarnetBitmapTests.cs,False,Direct Analysis
BitOp_Binary_SameSize,850,garnet-1.0.92/test/Garnet.test/GarnetBitmapTests.cs,False,Direct Analysis
BitOp_Binary_SameSize,858,garnet-1.0.92/test/Garnet.test/GarnetBitmapTests.cs,False,Direct Analysis
BitmapBitfieldGetTest,1033,garnet-1.0.92/test/Garnet.test/GarnetBitmapTests.cs,False,Direct Analysis
BitmapBitfieldGetTest_PCT,1085,garnet-1.0.92/test/Garnet.test/GarnetBitmapTests.cs,False,Direct Analysis
BitmapBitfieldGetTest_LTM,1132,garnet-1.0.92/test/Garnet.test/GarnetBitmapTests.cs,False,Direct Analysis
RandomIntBitRange,1186,garnet-1.0.92/test/Garnet.test/GarnetBitmapTests.cs,False,Direct Analysis
BitmapBitfieldSetTest_PCT,1242,garnet-1.0.92/test/Garnet.test/GarnetBitmapTests.cs,False,Direct Analysis
BitmapBitfieldSetTest,1292,garnet-1.0.92/test/Garnet.test/GarnetBitmapTests.cs,False,Direct Analysis
BitmapBitfieldSetTest_LTM,1333,garnet-1.0.92/test/Garnet.test/GarnetBitmapTests.cs,False,Direct Analysis
CreateToken,45,garnet-1.0.92/test/Garnet.test.cluster/JwtTokenHelpers.cs,False,Direct Analysis
Dispose,66,garnet-1.0.92/libs/server/Metrics/GarnetServerMonitor.cs,False,Direct Analysis
Start,75,garnet-1.0.92/libs/server/Metrics/GarnetServerMonitor.cs,False,Direct Analysis
AddMetricsHistorySessionDispose,80,garnet-1.0.92/libs/server/Metrics/GarnetServerMonitor.cs,False,Direct Analysis
GetAllLocksets,92,garnet-1.0.92/libs/server/Metrics/GarnetServerMonitor.cs,False,Direct Analysis
UpdateInstantaneousMetrics,109,garnet-1.0.92/libs/server/Metrics/GarnetServerMonitor.cs,False,Direct Analysis
AddCurrentServerStats,125,garnet-1.0.92/libs/server/Metrics/GarnetServerMonitor.cs,False,Direct Analysis
CleanupGlobalStats,159,garnet-1.0.92/libs/server/Metrics/GarnetServerMonitor.cs,False,Direct Analysis
CleanupGlobalLatencyMetrics,194,garnet-1.0.92/libs/server/Metrics/GarnetServerMonitor.cs,False,Direct Analysis
MainMonitorTask,227,garnet-1.0.92/libs/server/Metrics/GarnetServerMonitor.cs,False,Direct Analysis
GetSingleSlotRequest,260,garnet-1.0.92/test/Garnet.test.cluster/RedirectTests/BaseCommand.cs,False,Direct Analysis
Lock,230,garnet-1.0.92/libs/storage/Tsavorite/cs/src/core/ClientSession/LockableContext.cs,False,Direct Analysis
TryLock,266,garnet-1.0.92/libs/storage/Tsavorite/cs/src/core/ClientSession/LockableContext.cs,False,Direct Analysis
TryPromoteLock,299,garnet-1.0.92/libs/storage/Tsavorite/cs/src/core/ClientSession/LockableContext.cs,False,Direct Analysis
Unlock,317,garnet-1.0.92/libs/storage/Tsavorite/cs/src/core/ClientSession/LockableContext.cs,False,Direct Analysis
CompletePending,353,garnet-1.0.92/libs/storage/Tsavorite/cs/src/core/ClientSession/LockableContext.cs,False,Direct Analysis
CompletePendingWithOutputs,368,garnet-1.0.92/libs/storage/Tsavorite/cs/src/core/ClientSession/LockableContext.cs,False,Direct Analysis
Refresh,768,garnet-1.0.92/libs/storage/Tsavorite/cs/src/core/ClientSession/LockableContext.cs,False,Direct Analysis
Verify,216,garnet-1.0.92/libs/storage/Tsavorite/cs/src/core/Index/Tsavorite/Implementation/Revivification/RevivificationSettings.cs,False,Direct Analysis
ToString,227,garnet-1.0.92/libs/storage/Tsavorite/cs/src/core/Index/Tsavorite/Implementation/Revivification/RevivificationSettings.cs,False,Direct Analysis
GetSingleSlotRequest,277,garnet-1.0.92/test/Garnet.test.cluster/RedirectTests/BaseCommand.cs,False,Direct Analysis
GetCrossSlotRequest,283,garnet-1.0.92/test/Garnet.test.cluster/RedirectTests/BaseCommand.cs,False,Direct Analysis
SetupSingleSlotRequest,289,garnet-1.0.92/test/Garnet.test.cluster/RedirectTests/BaseCommand.cs,False,Direct Analysis
GetSingleSlotRequest,423,garnet-1.0.92/test/Garnet.test.cluster/RedirectTests/BaseCommand.cs,False,Direct Analysis
GetSingleSlotRequest,474,garnet-1.0.92/test/Garnet.test.cluster/RedirectTests/BaseCommand.cs,False,Direct Analysis
GetSingleSlotRequest,491,garnet-1.0.92/test/Garnet.test.cluster/RedirectTests/BaseCommand.cs,False,Direct Analysis
Set,153,garnet-1.0.92/libs/storage/Tsavorite/cs/src/core/Index/Tsavorite/Implementation/RecordSource.cs,False,Direct Analysis
SetAllocator,168,garnet-1.0.92/libs/storage/Tsavorite/cs/src/core/Index/Tsavorite/Implementation/RecordSource.cs,False,Direct Analysis
ToString,177,garnet-1.0.92/libs/storage/Tsavorite/cs/src/core/Index/Tsavorite/Implementation/RecordSource.cs,False,Direct Analysis
GetSingleSlotRequest,1548,garnet-1.0.92/test/Garnet.test.cluster/RedirectTests/BaseCommand.cs,False,Direct Analysis
GetCrossSlotRequest,1554,garnet-1.0.92/test/Garnet.test.cluster/RedirectTests/BaseCommand.cs,False,Direct Analysis
SetupSingleSlotRequest,1560,garnet-1.0.92/test/Garnet.test.cluster/RedirectTests/BaseCommand.cs,False,Direct Analysis
GlobalSetup,34,garnet-1.0.92/benchmark/BDN.benchmark/Cluster/ClusterMigrate.cs,False,Direct Analysis
GetSingleSlotRequest,508,garnet-1.0.92/test/Garnet.test.cluster/RedirectTests/BaseCommand.cs,False,Direct Analysis
Delete,37,garnet-1.0.92/libs/storage/Tsavorite/cs/src/devices/AzureStorageDevice/AzureStorageNamedDeviceFactory.cs,False,Direct Analysis
Get,59,garnet-1.0.92/libs/storage/Tsavorite/cs/src/devices/AzureStorageDevice/AzureStorageNamedDeviceFactory.cs,False,Direct Analysis
ListContents,65,garnet-1.0.92/libs/storage/Tsavorite/cs/src/devices/AzureStorageDevice/AzureStorageNamedDeviceFactory.cs,False,Direct Analysis
GetSingleSlotRequest,526,garnet-1.0.92/test/Garnet.test.cluster/RedirectTests/BaseCommand.cs,False,Direct Analysis
GetCrossSlotRequest,532,garnet-1.0.92/test/Garnet.test.cluster/RedirectTests/BaseCommand.cs,False,Direct Analysis
SetupSingleSlotRequest,538,garnet-1.0.92/test/Garnet.test.cluster/RedirectTests/BaseCommand.cs,False,Direct Analysis
RecoveryCheck5,697,garnet-1.0.92/libs/storage/Tsavorite/cs/test/RecoveryChecks.cs,False,Direct Analysis
GetSingleSlotRequest,638,garnet-1.0.92/test/Garnet.test.cluster/RedirectTests/BaseCommand.cs,False,Direct Analysis
IsLocalConnection,48,garnet-1.0.92/libs/common/Networking/TcpNetworkHandlerBase.cs,False,Direct Analysis
TryClose,98,garnet-1.0.92/libs/common/Networking/TcpNetworkHandlerBase.cs,False,Direct Analysis
Start,127,garnet-1.0.92/libs/common/Networking/TcpNetworkHandlerBase.cs,False,Direct Analysis
Dispose,152,garnet-1.0.92/libs/common/Networking/TcpNetworkHandlerBase.cs,False,Direct Analysis
Dispose,183,garnet-1.0.92/libs/common/Networking/TcpNetworkHandlerBase.cs,False,Direct Analysis
HandleReceiveWithoutTLS,196,garnet-1.0.92/libs/common/Networking/TcpNetworkHandlerBase.cs,False,Direct Analysis
HandleReceiveWithTLSAsync,218,garnet-1.0.92/libs/common/Networking/TcpNetworkHandlerBase.cs,False,Direct Analysis
HandleReceiveFailure,244,garnet-1.0.92/libs/common/Networking/TcpNetworkHandlerBase.cs,False,Direct Analysis
AllocateNetworkReceiveBuffer,253,garnet-1.0.92/libs/common/Networking/TcpNetworkHandlerBase.cs,False,Direct Analysis
GetSingleSlotRequest,672,garnet-1.0.92/test/Garnet.test.cluster/RedirectTests/BaseCommand.cs,False,Direct Analysis
GetSingleSlotRequest,2162,garnet-1.0.92/test/Garnet.test.cluster/RedirectTests/BaseCommand.cs,False,Direct Analysis
GetCrossSlotRequest,2168,garnet-1.0.92/test/Garnet.test.cluster/RedirectTests/BaseCommand.cs,False,Direct Analysis
SetupSingleSlotRequest,2174,garnet-1.0.92/test/Garnet.test.cluster/RedirectTests/BaseCommand.cs,False,Direct Analysis
IncrementIterationLevel,29,garnet-1.0.92/metrics/HdrHistogram/Iteration/RecordedValuesEnumerator.cs,False,Direct Analysis
ReachedIterationLevel,35,garnet-1.0.92/metrics/HdrHistogram/Iteration/RecordedValuesEnumerator.cs,False,Direct Analysis
GetSingleSlotRequest,745,garnet-1.0.92/test/Garnet.test.cluster/RedirectTests/BaseCommand.cs,False,Direct Analysis
GetCrossSlotRequest,751,garnet-1.0.92/test/Garnet.test.cluster/RedirectTests/BaseCommand.cs,False,Direct Analysis
SetupSingleSlotRequest,757,garnet-1.0.92/test/Garnet.test.cluster/RedirectTests/BaseCommand.cs,False,Direct Analysis
GetSingleSlotRequest,799,garnet-1.0.92/test/Garnet.test.cluster/RedirectTests/BaseCommand.cs,False,Direct Analysis
GetSingleSlotRequest,833,garnet-1.0.92/test/Garnet.test.cluster/RedirectTests/BaseCommand.cs,False,Direct Analysis
CopyTo,401,garnet-1.0.92/libs/server/InputHeader.cs,False,Direct Analysis
DeserializeFrom,425,garnet-1.0.92/libs/server/InputHeader.cs,False,Direct Analysis
TryCAS,83,garnet-1.0.92/libs/storage/Tsavorite/cs/src/core/Index/Tsavorite/Implementation/HashEntryInfo.cs,False,Direct Analysis
TryElide,103,garnet-1.0.92/libs/storage/Tsavorite/cs/src/core/Index/Tsavorite/Implementation/HashEntryInfo.cs,False,Direct Analysis
ToString,111,garnet-1.0.92/libs/storage/Tsavorite/cs/src/core/Index/Tsavorite/Implementation/HashEntryInfo.cs,False,Direct Analysis
GetSingleSlotRequest,933,garnet-1.0.92/test/Garnet.test.cluster/RedirectTests/BaseCommand.cs,False,Direct Analysis
GetSingleSlotRequest,1040,garnet-1.0.92/test/Garnet.test.cluster/RedirectTests/BaseCommand.cs,False,Direct Analysis
GetCrossSlotRequest,1046,garnet-1.0.92/test/Garnet.test.cluster/RedirectTests/BaseCommand.cs,False,Direct Analysis
SetupSingleSlotRequest,1052,garnet-1.0.92/test/Garnet.test.cluster/RedirectTests/BaseCommand.cs,False,Direct Analysis
GetSingleSlotRequest,1098,garnet-1.0.92/test/Garnet.test.cluster/RedirectTests/BaseCommand.cs,False,Direct Analysis
GetCrossSlotRequest,1104,garnet-1.0.92/test/Garnet.test.cluster/RedirectTests/BaseCommand.cs,False,Direct Analysis
SetupSingleSlotRequest,1110,garnet-1.0.92/test/Garnet.test.cluster/RedirectTests/BaseCommand.cs,False,Direct Analysis
AddOrUpdate,110,garnet-1.0.92/libs/storage/Tsavorite/cs/src/core/Utilities/SafeConcurrentDictionary.cs,False,Direct Analysis
AddOrUpdate,122,garnet-1.0.92/libs/storage/Tsavorite/cs/src/core/Utilities/SafeConcurrentDictionary.cs,False,Direct Analysis
GetOrAdd,134,garnet-1.0.92/libs/storage/Tsavorite/cs/src/core/Utilities/SafeConcurrentDictionary.cs,False,Direct Analysis
GetOrAdd,150,garnet-1.0.92/libs/storage/Tsavorite/cs/src/core/Utilities/SafeConcurrentDictionary.cs,False,Direct Analysis
Clear,159,garnet-1.0.92/libs/storage/Tsavorite/cs/src/core/Utilities/SafeConcurrentDictionary.cs,False,Direct Analysis
ContainsKey,169,garnet-1.0.92/libs/storage/Tsavorite/cs/src/core/Utilities/SafeConcurrentDictionary.cs,False,Direct Analysis
GetEnumerator,178,garnet-1.0.92/libs/storage/Tsavorite/cs/src/core/Utilities/SafeConcurrentDictionary.cs,False,Direct Analysis
GetEnumerator,183,garnet-1.0.92/libs/storage/Tsavorite/cs/src/core/Utilities/SafeConcurrentDictionary.cs,False,Direct Analysis
ToArray,192,garnet-1.0.92/libs/storage/Tsavorite/cs/src/core/Utilities/SafeConcurrentDictionary.cs,False,Direct Analysis
TryAdd,202,garnet-1.0.92/libs/storage/Tsavorite/cs/src/core/Utilities/SafeConcurrentDictionary.cs,False,Direct Analysis
TryGetValue,212,garnet-1.0.92/libs/storage/Tsavorite/cs/src/core/Utilities/SafeConcurrentDictionary.cs,False,Direct Analysis
TryRemove,222,garnet-1.0.92/libs/storage/Tsavorite/cs/src/core/Utilities/SafeConcurrentDictionary.cs,False,Direct Analysis
TryRemoveConditional,232,garnet-1.0.92/libs/storage/Tsavorite/cs/src/core/Utilities/SafeConcurrentDictionary.cs,False,Direct Analysis
TryUpdate,244,garnet-1.0.92/libs/storage/Tsavorite/cs/src/core/Utilities/SafeConcurrentDictionary.cs,False,Direct Analysis
GetLock,253,garnet-1.0.92/libs/storage/Tsavorite/cs/src/core/Utilities/SafeConcurrentDictionary.cs,False,Direct Analysis
GetSingleSlotRequest,1156,garnet-1.0.92/test/Garnet.test.cluster/RedirectTests/BaseCommand.cs,False,Direct Analysis
GetCrossSlotRequest,1162,garnet-1.0.92/test/Garnet.test.cluster/RedirectTests/BaseCommand.cs,False,Direct Analysis
SetupSingleSlotRequest,1168,garnet-1.0.92/test/Garnet.test.cluster/RedirectTests/BaseCommand.cs,False,Direct Analysis
GetSingleSlotRequest,1214,garnet-1.0.92/test/Garnet.test.cluster/RedirectTests/BaseCommand.cs,False,Direct Analysis
GetCrossSlotRequest,1220,garnet-1.0.92/test/Garnet.test.cluster/RedirectTests/BaseCommand.cs,False,Direct Analysis
SetupSingleSlotRequest,1226,garnet-1.0.92/test/Garnet.test.cluster/RedirectTests/BaseCommand.cs,False,Direct Analysis
GetSingleSlotRequest,1311,garnet-1.0.92/test/Garnet.test.cluster/RedirectTests/BaseCommand.cs,False,Direct Analysis
GetSingleSlotRequest,1328,garnet-1.0.92/test/Garnet.test.cluster/RedirectTests/BaseCommand.cs,False,Direct Analysis
GetSingleSlotRequest,1345,garnet-1.0.92/test/Garnet.test.cluster/RedirectTests/BaseCommand.cs,False,Direct Analysis
GetSingleSlotRequest,1362,garnet-1.0.92/test/Garnet.test.cluster/RedirectTests/BaseCommand.cs,False,Direct Analysis
GetSingleSlotRequest,1381,garnet-1.0.92/test/Garnet.test.cluster/RedirectTests/BaseCommand.cs,False,Direct Analysis
GetCrossSlotRequest,1387,garnet-1.0.92/test/Garnet.test.cluster/RedirectTests/BaseCommand.cs,False,Direct Analysis
SetupSingleSlotRequest,1393,garnet-1.0.92/test/Garnet.test.cluster/RedirectTests/BaseCommand.cs,False,Direct Analysis
GetSingleSlotRequest,1444,garnet-1.0.92/test/Garnet.test.cluster/RedirectTests/BaseCommand.cs,False,Direct Analysis
GetSingleSlotRequest,1461,garnet-1.0.92/test/Garnet.test.cluster/RedirectTests/BaseCommand.cs,False,Direct Analysis
GetCrossSlotRequest,1467,garnet-1.0.92/test/Garnet.test.cluster/RedirectTests/BaseCommand.cs,False,Direct Analysis
SetupSingleSlotRequest,1473,garnet-1.0.92/test/Garnet.test.cluster/RedirectTests/BaseCommand.cs,False,Direct Analysis
GetSingleSlotRequest,1490,garnet-1.0.92/test/Garnet.test.cluster/RedirectTests/BaseCommand.cs,False,Direct Analysis
GetCrossSlotRequest,1496,garnet-1.0.92/test/Garnet.test.cluster/RedirectTests/BaseCommand.cs,False,Direct Analysis
SetupSingleSlotRequest,1502,garnet-1.0.92/test/Garnet.test.cluster/RedirectTests/BaseCommand.cs,False,Direct Analysis
GetSingleSlotRequest,1519,garnet-1.0.92/test/Garnet.test.cluster/RedirectTests/BaseCommand.cs,False,Direct Analysis
GetCrossSlotRequest,1525,garnet-1.0.92/test/Garnet.test.cluster/RedirectTests/BaseCommand.cs,False,Direct Analysis
SetupSingleSlotRequest,1531,garnet-1.0.92/test/Garnet.test.cluster/RedirectTests/BaseCommand.cs,False,Direct Analysis
RunTest,55,garnet-1.0.92/playground/GarnetClientStress/StressTestUtil.cs,False,Direct Analysis
Reset,38,garnet-1.0.92/libs/storage/Tsavorite/cs/src/core/Allocator/SpanByteAllocatorImpl.cs,False,Direct Analysis
ReturnPage,49,garnet-1.0.92/libs/storage/Tsavorite/cs/src/core/Allocator/SpanByteAllocatorImpl.cs,False,Direct Analysis
GetSingleSlotRequest,1628,garnet-1.0.92/test/Garnet.test.cluster/RedirectTests/BaseCommand.cs,False,Direct Analysis
GetSingleSlotRequest,1645,garnet-1.0.92/test/Garnet.test.cluster/RedirectTests/BaseCommand.cs,False,Direct Analysis
GetSingleSlotRequest,1662,garnet-1.0.92/test/Garnet.test.cluster/RedirectTests/BaseCommand.cs,False,Direct Analysis
GetSingleSlotRequest,1679,garnet-1.0.92/test/Garnet.test.cluster/RedirectTests/BaseCommand.cs,False,Direct Analysis
GetCrossSlotRequest,1685,garnet-1.0.92/test/Garnet.test.cluster/RedirectTests/BaseCommand.cs,False,Direct Analysis
SetupSingleSlotRequest,1691,garnet-1.0.92/test/Garnet.test.cluster/RedirectTests/BaseCommand.cs,False,Direct Analysis
GenerateCredentials,27,garnet-1.0.92/test/Garnet.test/CredentialManager.cs,False,Direct Analysis
GetSingleSlotRequest,1710,garnet-1.0.92/test/Garnet.test.cluster/RedirectTests/BaseCommand.cs,False,Direct Analysis
GlobalSetup,48,garnet-1.0.92/benchmark/BDN.benchmark/Operations/SortedSetOperations.cs,False,Direct Analysis
ZAddRem,86,garnet-1.0.92/benchmark/BDN.benchmark/Operations/SortedSetOperations.cs,False,Direct Analysis
GetSingleSlotRequest,1797,garnet-1.0.92/test/Garnet.test.cluster/RedirectTests/BaseCommand.cs,False,Direct Analysis
AddWorker,254,garnet-1.0.92/test/Garnet.test.cluster/ClientClusterConfig.cs,False,Direct Analysis
GetOrderedClusterInfo,284,garnet-1.0.92/test/Garnet.test.cluster/ClientClusterConfig.cs,False,Direct Analysis
GetSingleSlotRequest,1833,garnet-1.0.92/test/Garnet.test.cluster/RedirectTests/BaseCommand.cs,False,Direct Analysis
GetSingleSlotRequest,1869,garnet-1.0.92/test/Garnet.test.cluster/RedirectTests/BaseCommand.cs,False,Direct Analysis
GetDevice,201,garnet-1.0.92/libs/common/StreamProvider.cs,False,Direct Analysis
GetBytesToWrite,211,garnet-1.0.92/libs/common/StreamProvider.cs,False,Direct Analysis
GetSingleSlotRequest,1959,garnet-1.0.92/test/Garnet.test.cluster/RedirectTests/BaseCommand.cs,False,Direct Analysis
GetSingleSlotRequest,1977,garnet-1.0.92/test/Garnet.test.cluster/RedirectTests/BaseCommand.cs,False,Direct Analysis
GetSingleSlotRequest,2049,garnet-1.0.92/test/Garnet.test.cluster/RedirectTests/BaseCommand.cs,False,Direct Analysis
Prepare,21,garnet-1.0.92/test/Garnet.test/TestProcedureSet.cs,False,Direct Analysis
Main,33,garnet-1.0.92/test/Garnet.test/TestProcedureSet.cs,False,Direct Analysis
GetSingleSlotRequest,2085,garnet-1.0.92/test/Garnet.test.cluster/RedirectTests/BaseCommand.cs,False,Direct Analysis
GetSingleSlotRequest,2597,garnet-1.0.92/test/Garnet.test.cluster/RedirectTests/BaseCommand.cs,False,Direct Analysis
GetSingleSlotRequest,2191,garnet-1.0.92/test/Garnet.test.cluster/RedirectTests/BaseCommand.cs,False,Direct Analysis
GetCrossSlotRequest,2197,garnet-1.0.92/test/Garnet.test.cluster/RedirectTests/BaseCommand.cs,False,Direct Analysis
SetupSingleSlotRequest,2203,garnet-1.0.92/test/Garnet.test.cluster/RedirectTests/BaseCommand.cs,False,Direct Analysis
GetSingleSlotRequest,2296,garnet-1.0.92/test/Garnet.test.cluster/RedirectTests/BaseCommand.cs,False,Direct Analysis
GetCrossSlotRequest,2303,garnet-1.0.92/test/Garnet.test.cluster/RedirectTests/BaseCommand.cs,False,Direct Analysis
SetupSingleSlotRequest,2309,garnet-1.0.92/test/Garnet.test.cluster/RedirectTests/BaseCommand.cs,False,Direct Analysis
GetSingleSlotRequest,2543,garnet-1.0.92/test/Garnet.test.cluster/RedirectTests/BaseCommand.cs,False,Direct Analysis
CompleteFlush,87,garnet-1.0.92/libs/storage/Tsavorite/cs/src/core/Utilities/PageAsyncResultTypes.cs,False,Direct Analysis
GetSingleSlotRequest,2343,garnet-1.0.92/test/Garnet.test.cluster/RedirectTests/BaseCommand.cs,False,Direct Analysis
GetSingleSlotRequest,2396,garnet-1.0.92/test/Garnet.test.cluster/RedirectTests/BaseCommand.cs,False,Direct Analysis
Setup,22,garnet-1.0.92/libs/storage/Tsavorite/cs/test/ObjectTests.cs,False,Direct Analysis
TearDown,42,garnet-1.0.92/libs/storage/Tsavorite/cs/test/ObjectTests.cs,False,Direct Analysis
ObjectInMemWriteRead,56,garnet-1.0.92/libs/storage/Tsavorite/cs/test/ObjectTests.cs,False,Direct Analysis
ObjectInMemWriteRead2,74,garnet-1.0.92/libs/storage/Tsavorite/cs/test/ObjectTests.cs,False,Direct Analysis
ObjectDiskWriteRead,102,garnet-1.0.92/libs/storage/Tsavorite/cs/test/ObjectTests.cs,False,Direct Analysis
GetSingleSlotRequest,2413,garnet-1.0.92/test/Garnet.test.cluster/RedirectTests/BaseCommand.cs,False,Direct Analysis
Prepare,14,garnet-1.0.92/test/Garnet.test/Extensions/RateLimiterTxn.cs,False,Direct Analysis
Main,21,garnet-1.0.92/test/Garnet.test/Extensions/RateLimiterTxn.cs,False,Direct Analysis
GetSingleSlotRequest,2430,garnet-1.0.92/test/Garnet.test.cluster/RedirectTests/BaseCommand.cs,False,Direct Analysis
GetSingleSlotRequest,2464,garnet-1.0.92/test/Garnet.test.cluster/RedirectTests/BaseCommand.cs,False,Direct Analysis
GetSingleSlotRequest,2633,garnet-1.0.92/test/Garnet.test.cluster/RedirectTests/BaseCommand.cs,False,Direct Analysis
DefaultConfigurationOptionsCoverage,28,garnet-1.0.92/test/Garnet.test/GarnetServerConfigTests.cs,False,Direct Analysis
OptionsDefaultAttributeUsage,68,garnet-1.0.92/test/Garnet.test/GarnetServerConfigTests.cs,False,Direct Analysis
ImportExportConfigLocal,95,garnet-1.0.92/test/Garnet.test/GarnetServerConfigTests.cs,False,Direct Analysis
ImportExportRedisConfigLocal,236,garnet-1.0.92/test/Garnet.test/GarnetServerConfigTests.cs,False,Direct Analysis
ImportExportConfigAzure,296,garnet-1.0.92/test/Garnet.test/GarnetServerConfigTests.cs,False,Direct Analysis
AzureStorageConfiguration,343,garnet-1.0.92/test/Garnet.test/GarnetServerConfigTests.cs,False,Direct Analysis
LuaMemoryOptions,389,garnet-1.0.92/test/Garnet.test/GarnetServerConfigTests.cs,False,Direct Analysis
LuaTimeoutOptions,541,garnet-1.0.92/test/Garnet.test/GarnetServerConfigTests.cs,False,Direct Analysis
LuaLoggingOptions,617,garnet-1.0.92/test/Garnet.test/GarnetServerConfigTests.cs,False,Direct Analysis
LuaAllowedFunctions,713,garnet-1.0.92/test/Garnet.test/GarnetServerConfigTests.cs,False,Direct Analysis
ClusterReplicationReestablishmentTimeout,799,garnet-1.0.92/test/Garnet.test/GarnetServerConfigTests.cs,False,Direct Analysis
ClusterReplicaResumeWithData,885,garnet-1.0.92/test/Garnet.test/GarnetServerConfigTests.cs,False,Direct Analysis
UnixSocketPath_CanParseValidPath,967,garnet-1.0.92/test/Garnet.test/GarnetServerConfigTests.cs,False,Direct Analysis
UnixSocketPath_InvalidPathFails,975,garnet-1.0.92/test/Garnet.test/GarnetServerConfigTests.cs,False,Direct Analysis
UnixSocketPermission_CanParseValidPermission,984,garnet-1.0.92/test/Garnet.test/GarnetServerConfigTests.cs,False,Direct Analysis
UnixSocketPermission_InvalidPermissionFails,996,garnet-1.0.92/test/Garnet.test/GarnetServerConfigTests.cs,False,Direct Analysis
ConnectionProtectionTest,1010,garnet-1.0.92/test/Garnet.test/GarnetServerConfigTests.cs,False,Direct Analysis
MultiTcpSocketTest,1064,garnet-1.0.92/test/Garnet.test/GarnetServerConfigTests.cs,False,Direct Analysis
GetSingleSlotRequest,2705,garnet-1.0.92/test/Garnet.test.cluster/RedirectTests/BaseCommand.cs,False,Direct Analysis
GetSingleSlotRequest,2739,garnet-1.0.92/test/Garnet.test.cluster/RedirectTests/BaseCommand.cs,False,Direct Analysis
GetSingleSlotRequest,2775,garnet-1.0.92/test/Garnet.test.cluster/RedirectTests/BaseCommand.cs,False,Direct Analysis
GetSingleSlotRequest,2809,garnet-1.0.92/test/Garnet.test.cluster/RedirectTests/BaseCommand.cs,False,Direct Analysis
GetSingleSlotRequest,2843,garnet-1.0.92/test/Garnet.test.cluster/RedirectTests/BaseCommand.cs,False,Direct Analysis
GetSingleSlotRequest,2860,garnet-1.0.92/test/Garnet.test.cluster/RedirectTests/BaseCommand.cs,False,Direct Analysis
SetupSingleSlotRequest,2868,garnet-1.0.92/test/Garnet.test.cluster/RedirectTests/BaseCommand.cs,False,Direct Analysis
Setup,103,garnet-1.0.92/test/Garnet.test/GarnetClientTests.cs,False,Direct Analysis
TearDown,110,garnet-1.0.92/test/Garnet.test/GarnetClientTests.cs,False,Direct Analysis
SetGetWithCallback,122,garnet-1.0.92/test/Garnet.test/GarnetClientTests.cs,False,Direct Analysis
SimpleMetricsTest,150,garnet-1.0.92/test/Garnet.test/GarnetClientTests.cs,False,Direct Analysis
SimpleStringArrayTest,182,garnet-1.0.92/test/Garnet.test/GarnetClientTests.cs,False,Direct Analysis
SimpleNoArgsTest,198,garnet-1.0.92/test/Garnet.test/GarnetClientTests.cs,False,Direct Analysis
SimpleIncrTest,214,garnet-1.0.92/test/Garnet.test/GarnetClientTests.cs,False,Direct Analysis
SimpleDecrTest,276,garnet-1.0.92/test/Garnet.test/GarnetClientTests.cs,False,Direct Analysis
CanUseSetNxStringResultAsync,338,garnet-1.0.92/test/Garnet.test/GarnetClientTests.cs,False,Direct Analysis
ShouldNotThrowExceptionForEmptyArrayResponseAsync,357,garnet-1.0.92/test/Garnet.test/GarnetClientTests.cs,False,Direct Analysis
CanUseMGetTests,373,garnet-1.0.92/test/Garnet.test/GarnetClientTests.cs,False,Direct Analysis
ReadValuesMGet,439,garnet-1.0.92/test/Garnet.test/GarnetClientTests.cs,False,Direct Analysis
SimpleMemoryResultArrayCallback,455,garnet-1.0.92/test/Garnet.test/GarnetClientTests.cs,False,Direct Analysis
SimpleStringArrayCallback,468,garnet-1.0.92/test/Garnet.test/GarnetClientTests.cs,False,Direct Analysis
CanDoBulkDeleteTests,479,garnet-1.0.92/test/Garnet.test/GarnetClientTests.cs,False,Direct Analysis
MultipleSocketPing,598,garnet-1.0.92/test/Garnet.test/GarnetClientTests.cs,False,Direct Analysis
Dispose,79,garnet-1.0.92/libs/storage/Tsavorite/cs/src/core/Allocator/AsyncIOContext.cs,False,Direct Analysis
Prepare,26,garnet-1.0.92/test/Garnet.test.cluster/RedirectTests/TestClusterProc.cs,False,Direct Analysis
Main,40,garnet-1.0.92/test/Garnet.test.cluster/RedirectTests/TestClusterProc.cs,False,Direct Analysis
GetSingleSlotRequest,63,garnet-1.0.92/test/Garnet.test.cluster/RedirectTests/TestClusterProc.cs,False,Direct Analysis
GetCrossSlotRequest,73,garnet-1.0.92/test/Garnet.test.cluster/RedirectTests/TestClusterProc.cs,False,Direct Analysis
SetupSingleSlotRequest,79,garnet-1.0.92/test/Garnet.test.cluster/RedirectTests/TestClusterProc.cs,False,Direct Analysis
Prepare,100,garnet-1.0.92/test/Garnet.test.cluster/RedirectTests/TestClusterProc.cs,False,Direct Analysis
Main,114,garnet-1.0.92/test/Garnet.test.cluster/RedirectTests/TestClusterProc.cs,False,Direct Analysis
GetSingleSlotRequest,136,garnet-1.0.92/test/Garnet.test.cluster/RedirectTests/TestClusterProc.cs,False,Direct Analysis
GetCrossSlotRequest,142,garnet-1.0.92/test/Garnet.test.cluster/RedirectTests/TestClusterProc.cs,False,Direct Analysis
SetupSingleSlotRequest,148,garnet-1.0.92/test/Garnet.test.cluster/RedirectTests/TestClusterProc.cs,False,Direct Analysis
Setup,12,garnet-1.0.92/test/Garnet.test.cluster/ReplicationTests/ClusterReplicationAsyncReplay.cs,False,Direct Analysis
TearDown,19,garnet-1.0.92/test/Garnet.test.cluster/ReplicationTests/ClusterReplicationAsyncReplay.cs,False,Direct Analysis
Setup,41,garnet-1.0.92/test/Garnet.test.cluster/ReplicationTests/ClusterReplicationDisklessSyncTests.cs,False,Direct Analysis
TearDown,48,garnet-1.0.92/test/Garnet.test.cluster/ReplicationTests/ClusterReplicationDisklessSyncTests.cs,False,Direct Analysis
PopulatePrimary,53,garnet-1.0.92/test/Garnet.test.cluster/ReplicationTests/ClusterReplicationDisklessSyncTests.cs,False,Direct Analysis
Validate,70,garnet-1.0.92/test/Garnet.test.cluster/ReplicationTests/ClusterReplicationDisklessSyncTests.cs,False,Direct Analysis
ResetAndReAttach,78,garnet-1.0.92/test/Garnet.test.cluster/ReplicationTests/ClusterReplicationDisklessSyncTests.cs,False,Direct Analysis
Failover,91,garnet-1.0.92/test/Garnet.test.cluster/ReplicationTests/ClusterReplicationDisklessSyncTests.cs,False,Direct Analysis
ClusterEmptyReplicaDisklessSync,110,garnet-1.0.92/test/Garnet.test.cluster/ReplicationTests/ClusterReplicationDisklessSyncTests.cs,False,Direct Analysis
Prepare,19,garnet-1.0.92/test/Garnet.test/DeleteTxn.cs,False,Direct Analysis
Main,26,garnet-1.0.92/test/Garnet.test/DeleteTxn.cs,False,Direct Analysis
CommandsWithLinksShouldNotHaveMinusSign,18,garnet-1.0.92/test/Garnet.test/DocsTests.cs,False,Direct Analysis
Prepare,15,garnet-1.0.92/test/Garnet.test/Extensions/BulkIncrementBy.cs,False,Direct Analysis
Main,32,garnet-1.0.92/test/Garnet.test/Extensions/BulkIncrementBy.cs,False,Direct Analysis
Execute,11,garnet-1.0.92/test/Garnet.test/Extensions/ProcCustomCmd.cs,False,Direct Analysis
Prepare,14,garnet-1.0.92/test/Garnet.test/Extensions/TxnCustomCmd.cs,False,Direct Analysis
Main,32,garnet-1.0.92/test/Garnet.test/Extensions/TxnCustomCmd.cs,False,Direct Analysis
Setup,231,garnet-1.0.92/libs/storage/Tsavorite/cs/test/RecoveryTests.cs,False,Direct Analysis
Setup,241,garnet-1.0.92/libs/storage/Tsavorite/cs/test/RecoveryTests.cs,False,Direct Analysis
TearDown,268,garnet-1.0.92/libs/storage/Tsavorite/cs/test/RecoveryTests.cs,False,Direct Analysis
RecoveryTestByAllocatorType,294,garnet-1.0.92/libs/storage/Tsavorite/cs/test/RecoveryTests.cs,False,Direct Analysis
RecoveryTestFailOnSectorSize,302,garnet-1.0.92/libs/storage/Tsavorite/cs/test/RecoveryTests.cs,False,Direct Analysis
RunTest,330,garnet-1.0.92/libs/storage/Tsavorite/cs/test/RecoveryTests.cs,False,Direct Analysis
Populate,359,garnet-1.0.92/libs/storage/Tsavorite/cs/test/RecoveryTests.cs,False,Direct Analysis
Populate,371,garnet-1.0.92/libs/storage/Tsavorite/cs/test/RecoveryTests.cs,False,Direct Analysis
Populate,402,garnet-1.0.92/libs/storage/Tsavorite/cs/test/RecoveryTests.cs,False,Direct Analysis
Checkpoint,416,garnet-1.0.92/libs/storage/Tsavorite/cs/test/RecoveryTests.cs,False,Direct Analysis
Recover,504,garnet-1.0.92/libs/storage/Tsavorite/cs/test/RecoveryTests.cs,False,Direct Analysis
Equals,46,garnet-1.0.92/test/Garnet.test/GarnetJSON/JSONPath/JsonAssert.cs,False,Direct Analysis
GetHashCode,61,garnet-1.0.92/test/Garnet.test/GarnetJSON/JSONPath/JsonAssert.cs,False,Direct Analysis
GlobalSetup,32,garnet-1.0.92/benchmark/BDN.benchmark/Cluster/ClusterOperations.cs,False,Direct Analysis
DoSerialize,103,garnet-1.0.92/libs/server/Objects/Set/SetObject.cs,False,Direct Analysis
Dispose,119,garnet-1.0.92/libs/server/Objects/Set/SetObject.cs,False,Direct Analysis
Operate,125,garnet-1.0.92/libs/server/Objects/Set/SetObject.cs,False,Direct Analysis
UpdateSize,180,garnet-1.0.92/libs/server/Objects/Set/SetObject.cs,False,Direct Analysis
SetAdd,16,garnet-1.0.92/libs/server/Objects/Set/SetObjectImpl.cs,False,Direct Analysis
SetMembers,34,garnet-1.0.92/libs/server/Objects/Set/SetObjectImpl.cs,False,Direct Analysis
SetIsMember,47,garnet-1.0.92/libs/server/Objects/Set/SetObjectImpl.cs,False,Direct Analysis
SetMultiIsMember,61,garnet-1.0.92/libs/server/Objects/Set/SetObjectImpl.cs,False,Direct Analysis
SetRemove,81,garnet-1.0.92/libs/server/Objects/Set/SetObjectImpl.cs,False,Direct Analysis
SetLength,99,garnet-1.0.92/libs/server/Objects/Set/SetObjectImpl.cs,False,Direct Analysis
SetPop,105,garnet-1.0.92/libs/server/Objects/Set/SetObjectImpl.cs,False,Direct Analysis
SetRandomMember,157,garnet-1.0.92/libs/server/Objects/Set/SetObjectImpl.cs,False,Direct Analysis
Serialize,179,garnet-1.0.92/libs/storage/Tsavorite/cs/test/ObjectRecoveryTest2.cs,False,Direct Analysis
Deserialize,186,garnet-1.0.92/libs/storage/Tsavorite/cs/test/ObjectRecoveryTest2.cs,False,Direct Analysis
Equals,71,garnet-1.0.92/test/Garnet.test/GarnetJSON/JSONPath/JsonAssert.cs,False,Direct Analysis
GetHashCode,86,garnet-1.0.92/test/Garnet.test/GarnetJSON/JSONPath/JsonAssert.cs,False,Direct Analysis
Prepare,30,garnet-1.0.92/main/GarnetServer/Extensions/SampleUpdateTxn.cs,False,Direct Analysis
Main,57,garnet-1.0.92/main/GarnetServer/Extensions/SampleUpdateTxn.cs,False,Direct Analysis
TestRegression,81,garnet-1.0.92/test/Garnet.test/GarnetJSON/JSONPath/JsonPathRegressionTests.cs,False,Direct Analysis
OnCompleted,154,garnet-1.0.92/libs/storage/Tsavorite/cs/src/core/Index/Common/LogSizeTracker.cs,False,The method OnCompleted is a member of the IObserver interface which the type LogSizeTracker implements.
OnError,157,garnet-1.0.92/libs/storage/Tsavorite/cs/src/core/Index/Common/LogSizeTracker.cs,False,The method OnError is a member of the IObserver interface which the type LogSizeTracker implements.
AcquireLockable,45,garnet-1.0.92/libs/storage/Tsavorite/cs/src/core/ClientSession/ClientSession.cs,False,The method AcquireLockable is a member of the IClientSession interface which the type ClientSession implements.
LocksAcquired,52,garnet-1.0.92/libs/storage/Tsavorite/cs/src/core/ClientSession/ClientSession.cs,False,The method LocksAcquired is a member of the IClientSession interface which the type ClientSession implements.
ReleaseLockable,59,garnet-1.0.92/libs/storage/Tsavorite/cs/src/core/ClientSession/ClientSession.cs,False,The method ReleaseLockable is a member of the IClientSession interface which the type ClientSession implements.
CheckIsAcquiredLockable,69,garnet-1.0.92/libs/storage/Tsavorite/cs/src/core/ClientSession/ClientSession.cs,False,The method CheckIsAcquiredLockable is a member of the IClientSession interface which the type ClientSession implements.
CheckIsNotAcquiredLockable,76,garnet-1.0.92/libs/storage/Tsavorite/cs/src/core/ClientSession/ClientSession.cs,False,The method CheckIsNotAcquiredLockable is a member of the IClientSession interface which the type ClientSession implements.
ResetModified,168,garnet-1.0.92/libs/storage/Tsavorite/cs/src/core/ClientSession/ClientSession.cs,False,The method ResetModified is a member of the IClientSession interface which the type ClientSession implements.
CompletePending,231,garnet-1.0.92/libs/storage/Tsavorite/cs/src/core/ClientSession/ClientSession.cs,False,The method CompletePending is a member of the IClientSession interface which the type ClientSession implements.
IsModified,333,garnet-1.0.92/libs/storage/Tsavorite/cs/src/core/ClientSession/ClientSession.cs,False,The method IsModified is a member of the IClientSession interface which the type ClientSession implements.
Scan,170,garnet-1.0.92/libs/server/Objects/Types/GarnetObjectBase.cs,False,The method Scan is a member of the IGarnetObject interface which the type GarnetObjectBase implements.
TryReadAsync,469,garnet-1.0.92/libs/storage/Tsavorite/cs/src/devices/AzureStorageDevice/AzureStorageDevice.cs,False,The method TryReadAsync is a member of the IDevice interface which the type AzureStorageDevice implements.
TryWriteAsync,652,garnet-1.0.92/libs/storage/Tsavorite/cs/src/devices/AzureStorageDevice/AzureStorageDevice.cs,False,The method TryWriteAsync is a member of the IDevice interface which the type AzureStorageDevice implements.
BeginScope,18,garnet-1.0.92/libs/host/MemoryLogger.cs,False,The method BeginScope is a member of the ILogger interface which the type MemoryLogger implements.
IsEnabled,23,garnet-1.0.92/libs/host/MemoryLogger.cs,False,The method IsEnabled is a member of the ILogger interface which the type MemoryLogger implements.
GetDevice,54,garnet-1.0.92/libs/cluster/Server/Replication/GarnetClusterCheckpointManager.cs,False,The method GetDevice is a member of the ICheckpointManager interface which the type GarnetClusterCheckpointManager implements.
OnCompleted,44,garnet-1.0.92/libs/storage/Tsavorite/cs/src/core/Index/Common/LogSizeTracker.cs,False,The method OnCompleted is a member of the IObserver interface which the type LogOperationObserver implements.
OnError,46,garnet-1.0.92/libs/storage/Tsavorite/cs/src/core/Index/Common/LogSizeTracker.cs,False,The method OnError is a member of the IObserver interface which the type LogOperationObserver implements.
Reset,168,garnet-1.0.92/metrics/HdrHistogram/Iteration/AbstractHistogramEnumerator.cs,False,The method Reset is a member of the IEnumerator interface which the type AbstractHistogramEnumerator implements.
GetKey,35,garnet-1.0.92/libs/storage/Tsavorite/cs/src/core/Allocator/GenericFrame.cs,True,Cascading + LLM (No Internal Calls)
GetValue,40,garnet-1.0.92/libs/storage/Tsavorite/cs/src/core/Allocator/GenericFrame.cs,True,Cascading + LLM (No Internal Calls)
GetInfo,45,garnet-1.0.92/libs/storage/Tsavorite/cs/src/core/Allocator/GenericFrame.cs,True,Cascading + LLM (No Internal Calls)
GetPage,50,garnet-1.0.92/libs/storage/Tsavorite/cs/src/core/Allocator/GenericFrame.cs,True,Cascading + LLM (No Internal Calls)
PopulatePage,1000,garnet-1.0.92/libs/storage/Tsavorite/cs/src/core/Allocator/GenericAllocatorImpl.cs,True,Cascading + LLM (No Internal Calls)
GetOptions,39,garnet-1.0.92/libs/server/Objects/SortedSet/SortedSetObjectImpl.cs,True,Cascading + LLM (No Internal Calls)
GeoHash,84,garnet-1.0.92/libs/server/Objects/SortedSetGeo/SortedSetGeoObjectImpl.cs,True,Cascading + LLM (No Internal Calls)
GeoDistance,107,garnet-1.0.92/libs/server/Objects/SortedSetGeo/SortedSetGeoObjectImpl.cs,True,Cascading + LLM (No Internal Calls)
GeoPosition,143,garnet-1.0.92/libs/server/Objects/SortedSetGeo/SortedSetGeoObjectImpl.cs,True,Cascading + LLM (No Internal Calls)
HashGet,26,garnet-1.0.92/libs/server/Objects/Hash/HashObjectImpl.cs,True,Cascading + LLM (No Internal Calls)
HashMultipleGet,43,garnet-1.0.92/libs/server/Objects/Hash/HashObjectImpl.cs,True,Cascading + LLM (No Internal Calls)
HashDelete,85,garnet-1.0.92/libs/server/Objects/Hash/HashObjectImpl.cs,True,Cascading + LLM (No Internal Calls)
HashStrLength,102,garnet-1.0.92/libs/server/Objects/Hash/HashObjectImpl.cs,True,Cascading + LLM (No Internal Calls)
Remove,221,garnet-1.0.92/libs/server/Lua/SessionScriptCache.cs,True,Cascading + LLM (No Internal Calls)
ListMove,861,garnet-1.0.92/libs/server/Resp/Objects/ListCommands.cs,True,Cascading + LLM (No Internal Calls)
MakeUpperCase,659,garnet-1.0.92/libs/server/Resp/RespServerSession.cs,True,Cascading + LLM (No Internal Calls)
Write,1201,garnet-1.0.92/libs/server/Resp/RespServerSession.cs,True,Cascading + LLM (No Internal Calls)
Write,1221,garnet-1.0.92/libs/server/Resp/RespServerSession.cs,True,Cascading + LLM (No Internal Calls)
HandleSessionDisposed,221,garnet-1.0.92/libs/server/Objects/ItemBroker/CollectionItemBroker.cs,True,Cascading + LLM (No Internal Calls)
TryGetResult,507,garnet-1.0.92/libs/server/Objects/ItemBroker/CollectionItemBroker.cs,True,Cascading + LLM (No Internal Calls)
GET_WithPending,16,garnet-1.0.92/libs/server/Storage/Session/MainStore/AdvancedOps.cs,True,Cascading + LLM (No Internal Calls)
GET_CompletePending,65,garnet-1.0.92/libs/server/Storage/Session/MainStore/AdvancedOps.cs,True,Cascading + LLM (No Internal Calls)
RMW_MainStore,74,garnet-1.0.92/libs/server/Storage/Session/MainStore/AdvancedOps.cs,True,Cascading + LLM (No Internal Calls)
Read_MainStore,88,garnet-1.0.92/libs/server/Storage/Session/MainStore/AdvancedOps.cs,True,Cascading + LLM (No Internal Calls)
GETDEL,190,garnet-1.0.92/libs/server/Storage/Session/MainStore/MainStoreOps.cs,True,Cascading + LLM (No Internal Calls)
SET,337,garnet-1.0.92/libs/server/Storage/Session/MainStore/MainStoreOps.cs,True,Cascading + LLM (No Internal Calls)
SET,344,garnet-1.0.92/libs/server/Storage/Session/MainStore/MainStoreOps.cs,True,Cascading + LLM (No Internal Calls)
SET,494,garnet-1.0.92/libs/server/Storage/Session/MainStore/MainStoreOps.cs,True,Cascading + LLM (No Internal Calls)
SETRANGE,1136,garnet-1.0.92/libs/server/Storage/Session/MainStore/MainStoreOps.cs,True,Cascading + LLM (No Internal Calls)
Increment,1152,garnet-1.0.92/libs/server/Storage/Session/MainStore/MainStoreOps.cs,True,Cascading + LLM (No Internal Calls)
Increment,1166,garnet-1.0.92/libs/server/Storage/Session/MainStore/MainStoreOps.cs,True,Cascading + LLM (No Internal Calls)
SCAN,1207,garnet-1.0.92/libs/server/Storage/Session/MainStore/MainStoreOps.cs,True,Cascading + LLM (No Internal Calls)
MemoryUsageForKey,1252,garnet-1.0.92/libs/server/Storage/Session/MainStore/MainStoreOps.cs,True,Cascading + LLM (No Internal Calls)
StopPendingMetrics,29,garnet-1.0.92/libs/server/Storage/Session/Metrics.cs,True,Cascading + LLM (No Internal Calls)
RMW_ObjectStore,14,garnet-1.0.92/libs/server/Storage/Session/ObjectStore/AdvancedOps.cs,True,Cascading + LLM (No Internal Calls)
Read_ObjectStore,33,garnet-1.0.92/libs/server/Storage/Session/ObjectStore/AdvancedOps.cs,True,Cascading + LLM (No Internal Calls)
RMWObjectStoreOperation,22,garnet-1.0.92/libs/server/Storage/Session/ObjectStore/Common.cs,True,Cascading + LLM (No Internal Calls)
RMWObjectStoreOperationWithOutput,60,garnet-1.0.92/libs/server/Storage/Session/ObjectStore/Common.cs,True,Cascading + LLM (No Internal Calls)
ReadObjectStoreOperationWithOutput,82,garnet-1.0.92/libs/server/Storage/Session/ObjectStore/Common.cs,True,Cascading + LLM (No Internal Calls)
ProcessResp2ArrayOutput,244,garnet-1.0.92/libs/server/Storage/Session/ObjectStore/Common.cs,True,Cascading + LLM (No Internal Calls)
ProcessRespIntegerArrayOutput,462,garnet-1.0.92/libs/server/Storage/Session/ObjectStore/Common.cs,True,Cascading + LLM (No Internal Calls)
ProcessRespInt64ArrayOutput,531,garnet-1.0.92/libs/server/Storage/Session/ObjectStore/Common.cs,True,Cascading + LLM (No Internal Calls)
ListPop,93,garnet-1.0.92/libs/server/Storage/Session/ObjectStore/ListOps.cs,True,Cascading + LLM (No Internal Calls)
SetPop,208,garnet-1.0.92/libs/server/Storage/Session/ObjectStore/SetOps.cs,True,Cascading + LLM (No Internal Calls)
SetIntersect,456,garnet-1.0.92/libs/server/Storage/Session/ObjectStore/SetOps.cs,True,Cascading + LLM (No Internal Calls)
SetUnion,632,garnet-1.0.92/libs/server/Storage/Session/ObjectStore/SetOps.cs,True,Cascading + LLM (No Internal Calls)
SetDiff,895,garnet-1.0.92/libs/server/Storage/Session/ObjectStore/SetOps.cs,True,Cascading + LLM (No Internal Calls)
SortedSetUnion,1140,garnet-1.0.92/libs/server/Storage/Session/ObjectStore/SortedSetOps.cs,True,Cascading + LLM (No Internal Calls)
SortedSetDifference,1223,garnet-1.0.92/libs/server/Storage/Session/ObjectStore/SortedSetOps.cs,True,Cascading + LLM (No Internal Calls)
SortedSetIntersectLength,1331,garnet-1.0.92/libs/server/Storage/Session/ObjectStore/SortedSetOps.cs,True,Cascading + LLM (No Internal Calls)
SortedSetIntersection,1463,garnet-1.0.92/libs/server/Storage/Session/ObjectStore/SortedSetOps.cs,True,Cascading + LLM (No Internal Calls)
GetOptionsString,111,garnet-1.0.92/libs/storage/Tsavorite/cs/benchmark/YCSB.benchmark/Options.cs,True,Cascading + LLM (No Internal Calls)
Compact,92,garnet-1.0.92/libs/storage/Tsavorite/cs/src/core/Index/Recovery/Checkpoint.cs,True,Cascading + LLM (No Internal Calls)
GetLatestCheckpointVersion,206,garnet-1.0.92/libs/storage/Tsavorite/cs/src/core/Index/Recovery/Recovery.cs,True,Cascading + LLM (No Internal Calls)
TryTransientXLock,14,garnet-1.0.92/libs/storage/Tsavorite/cs/src/core/Index/Tsavorite/Implementation/Locking/TransientLocking.cs,True,Cascading + LLM (No Internal Calls)
TryTransientSLock,38,garnet-1.0.92/libs/storage/Tsavorite/cs/src/core/Index/Tsavorite/Implementation/Locking/TransientLocking.cs,True,Cascading + LLM (No Internal Calls)
ReadCacheAbandonRecord,235,garnet-1.0.92/libs/storage/Tsavorite/cs/src/core/Index/Tsavorite/Implementation/ReadCache.cs,True,Cascading + LLM (No Internal Calls)
GetRecoverVersion,374,garnet-1.0.92/libs/storage/Tsavorite/cs/src/core/Index/Tsavorite/Tsavorite.cs,True,Cascading + LLM (No Internal Calls)
GetInfo,216,garnet-1.0.92/libs/cluster/Server/ClusterManager.cs,True,Cascading + LLM (No Internal Calls)
ListReplicas,233,garnet-1.0.92/libs/cluster/Server/ClusterManagerWorkerState.cs,True,Cascading + LLM (No Internal Calls)
ExecuteForStringResultAsync,25,garnet-1.0.92/libs/client/GarnetClientAPI/GarnetClientExecuteAPI.cs,True,Cascading + LLM (No Internal Calls)
ExecuteForStringResultAsync,54,garnet-1.0.92/libs/client/GarnetClientAPI/GarnetClientExecuteAPI.cs,True,Cascading + LLM (No Internal Calls)
ExecuteForStringResultAsync,67,garnet-1.0.92/libs/client/GarnetClientAPI/GarnetClientExecuteAPI.cs,True,Cascading + LLM (No Internal Calls)
ExecuteForStringResult,87,garnet-1.0.92/libs/client/GarnetClientAPI/GarnetClientExecuteAPI.cs,True,Cascading + LLM (No Internal Calls)
ExecuteForStringResult,114,garnet-1.0.92/libs/client/GarnetClientAPI/GarnetClientExecuteAPI.cs,True,Cascading + LLM (No Internal Calls)
ExecuteForStringResult,127,garnet-1.0.92/libs/client/GarnetClientAPI/GarnetClientExecuteAPI.cs,True,Cascading + LLM (No Internal Calls)
ExecuteForMemoryResultAsync,256,garnet-1.0.92/libs/client/GarnetClientAPI/GarnetClientExecuteAPI.cs,True,Cascading + LLM (No Internal Calls)
ExecuteForMemoryResultAsync,283,garnet-1.0.92/libs/client/GarnetClientAPI/GarnetClientExecuteAPI.cs,True,Cascading + LLM (No Internal Calls)
ExecuteForMemoryResultAsync,296,garnet-1.0.92/libs/client/GarnetClientAPI/GarnetClientExecuteAPI.cs,True,Cascading + LLM (No Internal Calls)
ExecuteForMemoryResult,316,garnet-1.0.92/libs/client/GarnetClientAPI/GarnetClientExecuteAPI.cs,True,Cascading + LLM (No Internal Calls)
ExecuteForMemoryResult,343,garnet-1.0.92/libs/client/GarnetClientAPI/GarnetClientExecuteAPI.cs,True,Cascading + LLM (No Internal Calls)
ExecuteForMemoryResult,355,garnet-1.0.92/libs/client/GarnetClientAPI/GarnetClientExecuteAPI.cs,True,Cascading + LLM (No Internal Calls)
ExecuteForStringArrayResultAsync,482,garnet-1.0.92/libs/client/GarnetClientAPI/GarnetClientExecuteAPI.cs,True,Cascading + LLM (No Internal Calls)
ExecuteForStringArrayResultAsync,509,garnet-1.0.92/libs/client/GarnetClientAPI/GarnetClientExecuteAPI.cs,True,Cascading + LLM (No Internal Calls)
ExecuteForStringArrayResultAsync,522,garnet-1.0.92/libs/client/GarnetClientAPI/GarnetClientExecuteAPI.cs,True,Cascading + LLM (No Internal Calls)
ExecuteForStringArrayResult,541,garnet-1.0.92/libs/client/GarnetClientAPI/GarnetClientExecuteAPI.cs,True,Cascading + LLM (No Internal Calls)
ExecuteForStringArrayResult,567,garnet-1.0.92/libs/client/GarnetClientAPI/GarnetClientExecuteAPI.cs,True,Cascading + LLM (No Internal Calls)
ExecuteForStringArrayResult,579,garnet-1.0.92/libs/client/GarnetClientAPI/GarnetClientExecuteAPI.cs,True,Cascading + LLM (No Internal Calls)
ExecuteForMemoryResultArrayAsync,709,garnet-1.0.92/libs/client/GarnetClientAPI/GarnetClientExecuteAPI.cs,True,Cascading + LLM (No Internal Calls)
ExecuteForMemoryResultArrayAsync,736,garnet-1.0.92/libs/client/GarnetClientAPI/GarnetClientExecuteAPI.cs,True,Cascading + LLM (No Internal Calls)
ExecuteForMemoryResultArrayAsync,749,garnet-1.0.92/libs/client/GarnetClientAPI/GarnetClientExecuteAPI.cs,True,Cascading + LLM (No Internal Calls)
ExecuteForMemoryResultArray,768,garnet-1.0.92/libs/client/GarnetClientAPI/GarnetClientExecuteAPI.cs,True,Cascading + LLM (No Internal Calls)
ExecuteForMemoryResultArray,793,garnet-1.0.92/libs/client/GarnetClientAPI/GarnetClientExecuteAPI.cs,True,Cascading + LLM (No Internal Calls)
ExecuteForMemoryResultArray,805,garnet-1.0.92/libs/client/GarnetClientAPI/GarnetClientExecuteAPI.cs,True,Cascading + LLM (No Internal Calls)
ExecuteForLongResultAsync,940,garnet-1.0.92/libs/client/GarnetClientAPI/GarnetClientExecuteAPI.cs,True,Cascading + LLM (No Internal Calls)
ExecuteForLongResultAsync,953,garnet-1.0.92/libs/client/GarnetClientAPI/GarnetClientExecuteAPI.cs,True,Cascading + LLM (No Internal Calls)
ExecuteForLongResultAsync,967,garnet-1.0.92/libs/client/GarnetClientAPI/GarnetClientExecuteAPI.cs,True,Cascading + LLM (No Internal Calls)
ExecuteForLongResult,986,garnet-1.0.92/libs/client/GarnetClientAPI/GarnetClientExecuteAPI.cs,True,Cascading + LLM (No Internal Calls)
ExecuteForLongResult,999,garnet-1.0.92/libs/client/GarnetClientAPI/GarnetClientExecuteAPI.cs,True,Cascading + LLM (No Internal Calls)
ExecuteForLongResult,1013,garnet-1.0.92/libs/client/GarnetClientAPI/GarnetClientExecuteAPI.cs,True,Cascading + LLM (No Internal Calls)
ProcessReplyAsString,19,garnet-1.0.92/libs/client/GarnetClientProcessReplies.cs,True,Cascading + LLM (No Internal Calls)
ProcessReplyAsNumber,68,garnet-1.0.92/libs/client/GarnetClientProcessReplies.cs,True,Cascading + LLM (No Internal Calls)
ProcessReplyAsStringArray,98,garnet-1.0.92/libs/client/GarnetClientProcessReplies.cs,True,Cascading + LLM (No Internal Calls)
ProcessReplyAsMemoryByteArray,197,garnet-1.0.92/libs/client/GarnetClientProcessReplies.cs,True,Cascading + LLM (No Internal Calls)
RelinquishOwnership,316,garnet-1.0.92/libs/cluster/Server/Migration/MigrateSession.cs,True,Cascading + LLM (No Internal Calls)
GetCookieData,179,garnet-1.0.92/libs/cluster/Server/Replication/GarnetClusterCheckpointManager.cs,True,Cascading + LLM (No Internal Calls)
GetAndInitializeValue,80,garnet-1.0.92/libs/storage/Tsavorite/cs/src/core/Allocator/SpanByteAllocatorImpl.cs,True,Cascading + LLM (No Internal Calls)
Recover,236,garnet-1.0.92/libs/storage/Tsavorite/cs/src/core/Index/CheckpointManagement/RecoveryInfo.cs,True,Cascading Analysis
DeserializeInternal,44,garnet-1.0.92/libs/server/Objects/Types/GarnetObjectSerializer.cs,True,Cascading Analysis
MultiKeySlotVerify,128,garnet-1.0.92/libs/cluster/Session/SlotVerification/ClusterSlotVerify.cs,True,Cascading Analysis
MultiKeySlotVerify,151,garnet-1.0.92/libs/cluster/Session/SlotVerification/ClusterSlotVerify.cs,True,Cascading Analysis
WriteKey,396,garnet-1.0.92/playground/ClusterStress/ReqGenUtilsCluster.cs,True,Cascading Analysis
WriteKey,402,garnet-1.0.92/playground/ClusterStress/ReqGenUtilsCluster.cs,True,Cascading Analysis
Dump,219,garnet-1.0.92/libs/server/Metrics/Latency/GarnetLatencyMetrics.cs,True,Cascading Analysis
Reset,145,garnet-1.0.92/libs/storage/Tsavorite/cs/src/core/TsavoriteLog/TsavoriteLogRecoveryInfo.cs,True,Cascading Analysis
GetClusterConfig,286,garnet-1.0.92/test/Garnet.test.cluster/ClusterTestUtils.cs,True,Cascading Analysis
SlowConsumeMessage,77,garnet-1.0.92/benchmark/BDN.benchmark/Network/NetworkBase.cs,True,Cascading Analysis
RunAll,24,garnet-1.0.92/samples/GarnetClientSample/SERedisSamples.cs,True,Cascading Analysis
StringBitField,401,garnet-1.0.92/libs/server/Storage/Session/MainStore/BitmapOps.cs,True,Cascading + LLM (With Internal Calls)
StringBitFieldReadOnly,415,garnet-1.0.92/libs/server/Storage/Session/MainStore/BitmapOps.cs,True,Cascading + LLM (With Internal Calls)
GETDEL,176,garnet-1.0.92/libs/server/Storage/Session/MainStore/MainStoreOps.cs,True,Cascading + LLM (With Internal Calls)
SET,486,garnet-1.0.92/libs/server/Storage/Session/MainStore/MainStoreOps.cs,True,Cascading + LLM (With Internal Calls)
SET,501,garnet-1.0.92/libs/server/Storage/Session/MainStore/MainStoreOps.cs,True,Cascading + LLM (With Internal Calls)
RMWObjectStoreOperation,38,garnet-1.0.92/libs/server/Storage/Session/ObjectStore/Common.cs,True,Cascading + LLM (With Internal Calls)
ReadObjectStoreOperationWithOutput,104,garnet-1.0.92/libs/server/Storage/Session/ObjectStore/Common.cs,True,Cascading + LLM (With Internal Calls)
HashRandomField,304,garnet-1.0.92/libs/server/Storage/Session/ObjectStore/HashOps.cs,True,Cascading + LLM (With Internal Calls)
HashTimeToLive,567,garnet-1.0.92/libs/server/Storage/Session/ObjectStore/HashOps.cs,True,Cascading + LLM (With Internal Calls)
ListPop,112,garnet-1.0.92/libs/server/Storage/Session/ObjectStore/ListOps.cs,True,Cascading + LLM (With Internal Calls)
ListPopMultiple,143,garnet-1.0.92/libs/server/Storage/Session/ObjectStore/ListOps.cs,True,Cascading + LLM (With Internal Calls)
ListTrim,339,garnet-1.0.92/libs/server/Storage/Session/ObjectStore/ListOps.cs,True,Cascading + LLM (With Internal Calls)
ListPosition,378,garnet-1.0.92/libs/server/Storage/Session/ObjectStore/ListOps.cs,True,Cascading + LLM (With Internal Calls)
SortedSetExpire,1566,garnet-1.0.92/libs/server/Storage/Session/ObjectStore/SortedSetOps.cs,True,Cascading + LLM (With Internal Calls)
SortedSetTimeToLive,1616,garnet-1.0.92/libs/server/Storage/Session/ObjectStore/SortedSetOps.cs,True,Cascading + LLM (With Internal Calls)
ListLeftPush,37,garnet-1.0.92/libs/client/GarnetClientAPI/GarnetClientListCommands.cs,True,Cascading + LLM (With Internal Calls)
ListLeftPushAsync,59,garnet-1.0.92/libs/client/GarnetClientAPI/GarnetClientListCommands.cs,True,Cascading + LLM (With Internal Calls)
ListRightPush,91,garnet-1.0.92/libs/client/GarnetClientAPI/GarnetClientListCommands.cs,True,Cascading + LLM (With Internal Calls)
ListRightPushAsync,113,garnet-1.0.92/libs/client/GarnetClientAPI/GarnetClientListCommands.cs,True,Cascading + LLM (With Internal Calls)
ListLengthAsync,143,garnet-1.0.92/libs/client/GarnetClientAPI/GarnetClientListCommands.cs,True,Cascading + LLM (With Internal Calls)
SortedSetAdd,27,garnet-1.0.92/libs/client/GarnetClientAPI/GarnetClientSortedSetCommands.cs,True,Cascading + LLM (With Internal Calls)
SortedSetAdd,47,garnet-1.0.92/libs/client/GarnetClientAPI/GarnetClientSortedSetCommands.cs,True,Cascading + LLM (With Internal Calls)
SortedSetAddAsync,60,garnet-1.0.92/libs/client/GarnetClientAPI/GarnetClientSortedSetCommands.cs,True,Cascading + LLM (With Internal Calls)
SortedSetAddAsync,79,garnet-1.0.92/libs/client/GarnetClientAPI/GarnetClientSortedSetCommands.cs,True,Cascading + LLM (With Internal Calls)
SortedSetRemove,94,garnet-1.0.92/libs/client/GarnetClientAPI/GarnetClientSortedSetCommands.cs,True,Cascading + LLM (With Internal Calls)
SortedSetRemove,112,garnet-1.0.92/libs/client/GarnetClientAPI/GarnetClientSortedSetCommands.cs,True,Cascading + LLM (With Internal Calls)
SortedSetRemoveAsync,126,garnet-1.0.92/libs/client/GarnetClientAPI/GarnetClientSortedSetCommands.cs,True,Cascading + LLM (With Internal Calls)
SortedSetRemoveAsync,144,garnet-1.0.92/libs/client/GarnetClientAPI/GarnetClientSortedSetCommands.cs,True,Cascading + LLM (With Internal Calls)
ResetAll,91,garnet-1.0.92/libs/server/Metrics/Latency/GarnetLatencyMetricsSession.cs,True,Cascading Analysis
ListLeftPush,25,garnet-1.0.92/libs/client/GarnetClientAPI/GarnetClientListCommands.cs,True,Cascading + LLM (With Internal Calls)
ListRightPush,79,garnet-1.0.92/libs/client/GarnetClientAPI/GarnetClientListCommands.cs,True,Cascading + LLM (With Internal Calls)
AssertNoLocks,281,garnet-1.0.92/libs/storage/Tsavorite/cs/test/LockableUnsafeContextTests.cs,False,Cascading Analysis
SlowConsumeMessage,134,garnet-1.0.92/benchmark/BDN.benchmark/Operations/OperationsBase.cs,False,Cascading Analysis
TryCoalesceAllFreeBlocks,700,garnet-1.0.92/libs/server/Lua/LuaLimitedManagedAllocator.cs,False,Cascading Analysis
SplitInUseBlock,971,garnet-1.0.92/libs/server/Lua/LuaLimitedManagedAllocator.cs,False,Cascading Analysis
SplitFreeBlock,997,garnet-1.0.92/libs/server/Lua/LuaLimitedManagedAllocator.cs,False,Cascading Analysis
LoadData,126,garnet-1.0.92/libs/storage/Tsavorite/cs/benchmark/YCSB.benchmark/TestLoader.cs,False,Cascading Analysis
UpdateReplicationId,77,garnet-1.0.92/libs/cluster/Server/Replication/ReplicationHistoryManager.cs,False,Cascading Analysis
Resume,194,garnet-1.0.92/libs/client/LightEpoch.cs,False,Cascading Analysis
Resume,204,garnet-1.0.92/libs/client/LightEpoch.cs,False,Cascading Analysis
Resume,199,garnet-1.0.92/libs/storage/Tsavorite/cs/src/core/Epochs/LightEpoch.cs,False,Cascading Analysis
WriteClusterSlotVerificationMessage,81,garnet-1.0.92/libs/cluster/Session/SlotVerification/RespClusterSlotVerify.cs,False,Cascading Analysis
ResetInfoMetrics,72,garnet-1.0.92/libs/server/Servers/MetricsApi.cs,False,Cascading Analysis
ResetLatencyMetrics,116,garnet-1.0.92/libs/server/Servers/MetricsApi.cs,False,Cascading Analysis
GenerateBatch,94,garnet-1.0.92/benchmark/Resp.benchmark/ReqGenLoadBuffers.cs,False,Cascading Analysis
WaitForSyncCompletion,190,garnet-1.0.92/libs/cluster/Server/Replication/PrimaryOps/DisklessReplication/ReplicaSyncSession.cs,False,Cascading Analysis
FinalizeMainIndexRecovery,65,garnet-1.0.92/libs/storage/Tsavorite/cs/src/core/Index/Recovery/IndexRecovery.cs,False,Cascading Analysis
InitialIncrement,624,garnet-1.0.92/libs/storage/Tsavorite/cs/test/ExpirationTests.cs,False,Cascading Analysis
InitialRead,631,garnet-1.0.92/libs/storage/Tsavorite/cs/test/ExpirationTests.cs,False,Cascading Analysis
VerifyKeyNotCreated,671,garnet-1.0.92/libs/storage/Tsavorite/cs/test/ExpirationTests.cs,False,Cascading Analysis
GetLatencyMetrics,190,garnet-1.0.92/libs/server/Metrics/Latency/GarnetLatencyMetrics.cs,False,Cascading Analysis
ReadLock,79,garnet-1.0.92/libs/common/SingleWriterMultiReaderLock.cs,False,Cascading Analysis
Reset,269,garnet-1.0.92/metrics/HdrHistogram/HistogramBase.cs,False,Cascading Analysis
LowestEquivalentValue,333,garnet-1.0.92/metrics/HdrHistogram/HistogramBase.cs,False,Cascading Analysis
MedianEquivalentValue,346,garnet-1.0.92/metrics/HdrHistogram/HistogramBase.cs,False,Cascading Analysis
NextNonEquivalentValue,358,garnet-1.0.92/metrics/HdrHistogram/HistogramBase.cs,False,Cascading Analysis
GetCountAtValue,396,garnet-1.0.92/metrics/HdrHistogram/HistogramBase.cs,False,Cascading Analysis
GetCountAt,434,garnet-1.0.92/metrics/HdrHistogram/HistogramBase.cs,False,Cascading Analysis
RecordSingleValue,554,garnet-1.0.92/metrics/HdrHistogram/HistogramBase.cs,False,Cascading Analysis
RecordValueWithCountAndExpectedInterval,563,garnet-1.0.92/metrics/HdrHistogram/HistogramBase.cs,False,Cascading Analysis
TryGetDatabase,566,garnet-1.0.92/libs/server/StoreWrapper.cs,False,Cascading Analysis
TryGetOrAddDatabase,586,garnet-1.0.92/libs/server/StoreWrapper.cs,False,Cascading Analysis
AddOrReplayTransactionOperation,81,garnet-1.0.92/libs/server/AOF/ReplayCoordinator/AofReplayCoordinator.cs,False,Cascading Analysis
ProcessFuzzyRegionTransactionGroup,171,garnet-1.0.92/libs/server/AOF/ReplayCoordinator/AofReplayCoordinator.cs,False,Cascading Analysis
RunAll,29,garnet-1.0.92/samples/GarnetClientSample/GarnetClientSamples.cs,False,Cascading Analysis
RegisterType,129,garnet-1.0.92/libs/server/Custom/CustomCommandManager.cs,False,Cascading Analysis
CopyTo,492,garnet-1.0.92/libs/storage/Tsavorite/cs/src/core/VarLen/SpanByte.cs,False,Cascading Analysis
SignalStepAvailable,406,garnet-1.0.92/libs/storage/Tsavorite/cs/test/EpochProtectedVersionScheme.cs,False,Cascading Analysis
TryAdvanceVersionWithCriticalSection,482,garnet-1.0.92/libs/storage/Tsavorite/cs/test/EpochProtectedVersionScheme.cs,False,Cascading Analysis
AdvanceVersionWithCriticalSection,494,garnet-1.0.92/libs/storage/Tsavorite/cs/test/EpochProtectedVersionScheme.cs,False,Cascading Analysis
PrepareToRecover,71,garnet-1.0.92/libs/storage/Tsavorite/cs/test/ObjectRecoveryTest.cs,False,Cascading Analysis
PrepareToRecover,77,garnet-1.0.92/libs/storage/Tsavorite/cs/test/RecoveryTests.cs,False,Cascading Analysis
FlipPhase,210,garnet-1.0.92/metrics/HdrHistogram/Utilities/WriterReaderPhaser.cs,False,Cascading Analysis
ThrowException,133,garnet-1.0.92/test/Garnet.test.cluster/ClusterTestUtils.cs,False,Cascading Analysis
WaitForEpochSync,225,garnet-1.0.92/test/Garnet.test.cluster/ClusterTestUtils.cs,False,Cascading Analysis
RandomBytesRestrictedToSlot,770,garnet-1.0.92/test/Garnet.test.cluster/ClusterTestUtils.cs,False,Cascading Analysis
RandomBytesRestrictedToSlot,776,garnet-1.0.92/test/Garnet.test.cluster/ClusterTestUtils.cs,False,Cascading Analysis
RandomBytes,798,garnet-1.0.92/test/Garnet.test.cluster/ClusterTestUtils.cs,False,Cascading Analysis
RandomStr,828,garnet-1.0.92/test/Garnet.test.cluster/ClusterTestUtils.cs,False,Cascading Analysis
ParseSide,663,garnet-1.0.92/modules/GarnetJSON/JSONPath/JsonPath.cs,False,Cascading Analysis
GetRespInfo,560,garnet-1.0.92/libs/server/Metrics/Info/GarnetInfoMetrics.cs,False,Cascading Analysis
GetInfoMetrics,637,garnet-1.0.92/libs/server/Metrics/Info/GarnetInfoMetrics.cs,False,Cascading Analysis
PrepareToRecover,282,garnet-1.0.92/libs/storage/Tsavorite/cs/test/RecoveryTests.cs,False,Cascading Analysis
TestDriver,308,garnet-1.0.92/libs/storage/Tsavorite/cs/test/RecoveryTests.cs,False,Cascading Analysis
RecoverAndReadTest,434,garnet-1.0.92/libs/storage/Tsavorite/cs/test/RecoveryTests.cs,False,Cascading Analysis
RecoverAndReadTest,453,garnet-1.0.92/libs/storage/Tsavorite/cs/test/RecoveryTests.cs,False,Cascading Analysis
RecoverAndReadTest,484,garnet-1.0.92/libs/storage/Tsavorite/cs/test/RecoveryTests.cs,False,Cascading Analysis
Recover,421,garnet-1.0.92/libs/storage/Tsavorite/cs/src/core/Allocator/MallocFixedPageSize.cs,False,Cascading + LLM (With Internal Calls)
Compact,377,garnet-1.0.92/libs/storage/Tsavorite/cs/src/core/Index/Tsavorite/LogAccessor.cs,False,Cascading + LLM (With Internal Calls)
SortedSetRemoveRangeByScore,605,garnet-1.0.92/libs/server/Objects/SortedSet/SortedSetObjectImpl.cs,False,Cascading + LLM (With Internal Calls)
SortedSetRemoveOrCountRangeByLex,675,garnet-1.0.92/libs/server/Objects/SortedSet/SortedSetObjectImpl.cs,False,Cascading + LLM (With Internal Calls)
HashLength,97,garnet-1.0.92/libs/server/Objects/Hash/HashObjectImpl.cs,False,Cascading + LLM (With Internal Calls)
HashExists,108,garnet-1.0.92/libs/server/Objects/Hash/HashObjectImpl.cs,False,Cascading + LLM (With Internal Calls)
HashRandomField,114,garnet-1.0.92/libs/server/Objects/Hash/HashObjectImpl.cs,False,Cascading + LLM (With Internal Calls)
RestoreHybridLog,1215,garnet-1.0.92/libs/storage/Tsavorite/cs/src/core/Index/Recovery/Recovery.cs,False,Cascading + LLM (With Internal Calls)
AbortWithWrongNumberOfArguments,21,garnet-1.0.92/libs/server/Resp/Objects/ObjectStoreUtils.cs,False,Cascading + LLM (With Internal Calls)
AbortWithWrongNumberOfArgumentsOrUnknownSubcommand,35,garnet-1.0.92/libs/server/Resp/Objects/ObjectStoreUtils.cs,False,Cascading + LLM (With Internal Calls)
AbortWithErrorMessage,62,garnet-1.0.92/libs/server/Resp/Objects/ObjectStoreUtils.cs,False,Cascading + LLM (With Internal Calls)
AbortWithErrorMessage,74,garnet-1.0.92/libs/server/Resp/Objects/ObjectStoreUtils.cs,False,Cascading + LLM (With Internal Calls)
AbortWithErrorMessage,87,garnet-1.0.92/libs/server/Resp/Objects/ObjectStoreUtils.cs,False,Cascading + LLM (With Internal Calls)
AbortWithErrorMessage,98,garnet-1.0.92/libs/server/Resp/Objects/ObjectStoreUtils.cs,False,Cascading + LLM (With Internal Calls)
ProcessArrayCommands,784,garnet-1.0.92/libs/server/Resp/RespServerSession.cs,False,Cascading + LLM (With Internal Calls)
NetworkRUNTXPFast,268,garnet-1.0.92/libs/server/Transaction/TxnRespCommands.cs,False,Cascading + LLM (With Internal Calls)
GetCollectionItemAsync,93,garnet-1.0.92/libs/server/Objects/ItemBroker/CollectionItemBroker.cs,False,Cascading + LLM (With Internal Calls)
MoveCollectionItemAsync,110,garnet-1.0.92/libs/server/Objects/ItemBroker/CollectionItemBroker.cs,False,Cascading + LLM (With Internal Calls)
HandleBrokerEvent,235,garnet-1.0.92/libs/server/Objects/ItemBroker/CollectionItemBroker.cs,False,Cascading + LLM (With Internal Calls)
TryGet,131,garnet-1.0.92/modules/GarnetJSON/GarnetJsonObject.cs,False,Cascading + LLM (With Internal Calls)
TryBeginPrimarySync,50,garnet-1.0.92/libs/cluster/Server/Replication/PrimaryOps/PrimarySync.cs,False,Cascading + LLM (With Internal Calls)
WritePortionToBlobUnsafeAsync,542,garnet-1.0.92/libs/storage/Tsavorite/cs/src/devices/AzureStorageDevice/AzureStorageDevice.cs,False,Cascading + LLM (With Internal Calls)
ReadFromBlobUnsafeAsync,594,garnet-1.0.92/libs/storage/Tsavorite/cs/src/devices/AzureStorageDevice/AzureStorageDevice.cs,False,Cascading + LLM (With Internal Calls)
GET,21,garnet-1.0.92/libs/server/Storage/Session/MainStore/MainStoreOps.cs,False,Cascading + LLM (With Internal Calls)
GET,107,garnet-1.0.92/libs/server/Storage/Session/MainStore/MainStoreOps.cs,False,Cascading + LLM (With Internal Calls)
GET,120,garnet-1.0.92/libs/server/Storage/Session/MainStore/MainStoreOps.cs,False,Cascading + LLM (With Internal Calls)
GETEX,145,garnet-1.0.92/libs/server/Storage/Session/MainStore/MainStoreOps.cs,False,Cascading + LLM (With Internal Calls)
GETRANGE,204,garnet-1.0.92/libs/server/Storage/Session/MainStore/MainStoreOps.cs,False,Cascading + LLM (With Internal Calls)
SET_Conditional,352,garnet-1.0.92/libs/server/Storage/Session/MainStore/MainStoreOps.cs,False,Cascading + LLM (With Internal Calls)
DEL_Conditional,380,garnet-1.0.92/libs/server/Storage/Session/MainStore/MainStoreOps.cs,False,Cascading + LLM (With Internal Calls)
SET_Conditional,411,garnet-1.0.92/libs/server/Storage/Session/MainStore/MainStoreOps.cs,False,Cascading + LLM (With Internal Calls)
APPEND,559,garnet-1.0.92/libs/server/Storage/Session/MainStore/MainStoreOps.cs,False,Cascading + LLM (With Internal Calls)
DELETE,575,garnet-1.0.92/libs/server/Storage/Session/MainStore/MainStoreOps.cs,False,Cascading + LLM (With Internal Calls)
RENAME,635,garnet-1.0.92/libs/server/Storage/Session/MainStore/MainStoreOps.cs,False,Cascading + LLM (With Internal Calls)
RENAMENX,647,garnet-1.0.92/libs/server/Storage/Session/MainStore/MainStoreOps.cs,False,Cascading + LLM (With Internal Calls)
EXPIREAT,981,garnet-1.0.92/libs/server/Storage/Session/MainStore/MainStoreOps.cs,False,Cascading + LLM (With Internal Calls)
EXPIRE,1002,garnet-1.0.92/libs/server/Storage/Session/MainStore/MainStoreOps.cs,False,Cascading + LLM (With Internal Calls)
WATCH,1199,garnet-1.0.92/libs/server/Storage/Session/MainStore/MainStoreOps.cs,False,Cascading + LLM (With Internal Calls)
HashGetAll,215,garnet-1.0.92/libs/server/Storage/Session/ObjectStore/HashOps.cs,False,Cascading + LLM (With Internal Calls)
HashRandomField,342,garnet-1.0.92/libs/server/Storage/Session/ObjectStore/HashOps.cs,False,Cascading + LLM (With Internal Calls)
SetMembers,178,garnet-1.0.92/libs/server/Storage/Session/ObjectStore/SetOps.cs,False,Cascading + LLM (With Internal Calls)
SetPop,228,garnet-1.0.92/libs/server/Storage/Session/ObjectStore/SetOps.cs,False,Cascading + LLM (With Internal Calls)
SortedSetCollect,1733,garnet-1.0.92/libs/server/Storage/Session/ObjectStore/SortedSetOps.cs,False,Cascading + LLM (With Internal Calls)
SortedSetCollect,1750,garnet-1.0.92/libs/server/Storage/Session/ObjectStore/SortedSetOps.cs,False,Cascading + LLM (With Internal Calls)
CompletePendingAsync,30,garnet-1.0.92/libs/storage/Tsavorite/cs/src/core/Async/CompletePendingAsync.cs,False,Cascading + LLM (With Internal Calls)
Compact,24,garnet-1.0.92/libs/storage/Tsavorite/cs/src/core/Compaction/TsavoriteCompaction.cs,False,Cascading + LLM (With Internal Calls)
InternalRecover,376,garnet-1.0.92/libs/storage/Tsavorite/cs/src/core/Index/Recovery/Recovery.cs,False,Cascading + LLM (With Internal Calls)
InternalRecoverAsync,386,garnet-1.0.92/libs/storage/Tsavorite/cs/src/core/Index/Recovery/Recovery.cs,False,Cascading + LLM (With Internal Calls)
ReadPagesForRecovery,724,garnet-1.0.92/libs/storage/Tsavorite/cs/src/core/Index/Recovery/Recovery.cs,False,Cascading + LLM (With Internal Calls)
ReadPagesForRecoveryAsync,741,garnet-1.0.92/libs/storage/Tsavorite/cs/src/core/Index/Recovery/Recovery.cs,False,Cascading + LLM (With Internal Calls)
SynchronizeEpoch,15,garnet-1.0.92/libs/storage/Tsavorite/cs/src/core/Index/Tsavorite/Implementation/EpochOperations.cs,False,Cascading + LLM (With Internal Calls)
TryFindRecordInMainLog,40,garnet-1.0.92/libs/storage/Tsavorite/cs/src/core/Index/Tsavorite/Implementation/FindRecord.cs,False,Cascading + LLM (With Internal Calls)
TryFindRecordInMainLog,52,garnet-1.0.92/libs/storage/Tsavorite/cs/src/core/Index/Tsavorite/Implementation/FindRecord.cs,False,Cascading + LLM (With Internal Calls)
TryFindRecordForUpdate,206,garnet-1.0.92/libs/storage/Tsavorite/cs/src/core/Index/Tsavorite/Implementation/FindRecord.cs,False,Cascading + LLM (With Internal Calls)
TryFindRecordForRead,225,garnet-1.0.92/libs/storage/Tsavorite/cs/src/core/Index/Tsavorite/Implementation/FindRecord.cs,False,Cascading + LLM (With Internal Calls)
TryFindRecordForPendingOperation,244,garnet-1.0.92/libs/storage/Tsavorite/cs/src/core/Index/Tsavorite/Implementation/FindRecord.cs,False,Cascading + LLM (With Internal Calls)
TryFindRecordInMainLogForPendingOperation,260,garnet-1.0.92/libs/storage/Tsavorite/cs/src/core/Index/Tsavorite/Implementation/FindRecord.cs,False,Cascading + LLM (With Internal Calls)
HandleOperationStatus,95,garnet-1.0.92/libs/storage/Tsavorite/cs/src/core/Index/Tsavorite/Implementation/HandleOperationStatus.cs,False,Cascading + LLM (With Internal Calls)
IsRecordVersionNew,47,garnet-1.0.92/libs/storage/Tsavorite/cs/src/core/Index/Tsavorite/Implementation/Helpers.cs,False,Cascading + LLM (With Internal Calls)
CheckCPRConsistencyDelete,198,garnet-1.0.92/libs/storage/Tsavorite/cs/src/core/Index/Tsavorite/Implementation/InternalDelete.cs,False,Cascading + LLM (With Internal Calls)
InternalTryLockShared,14,garnet-1.0.92/libs/storage/Tsavorite/cs/src/core/Index/Tsavorite/Implementation/InternalLock.cs,False,Cascading + LLM (With Internal Calls)
InternalTryLockExclusive,29,garnet-1.0.92/libs/storage/Tsavorite/cs/src/core/Index/Tsavorite/Implementation/InternalLock.cs,False,Cascading + LLM (With Internal Calls)
InternalUnlockShared,44,garnet-1.0.92/libs/storage/Tsavorite/cs/src/core/Index/Tsavorite/Implementation/InternalLock.cs,False,Cascading + LLM (With Internal Calls)
InternalUnlockExclusive,59,garnet-1.0.92/libs/storage/Tsavorite/cs/src/core/Index/Tsavorite/Implementation/InternalLock.cs,False,Cascading + LLM (With Internal Calls)
CheckCPRConsistencyRMW,324,garnet-1.0.92/libs/storage/Tsavorite/cs/src/core/Index/Tsavorite/Implementation/InternalRMW.cs,False,Cascading + LLM (With Internal Calls)
CopyFromImmutable,176,garnet-1.0.92/libs/storage/Tsavorite/cs/src/core/Index/Tsavorite/Implementation/InternalRead.cs,False,Cascading + LLM (With Internal Calls)
CheckCPRConsistencyUpsert,273,garnet-1.0.92/libs/storage/Tsavorite/cs/src/core/Index/Tsavorite/Implementation/InternalUpsert.cs,False,Cascading + LLM (With Internal Calls)
Recover,360,garnet-1.0.92/libs/storage/Tsavorite/cs/src/core/Index/Tsavorite/Tsavorite.cs,False,Cascading + LLM (With Internal Calls)
Recover,413,garnet-1.0.92/libs/storage/Tsavorite/cs/src/core/Index/Tsavorite/Tsavorite.cs,False,Cascading + LLM (With Internal Calls)
ContextReadAtAddress,634,garnet-1.0.92/libs/storage/Tsavorite/cs/src/core/Index/Tsavorite/Tsavorite.cs,False,Cascading + LLM (With Internal Calls)
ContextReadAtAddress,643,garnet-1.0.92/libs/storage/Tsavorite/cs/src/core/Index/Tsavorite/Tsavorite.cs,False,Cascading + LLM (With Internal Calls)
ContextReadAtAddress,651,garnet-1.0.92/libs/storage/Tsavorite/cs/src/core/Index/Tsavorite/Tsavorite.cs,False,Cascading + LLM (With Internal Calls)
ContextUpsert,666,garnet-1.0.92/libs/storage/Tsavorite/cs/src/core/Index/Tsavorite/Tsavorite.cs,False,Cascading + LLM (With Internal Calls)
ContextUpsert,681,garnet-1.0.92/libs/storage/Tsavorite/cs/src/core/Index/Tsavorite/Tsavorite.cs,False,Cascading + LLM (With Internal Calls)
ContextRMW,698,garnet-1.0.92/libs/storage/Tsavorite/cs/src/core/Index/Tsavorite/Tsavorite.cs,False,Cascading + LLM (With Internal Calls)
ContextDelete,715,garnet-1.0.92/libs/storage/Tsavorite/cs/src/core/Index/Tsavorite/Tsavorite.cs,False,Cascading + LLM (With Internal Calls)
InternalCompletePendingRequest,88,garnet-1.0.92/libs/storage/Tsavorite/cs/src/core/Index/Tsavorite/TsavoriteThread.cs,False,Cascading + LLM (With Internal Calls)
ListRangeAsync,132,garnet-1.0.92/libs/client/GarnetClientAPI/GarnetClientListCommands.cs,False,Cascading + LLM (With Internal Calls)
WriteOrSendMainStoreKeyValuePair,15,garnet-1.0.92/libs/cluster/Server/Migration/MigrateSessionCommonUtils.cs,False,Cascading + LLM (With Internal Calls)
WriteOrSendObjectStoreKeyValuePair,58,garnet-1.0.92/libs/cluster/Server/Migration/MigrateSessionCommonUtils.cs,False,Cascading + LLM (With Internal Calls)
CommitLogCheckpointSendFromPrimary,156,garnet-1.0.92/libs/cluster/Server/Replication/GarnetClusterCheckpointManager.cs,False,Cascading + LLM (With Internal Calls)
Enqueue,139,garnet-1.0.92/libs/common/Collections/ElasticCircularBuffer.cs,False,Cascading + LLM (With Internal Calls)
CopyDatabases,957,garnet-1.0.92/libs/server/Databases/MultiDatabaseManager.cs,False,Cascading + LLM (With Internal Calls)
CompletePending,410,garnet-1.0.92/libs/client/ClientSession/GarnetClientSession.cs,False,Cascading + LLM (With Internal Calls)
GetNext,222,garnet-1.0.92/libs/storage/Tsavorite/cs/src/core/TsavoriteLog/TsavoriteLogIterator.cs,False,Cascading + LLM (With Internal Calls)
GetNext,315,garnet-1.0.92/libs/storage/Tsavorite/cs/src/core/TsavoriteLog/TsavoriteLogIterator.cs,False,Cascading + LLM (With Internal Calls)
Enqueue,538,garnet-1.0.92/libs/storage/Tsavorite/cs/src/core/TsavoriteLog/TsavoriteLog.cs,False,Cascading + LLM (With Internal Calls)
Enqueue,551,garnet-1.0.92/libs/storage/Tsavorite/cs/src/core/TsavoriteLog/TsavoriteLog.cs,False,Cascading + LLM (With Internal Calls)
UnsafeEnqueueRaw,565,garnet-1.0.92/libs/storage/Tsavorite/cs/src/core/TsavoriteLog/TsavoriteLog.cs,False,Cascading + LLM (With Internal Calls)
Enqueue,615,garnet-1.0.92/libs/storage/Tsavorite/cs/src/core/TsavoriteLog/TsavoriteLog.cs,False,Cascading + LLM (With Internal Calls)
Enqueue,629,garnet-1.0.92/libs/storage/Tsavorite/cs/src/core/TsavoriteLog/TsavoriteLog.cs,False,Cascading + LLM (With Internal Calls)
Enqueue,643,garnet-1.0.92/libs/storage/Tsavorite/cs/src/core/TsavoriteLog/TsavoriteLog.cs,False,Cascading + LLM (With Internal Calls)
TryEnqueue,1242,garnet-1.0.92/libs/storage/Tsavorite/cs/src/core/TsavoriteLog/TsavoriteLog.cs,False,Cascading + LLM (With Internal Calls)
CommitStrongly,1556,garnet-1.0.92/libs/storage/Tsavorite/cs/src/core/TsavoriteLog/TsavoriteLog.cs,False,Cascading + LLM (With Internal Calls)
EnqueueAndWaitForCommit,1684,garnet-1.0.92/libs/storage/Tsavorite/cs/src/core/TsavoriteLog/TsavoriteLog.cs,False,Cascading + LLM (With Internal Calls)
EnqueueAndWaitForCommit,1699,garnet-1.0.92/libs/storage/Tsavorite/cs/src/core/TsavoriteLog/TsavoriteLog.cs,False,Cascading + LLM (With Internal Calls)
EnqueueAndWaitForCommit,1714,garnet-1.0.92/libs/storage/Tsavorite/cs/src/core/TsavoriteLog/TsavoriteLog.cs,False,Cascading + LLM (With Internal Calls)
EnqueueAndWaitForCommit,1730,garnet-1.0.92/libs/storage/Tsavorite/cs/src/core/TsavoriteLog/TsavoriteLog.cs,False,Cascading + LLM (With Internal Calls)
EnqueueAndWaitForCommit,1746,garnet-1.0.92/libs/storage/Tsavorite/cs/src/core/TsavoriteLog/TsavoriteLog.cs,False,Cascading + LLM (With Internal Calls)
DisposeResources,178,garnet-1.0.92/libs/common/Networking/TcpNetworkHandlerBase.cs,False,Cascading + LLM (With Internal Calls)
