method_name,line_number,file_name,to_static,reasoning
GetNews,66,ShareX-18.0.1/ShareX/NewsManager.cs,True,Direct Analysis
ExportNews,84,ShareX-18.0.1/ShareX/NewsManager.cs,True,Direct Analysis
CreateMetadata,153,ShareX-18.0.1/ShareX/CaptureHelpers/CaptureBase.cs,True,Direct Analysis
FindCLITask,78,ShareX-18.0.1/ShareX/ShareXCLIManager.cs,True,Direct Analysis
CheckCustomUploader,99,ShareX-18.0.1/ShareX/ShareXCLIManager.cs,True,Direct Analysis
CheckImageEffect,114,ShareX-18.0.1/ShareX/ShareXCLIManager.cs,True,Direct Analysis
CheckParameterForFilePath,157,ShareX-18.0.1/ShareX/ShareXCLIManager.cs,True,Direct Analysis
CheckCLIWorkflow,174,ShareX-18.0.1/ShareX/ShareXCLIManager.cs,True,Direct Analysis
CheckNativeMessagingInput,195,ShareX-18.0.1/ShareX/ShareXCLIManager.cs,True,Direct Analysis
CopyTexts,81,ShareX-18.0.1/ShareX/UploadInfoManager.cs,True,Direct Analysis
ParseError,403,ShareX-18.0.1/ShareX.UploadersLib/ImageUploaders/Imgur.cs,True,Direct Analysis
ParseHistoryItem,85,ShareX-18.0.1/ShareX.HistoryLib/HistoryManagerXML.cs,True,Direct Analysis
OnDoWork,61,ShareX-18.0.1/ShareX.HelpersLib/ThreadWorker.cs,True,Direct Analysis
GetHistoryItemsAsync,66,ShareX-18.0.1/ShareX.HistoryLib/HistoryManager.cs,True,Direct Analysis
IsValidHistoryItem,90,ShareX-18.0.1/ShareX.HistoryLib/HistoryManager.cs,True,Direct Analysis
GetReleases,90,ShareX-18.0.1/ShareX.HelpersLib/UpdateChecker/GitHubUpdateChecker.cs,True,Direct Analysis
GetLatestRelease,109,ShareX-18.0.1/ShareX.HelpersLib/UpdateChecker/GitHubUpdateChecker.cs,True,Direct Analysis
CleanBase64,78,ShareX-18.0.1/ShareX.UploadersLib/OAuth/OAuth2ProofKey.cs,True,Direct Analysis
OnMessageAdded,66,ShareX-18.0.1/ShareX.HelpersLib/Logger.cs,True,Direct Analysis
AppendInputDevice,341,ShareX-18.0.1/ShareX.ScreenCaptureLib/ScreenRecording/ScreenRecordingOptions.cs,True,Direct Analysis
ListEntryWithArguments,343,ShareX-18.0.1/ShareX.HelpersLib/NameParser/NameParser.cs,True,Direct Analysis
ParseCLI,97,ShareX-18.0.1/ShareX.HelpersLib/CLI/CLIManager.cs,True,Direct Analysis
OnProgressChanged,44,ShareX-18.0.1/ShareX.HelpersLib/Cryptographic/HashChecker.cs,True,Direct Analysis
HashCheckThread,86,ShareX-18.0.1/ShareX.HelpersLib/Cryptographic/HashChecker.cs,True,Direct Analysis
OnProgressChanged,90,ShareX-18.0.1/ShareX.HelpersLib/TaskEx.cs,True,Direct Analysis
HashToString,197,ShareX-18.0.1/ShareX.HelpersLib/Cryptographic/Translator.cs,True,Direct Analysis
GetProjectByBranch,38,ShareX-18.0.1/ShareX.HelpersLib/UpdateChecker/AppVeyor.cs,True,Direct Analysis
GetArtifacts,51,ShareX-18.0.1/ShareX.HelpersLib/UpdateChecker/AppVeyor.cs,True,Direct Analysis
GetArtifactDownloadURL,64,ShareX-18.0.1/ShareX.HelpersLib/UpdateChecker/AppVeyor.cs,True,Direct Analysis
OnGetHistoryItems,120,ShareX-18.0.1/ShareX.HistoryLib/HistoryItemManager.cs,True,Direct Analysis
OnFavoriteRequested,130,ShareX-18.0.1/ShareX.HistoryLib/HistoryItemManager.cs,True,Direct Analysis
OnEditRequested,135,ShareX-18.0.1/ShareX.HistoryLib/HistoryItemManager.cs,True,Direct Analysis
OnDeleteRequested,140,ShareX-18.0.1/ShareX.HistoryLib/HistoryItemManager.cs,True,Direct Analysis
OnDeleteFileRequested,145,ShareX-18.0.1/ShareX.HistoryLib/HistoryItemManager.cs,True,Direct Analysis
ParseUploadResponse,141,ShareX-18.0.1/ShareX.UploadersLib/FileUploaders/SendSpace.cs,True,Direct Analysis
PrepareArguments,477,ShareX-18.0.1/ShareX.UploadersLib/FileUploaders/SendSpace.cs,True,Direct Analysis
Read,34,ShareX-18.0.1/ShareX.HelpersLib/NativeMessagingHost.cs,True,Direct Analysis
Write,54,ShareX-18.0.1/ShareX.HelpersLib/NativeMessagingHost.cs,True,Direct Analysis
CreateFont,65,ShareX-18.0.1/ShareX.HelpersLib/XmlFont.cs,True,Direct Analysis
ByteToChar,119,ShareX-18.0.1/ShareX.HelpersLib/GIF/GifClass.cs,True,Direct Analysis
GetTypeOfNextBlock,154,ShareX-18.0.1/ShareX.HelpersLib/GIF/GifClass.cs,True,Direct Analysis
ThrowAwayExtensionBlock,226,ShareX-18.0.1/ShareX.HelpersLib/GIF/GifClass.cs,True,Direct Analysis
ToStringWithSpaces,152,ShareX-18.0.1/ShareX.HelpersLib/Input/HotkeyInfo.cs,True,Direct Analysis
GetDefaultWebProxy,86,ShareX-18.0.1/ShareX.HelpersLib/ProxyInfo.cs,True,Direct Analysis
CheckExtension,152,ShareX-18.0.1/ShareX.HelpersLib/ExternalProgram.cs,True,Direct Analysis
CaptureRectangleNative,118,ShareX-18.0.1/ShareX.ScreenCaptureLib/Screenshot.cs,True,Direct Analysis
CaptureRectangleManaged,153,ShareX-18.0.1/ShareX.ScreenCaptureLib/Screenshot.cs,True,Direct Analysis
CreateTransparentImage,166,ShareX-18.0.1/ShareX.ScreenCaptureLib/Screenshot_Transparent.cs,True,Direct Analysis
TrimShadow,207,ShareX-18.0.1/ShareX.ScreenCaptureLib/Screenshot_Transparent.cs,True,Direct Analysis
RemoveCorners,325,ShareX-18.0.1/ShareX.ScreenCaptureLib/Screenshot_Transparent.cs,True,Direct Analysis
GetFooter,161,ShareX-18.0.1/ShareX.IndexerLib/IndexerHtml.cs,True,Direct Analysis
GetFooter,113,ShareX-18.0.1/ShareX.IndexerLib/IndexerText.cs,True,Direct Analysis
OnProgressChanged,155,ShareX-18.0.1/ShareX.MediaLib/VideoThumbnailer.cs,True,Direct Analysis
CreateCanonicalHeaders,313,ShareX-18.0.1/ShareX.UploadersLib/FileUploaders/AmazonS3.cs,True,Direct Analysis
GetSignedHeaders,319,ShareX-18.0.1/ShareX.UploadersLib/FileUploaders/AmazonS3.cs,True,Direct Analysis
OnFPSUpdated,53,ShareX-18.0.1/ShareX.HelpersLib/FPSManager.cs,True,Direct Analysis
OnProgressChanged,56,ShareX-18.0.1/ShareX.UploadersLib/BaseUploaders/Uploader.cs,True,Direct Analysis
OnEarlyURLCopyRequested,61,ShareX-18.0.1/ShareX.UploadersLib/BaseUploaders/Uploader.cs,True,Direct Analysis
GetPrivacy,146,ShareX-18.0.1/ShareX.UploadersLib/TextUploaders/Pastebin.cs,True,Direct Analysis
GetExpiration,160,ShareX-18.0.1/ShareX.UploadersLib/TextUploaders/Pastebin.cs,True,Direct Analysis
MigrateOldSyntax,397,ShareX-18.0.1/ShareX.UploadersLib/CustomUploader/CustomUploaderItem.cs,True,Direct Analysis
ParseAsset,81,ShareX-18.0.1/ShareX.UploadersLib/FileUploaders/DropIO.cs,True,Direct Analysis
GetLinkURL,191,ShareX-18.0.1/ShareX.UploadersLib/FileUploaders/Copy.cs,True,Direct Analysis
DeserializeResponse,192,ShareX-18.0.1/ShareX.UploadersLib/FileUploaders/MediaFire.cs,True,Direct Analysis
GetFolderUrl,186,ShareX-18.0.1/ShareX.UploadersLib/FileUploaders/OneDrive.cs,True,Direct Analysis
ConvertResult,109,ShareX-18.0.1/ShareX.UploadersLib/FileUploaders/Plik.cs,True,Direct Analysis
Dispose,14,ShareX-18.0.1/ShareX/Tools/PinToScreen/PinToScreenOptionsForm.Designer.cs,False,Direct Analysis
InitializeComponent,29,ShareX-18.0.1/ShareX/Tools/PinToScreen/PinToScreenOptionsForm.Designer.cs,False,Direct Analysis
InitOptions,48,ShareX-18.0.1/ShareX/Tools/PinToScreen/PinToScreenOptionsForm.cs,False,Direct Analysis
LoadOptions,53,ShareX-18.0.1/ShareX/Tools/PinToScreen/PinToScreenOptionsForm.cs,False,Direct Analysis
SaveOptions,67,ShareX-18.0.1/ShareX/Tools/PinToScreen/PinToScreenOptionsForm.cs,False,Direct Analysis
btnOK_Click,80,ShareX-18.0.1/ShareX/Tools/PinToScreen/PinToScreenOptionsForm.cs,False,Direct Analysis
btnCancel_Click,88,ShareX-18.0.1/ShareX/Tools/PinToScreen/PinToScreenOptionsForm.cs,False,Direct Analysis
Enable,48,ShareX-18.0.1/ShareX/WatchFolder.cs,False,Direct Analysis
fileWatcher_Created,71,ShareX-18.0.1/ShareX/WatchFolder.cs,False,Direct Analysis
CleanElapsedTimers,113,ShareX-18.0.1/ShareX/WatchFolder.cs,False,Direct Analysis
Dispose,124,ShareX-18.0.1/ShareX/WatchFolder.cs,False,Direct Analysis
InitializeComponent,16,ShareX-18.0.1/ShareX/Tools/PinToScreen/PinToScreenForm.Designer.cs,False,Direct Analysis
Dispose,227,ShareX-18.0.1/ShareX/Tools/PinToScreen/PinToScreenForm.cs,False,Direct Analysis
UpdateControls,240,ShareX-18.0.1/ShareX/Tools/PinToScreen/PinToScreenForm.cs,False,Direct Analysis
AutoSizeForm,249,ShareX-18.0.1/ShareX/Tools/PinToScreen/PinToScreenForm.cs,False,Direct Analysis
SetHandCursor,277,ShareX-18.0.1/ShareX/Tools/PinToScreen/PinToScreenForm.cs,False,Direct Analysis
ResetImage,295,ShareX-18.0.1/ShareX/Tools/PinToScreen/PinToScreenForm.cs,False,Direct Analysis
ToggleMinimize,301,ShareX-18.0.1/ShareX/Tools/PinToScreen/PinToScreenForm.cs,False,Direct Analysis
tsbCopy_Click,320,ShareX-18.0.1/ShareX/Tools/PinToScreen/PinToScreenForm.cs,False,Direct Analysis
tslScale_Click,325,ShareX-18.0.1/ShareX/Tools/PinToScreen/PinToScreenForm.cs,False,Direct Analysis
tsbOptions_Click,333,ShareX-18.0.1/ShareX/Tools/PinToScreen/PinToScreenForm.cs,False,Direct Analysis
tsbClose_Click,351,ShareX-18.0.1/ShareX/Tools/PinToScreen/PinToScreenForm.cs,False,Direct Analysis
WndProc,356,ShareX-18.0.1/ShareX/Tools/PinToScreen/PinToScreenForm.cs,False,Direct Analysis
OnPaintBackground,381,ShareX-18.0.1/ShareX/Tools/PinToScreen/PinToScreenForm.cs,False,Direct Analysis
OnPaint,386,ShareX-18.0.1/ShareX/Tools/PinToScreen/PinToScreenForm.cs,False,Direct Analysis
PinToScreenForm_MouseDown,439,ShareX-18.0.1/ShareX/Tools/PinToScreen/PinToScreenForm.cs,False,Direct Analysis
PinToScreenForm_MouseMove,456,ShareX-18.0.1/ShareX/Tools/PinToScreen/PinToScreenForm.cs,False,Direct Analysis
PinToScreenForm_MouseUp,465,ShareX-18.0.1/ShareX/Tools/PinToScreen/PinToScreenForm.cs,False,Direct Analysis
PinToScreenForm_MouseWheel,489,ShareX-18.0.1/ShareX/Tools/PinToScreen/PinToScreenForm.cs,False,Direct Analysis
PinToScreenForm_MouseEnter,519,ShareX-18.0.1/ShareX/Tools/PinToScreen/PinToScreenForm.cs,False,Direct Analysis
PinToScreenForm_MouseLeave,524,ShareX-18.0.1/ShareX/Tools/PinToScreen/PinToScreenForm.cs,False,Direct Analysis
tsMain_MouseLeave,529,ShareX-18.0.1/ShareX/Tools/PinToScreen/PinToScreenForm.cs,False,Direct Analysis
PinToScreenForm_KeyDown,534,ShareX-18.0.1/ShareX/Tools/PinToScreen/PinToScreenForm.cs,False,Direct Analysis
PinToScreenForm_KeyUp,555,ShareX-18.0.1/ShareX/Tools/PinToScreen/PinToScreenForm.cs,False,Direct Analysis
ToString,39,ShareX-18.0.1/ShareX/Tools/OCR/OCRLanguage.cs,False,Direct Analysis
InitializeComponent,16,ShareX-18.0.1/ShareX/Tools/OCR/OCRForm.Designer.cs,False,Direct Analysis
Dispose,14,ShareX-18.0.1/ShareX/Tools/MonitorTestForm.Designer.cs,False,Direct Analysis
InitializeComponent,29,ShareX-18.0.1/ShareX/Tools/MonitorTestForm.Designer.cs,False,Direct Analysis
SetBackColor,61,ShareX-18.0.1/ShareX/Tools/MonitorTestForm.cs,False,Direct Analysis
DrawBlackWhite,137,ShareX-18.0.1/ShareX/Tools/MonitorTestForm.cs,False,Direct Analysis
DrawRedGreenBlue,145,ShareX-18.0.1/ShareX/Tools/MonitorTestForm.cs,False,Direct Analysis
DrawGradient,153,ShareX-18.0.1/ShareX/Tools/MonitorTestForm.cs,False,Direct Analysis
DrawSelectedShape,166,ShareX-18.0.1/ShareX/Tools/MonitorTestForm.cs,False,Direct Analysis
MonitorTestForm_MouseDown,191,ShareX-18.0.1/ShareX/Tools/MonitorTestForm.cs,False,Direct Analysis
btnClose_Click,198,ShareX-18.0.1/ShareX/Tools/MonitorTestForm.cs,False,Direct Analysis
rbBlackWhite_CheckedChanged,203,ShareX-18.0.1/ShareX/Tools/MonitorTestForm.cs,False,Direct Analysis
tbBlackWhite_ValueChanged,208,ShareX-18.0.1/ShareX/Tools/MonitorTestForm.cs,False,Direct Analysis
rbRedGreenBlue_CheckedChanged,214,ShareX-18.0.1/ShareX/Tools/MonitorTestForm.cs,False,Direct Analysis
btnColorDialog_Click,219,ShareX-18.0.1/ShareX/Tools/MonitorTestForm.cs,False,Direct Analysis
tbRedGreenBlue_ValueChanged,232,ShareX-18.0.1/ShareX/Tools/MonitorTestForm.cs,False,Direct Analysis
rbGradient_CheckedChanged,240,ShareX-18.0.1/ShareX/Tools/MonitorTestForm.cs,False,Direct Analysis
cbGradient_SelectedIndexChanged,245,ShareX-18.0.1/ShareX/Tools/MonitorTestForm.cs,False,Direct Analysis
rbShapes_CheckedChanged,260,ShareX-18.0.1/ShareX/Tools/MonitorTestForm.cs,False,Direct Analysis
cbShapes_SelectedIndexChanged,265,ShareX-18.0.1/ShareX/Tools/MonitorTestForm.cs,False,Direct Analysis
tbShapeSize_ValueChanged,270,ShareX-18.0.1/ShareX/Tools/MonitorTestForm.cs,False,Direct Analysis
btnScreenTearingTest_Click,276,ShareX-18.0.1/ShareX/Tools/MonitorTestForm.cs,False,Direct Analysis
Dispose,15,ShareX-18.0.1/ShareX/Tools/BorderlessWindow/BorderlessWindowSettingsForm.Designer.cs,False,Direct Analysis
InitializeComponent,30,ShareX-18.0.1/ShareX/Tools/BorderlessWindow/BorderlessWindowSettingsForm.Designer.cs,False,Direct Analysis
cbRememberWindowTitle_CheckedChanged,47,ShareX-18.0.1/ShareX/Tools/BorderlessWindow/BorderlessWindowSettingsForm.cs,False,Direct Analysis
cbAutoCloseWindow_CheckedChanged,52,ShareX-18.0.1/ShareX/Tools/BorderlessWindow/BorderlessWindowSettingsForm.cs,False,Direct Analysis
cbExcludeTaskbarArea_CheckedChanged,57,ShareX-18.0.1/ShareX/Tools/BorderlessWindow/BorderlessWindowSettingsForm.cs,False,Direct Analysis
Start,237,ShareX-18.0.1/ShareX/WorkerTask.cs,False,Direct Analysis
Prepare,251,ShareX-18.0.1/ShareX/WorkerTask.cs,False,Direct Analysis
Stop,269,ShareX-18.0.1/ShareX/WorkerTask.cs,False,Direct Analysis
ShowErrorWindow,288,ShareX-18.0.1/ShareX/WorkerTask.cs,False,Direct Analysis
ThreadDoWork,304,ShareX-18.0.1/ShareX/WorkerTask.cs,False,Direct Analysis
CreateTaskReferenceHelper,357,ShareX-18.0.1/ShareX/WorkerTask.cs,False,Direct Analysis
DoUploadJob,370,ShareX-18.0.1/ShareX/WorkerTask.cs,False,Direct Analysis
DoUpload,459,ShareX-18.0.1/ShareX/WorkerTask.cs,False,Direct Analysis
AddErrorMessage,526,ShareX-18.0.1/ShareX/WorkerTask.cs,False,Direct Analysis
AddErrorMessage,536,ShareX-18.0.1/ShareX/WorkerTask.cs,False,Direct Analysis
DoThreadJob,546,ShareX-18.0.1/ShareX/WorkerTask.cs,False,Direct Analysis
DoAfterCaptureJobs,598,ShareX-18.0.1/ShareX/WorkerTask.cs,False,Direct Analysis
DoFileJobs,746,ShareX-18.0.1/ShareX/WorkerTask.cs,False,Direct Analysis
DoTextJobs,808,ShareX-18.0.1/ShareX/WorkerTask.cs,False,Direct Analysis
DoAfterUploadJobs,828,ShareX-18.0.1/ShareX/WorkerTask.cs,False,Direct Analysis
UploadData,917,ShareX-18.0.1/ShareX/WorkerTask.cs,False,Direct Analysis
CheckUploadFilters,960,ShareX-18.0.1/ShareX/WorkerTask.cs,False,Direct Analysis
UploadImage,982,ShareX-18.0.1/ShareX/WorkerTask.cs,False,Direct Analysis
UploadText,989,ShareX-18.0.1/ShareX/WorkerTask.cs,False,Direct Analysis
UploadFile,996,ShareX-18.0.1/ShareX/WorkerTask.cs,False,Direct Analysis
ShortenURL,1003,ShareX-18.0.1/ShareX/WorkerTask.cs,False,Direct Analysis
ShareURL,1022,ShareX-18.0.1/ShareX/WorkerTask.cs,False,Direct Analysis
DownloadFromURL,1058,ShareX-18.0.1/ShareX/WorkerTask.cs,False,Direct Analysis
DoOCR,1109,ShareX-18.0.1/ShareX/WorkerTask.cs,False,Direct Analysis
LoadFileStream,1117,ShareX-18.0.1/ShareX/WorkerTask.cs,False,Direct Analysis
uploader_ProgressChanged,1137,ShareX-18.0.1/ShareX/WorkerTask.cs,False,Direct Analysis
OnStatusChanged,1147,ShareX-18.0.1/ShareX/WorkerTask.cs,False,Direct Analysis
OnImageReady,1155,ShareX-18.0.1/ShareX/WorkerTask.cs,False,Direct Analysis
OnUploadStarted,1176,ShareX-18.0.1/ShareX/WorkerTask.cs,False,Direct Analysis
OnUploadCompleted,1184,ShareX-18.0.1/ShareX/WorkerTask.cs,False,Direct Analysis
OnUploadProgressChanged,1192,ShareX-18.0.1/ShareX/WorkerTask.cs,False,Direct Analysis
OnTaskCompleted,1200,ShareX-18.0.1/ShareX/WorkerTask.cs,False,Direct Analysis
OnUploadersConfigWindowRequested,1225,ShareX-18.0.1/ShareX/WorkerTask.cs,False,Direct Analysis
Dispose,1233,ShareX-18.0.1/ShareX/WorkerTask.cs,False,Direct Analysis
ToString,145,ShareX-18.0.1/ShareX/TaskSettings.cs,False,Direct Analysis
SetDefaultSettings,188,ShareX-18.0.1/ShareX/TaskSettings.cs,False,Direct Analysis
Cleanup,252,ShareX-18.0.1/ShareX/TaskSettings.cs,False,Direct Analysis
GetFileDestinationByDataType,290,ShareX-18.0.1/ShareX/TaskSettings.cs,False,Direct Analysis
AddItem,41,ShareX-18.0.1/ShareX/TaskListView.cs,False,Direct Analysis
RemoveItem,95,ShareX-18.0.1/ShareX/TaskListView.cs,False,Direct Analysis
FindItem,105,ShareX-18.0.1/ShareX/TaskListView.cs,False,Direct Analysis
GetTags,166,ShareX-18.0.1/ShareX/TaskInfo.cs,False,Direct Analysis
ToString,191,ShareX-18.0.1/ShareX/TaskInfo.cs,False,Direct Analysis
GetHistoryItem,203,ShareX-18.0.1/ShareX/TaskInfo.cs,False,Direct Analysis
CreateUpdateChecker,34,ShareX-18.0.1/ShareX/ShareXUpdateManager.cs,False,Direct Analysis
ToString,76,ShareX-18.0.1/ShareX/RecentTask.cs,False,Direct Analysis
Dispose,56,ShareX-18.0.1/ShareX/NotificationFormConfig.cs,False,Direct Analysis
UpdateNews,43,ShareX-18.0.1/ShareX/NewsManager.cs,False,Direct Analysis
UpdateUnread,55,ShareX-18.0.1/ShareX/NewsManager.cs,False,Direct Analysis
Write,39,ShareX-18.0.1/ShareX/ImageData.cs,False,Direct Analysis
Dispose,65,ShareX-18.0.1/ShareX/ImageData.cs,False,Direct Analysis
Dispose,14,ShareX-18.0.1/ShareX/Forms/WatchFolderForm.Designer.cs,False,Direct Analysis
InitializeComponent,29,ShareX-18.0.1/ShareX/Forms/WatchFolderForm.Designer.cs,False,Direct Analysis
btnPathBrowse_Click,53,ShareX-18.0.1/ShareX/Forms/WatchFolderForm.cs,False,Direct Analysis
btnOK_Click,58,ShareX-18.0.1/ShareX/Forms/WatchFolderForm.cs,False,Direct Analysis
btnCancel_Click,69,ShareX-18.0.1/ShareX/Forms/WatchFolderForm.cs,False,Direct Analysis
Dispose,14,ShareX-18.0.1/ShareX/Forms/QuickTaskMenuEditorForm.Designer.cs,False,Direct Analysis
InitializeComponent,29,ShareX-18.0.1/ShareX/Forms/QuickTaskMenuEditorForm.Designer.cs,False,Direct Analysis
UpdateItems,55,ShareX-18.0.1/ShareX/Forms/QuickTaskMenuEditorForm.cs,False,Direct Analysis
EditSelectedItem,74,ShareX-18.0.1/ShareX/Forms/QuickTaskMenuEditorForm.cs,False,Direct Analysis
lvPresets_MouseDoubleClick,84,ShareX-18.0.1/ShareX/Forms/QuickTaskMenuEditorForm.cs,False,Direct Analysis
btnAdd_Click,92,ShareX-18.0.1/ShareX/Forms/QuickTaskMenuEditorForm.cs,False,Direct Analysis
btnEdit_Click,101,ShareX-18.0.1/ShareX/Forms/QuickTaskMenuEditorForm.cs,False,Direct Analysis
btnRemove_Click,106,ShareX-18.0.1/ShareX/Forms/QuickTaskMenuEditorForm.cs,False,Direct Analysis
btnReset_Click,122,ShareX-18.0.1/ShareX/Forms/QuickTaskMenuEditorForm.cs,False,Direct Analysis
btnClose_Click,131,ShareX-18.0.1/ShareX/Forms/QuickTaskMenuEditorForm.cs,False,Direct Analysis
Dispose,14,ShareX-18.0.1/ShareX/Forms/MainForm.Designer.cs,False,Direct Analysis
InitializeComponent,29,ShareX-18.0.1/ShareX/Forms/MainForm.Designer.cs,False,Direct Analysis
MainForm_HandleCreated,56,ShareX-18.0.1/ShareX/Forms/MainForm.cs,False,Direct Analysis
InitializeControls,74,ShareX-18.0.1/ShareX/Forms/MainForm.cs,False,Direct Analysis
UpdateControls,234,ShareX-18.0.1/ShareX/Forms/MainForm.cs,False,Direct Analysis
WndProc,302,ShareX-18.0.1/ShareX/Forms/MainForm.cs,False,Direct Analysis
AfterShownJobs,334,ShareX-18.0.1/ShareX/Forms/MainForm.cs,False,Direct Analysis
InitHotkeys,354,ShareX-18.0.1/ShareX/Forms/MainForm.cs,False,Direct Analysis
UpdateWorkflowsMenu,392,ShareX-18.0.1/ShareX/Forms/MainForm.cs,False,Direct Analysis
UpdateMainFormTip,421,ShareX-18.0.1/ShareX/Forms/MainForm.cs,False,Direct Analysis
UpdateDestinationStates,461,ShareX-18.0.1/ShareX/Forms/MainForm.cs,False,Direct Analysis
UpdateImageEffectsMenu,571,ShareX-18.0.1/ShareX/Forms/MainForm.cs,False,Direct Analysis
EnableDisableToolStripMenuItems,624,ShareX-18.0.1/ShareX/Forms/MainForm.cs,False,Direct Analysis
UpdateInfoManager,636,ShareX-18.0.1/ShareX/Forms/MainForm.cs,False,Direct Analysis
UpdateTaskViewMode,790,ShareX-18.0.1/ShareX/Forms/MainForm.cs,False,Direct Analysis
UpdateTheme,810,ShareX-18.0.1/ShareX/Forms/MainForm.cs,False,Direct Analysis
CleanCustomClipboardFormats,879,ShareX-18.0.1/ShareX/Forms/MainForm.cs,False,Direct Analysis
UpdateActionsMenu,894,ShareX-18.0.1/ShareX/Forms/MainForm.cs,False,Direct Analysis
AfterApplicationSettingsJobs,928,ShareX-18.0.1/ShareX/Forms/MainForm.cs,False,Direct Analysis
ConfigureAutoUpdate,975,ShareX-18.0.1/ShareX/Forms/MainForm.cs,False,Direct Analysis
AfterTaskSettingsJobs,982,ShareX-18.0.1/ShareX/Forms/MainForm.cs,False,Direct Analysis
UpdateCheckStates,988,ShareX-18.0.1/ShareX/Forms/MainForm.cs,False,Direct Analysis
UpdateUploaderMenuNames,1025,ShareX-18.0.1/ShareX/Forms/MainForm.cs,False,Direct Analysis
GetSelectedTasks,1045,ShareX-18.0.1/ShareX/Forms/MainForm.cs,False,Direct Analysis
RemoveSelectedItems,1068,ShareX-18.0.1/ShareX/Forms/MainForm.cs,False,Direct Analysis
RemoveAllItems,1084,ShareX-18.0.1/ShareX/Forms/MainForm.cs,False,Direct Analysis
UpdateMainWindowLayout,1089,ShareX-18.0.1/ShareX/Forms/MainForm.cs,False,Direct Analysis
UpdateToggleHotkeyButton,1103,ShareX-18.0.1/ShareX/Forms/MainForm.cs,False,Direct Analysis
RunPuushTasks,1117,ShareX-18.0.1/ShareX/Forms/MainForm.cs,False,Direct Analysis
SetScreenshotDelay,1142,ShareX-18.0.1/ShareX/Forms/MainForm.cs,False,Direct Analysis
ForceClose,1244,ShareX-18.0.1/ShareX/Forms/MainForm.cs,False,Direct Analysis
SetVisibleCore,1263,ShareX-18.0.1/ShareX/Forms/MainForm.cs,False,Direct Analysis
MainForm_Shown,1274,ShareX-18.0.1/ShareX/Forms/MainForm.cs,False,Direct Analysis
MainForm_Resize,1279,ShareX-18.0.1/ShareX/Forms/MainForm.cs,False,Direct Analysis
MainForm_VisibleChanged,1284,ShareX-18.0.1/ShareX/Forms/MainForm.cs,False,Direct Analysis
MainForm_LocationChanged,1293,ShareX-18.0.1/ShareX/Forms/MainForm.cs,False,Direct Analysis
MainForm_SizeChanged,1301,ShareX-18.0.1/ShareX/Forms/MainForm.cs,False,Direct Analysis
MainForm_FormClosing,1309,ShareX-18.0.1/ShareX/Forms/MainForm.cs,False,Direct Analysis
MainForm_FormClosed,1325,ShareX-18.0.1/ShareX/Forms/MainForm.cs,False,Direct Analysis
MainForm_DragEnter,1330,ShareX-18.0.1/ShareX/Forms/MainForm.cs,False,Direct Analysis
MainForm_DragDrop,1344,ShareX-18.0.1/ShareX/Forms/MainForm.cs,False,Direct Analysis
TtMain_Draw,1349,ShareX-18.0.1/ShareX/Forms/MainForm.cs,False,Direct Analysis
dgvHotkeys_MouseUp,1356,ShareX-18.0.1/ShareX/Forms/MainForm.cs,False,Direct Analysis
dgvHotkeys_MouseDoubleClick,1379,ShareX-18.0.1/ShareX/Forms/MainForm.cs,False,Direct Analysis
lvUploads_SelectedIndexChanged,1387,ShareX-18.0.1/ShareX/Forms/MainForm.cs,False,Direct Analysis
lvUploads_MouseUp,1395,ShareX-18.0.1/ShareX/Forms/MainForm.cs,False,Direct Analysis
lvUploads_MouseDoubleClick,1404,ShareX-18.0.1/ShareX/Forms/MainForm.cs,False,Direct Analysis
scMain_SplitterMoved,1412,ShareX-18.0.1/ShareX/Forms/MainForm.cs,False,Direct Analysis
lvUploads_KeyDown,1417,ShareX-18.0.1/ShareX/Forms/MainForm.cs,False,Direct Analysis
pbPreview_MouseDown,1483,ShareX-18.0.1/ShareX/Forms/MainForm.cs,False,Direct Analysis
ucTaskThumbnailView_SelectedPanelChanged,1493,ShareX-18.0.1/ShareX/Forms/MainForm.cs,False,Direct Analysis
UcTaskView_ContextMenuRequested,1498,ShareX-18.0.1/ShareX/Forms/MainForm.cs,False,Direct Analysis
cmsTaskInfo_Closing,1503,ShareX-18.0.1/ShareX/Forms/MainForm.cs,False,Direct Analysis
cmsTaskInfo_PreviewKeyDown,1511,ShareX-18.0.1/ShareX/Forms/MainForm.cs,False,Direct Analysis
lvUploads_ColumnWidthChanged,1519,ShareX-18.0.1/ShareX/Forms/MainForm.cs,False,Direct Analysis
lvUploads_ItemDrag,1532,ShareX-18.0.1/ShareX/Forms/MainForm.cs,False,Direct Analysis
tsmiFullscreen_Click,1570,ShareX-18.0.1/ShareX/Forms/MainForm.cs,False,Direct Analysis
tsddbCapture_DropDownOpening,1575,ShareX-18.0.1/ShareX/Forms/MainForm.cs,False,Direct Analysis
tsmiWindowItems_Click,1580,ShareX-18.0.1/ShareX/Forms/MainForm.cs,False,Direct Analysis
tsmiMonitorItems_Click,1589,ShareX-18.0.1/ShareX/Forms/MainForm.cs,False,Direct Analysis
tsmiRectangle_Click,1599,ShareX-18.0.1/ShareX/Forms/MainForm.cs,False,Direct Analysis
tsmiRectangleLight_Click,1604,ShareX-18.0.1/ShareX/Forms/MainForm.cs,False,Direct Analysis
tsmiRectangleTransparent_Click,1609,ShareX-18.0.1/ShareX/Forms/MainForm.cs,False,Direct Analysis
tsmiLastRegion_Click,1614,ShareX-18.0.1/ShareX/Forms/MainForm.cs,False,Direct Analysis
tsmiScreenRecordingFFmpeg_Click,1619,ShareX-18.0.1/ShareX/Forms/MainForm.cs,False,Direct Analysis
tsmiScreenRecordingGIF_Click,1624,ShareX-18.0.1/ShareX/Forms/MainForm.cs,False,Direct Analysis
tsmiScrollingCapture_Click,1629,ShareX-18.0.1/ShareX/Forms/MainForm.cs,False,Direct Analysis
tsmiAutoCapture_Click,1634,ShareX-18.0.1/ShareX/Forms/MainForm.cs,False,Direct Analysis
tsmiShowCursor_Click,1639,ShareX-18.0.1/ShareX/Forms/MainForm.cs,False,Direct Analysis
tsmiScreenshotDelay0_Click,1645,ShareX-18.0.1/ShareX/Forms/MainForm.cs,False,Direct Analysis
tsmiScreenshotDelay1_Click,1650,ShareX-18.0.1/ShareX/Forms/MainForm.cs,False,Direct Analysis
tsmiScreenshotDelay2_Click,1655,ShareX-18.0.1/ShareX/Forms/MainForm.cs,False,Direct Analysis
tsmiScreenshotDelay3_Click,1660,ShareX-18.0.1/ShareX/Forms/MainForm.cs,False,Direct Analysis
tsmiScreenshotDelay4_Click,1665,ShareX-18.0.1/ShareX/Forms/MainForm.cs,False,Direct Analysis
tsmiScreenshotDelay5_Click,1670,ShareX-18.0.1/ShareX/Forms/MainForm.cs,False,Direct Analysis
tsbFileUpload_Click,1675,ShareX-18.0.1/ShareX/Forms/MainForm.cs,False,Direct Analysis
tsmiUploadFolder_Click,1680,ShareX-18.0.1/ShareX/Forms/MainForm.cs,False,Direct Analysis
tsbClipboardUpload_Click,1685,ShareX-18.0.1/ShareX/Forms/MainForm.cs,False,Direct Analysis
tsmiUploadText_Click,1690,ShareX-18.0.1/ShareX/Forms/MainForm.cs,False,Direct Analysis
tsmiUploadURL_Click,1695,ShareX-18.0.1/ShareX/Forms/MainForm.cs,False,Direct Analysis
tsbDragDropUpload_Click,1700,ShareX-18.0.1/ShareX/Forms/MainForm.cs,False,Direct Analysis
tsmiShortenURL_Click,1705,ShareX-18.0.1/ShareX/Forms/MainForm.cs,False,Direct Analysis
tsmiColorPicker_Click,1710,ShareX-18.0.1/ShareX/Forms/MainForm.cs,False,Direct Analysis
tsmiScreenColorPicker_Click,1715,ShareX-18.0.1/ShareX/Forms/MainForm.cs,False,Direct Analysis
tsmiRuler_Click,1720,ShareX-18.0.1/ShareX/Forms/MainForm.cs,False,Direct Analysis
tsmiPinToScreen_Click,1725,ShareX-18.0.1/ShareX/Forms/MainForm.cs,False,Direct Analysis
tsmiImageEditor_Click,1730,ShareX-18.0.1/ShareX/Forms/MainForm.cs,False,Direct Analysis
tsmiImageBeautifier_Click,1735,ShareX-18.0.1/ShareX/Forms/MainForm.cs,False,Direct Analysis
tsmiImageEffects_Click,1740,ShareX-18.0.1/ShareX/Forms/MainForm.cs,False,Direct Analysis
tsmiImageViewer_Click,1745,ShareX-18.0.1/ShareX/Forms/MainForm.cs,False,Direct Analysis
tsmiImageCombiner_Click,1750,ShareX-18.0.1/ShareX/Forms/MainForm.cs,False,Direct Analysis
tsmiImageSplitter_Click,1755,ShareX-18.0.1/ShareX/Forms/MainForm.cs,False,Direct Analysis
tsmiImageThumbnailer_Click,1760,ShareX-18.0.1/ShareX/Forms/MainForm.cs,False,Direct Analysis
tsmiVideoConverter_Click,1765,ShareX-18.0.1/ShareX/Forms/MainForm.cs,False,Direct Analysis
tsmiVideoThumbnailer_Click,1770,ShareX-18.0.1/ShareX/Forms/MainForm.cs,False,Direct Analysis
tsmiOCR_Click,1775,ShareX-18.0.1/ShareX/Forms/MainForm.cs,False,Direct Analysis
tsmiQRCode_Click,1794,ShareX-18.0.1/ShareX/Forms/MainForm.cs,False,Direct Analysis
tsmiHashChecker_Click,1799,ShareX-18.0.1/ShareX/Forms/MainForm.cs,False,Direct Analysis
tsmiMetadata_Click,1804,ShareX-18.0.1/ShareX/Forms/MainForm.cs,False,Direct Analysis
tsmiIndexFolder_Click,1809,ShareX-18.0.1/ShareX/Forms/MainForm.cs,False,Direct Analysis
tsmiClipboardViewer_Click,1814,ShareX-18.0.1/ShareX/Forms/MainForm.cs,False,Direct Analysis
tsmiBorderlessWindow_Click,1819,ShareX-18.0.1/ShareX/Forms/MainForm.cs,False,Direct Analysis
tsmiInspectWindow_Click,1824,ShareX-18.0.1/ShareX/Forms/MainForm.cs,False,Direct Analysis
tsmiMonitorTest_Click,1829,ShareX-18.0.1/ShareX/Forms/MainForm.cs,False,Direct Analysis
TsddbAfterCaptureTasks_DropDownOpening,1834,ShareX-18.0.1/ShareX/Forms/MainForm.cs,False,Direct Analysis
TsmiTrayAfterCaptureTasks_DropDownOpening,1839,ShareX-18.0.1/ShareX/Forms/MainForm.cs,False,Direct Analysis
tsddbDestinations_DropDownOpened,1844,ShareX-18.0.1/ShareX/Forms/MainForm.cs,False,Direct Analysis
tsbApplicationSettings_Click,1849,ShareX-18.0.1/ShareX/Forms/MainForm.cs,False,Direct Analysis
tsbTaskSettings_Click,1864,ShareX-18.0.1/ShareX/Forms/MainForm.cs,False,Direct Analysis
tsbHotkeySettings_Click,1878,ShareX-18.0.1/ShareX/Forms/MainForm.cs,False,Direct Analysis
tsbDestinationSettings_Click,1895,ShareX-18.0.1/ShareX/Forms/MainForm.cs,False,Direct Analysis
tsbCustomUploaderSettings_Click,1900,ShareX-18.0.1/ShareX/Forms/MainForm.cs,False,Direct Analysis
tsbScreenshotsFolder_Click,1905,ShareX-18.0.1/ShareX/Forms/MainForm.cs,False,Direct Analysis
tsbHistory_Click,1910,ShareX-18.0.1/ShareX/Forms/MainForm.cs,False,Direct Analysis
tsbImageHistory_Click,1915,ShareX-18.0.1/ShareX/Forms/MainForm.cs,False,Direct Analysis
tsmiShowDebugLog_Click,1920,ShareX-18.0.1/ShareX/Forms/MainForm.cs,False,Direct Analysis
tsmiTestImageUpload_Click,1925,ShareX-18.0.1/ShareX/Forms/MainForm.cs,False,Direct Analysis
tsmiTestTextUpload_Click,1930,ShareX-18.0.1/ShareX/Forms/MainForm.cs,False,Direct Analysis
tsmiTestFileUpload_Click,1935,ShareX-18.0.1/ShareX/Forms/MainForm.cs,False,Direct Analysis
tsmiTestURLShortener_Click,1940,ShareX-18.0.1/ShareX/Forms/MainForm.cs,False,Direct Analysis
tsmiTestURLSharing_Click,1945,ShareX-18.0.1/ShareX/Forms/MainForm.cs,False,Direct Analysis
tsbDonate_Click,1950,ShareX-18.0.1/ShareX/Forms/MainForm.cs,False,Direct Analysis
tsbX_Click,1959,ShareX-18.0.1/ShareX/Forms/MainForm.cs,False,Direct Analysis
tsbDiscord_Click,1964,ShareX-18.0.1/ShareX/Forms/MainForm.cs,False,Direct Analysis
tsbAbout_Click,1969,ShareX-18.0.1/ShareX/Forms/MainForm.cs,False,Direct Analysis
niTray_MouseUp,1981,ShareX-18.0.1/ShareX/Forms/MainForm.cs,False,Direct Analysis
timerTraySingleClick_Tick,2013,ShareX-18.0.1/ShareX/Forms/MainForm.cs,False,Direct Analysis
niTray_BalloonTipClicked,2024,ShareX-18.0.1/ShareX/Forms/MainForm.cs,False,Direct Analysis
cmsTray_Opened,2040,ShareX-18.0.1/ShareX/Forms/MainForm.cs,False,Direct Analysis
tsmiTrayFullscreen_Click,2049,ShareX-18.0.1/ShareX/Forms/MainForm.cs,False,Direct Analysis
tsmiCapture_DropDownOpening,2054,ShareX-18.0.1/ShareX/Forms/MainForm.cs,False,Direct Analysis
tsmiTrayWindowItems_Click,2059,ShareX-18.0.1/ShareX/Forms/MainForm.cs,False,Direct Analysis
tsmiTrayMonitorItems_Click,2068,ShareX-18.0.1/ShareX/Forms/MainForm.cs,False,Direct Analysis
tsmiTrayRectangle_Click,2078,ShareX-18.0.1/ShareX/Forms/MainForm.cs,False,Direct Analysis
tsmiTrayRectangleLight_Click,2083,ShareX-18.0.1/ShareX/Forms/MainForm.cs,False,Direct Analysis
tsmiTrayRectangleTransparent_Click,2088,ShareX-18.0.1/ShareX/Forms/MainForm.cs,False,Direct Analysis
tsmiTrayLastRegion_Click,2093,ShareX-18.0.1/ShareX/Forms/MainForm.cs,False,Direct Analysis
tsmiTrayOCR_Click,2098,ShareX-18.0.1/ShareX/Forms/MainForm.cs,False,Direct Analysis
tsmiTrayToggleHotkeys_Click,2110,ShareX-18.0.1/ShareX/Forms/MainForm.cs,False,Direct Analysis
tsmiRestartAsAdmin_Click,2115,ShareX-18.0.1/ShareX/Forms/MainForm.cs,False,Direct Analysis
tsmiOpenActionsToolbar_Click,2120,ShareX-18.0.1/ShareX/Forms/MainForm.cs,False,Direct Analysis
tsmiTrayShow_Click,2125,ShareX-18.0.1/ShareX/Forms/MainForm.cs,False,Direct Analysis
tsmiTrayExit_MouseDown,2130,ShareX-18.0.1/ShareX/Forms/MainForm.cs,False,Direct Analysis
cmsTray_Closed,2135,ShareX-18.0.1/ShareX/Forms/MainForm.cs,False,Direct Analysis
tsmiTrayExit_Click,2145,ShareX-18.0.1/ShareX/Forms/MainForm.cs,False,Direct Analysis
tsmiShowErrors_Click,2154,ShareX-18.0.1/ShareX/Forms/MainForm.cs,False,Direct Analysis
tsmiStopUpload_Click,2159,ShareX-18.0.1/ShareX/Forms/MainForm.cs,False,Direct Analysis
tsmiOpenURL_Click,2164,ShareX-18.0.1/ShareX/Forms/MainForm.cs,False,Direct Analysis
tsmiOpenShortenedURL_Click,2169,ShareX-18.0.1/ShareX/Forms/MainForm.cs,False,Direct Analysis
tsmiOpenThumbnailURL_Click,2174,ShareX-18.0.1/ShareX/Forms/MainForm.cs,False,Direct Analysis
tsmiOpenDeletionURL_Click,2179,ShareX-18.0.1/ShareX/Forms/MainForm.cs,False,Direct Analysis
tsmiOpenFile_Click,2184,ShareX-18.0.1/ShareX/Forms/MainForm.cs,False,Direct Analysis
tsmiOpenThumbnailFile_Click,2189,ShareX-18.0.1/ShareX/Forms/MainForm.cs,False,Direct Analysis
tsmiOpenFolder_Click,2194,ShareX-18.0.1/ShareX/Forms/MainForm.cs,False,Direct Analysis
tsmiCopyURL_Click,2199,ShareX-18.0.1/ShareX/Forms/MainForm.cs,False,Direct Analysis
tsmiCopyShortenedURL_Click,2204,ShareX-18.0.1/ShareX/Forms/MainForm.cs,False,Direct Analysis
tsmiCopyThumbnailURL_Click,2209,ShareX-18.0.1/ShareX/Forms/MainForm.cs,False,Direct Analysis
tsmiCopyDeletionURL_Click,2214,ShareX-18.0.1/ShareX/Forms/MainForm.cs,False,Direct Analysis
tsmiCopyFile_Click,2219,ShareX-18.0.1/ShareX/Forms/MainForm.cs,False,Direct Analysis
tsmiCopyImage_Click,2224,ShareX-18.0.1/ShareX/Forms/MainForm.cs,False,Direct Analysis
tsmiCopyImageDimensions_Click,2229,ShareX-18.0.1/ShareX/Forms/MainForm.cs,False,Direct Analysis
tsmiCopyText_Click,2234,ShareX-18.0.1/ShareX/Forms/MainForm.cs,False,Direct Analysis
tsmiCopyThumbnailFile_Click,2239,ShareX-18.0.1/ShareX/Forms/MainForm.cs,False,Direct Analysis
tsmiCopyThumbnailImage_Click,2244,ShareX-18.0.1/ShareX/Forms/MainForm.cs,False,Direct Analysis
tsmiCopyHTMLLink_Click,2249,ShareX-18.0.1/ShareX/Forms/MainForm.cs,False,Direct Analysis
tsmiCopyHTMLImage_Click,2254,ShareX-18.0.1/ShareX/Forms/MainForm.cs,False,Direct Analysis
tsmiCopyHTMLLinkedImage_Click,2259,ShareX-18.0.1/ShareX/Forms/MainForm.cs,False,Direct Analysis
tsmiCopyForumLink_Click,2264,ShareX-18.0.1/ShareX/Forms/MainForm.cs,False,Direct Analysis
tsmiCopyForumImage_Click,2269,ShareX-18.0.1/ShareX/Forms/MainForm.cs,False,Direct Analysis
tsmiCopyForumLinkedImage_Click,2274,ShareX-18.0.1/ShareX/Forms/MainForm.cs,False,Direct Analysis
tsmiCopyMarkdownLink_Click,2279,ShareX-18.0.1/ShareX/Forms/MainForm.cs,False,Direct Analysis
tsmiCopyMarkdownImage_Click,2284,ShareX-18.0.1/ShareX/Forms/MainForm.cs,False,Direct Analysis
tsmiCopyMarkdownLinkedImage_Click,2289,ShareX-18.0.1/ShareX/Forms/MainForm.cs,False,Direct Analysis
tsmiCopyFilePath_Click,2294,ShareX-18.0.1/ShareX/Forms/MainForm.cs,False,Direct Analysis
tsmiCopyFileName_Click,2299,ShareX-18.0.1/ShareX/Forms/MainForm.cs,False,Direct Analysis
tsmiCopyFileNameWithExtension_Click,2304,ShareX-18.0.1/ShareX/Forms/MainForm.cs,False,Direct Analysis
tsmiCopyFolder_Click,2309,ShareX-18.0.1/ShareX/Forms/MainForm.cs,False,Direct Analysis
tsmiClipboardFormat_Click,2314,ShareX-18.0.1/ShareX/Forms/MainForm.cs,False,Direct Analysis
tsmiUploadSelectedFile_Click,2321,ShareX-18.0.1/ShareX/Forms/MainForm.cs,False,Direct Analysis
tsmiDownloadSelectedURL_Click,2326,ShareX-18.0.1/ShareX/Forms/MainForm.cs,False,Direct Analysis
tsmiDeleteSelectedItem_Click,2331,ShareX-18.0.1/ShareX/Forms/MainForm.cs,False,Direct Analysis
tsmiDeleteSelectedFile_Click,2336,ShareX-18.0.1/ShareX/Forms/MainForm.cs,False,Direct Analysis
tsmiEditSelectedFile_Click,2346,ShareX-18.0.1/ShareX/Forms/MainForm.cs,False,Direct Analysis
tsmiBeautifyImage_Click,2351,ShareX-18.0.1/ShareX/Forms/MainForm.cs,False,Direct Analysis
tsmiAddImageEffects_Click,2356,ShareX-18.0.1/ShareX/Forms/MainForm.cs,False,Direct Analysis
tsmiPinSelectedFile_Click,2361,ShareX-18.0.1/ShareX/Forms/MainForm.cs,False,Direct Analysis
tsmiGoogleLens_Click,2366,ShareX-18.0.1/ShareX/Forms/MainForm.cs,False,Direct Analysis
tsmiBingVisualSearch_Click,2371,ShareX-18.0.1/ShareX/Forms/MainForm.cs,False,Direct Analysis
tsmiShowQRCode_Click,2376,ShareX-18.0.1/ShareX/Forms/MainForm.cs,False,Direct Analysis
tsmiOCRImage_Click,2381,ShareX-18.0.1/ShareX/Forms/MainForm.cs,False,Direct Analysis
tsmiCombineImages_Click,2386,ShareX-18.0.1/ShareX/Forms/MainForm.cs,False,Direct Analysis
tsmiCombineImagesHorizontally_Click,2391,ShareX-18.0.1/ShareX/Forms/MainForm.cs,False,Direct Analysis
tsmiCombineImagesVertically_Click,2396,ShareX-18.0.1/ShareX/Forms/MainForm.cs,False,Direct Analysis
tsmiShowResponse_Click,2401,ShareX-18.0.1/ShareX/Forms/MainForm.cs,False,Direct Analysis
tsmiClearList_Click,2406,ShareX-18.0.1/ShareX/Forms/MainForm.cs,False,Direct Analysis
TsmiSwitchTaskViewMode_Click,2412,ShareX-18.0.1/ShareX/Forms/MainForm.cs,False,Direct Analysis
Dispose,15,ShareX-18.0.1/ShareX/Forms/InspectWindowForm.Designer.cs,False,Direct Analysis
InitializeComponent,30,ShareX-18.0.1/ShareX/Forms/InspectWindowForm.Designer.cs,False,Direct Analysis
UpdateWindowListMenu,52,ShareX-18.0.1/ShareX/Forms/InspectWindowForm.cs,False,Direct Analysis
SelectWindow,92,ShareX-18.0.1/ShareX/Forms/InspectWindowForm.cs,False,Direct Analysis
SelectHandle,100,ShareX-18.0.1/ShareX/Forms/InspectWindowForm.cs,False,Direct Analysis
UpdateWindowInfo,123,ShareX-18.0.1/ShareX/Forms/InspectWindowForm.cs,False,Direct Analysis
AddInfo,172,ShareX-18.0.1/ShareX/Forms/InspectWindowForm.cs,False,Direct Analysis
mbWindowList_MouseDown,189,ShareX-18.0.1/ShareX/Forms/InspectWindowForm.cs,False,Direct Analysis
btnInspectWindow_Click,194,ShareX-18.0.1/ShareX/Forms/InspectWindowForm.cs,False,Direct Analysis
btnInspectControl_Click,199,ShareX-18.0.1/ShareX/Forms/InspectWindowForm.cs,False,Direct Analysis
btnRefresh_Click,204,ShareX-18.0.1/ShareX/Forms/InspectWindowForm.cs,False,Direct Analysis
cbTopMost_CheckedChanged,209,ShareX-18.0.1/ShareX/Forms/InspectWindowForm.cs,False,Direct Analysis
nudOpacity_ValueChanged,226,ShareX-18.0.1/ShareX/Forms/InspectWindowForm.cs,False,Direct Analysis
Dispose,14,ShareX-18.0.1/ShareX/Forms/HotkeySettingsForm.Designer.cs,False,Direct Analysis
InitializeComponent,29,ShareX-18.0.1/ShareX/Forms/HotkeySettingsForm.Designer.cs,False,Direct Analysis
HotkeySettingsForm_FormClosed,52,ShareX-18.0.1/ShareX/Forms/HotkeySettingsForm.cs,False,Direct Analysis
PrepareHotkeys,61,ShareX-18.0.1/ShareX/Forms/HotkeySettingsForm.cs,False,Direct Analysis
AddControls,73,ShareX-18.0.1/ShareX/Forms/HotkeySettingsForm.cs,False,Direct Analysis
UpdateButtons,83,ShareX-18.0.1/ShareX/Forms/HotkeySettingsForm.cs,False,Direct Analysis
FindSelectionControl,89,ShareX-18.0.1/ShareX/Forms/HotkeySettingsForm.cs,False,Direct Analysis
control_SelectedChanged,94,ShareX-18.0.1/ShareX/Forms/HotkeySettingsForm.cs,False,Direct Analysis
UpdateCheckStates,101,ShareX-18.0.1/ShareX/Forms/HotkeySettingsForm.cs,False,Direct Analysis
UpdateHotkeyStatus,109,ShareX-18.0.1/ShareX/Forms/HotkeySettingsForm.cs,False,Direct Analysis
control_HotkeyChanged,117,ShareX-18.0.1/ShareX/Forms/HotkeySettingsForm.cs,False,Direct Analysis
AddHotkeySelectionControl,125,ShareX-18.0.1/ShareX/Forms/HotkeySettingsForm.cs,False,Direct Analysis
control_EditRequested,148,ShareX-18.0.1/ShareX/Forms/HotkeySettingsForm.cs,False,Direct Analysis
EditSelected,153,ShareX-18.0.1/ShareX/Forms/HotkeySettingsForm.cs,False,Direct Analysis
flpHotkeys_Layout,166,ShareX-18.0.1/ShareX/Forms/HotkeySettingsForm.cs,False,Direct Analysis
btnAdd_Click,174,ShareX-18.0.1/ShareX/Forms/HotkeySettingsForm.cs,False,Direct Analysis
btnRemove_Click,189,ShareX-18.0.1/ShareX/Forms/HotkeySettingsForm.cs,False,Direct Analysis
btnEdit_Click,201,ShareX-18.0.1/ShareX/Forms/HotkeySettingsForm.cs,False,Direct Analysis
btnDuplicate_Click,206,ShareX-18.0.1/ShareX/Forms/HotkeySettingsForm.cs,False,Direct Analysis
btnMoveUp_Click,223,ShareX-18.0.1/ShareX/Forms/HotkeySettingsForm.cs,False,Direct Analysis
btnMoveDown_Click,245,ShareX-18.0.1/ShareX/Forms/HotkeySettingsForm.cs,False,Direct Analysis
btnReset_Click,267,ShareX-18.0.1/ShareX/Forms/HotkeySettingsForm.cs,False,Direct Analysis
btnHotkeysDisabled_Click,278,ShareX-18.0.1/ShareX/Forms/HotkeySettingsForm.cs,False,Direct Analysis
Dispose,14,ShareX-18.0.1/ShareX/Forms/FirstTimeConfigForm.Designer.cs,False,Direct Analysis
InitializeComponent,29,ShareX-18.0.1/ShareX/Forms/FirstTimeConfigForm.Designer.cs,False,Direct Analysis
btnOK_MouseClick,57,ShareX-18.0.1/ShareX/Forms/FirstTimeConfigForm.cs,False,Direct Analysis
cbRunStartup_CheckedChanged,62,ShareX-18.0.1/ShareX/Forms/FirstTimeConfigForm.cs,False,Direct Analysis
cbShellContextMenuButton_CheckedChanged,70,ShareX-18.0.1/ShareX/Forms/FirstTimeConfigForm.cs,False,Direct Analysis
cbSendToMenu_CheckedChanged,78,ShareX-18.0.1/ShareX/Forms/FirstTimeConfigForm.cs,False,Direct Analysis
cbSteamInApp_CheckedChanged,86,ShareX-18.0.1/ShareX/Forms/FirstTimeConfigForm.cs,False,Direct Analysis
Dispose,14,ShareX-18.0.1/ShareX/Forms/FileExistForm.Designer.cs,False,Direct Analysis
InitializeComponent,29,ShareX-18.0.1/ShareX/Forms/FileExistForm.Designer.cs,False,Direct Analysis
FileExistForm_Shown,54,ShareX-18.0.1/ShareX/Forms/FileExistForm.cs,False,Direct Analysis
GetNewFileName,59,ShareX-18.0.1/ShareX/Forms/FileExistForm.cs,False,Direct Analysis
UseNewFileName,71,ShareX-18.0.1/ShareX/Forms/FileExistForm.cs,False,Direct Analysis
UseUniqueFileName,82,ShareX-18.0.1/ShareX/Forms/FileExistForm.cs,False,Direct Analysis
Cancel,88,ShareX-18.0.1/ShareX/Forms/FileExistForm.cs,False,Direct Analysis
txtNewName_TextChanged,94,ShareX-18.0.1/ShareX/Forms/FileExistForm.cs,False,Direct Analysis
txtNewName_KeyDown,101,ShareX-18.0.1/ShareX/Forms/FileExistForm.cs,False,Direct Analysis
txtNewName_KeyUp,109,ShareX-18.0.1/ShareX/Forms/FileExistForm.cs,False,Direct Analysis
btnNewName_Click,133,ShareX-18.0.1/ShareX/Forms/FileExistForm.cs,False,Direct Analysis
btnOverwrite_Click,138,ShareX-18.0.1/ShareX/Forms/FileExistForm.cs,False,Direct Analysis
btnUniqueName_Click,143,ShareX-18.0.1/ShareX/Forms/FileExistForm.cs,False,Direct Analysis
btnCancel_Click,148,ShareX-18.0.1/ShareX/Forms/FileExistForm.cs,False,Direct Analysis
Dispose,14,ShareX-18.0.1/ShareX/Forms/ClipboardFormatForm.Designer.cs,False,Direct Analysis
InitializeComponent,29,ShareX-18.0.1/ShareX/Forms/ClipboardFormatForm.Designer.cs,False,Direct Analysis
btnOK_Click,55,ShareX-18.0.1/ShareX/Forms/ClipboardFormatForm.cs,False,Direct Analysis
btnCancel_Click,64,ShareX-18.0.1/ShareX/Forms/ClipboardFormatForm.cs,False,Direct Analysis
Dispose,14,ShareX-18.0.1/ShareX/Forms/BeforeUploadForm.Designer.cs,False,Direct Analysis
InitializeComponent,29,ShareX-18.0.1/ShareX/Forms/BeforeUploadForm.Designer.cs,False,Direct Analysis
BeforeUploadForm_Shown,52,ShareX-18.0.1/ShareX/Forms/BeforeUploadForm.cs,False,Direct Analysis
btnOK_Click,57,ShareX-18.0.1/ShareX/Forms/BeforeUploadForm.cs,False,Direct Analysis
btnCancel_Click,63,ShareX-18.0.1/ShareX/Forms/BeforeUploadForm.cs,False,Direct Analysis
Dispose,14,ShareX-18.0.1/ShareX/Forms/AutoCaptureForm.Designer.cs,False,Direct Analysis
InitializeComponent,40,ShareX-18.0.1/ShareX/Forms/AutoCaptureForm.Designer.cs,False,Direct Analysis
screenshotTimer_Elapsed,86,ShareX-18.0.1/ShareX/Forms/AutoCaptureForm.cs,False,Direct Analysis
TakeScreenshot,105,ShareX-18.0.1/ShareX/Forms/AutoCaptureForm.cs,False,Direct Analysis
SelectRegion,125,ShareX-18.0.1/ShareX/Forms/AutoCaptureForm.cs,False,Direct Analysis
UpdateRegion,134,ShareX-18.0.1/ShareX/Forms/AutoCaptureForm.cs,False,Direct Analysis
UpdateStatus,145,ShareX-18.0.1/ShareX/Forms/AutoCaptureForm.cs,False,Direct Analysis
Execute,157,ShareX-18.0.1/ShareX/Forms/AutoCaptureForm.cs,False,Direct Analysis
rbFullscreen_CheckedChanged,185,ShareX-18.0.1/ShareX/Forms/AutoCaptureForm.cs,False,Direct Analysis
rbCustomRegion_CheckedChanged,196,ShareX-18.0.1/ShareX/Forms/AutoCaptureForm.cs,False,Direct Analysis
btnRegion_Click,206,ShareX-18.0.1/ShareX/Forms/AutoCaptureForm.cs,False,Direct Analysis
nudDuration_ValueChanged,211,ShareX-18.0.1/ShareX/Forms/AutoCaptureForm.cs,False,Direct Analysis
cbAutoMinimize_CheckedChanged,216,ShareX-18.0.1/ShareX/Forms/AutoCaptureForm.cs,False,Direct Analysis
cbWaitUploads_CheckedChanged,221,ShareX-18.0.1/ShareX/Forms/AutoCaptureForm.cs,False,Direct Analysis
btnExecute_Click,226,ShareX-18.0.1/ShareX/Forms/AutoCaptureForm.cs,False,Direct Analysis
AutoCapture_FormClosing,231,ShareX-18.0.1/ShareX/Forms/AutoCaptureForm.cs,False,Direct Analysis
AutoCapture_Resize,238,ShareX-18.0.1/ShareX/Forms/AutoCaptureForm.cs,False,Direct Analysis
niTray_MouseClick,247,ShareX-18.0.1/ShareX/Forms/AutoCaptureForm.cs,False,Direct Analysis
AddFormat,100,ShareX-18.0.1/ShareX/Forms/AfterUploadForm.cs,False,Direct Analysis
tmrClose_Tick,136,ShareX-18.0.1/ShareX/Forms/AfterUploadForm.cs,False,Direct Analysis
btnCopyImage_Click,141,ShareX-18.0.1/ShareX/Forms/AfterUploadForm.cs,False,Direct Analysis
btnCopyLink_Click,149,ShareX-18.0.1/ShareX/Forms/AfterUploadForm.cs,False,Direct Analysis
btnOpenLink_Click,171,ShareX-18.0.1/ShareX/Forms/AfterUploadForm.cs,False,Direct Analysis
btnOpenFile_Click,181,ShareX-18.0.1/ShareX/Forms/AfterUploadForm.cs,False,Direct Analysis
btnFolderOpen_Click,186,ShareX-18.0.1/ShareX/Forms/AfterUploadForm.cs,False,Direct Analysis
btnClose_Click,191,ShareX-18.0.1/ShareX/Forms/AfterUploadForm.cs,False,Direct Analysis
GetUrlByType,199,ShareX-18.0.1/ShareX/Forms/AfterUploadForm.cs,False,Direct Analysis
lvClipboardFormats_MouseDoubleClick,249,ShareX-18.0.1/ShareX/Forms/AfterUploadForm.cs,False,Direct Analysis
Dispose,14,ShareX-18.0.1/ShareX/Forms/AfterUploadForm.designer.cs,False,Direct Analysis
InitializeComponent,29,ShareX-18.0.1/ShareX/Forms/AfterUploadForm.designer.cs,False,Direct Analysis
Dispose,14,ShareX-18.0.1/ShareX/Forms/ActionsToolbarEditForm.Designer.cs,False,Direct Analysis
InitializeComponent,29,ShareX-18.0.1/ShareX/Forms/ActionsToolbarEditForm.Designer.cs,False,Direct Analysis
AddAction,124,ShareX-18.0.1/ShareX/Forms/ActionsToolbarEditForm.cs,False,Direct Analysis
AddActionToList,130,ShareX-18.0.1/ShareX/Forms/ActionsToolbarEditForm.cs,False,Direct Analysis
RemoveAction,152,ShareX-18.0.1/ShareX/Forms/ActionsToolbarEditForm.cs,False,Direct Analysis
btnRemove_Click,158,ShareX-18.0.1/ShareX/Forms/ActionsToolbarEditForm.cs,False,Direct Analysis
lvActions_ItemMoved,166,ShareX-18.0.1/ShareX/Forms/ActionsToolbarEditForm.cs,False,Direct Analysis
Dispose,14,ShareX-18.0.1/ShareX/Forms/ActionsForm.Designer.cs,False,Direct Analysis
InitializeComponent,29,ShareX-18.0.1/ShareX/Forms/ActionsForm.Designer.cs,False,Direct Analysis
btnPathBrowse_Click,57,ShareX-18.0.1/ShareX/Forms/ActionsForm.cs,False,Direct Analysis
txtOutputExtension_TextChanged,62,ShareX-18.0.1/ShareX/Forms/ActionsForm.cs,False,Direct Analysis
btnOK_Click,67,ShareX-18.0.1/ShareX/Forms/ActionsForm.cs,False,Direct Analysis
btnCancel_Click,93,ShareX-18.0.1/ShareX/Forms/ActionsForm.cs,False,Direct Analysis
Start,57,ShareX-18.0.1/ShareX/EasterEggBounce.cs,False,Direct Analysis
Stop,68,ShareX-18.0.1/ShareX/EasterEggBounce.cs,False,Direct Analysis
bounceTimer_Tick,81,ShareX-18.0.1/ShareX/EasterEggBounce.cs,False,Direct Analysis
Dispose,132,ShareX-18.0.1/ShareX/EasterEggBounce.cs,False,Direct Analysis
Start,60,ShareX-18.0.1/ShareX/EasterEggAboutAnimation.cs,False,Direct Analysis
Canvas_MouseDown,66,ShareX-18.0.1/ShareX/EasterEggAboutAnimation.cs,False,Direct Analysis
Canvas_Draw,88,ShareX-18.0.1/ShareX/EasterEggAboutAnimation.cs,False,Direct Analysis
Dispose,156,ShareX-18.0.1/ShareX/EasterEggAboutAnimation.cs,False,Direct Analysis
Dispose,14,ShareX-18.0.1/ShareX/Controls/TaskThumbnailView.Designer.cs,False,Direct Analysis
InitializeComponent,29,ShareX-18.0.1/ShareX/Controls/TaskThumbnailView.Designer.cs,False,Direct Analysis
ScrollToControl,167,ShareX-18.0.1/ShareX/Controls/TaskThumbnailView.cs,False,Direct Analysis
UpdateTheme,172,ShareX-18.0.1/ShareX/Controls/TaskThumbnailView.cs,False,Direct Analysis
CreatePanel,182,ShareX-18.0.1/ShareX/Controls/TaskThumbnailView.cs,False,Direct Analysis
AddPanel,196,ShareX-18.0.1/ShareX/Controls/TaskThumbnailView.cs,False,Direct Analysis
RemovePanel,206,ShareX-18.0.1/ShareX/Controls/TaskThumbnailView.cs,False,Direct Analysis
FindPanel,220,ShareX-18.0.1/ShareX/Controls/TaskThumbnailView.cs,False,Direct Analysis
UpdateAllThumbnails,225,ShareX-18.0.1/ShareX/Controls/TaskThumbnailView.cs,False,Direct Analysis
UnselectAllPanels,236,ShareX-18.0.1/ShareX/Controls/TaskThumbnailView.cs,False,Direct Analysis
OnContextMenuRequested,251,ShareX-18.0.1/ShareX/Controls/TaskThumbnailView.cs,False,Direct Analysis
OnSelectedPanelChanged,256,ShareX-18.0.1/ShareX/Controls/TaskThumbnailView.cs,False,Direct Analysis
Panel_MouseEnter,261,ShareX-18.0.1/ShareX/Controls/TaskThumbnailView.cs,False,Direct Analysis
Panel_MouseDown,270,ShareX-18.0.1/ShareX/Controls/TaskThumbnailView.cs,False,Direct Analysis
Panel_MouseDown,275,ShareX-18.0.1/ShareX/Controls/TaskThumbnailView.cs,False,Direct Analysis
Panel_MouseUp,330,ShareX-18.0.1/ShareX/Controls/TaskThumbnailView.cs,False,Direct Analysis
Panel_ImagePreviewRequested,338,ShareX-18.0.1/ShareX/Controls/TaskThumbnailView.cs,False,Direct Analysis
ProcessCmdKey,345,ShareX-18.0.1/ShareX/Controls/TaskThumbnailView.cs,False,Direct Analysis
OnMouseWheel,352,ShareX-18.0.1/ShareX/Controls/TaskThumbnailView.cs,False,Direct Analysis
ScrollContent,369,ShareX-18.0.1/ShareX/Controls/TaskThumbnailView.cs,False,Direct Analysis
UpdateScrollBar,378,ShareX-18.0.1/ShareX/Controls/TaskThumbnailView.cs,False,Direct Analysis
TaskThumbnailView_VisibleChanged,400,ShareX-18.0.1/ShareX/Controls/TaskThumbnailView.cs,False,Direct Analysis
TaskThumbnailView_SizeChanged,408,ShareX-18.0.1/ShareX/Controls/TaskThumbnailView.cs,False,Direct Analysis
pMain_Resize,413,ShareX-18.0.1/ShareX/Controls/TaskThumbnailView.cs,False,Direct Analysis
flpMain_SizeChanged,422,ShareX-18.0.1/ShareX/Controls/TaskThumbnailView.cs,False,Direct Analysis
sbMain_ValueChanged,427,ShareX-18.0.1/ShareX/Controls/TaskThumbnailView.cs,False,Direct Analysis
Dispose,14,ShareX-18.0.1/ShareX/Controls/NewsListControl.Designer.cs,False,Direct Analysis
InitializeComponent,29,ShareX-18.0.1/ShareX/Controls/NewsListControl.Designer.cs,False,Direct Analysis
UpdateTheme,48,ShareX-18.0.1/ShareX/Controls/NewsListControl.cs,False,Direct Analysis
Start,63,ShareX-18.0.1/ShareX/Controls/NewsListControl.cs,False,Direct Analysis
OnNewsLoaded,90,ShareX-18.0.1/ShareX/Controls/NewsListControl.cs,False,Direct Analysis
MarkRead,95,ShareX-18.0.1/ShareX/Controls/NewsListControl.cs,False,Direct Analysis
AddNewsItem,112,ShareX-18.0.1/ShareX/Controls/NewsListControl.cs,False,Direct Analysis
UpdateUnreadStatus,146,ShareX-18.0.1/ShareX/Controls/NewsListControl.cs,False,Direct Analysis
dgvNews_CellMouseEnter,161,ShareX-18.0.1/ShareX/Controls/NewsListControl.cs,False,Direct Analysis
dgvNews_CellMouseLeave,174,ShareX-18.0.1/ShareX/Controls/NewsListControl.cs,False,Direct Analysis
dgvNews_CellMouseClick,188,ShareX-18.0.1/ShareX/Controls/NewsListControl.cs,False,Direct Analysis
Dispose,14,ShareX-18.0.1/ShareX/Controls/BeforeUploadControl.Designer.cs,False,Direct Analysis
InitializeComponent,29,ShareX-18.0.1/ShareX/Controls/BeforeUploadControl.Designer.cs,False,Direct Analysis
Init,45,ShareX-18.0.1/ShareX/Controls/BeforeUploadControl.cs,False,Direct Analysis
InitCapture,134,ShareX-18.0.1/ShareX/Controls/BeforeUploadControl.cs,False,Direct Analysis
OnInitCompleted,176,ShareX-18.0.1/ShareX/Controls/BeforeUploadControl.cs,False,Direct Analysis
AddDestination,190,ShareX-18.0.1/ShareX/Controls/BeforeUploadControl.cs,False,Direct Analysis
Execute,39,ShareX-18.0.1/ShareX/CaptureHelpers/CaptureMonitor.cs,False,Direct Analysis
Execute,32,ShareX-18.0.1/ShareX/CaptureHelpers/CaptureCustomRegion.cs,False,Direct Analysis
CaptureInternal,70,ShareX-18.0.1/ShareX/CaptureHelpers/CaptureBase.cs,False,Direct Analysis
AfterCapture,122,ShareX-18.0.1/ShareX/CaptureHelpers/CaptureBase.cs,False,Direct Analysis
Execute,33,ShareX-18.0.1/ShareX/CaptureHelpers/CaptureActiveMonitor.cs,False,Direct Analysis
IsValidFilter,49,ShareX-18.0.1/ShareX.UploadersLib/UploaderFilter.cs,False,Direct Analysis
GetUploaderService,56,ShareX-18.0.1/ShareX.UploadersLib/UploaderFilter.cs,False,Direct Analysis
SetExtensions,61,ShareX-18.0.1/ShareX.UploadersLib/UploaderFilter.cs,False,Direct Analysis
GetExtensions,73,ShareX-18.0.1/ShareX.UploadersLib/UploaderFilter.cs,False,Direct Analysis
ToString,78,ShareX-18.0.1/ShareX.UploadersLib/UploaderFilter.cs,False,Direct Analysis
ForceHTTPS,78,ShareX-18.0.1/ShareX.UploadersLib/UploadResult.cs,False,Direct Analysis
ToString,86,ShareX-18.0.1/ShareX.UploadersLib/UploadResult.cs,False,Direct Analysis
ErrorsToString,101,ShareX-18.0.1/ShareX.UploadersLib/UploadResult.cs,False,Direct Analysis
ToSummaryString,111,ShareX-18.0.1/ShareX.UploadersLib/UploadResult.cs,False,Direct Analysis
GetAuthHeaders,60,ShareX-18.0.1/ShareX.UploadersLib/URLShorteners/ZeroWidthURLShortener.cs,False,Direct Analysis
ShortenURL,72,ShareX-18.0.1/ShareX.UploadersLib/URLShorteners/ZeroWidthURLShortener.cs,False,Direct Analysis
CreateShortener,43,ShareX-18.0.1/ShareX.UploadersLib/URLShorteners/ZeroWidthURLShortener.cs,False,Direct Analysis
ShortenURL,67,ShareX-18.0.1/ShareX.UploadersLib/URLShorteners/YourlsURLShortener.cs,False,Direct Analysis
CheckConfig,40,ShareX-18.0.1/ShareX.UploadersLib/URLShorteners/YourlsURLShortener.cs,False,Direct Analysis
CreateShortener,46,ShareX-18.0.1/ShareX.UploadersLib/URLShorteners/YourlsURLShortener.cs,False,Direct Analysis
CreateShortener,36,ShareX-18.0.1/ShareX.UploadersLib/URLShorteners/VURLShortener.cs,False,Direct Analysis
ShortenURL,44,ShareX-18.0.1/ShareX.UploadersLib/URLShorteners/TurlURLShortener.cs,False,Direct Analysis
ShortenURL,44,ShareX-18.0.1/ShareX.UploadersLib/URLShorteners/TinyURLShortener.cs,False,Direct Analysis
CreateShortener,36,ShareX-18.0.1/ShareX.UploadersLib/URLShorteners/TinyURLShortener.cs,False,Direct Analysis
CreateShortener,37,ShareX-18.0.1/ShareX.UploadersLib/URLShorteners/QRnetURLShortener.cs,False,Direct Analysis
Dispose,14,ShareX-18.0.1/ShareX/Forms/ClipboardUploadForm.Designer.cs,False,Direct Analysis
InitializeComponent,29,ShareX-18.0.1/ShareX/Forms/ClipboardUploadForm.Designer.cs,False,Direct Analysis
CheckClipboardContent,57,ShareX-18.0.1/ShareX/Forms/ClipboardUploadForm.cs,False,Direct Analysis
ClipboardUpload,106,ShareX-18.0.1/ShareX/Forms/ClipboardUploadForm.cs,False,Direct Analysis
ClipboardContentViewer_Shown,126,ShareX-18.0.1/ShareX/Forms/ClipboardUploadForm.cs,False,Direct Analysis
ClipboardUploadForm_FormClosed,131,ShareX-18.0.1/ShareX/Forms/ClipboardUploadForm.cs,False,Direct Analysis
cbDontShowThisWindow_CheckedChanged,139,ShareX-18.0.1/ShareX/Forms/ClipboardUploadForm.cs,False,Direct Analysis
btnUpload_Click,144,ShareX-18.0.1/ShareX/Forms/ClipboardUploadForm.cs,False,Direct Analysis
btnCancel_Click,152,ShareX-18.0.1/ShareX/Forms/ClipboardUploadForm.cs,False,Direct Analysis
CheckConfig,41,ShareX-18.0.1/ShareX.UploadersLib/URLShorteners/KuttURLShortener.cs,False,Direct Analysis
CreateShortener,46,ShareX-18.0.1/ShareX.UploadersLib/URLShorteners/KuttURLShortener.cs,False,Direct Analysis
ShortenURL,47,ShareX-18.0.1/ShareX.UploadersLib/URLShorteners/IsgdURLShortener.cs,False,Direct Analysis
CreateShortener,37,ShareX-18.0.1/ShareX.UploadersLib/URLShorteners/IsgdURLShortener.cs,False,Direct Analysis
CheckConfig,41,ShareX-18.0.1/ShareX.UploadersLib/URLShorteners/FirebaseDynamicLinksURLShortener.cs,False,Direct Analysis
CreateShortener,46,ShareX-18.0.1/ShareX.UploadersLib/URLShorteners/FirebaseDynamicLinksURLShortener.cs,False,Direct Analysis
ShortenURL,73,ShareX-18.0.1/ShareX.UploadersLib/URLShorteners/CustomURLShortener.cs,False,Direct Analysis
GetAuthorizationURL,79,ShareX-18.0.1/ShareX.UploadersLib/URLShorteners/BitlyURLShortener.cs,False,Direct Analysis
GetAccessToken,88,ShareX-18.0.1/ShareX.UploadersLib/URLShorteners/BitlyURLShortener.cs,False,Direct Analysis
GetAuthHeaders,112,ShareX-18.0.1/ShareX.UploadersLib/URLShorteners/BitlyURLShortener.cs,False,Direct Analysis
ShortenURL,119,ShareX-18.0.1/ShareX.UploadersLib/URLShorteners/BitlyURLShortener.cs,False,Direct Analysis
CreateShortener,36,ShareX-18.0.1/ShareX.UploadersLib/URLShorteners/TurlURLShortener.cs,False,Direct Analysis
CheckConfig,44,ShareX-18.0.1/ShareX.UploadersLib/URLShorteners/BitlyURLShortener.cs,False,Direct Analysis
CreateShortener,49,ShareX-18.0.1/ShareX.UploadersLib/URLShorteners/BitlyURLShortener.cs,False,Direct Analysis
UploadText,66,ShareX-18.0.1/ShareX.UploadersLib/TextUploaders/Upaste.cs,False,Direct Analysis
UploadText,64,ShareX-18.0.1/ShareX.UploadersLib/TextUploaders/Slexy.cs,False,Direct Analysis
CreateUploader,37,ShareX-18.0.1/ShareX.UploadersLib/TextUploaders/Slexy.cs,False,Direct Analysis
UploadText,56,ShareX-18.0.1/ShareX.UploadersLib/TextUploaders/Pastie.cs,False,Direct Analysis
UploadText,51,ShareX-18.0.1/ShareX.UploadersLib/TextUploaders/Pastebin_ca.cs,False,Direct Analysis
ToString,490,ShareX-18.0.1/ShareX.UploadersLib/TextUploaders/Pastebin.cs,False,Direct Analysis
Dispose,14,ShareX-18.0.1/ShareX/Forms/AfterCaptureForm.Designer.cs,False,Direct Analysis
InitializeComponent,29,ShareX-18.0.1/ShareX/Forms/AfterCaptureForm.Designer.cs,False,Direct Analysis
AfterCaptureForm_Shown,82,ShareX-18.0.1/ShareX/Forms/AfterCaptureForm.cs,False,Direct Analysis
Continue,87,ShareX-18.0.1/ShareX/Forms/AfterCaptureForm.cs,False,Direct Analysis
AddAfterCaptureItems,106,ShareX-18.0.1/ShareX/Forms/AfterCaptureForm.cs,False,Direct Analysis
GetAfterCaptureTasks,129,ShareX-18.0.1/ShareX/Forms/AfterCaptureForm.cs,False,Direct Analysis
lvAfterCaptureTasks_ItemSelectionChanged,146,ShareX-18.0.1/ShareX/Forms/AfterCaptureForm.cs,False,Direct Analysis
lvAfterCaptureTasks_MouseDown,151,ShareX-18.0.1/ShareX/Forms/AfterCaptureForm.cs,False,Direct Analysis
AddAfterUploadItems,164,ShareX-18.0.1/ShareX/Forms/AfterCaptureForm.cs,False,Direct Analysis
GetAfterUploadTasks,178,ShareX-18.0.1/ShareX/Forms/AfterCaptureForm.cs,False,Direct Analysis
lvAfterUploadTasks_ItemSelectionChanged,195,ShareX-18.0.1/ShareX/Forms/AfterCaptureForm.cs,False,Direct Analysis
lvAfterUploadTasks_MouseDown,200,ShareX-18.0.1/ShareX/Forms/AfterCaptureForm.cs,False,Direct Analysis
txtFileName_KeyDown,213,ShareX-18.0.1/ShareX/Forms/AfterCaptureForm.cs,False,Direct Analysis
txtFileName_KeyUp,221,ShareX-18.0.1/ShareX/Forms/AfterCaptureForm.cs,False,Direct Analysis
btnContinue_Click,229,ShareX-18.0.1/ShareX/Forms/AfterCaptureForm.cs,False,Direct Analysis
btnCopy_Click,234,ShareX-18.0.1/ShareX/Forms/AfterCaptureForm.cs,False,Direct Analysis
btnCancel_Click,242,ShareX-18.0.1/ShareX/Forms/AfterCaptureForm.cs,False,Direct Analysis
UploadText,61,ShareX-18.0.1/ShareX.UploadersLib/TextUploaders/Paste2.cs,False,Direct Analysis
CreateUploader,36,ShareX-18.0.1/ShareX.UploadersLib/TextUploaders/Paste2.cs,False,Direct Analysis
UploadText,63,ShareX-18.0.1/ShareX.UploadersLib/TextUploaders/OneTimeSecret.cs,False,Direct Analysis
CreateUploader,43,ShareX-18.0.1/ShareX.UploadersLib/TextUploaders/Hastebin.cs,False,Direct Analysis
GetAuthorizationURL,77,ShareX-18.0.1/ShareX.UploadersLib/TextUploaders/GitHubGist.cs,False,Direct Analysis
GetAccessToken,87,ShareX-18.0.1/ShareX.UploadersLib/TextUploaders/GitHubGist.cs,False,Direct Analysis
UploadText,113,ShareX-18.0.1/ShareX.UploadersLib/TextUploaders/GitHubGist.cs,False,Direct Analysis
UploadText,75,ShareX-18.0.1/ShareX.UploadersLib/TextUploaders/CustomTextUploader.cs,False,Direct Analysis
CreateSharer,34,ShareX-18.0.1/ShareX.UploadersLib/SharingServices/SimpleURLSharingService.cs,False,Direct Analysis
Dispose,14,ShareX-18.0.1/ShareX/Forms/QuickTaskInfoEditForm.Designer.cs,False,Direct Analysis
InitializeComponent,29,ShareX-18.0.1/ShareX/Forms/QuickTaskInfoEditForm.Designer.cs,False,Direct Analysis
UpdateUploaderMenuNames,95,ShareX-18.0.1/ShareX/Forms/QuickTaskInfoEditForm.cs,False,Direct Analysis
txtName_TextChanged,102,ShareX-18.0.1/ShareX/Forms/QuickTaskInfoEditForm.cs,False,Direct Analysis
btnOK_Click,107,ShareX-18.0.1/ShareX/Forms/QuickTaskInfoEditForm.cs,False,Direct Analysis
ShareURL,61,ShareX-18.0.1/ShareX.UploadersLib/SharingServices/PushbulletSharingService.cs,False,Direct Analysis
CheckConfig,36,ShareX-18.0.1/ShareX.UploadersLib/SharingServices/PushbulletSharingService.cs,False,Direct Analysis
CreateSharer,44,ShareX-18.0.1/ShareX.UploadersLib/SharingServices/PushbulletSharingService.cs,False,Direct Analysis
Dispose,14,ShareX-18.0.1/ShareX/Controls/HotkeySelectionControl.Designer.cs,False,Direct Analysis
InitializeComponent,29,ShareX-18.0.1/ShareX/Controls/HotkeySelectionControl.Designer.cs,False,Direct Analysis
UpdateControls,151,ShareX-18.0.1/ShareX/Controls/HotkeySelectionControl.cs,False,Direct Analysis
UpdateHotkeyStatus,172,ShareX-18.0.1/ShareX/Controls/HotkeySelectionControl.cs,False,Direct Analysis
StartEditing,191,ShareX-18.0.1/ShareX/Controls/HotkeySelectionControl.cs,False,Direct Analysis
StopEditing,204,ShareX-18.0.1/ShareX/Controls/HotkeySelectionControl.cs,False,Direct Analysis
OpenTaskMenu,219,ShareX-18.0.1/ShareX/Controls/HotkeySelectionControl.cs,False,Direct Analysis
SelectControl,224,ShareX-18.0.1/ShareX/Controls/HotkeySelectionControl.cs,False,Direct Analysis
OnHotkeyChanged,230,ShareX-18.0.1/ShareX/Controls/HotkeySelectionControl.cs,False,Direct Analysis
OnSelectedChanged,235,ShareX-18.0.1/ShareX/Controls/HotkeySelectionControl.cs,False,Direct Analysis
OnEditRequested,240,ShareX-18.0.1/ShareX/Controls/HotkeySelectionControl.cs,False,Direct Analysis
btnTask_Click,245,ShareX-18.0.1/ShareX/Controls/HotkeySelectionControl.cs,False,Direct Analysis
btnEdit_Click,250,ShareX-18.0.1/ShareX/Controls/HotkeySelectionControl.cs,False,Direct Analysis
btnHotkey_PreviewKeyDown,256,ShareX-18.0.1/ShareX/Controls/HotkeySelectionControl.cs,False,Direct Analysis
btnHotkey_KeyDown,265,ShareX-18.0.1/ShareX/Controls/HotkeySelectionControl.cs,False,Direct Analysis
btnHotkey_KeyUp,294,ShareX-18.0.1/ShareX/Controls/HotkeySelectionControl.cs,False,Direct Analysis
btnHotkey_MouseClick,309,ShareX-18.0.1/ShareX/Controls/HotkeySelectionControl.cs,False,Direct Analysis
btnHotkey_Leave,322,ShareX-18.0.1/ShareX/Controls/HotkeySelectionControl.cs,False,Direct Analysis
UploadText,75,ShareX-18.0.1/ShareX.UploadersLib/TextUploaders/Paste_ee.cs,False,Direct Analysis
UseCommandLineArgs,41,ShareX-18.0.1/ShareX/ShareXCLIManager.cs,False,Direct Analysis
CheckConfig,35,ShareX-18.0.1/ShareX.UploadersLib/SharingServices/EmailSharingService.cs,False,Direct Analysis
CreateSharer,40,ShareX-18.0.1/ShareX.UploadersLib/SharingServices/EmailSharingService.cs,False,Direct Analysis
CheckConfig,35,ShareX-18.0.1/ShareX.UploadersLib/SharingServices/CustomURLSharingService.cs,False,Direct Analysis
CreateSharer,40,ShareX-18.0.1/ShareX.UploadersLib/SharingServices/CustomURLSharingService.cs,False,Direct Analysis
Dispose,47,ShareX-18.0.1/ShareX.UploadersLib/OAuth/OAuthListener.cs,False,Direct Analysis
ConnectAsync,56,ShareX-18.0.1/ShareX.UploadersLib/OAuth/OAuthListener.cs,False,Direct Analysis
UpdateSelectedItems,69,ShareX-18.0.1/ShareX/UploadInfoManager.cs,False,Direct Analysis
OpenURL,99,ShareX-18.0.1/ShareX/UploadInfoManager.cs,False,Direct Analysis
OpenShortenedURL,104,ShareX-18.0.1/ShareX/UploadInfoManager.cs,False,Direct Analysis
OpenThumbnailURL,109,ShareX-18.0.1/ShareX/UploadInfoManager.cs,False,Direct Analysis
OpenDeletionURL,114,ShareX-18.0.1/ShareX/UploadInfoManager.cs,False,Direct Analysis
OpenFile,119,ShareX-18.0.1/ShareX/UploadInfoManager.cs,False,Direct Analysis
OpenThumbnailFile,124,ShareX-18.0.1/ShareX/UploadInfoManager.cs,False,Direct Analysis
OpenFolder,129,ShareX-18.0.1/ShareX/UploadInfoManager.cs,False,Direct Analysis
TryOpen,134,ShareX-18.0.1/ShareX/UploadInfoManager.cs,False,Direct Analysis
CopyURL,159,ShareX-18.0.1/ShareX/UploadInfoManager.cs,False,Direct Analysis
CopyShortenedURL,164,ShareX-18.0.1/ShareX/UploadInfoManager.cs,False,Direct Analysis
CopyThumbnailURL,169,ShareX-18.0.1/ShareX/UploadInfoManager.cs,False,Direct Analysis
CopyDeletionURL,174,ShareX-18.0.1/ShareX/UploadInfoManager.cs,False,Direct Analysis
CopyFile,179,ShareX-18.0.1/ShareX/UploadInfoManager.cs,False,Direct Analysis
CopyImage,190,ShareX-18.0.1/ShareX/UploadInfoManager.cs,False,Direct Analysis
CopyImageDimensions,201,ShareX-18.0.1/ShareX/UploadInfoManager.cs,False,Direct Analysis
CopyText,217,ShareX-18.0.1/ShareX/UploadInfoManager.cs,False,Direct Analysis
CopyThumbnailFile,228,ShareX-18.0.1/ShareX/UploadInfoManager.cs,False,Direct Analysis
CopyThumbnailImage,239,ShareX-18.0.1/ShareX/UploadInfoManager.cs,False,Direct Analysis
CopyHTMLLink,250,ShareX-18.0.1/ShareX/UploadInfoManager.cs,False,Direct Analysis
CopyHTMLImage,255,ShareX-18.0.1/ShareX/UploadInfoManager.cs,False,Direct Analysis
CopyHTMLLinkedImage,260,ShareX-18.0.1/ShareX/UploadInfoManager.cs,False,Direct Analysis
CopyForumLink,265,ShareX-18.0.1/ShareX/UploadInfoManager.cs,False,Direct Analysis
CopyForumImage,270,ShareX-18.0.1/ShareX/UploadInfoManager.cs,False,Direct Analysis
CopyForumLinkedImage,275,ShareX-18.0.1/ShareX/UploadInfoManager.cs,False,Direct Analysis
CopyMarkdownLink,280,ShareX-18.0.1/ShareX/UploadInfoManager.cs,False,Direct Analysis
CopyMarkdownImage,285,ShareX-18.0.1/ShareX/UploadInfoManager.cs,False,Direct Analysis
CopyMarkdownLinkedImage,290,ShareX-18.0.1/ShareX/UploadInfoManager.cs,False,Direct Analysis
CopyFilePath,295,ShareX-18.0.1/ShareX/UploadInfoManager.cs,False,Direct Analysis
CopyFileName,300,ShareX-18.0.1/ShareX/UploadInfoManager.cs,False,Direct Analysis
CopyFileNameWithExtension,305,ShareX-18.0.1/ShareX/UploadInfoManager.cs,False,Direct Analysis
CopyFolder,310,ShareX-18.0.1/ShareX/UploadInfoManager.cs,False,Direct Analysis
CopyCustomFormat,315,ShareX-18.0.1/ShareX/UploadInfoManager.cs,False,Direct Analysis
TryCopy,320,ShareX-18.0.1/ShareX/UploadInfoManager.cs,False,Direct Analysis
ShowImagePreview,343,ShareX-18.0.1/ShareX/UploadInfoManager.cs,False,Direct Analysis
ShowErrors,348,ShareX-18.0.1/ShareX/UploadInfoManager.cs,False,Direct Analysis
StopUpload,356,ShareX-18.0.1/ShareX/UploadInfoManager.cs,False,Direct Analysis
Upload,367,ShareX-18.0.1/ShareX/UploadInfoManager.cs,False,Direct Analysis
Download,372,ShareX-18.0.1/ShareX/UploadInfoManager.cs,False,Direct Analysis
EditImage,377,ShareX-18.0.1/ShareX/UploadInfoManager.cs,False,Direct Analysis
BeautifyImage,382,ShareX-18.0.1/ShareX/UploadInfoManager.cs,False,Direct Analysis
AddImageEffects,387,ShareX-18.0.1/ShareX/UploadInfoManager.cs,False,Direct Analysis
PinToScreen,392,ShareX-18.0.1/ShareX/UploadInfoManager.cs,False,Direct Analysis
DeleteFiles,397,ShareX-18.0.1/ShareX/UploadInfoManager.cs,False,Direct Analysis
ShortenURL,408,ShareX-18.0.1/ShareX/UploadInfoManager.cs,False,Direct Analysis
ShareURL,413,ShareX-18.0.1/ShareX/UploadInfoManager.cs,False,Direct Analysis
SearchImageUsingGoogleLens,418,ShareX-18.0.1/ShareX/UploadInfoManager.cs,False,Direct Analysis
SearchImageUsingBing,423,ShareX-18.0.1/ShareX/UploadInfoManager.cs,False,Direct Analysis
ShowQRCode,428,ShareX-18.0.1/ShareX/UploadInfoManager.cs,False,Direct Analysis
OCRImage,433,ShareX-18.0.1/ShareX/UploadInfoManager.cs,False,Direct Analysis
CombineImages,438,ShareX-18.0.1/ShareX/UploadInfoManager.cs,False,Direct Analysis
CombineImages,451,ShareX-18.0.1/ShareX/UploadInfoManager.cs,False,Direct Analysis
ShowResponse,464,ShareX-18.0.1/ShareX/UploadInfoManager.cs,False,Direct Analysis
Clone,106,ShareX-18.0.1/ShareX.UploadersLib/OAuth/OAuthInfo.cs,False,Direct Analysis
Clone,111,ShareX-18.0.1/ShareX.UploadersLib/OAuth/OAuthInfo.cs,False,Direct Analysis
ToString,116,ShareX-18.0.1/ShareX.UploadersLib/OAuth/OAuthInfo.cs,False,Direct Analysis
GetAuthorizationURL,51,ShareX-18.0.1/ShareX.UploadersLib/OAuth/GoogleOAuth2.cs,False,Direct Analysis
GetAccessToken,63,ShareX-18.0.1/ShareX.UploadersLib/OAuth/GoogleOAuth2.cs,False,Direct Analysis
RefreshAccessToken,89,ShareX-18.0.1/ShareX.UploadersLib/OAuth/GoogleOAuth2.cs,False,Direct Analysis
CheckAuthorization,119,ShareX-18.0.1/ShareX.UploadersLib/OAuth/GoogleOAuth2.cs,False,Direct Analysis
GetAuthHeaders,138,ShareX-18.0.1/ShareX.UploadersLib/OAuth/GoogleOAuth2.cs,False,Direct Analysis
GetUserInfo,145,ShareX-18.0.1/ShareX.UploadersLib/OAuth/GoogleOAuth2.cs,False,Direct Analysis
Upload,33,ShareX-18.0.1/ShareX.UploadersLib/ImageUploaders/ImmioUploader.cs,False,Direct Analysis
GetAuthorizationURL,101,ShareX-18.0.1/ShareX.UploadersLib/ImageUploaders/Imgur.cs,False,Direct Analysis
GetAccessToken,110,ShareX-18.0.1/ShareX.UploadersLib/ImageUploaders/Imgur.cs,False,Direct Analysis
RefreshAccessToken,135,ShareX-18.0.1/ShareX.UploadersLib/ImageUploaders/Imgur.cs,False,Direct Analysis
GetAuthHeaders,163,ShareX-18.0.1/ShareX.UploadersLib/ImageUploaders/Imgur.cs,False,Direct Analysis
CheckAuthorization,170,ShareX-18.0.1/ShareX.UploadersLib/ImageUploaders/Imgur.cs,False,Direct Analysis
Upload,267,ShareX-18.0.1/ShareX.UploadersLib/ImageUploaders/Imgur.cs,False,Direct Analysis
InternalUpload,272,ShareX-18.0.1/ShareX.UploadersLib/ImageUploaders/Imgur.cs,False,Direct Analysis
HandleErrors,393,ShareX-18.0.1/ShareX.UploadersLib/ImageUploaders/Imgur.cs,False,Direct Analysis
CheckConfig,55,ShareX-18.0.1/ShareX.UploadersLib/ImageUploaders/Imgur.cs,False,Direct Analysis
CreateUploader,60,ShareX-18.0.1/ShareX.UploadersLib/ImageUploaders/Imgur.cs,False,Direct Analysis
Upload,34,ShareX-18.0.1/ShareX.UploadersLib/ImageUploaders/Img1Uploader.cs,False,Direct Analysis
GetAccessToken,72,ShareX-18.0.1/ShareX.UploadersLib/ImageUploaders/ImageShackUploader.cs,False,Direct Analysis
Upload,97,ShareX-18.0.1/ShareX.UploadersLib/ImageUploaders/ImageShackUploader.cs,False,Direct Analysis
CheckConfig,43,ShareX-18.0.1/ShareX.UploadersLib/ImageUploaders/ImageShackUploader.cs,False,Direct Analysis
CreateUploader,48,ShareX-18.0.1/ShareX.UploadersLib/ImageUploaders/ImageShackUploader.cs,False,Direct Analysis
Dispose,14,ShareX-18.0.1/ShareX/Forms/QRCodeForm.Designer.cs,False,Direct Analysis
InitializeComponent,29,ShareX-18.0.1/ShareX/Forms/QRCodeForm.Designer.cs,False,Direct Analysis
ClearQRCode,104,ShareX-18.0.1/ShareX/Forms/QRCodeForm.cs,False,Direct Analysis
GenerateQRCode,116,ShareX-18.0.1/ShareX/Forms/QRCodeForm.cs,False,Direct Analysis
ScanImage,145,ShareX-18.0.1/ShareX/Forms/QRCodeForm.cs,False,Direct Analysis
QRCodeForm_Shown,224,ShareX-18.0.1/ShareX/Forms/QRCodeForm.cs,False,Direct Analysis
QRCodeForm_Resize,233,ShareX-18.0.1/ShareX/Forms/QRCodeForm.cs,False,Direct Analysis
txtText_TextChanged,241,ShareX-18.0.1/ShareX/Forms/QRCodeForm.cs,False,Direct Analysis
nudQRCodeSize_ValueChanged,246,ShareX-18.0.1/ShareX/Forms/QRCodeForm.cs,False,Direct Analysis
btnCopyImage_Click,251,ShareX-18.0.1/ShareX/Forms/QRCodeForm.cs,False,Direct Analysis
btnSaveImage_Click,259,ShareX-18.0.1/ShareX/Forms/QRCodeForm.cs,False,Direct Analysis
btnUploadImage_Click,300,ShareX-18.0.1/ShareX/Forms/QRCodeForm.cs,False,Direct Analysis
btnScanScreen_Click,309,ShareX-18.0.1/ShareX/Forms/QRCodeForm.cs,False,Direct Analysis
btnScanRegion_Click,316,ShareX-18.0.1/ShareX/Forms/QRCodeForm.cs,False,Direct Analysis
btnScanImageFile_Click,323,ShareX-18.0.1/ShareX/Forms/QRCodeForm.cs,False,Direct Analysis
Upload,34,ShareX-18.0.1/ShareX.UploadersLib/ImageUploaders/ImageBin.cs,False,Direct Analysis
CheckConfig,44,ShareX-18.0.1/ShareX.UploadersLib/ImageUploaders/FlickrUploader.cs,False,Direct Analysis
CreateUploader,49,ShareX-18.0.1/ShareX.UploadersLib/ImageUploaders/FlickrUploader.cs,False,Direct Analysis
CheckConfig,36,ShareX-18.0.1/ShareX.UploadersLib/ImageUploaders/CustomImageUploader.cs,False,Direct Analysis
CreateUploader,41,ShareX-18.0.1/ShareX.UploadersLib/ImageUploaders/CustomImageUploader.cs,False,Direct Analysis
Upload,70,ShareX-18.0.1/ShareX.UploadersLib/ImageUploaders/Chevereto.cs,False,Direct Analysis
ToReadableString,41,ShareX-18.0.1/ShareX.UploadersLib/Helpers/ResponseInfo.cs,False,Direct Analysis
UpdateProgress,71,ShareX-18.0.1/ShareX.UploadersLib/Helpers/ProgressManager.cs,False,Direct Analysis
EditValue,36,ShareX-18.0.1/ShareX.UploadersLib/Helpers/KeyFileNameEditor.cs,False,Direct Analysis
Parse,40,ShareX-18.0.1/ShareX.UploadersLib/Helpers/EscapeHelper.cs,False,Direct Analysis
EditValue,36,ShareX-18.0.1/ShareX.UploadersLib/Helpers/CertFileNameEditor.cs,False,Direct Analysis
Dispose,14,ShareX-18.0.1/ShareX.UploadersLib/Forms/YouTubeVideoOptionsForm.Designer.cs,False,Direct Analysis
InitializeComponent,29,ShareX-18.0.1/ShareX.UploadersLib/Forms/YouTubeVideoOptionsForm.Designer.cs,False,Direct Analysis
YouTubeVideoOptionsForm_Shown,53,ShareX-18.0.1/ShareX.UploadersLib/Forms/YouTubeVideoOptionsForm.cs,False,Direct Analysis
btnOK_Click,58,ShareX-18.0.1/ShareX.UploadersLib/Forms/YouTubeVideoOptionsForm.cs,False,Direct Analysis
btnCancel_Click,68,ShareX-18.0.1/ShareX.UploadersLib/Forms/YouTubeVideoOptionsForm.cs,False,Direct Analysis
Dispose,14,ShareX-18.0.1/ShareX.UploadersLib/Forms/UserPassBox.Designer.cs,False,Direct Analysis
InitializeComponent,29,ShareX-18.0.1/ShareX.UploadersLib/Forms/UserPassBox.Designer.cs,False,Direct Analysis
InputBox_Shown,62,ShareX-18.0.1/ShareX.UploadersLib/Forms/UserPassBox.cs,False,Direct Analysis
btnOK_Click,68,ShareX-18.0.1/ShareX.UploadersLib/Forms/UserPassBox.cs,False,Direct Analysis
btnCancel_Click,82,ShareX-18.0.1/ShareX.UploadersLib/Forms/UserPassBox.cs,False,Direct Analysis
ShortenURL,46,ShareX-18.0.1/ShareX.UploadersLib/URLShorteners/VURLShortener.cs,False,Direct Analysis
Dispose,38,ShareX-18.0.1/ShareX.UploadersLib/Forms/UploadersConfigForm.Designer.cs,False,Direct Analysis
InitializeComponent,53,ShareX-18.0.1/ShareX.UploadersLib/Forms/UploadersConfigForm.Designer.cs,False,Direct Analysis
UploadersConfigForm_Shown,71,ShareX-18.0.1/ShareX.UploadersLib/Forms/UploadersConfigForm.cs,False,Direct Analysis
UploadersConfigForm_Resize,76,ShareX-18.0.1/ShareX.UploadersLib/Forms/UploadersConfigForm.cs,False,Direct Analysis
InitializeControls,81,ShareX-18.0.1/ShareX.UploadersLib/Forms/UploadersConfigForm.cs,False,Direct Analysis
AddIconToTabs,109,ShareX-18.0.1/ShareX.UploadersLib/Forms/UploadersConfigForm.cs,False,Direct Analysis
NavigateToTabPage,143,ShareX-18.0.1/ShareX.UploadersLib/Forms/UploadersConfigForm.cs,False,Direct Analysis
LoadImageUploaderSettings,159,ShareX-18.0.1/ShareX.UploadersLib/Forms/UploadersConfigForm.cs,False,Direct Analysis
LoadTextUploaderSettings,242,ShareX-18.0.1/ShareX.UploadersLib/Forms/UploadersConfigForm.cs,False,Direct Analysis
LoadFileUploaderSettings,317,ShareX-18.0.1/ShareX.UploadersLib/Forms/UploadersConfigForm.cs,False,Direct Analysis
LoadURLShortenerSettings,676,ShareX-18.0.1/ShareX.UploadersLib/Forms/UploadersConfigForm.cs,False,Direct Analysis
atcImgurAccountType_AccountTypeChanged,738,ShareX-18.0.1/ShareX.UploadersLib/Forms/UploadersConfigForm.cs,False,Direct Analysis
oauth2Imgur_OpenButtonClicked,744,ShareX-18.0.1/ShareX.UploadersLib/Forms/UploadersConfigForm.cs,False,Direct Analysis
oauth2Imgur_CompleteButtonClicked,750,ShareX-18.0.1/ShareX.UploadersLib/Forms/UploadersConfigForm.cs,False,Direct Analysis
oauth2Imgur_ClearButtonClicked,755,ShareX-18.0.1/ShareX.UploadersLib/Forms/UploadersConfigForm.cs,False,Direct Analysis
oauth2Imgur_RefreshButtonClicked,760,ShareX-18.0.1/ShareX.UploadersLib/Forms/UploadersConfigForm.cs,False,Direct Analysis
cbImgurDirectLink_CheckedChanged,765,ShareX-18.0.1/ShareX.UploadersLib/Forms/UploadersConfigForm.cs,False,Direct Analysis
cbImgurThumbnailType_SelectedIndexChanged,770,ShareX-18.0.1/ShareX.UploadersLib/Forms/UploadersConfigForm.cs,False,Direct Analysis
cbImgurUseGIFV_CheckedChanged,775,ShareX-18.0.1/ShareX.UploadersLib/Forms/UploadersConfigForm.cs,False,Direct Analysis
cbImgurUploadSelectedAlbum_CheckedChanged,780,ShareX-18.0.1/ShareX.UploadersLib/Forms/UploadersConfigForm.cs,False,Direct Analysis
btnImgurRefreshAlbumList_Click,785,ShareX-18.0.1/ShareX.UploadersLib/Forms/UploadersConfigForm.cs,False,Direct Analysis
lvImgurAlbumList_SelectedIndexChanged,790,ShareX-18.0.1/ShareX.UploadersLib/Forms/UploadersConfigForm.cs,False,Direct Analysis
txtImageShackUsername_TextChanged,810,ShareX-18.0.1/ShareX.UploadersLib/Forms/UploadersConfigForm.cs,False,Direct Analysis
txtImageShackPassword_TextChanged,815,ShareX-18.0.1/ShareX.UploadersLib/Forms/UploadersConfigForm.cs,False,Direct Analysis
btnImageShackLogin_Click,820,ShareX-18.0.1/ShareX.UploadersLib/Forms/UploadersConfigForm.cs,False,Direct Analysis
cbImageShackIsPublic_CheckedChanged,842,ShareX-18.0.1/ShareX.UploadersLib/Forms/UploadersConfigForm.cs,False,Direct Analysis
btnImageShackOpenPublicProfile_Click,847,ShareX-18.0.1/ShareX.UploadersLib/Forms/UploadersConfigForm.cs,False,Direct Analysis
btnImageShackOpenMyImages_Click,859,ShareX-18.0.1/ShareX.UploadersLib/Forms/UploadersConfigForm.cs,False,Direct Analysis
oauthFlickr_ClearButtonClicked,878,ShareX-18.0.1/ShareX.UploadersLib/Forms/UploadersConfigForm.cs,False,Direct Analysis
cbFlickrDirectLink_CheckedChanged,883,ShareX-18.0.1/ShareX.UploadersLib/Forms/UploadersConfigForm.cs,False,Direct Analysis
btnPhotobucketAuthOpen_Click,892,ShareX-18.0.1/ShareX.UploadersLib/Forms/UploadersConfigForm.cs,False,Direct Analysis
btnPhotobucketAuthComplete_Click,897,ShareX-18.0.1/ShareX.UploadersLib/Forms/UploadersConfigForm.cs,False,Direct Analysis
btnPhotobucketCreateAlbum_Click,902,ShareX-18.0.1/ShareX.UploadersLib/Forms/UploadersConfigForm.cs,False,Direct Analysis
cbPhotobucketAlbumPaths_SelectedIndexChanged,907,ShareX-18.0.1/ShareX.UploadersLib/Forms/UploadersConfigForm.cs,False,Direct Analysis
btnPhotobucketAddAlbum_Click,915,ShareX-18.0.1/ShareX.UploadersLib/Forms/UploadersConfigForm.cs,False,Direct Analysis
btnPhotobucketRemoveAlbum_Click,925,ShareX-18.0.1/ShareX.UploadersLib/Forms/UploadersConfigForm.cs,False,Direct Analysis
txtCheveretoWebsite_TextChanged,938,ShareX-18.0.1/ShareX.UploadersLib/Forms/UploadersConfigForm.cs,False,Direct Analysis
txtCheveretoAPIKey_TextChanged,943,ShareX-18.0.1/ShareX.UploadersLib/Forms/UploadersConfigForm.cs,False,Direct Analysis
cbCheveretoDirectURL_CheckedChanged,948,ShareX-18.0.1/ShareX.UploadersLib/Forms/UploadersConfigForm.cs,False,Direct Analysis
txtVgymeUserKey_TextChanged,957,ShareX-18.0.1/ShareX.UploadersLib/Forms/UploadersConfigForm.cs,False,Direct Analysis
llVgymeAccountDetailsPage_LinkClicked,962,ShareX-18.0.1/ShareX.UploadersLib/Forms/UploadersConfigForm.cs,False,Direct Analysis
txtPastebinUsername_TextChanged,975,ShareX-18.0.1/ShareX.UploadersLib/Forms/UploadersConfigForm.cs,False,Direct Analysis
txtPastebinPassword_TextChanged,980,ShareX-18.0.1/ShareX.UploadersLib/Forms/UploadersConfigForm.cs,False,Direct Analysis
btnPastebinRegister_Click,985,ShareX-18.0.1/ShareX.UploadersLib/Forms/UploadersConfigForm.cs,False,Direct Analysis
btnPastebinLogin_Click,990,ShareX-18.0.1/ShareX.UploadersLib/Forms/UploadersConfigForm.cs,False,Direct Analysis
cbPastebinPrivacy_SelectedIndexChanged,995,ShareX-18.0.1/ShareX.UploadersLib/Forms/UploadersConfigForm.cs,False,Direct Analysis
cbPastebinExpiration_SelectedIndexChanged,1000,ShareX-18.0.1/ShareX.UploadersLib/Forms/UploadersConfigForm.cs,False,Direct Analysis
cbPastebinSyntax_SelectedIndexChanged,1005,ShareX-18.0.1/ShareX.UploadersLib/Forms/UploadersConfigForm.cs,False,Direct Analysis
txtPastebinTitle_TextChanged,1010,ShareX-18.0.1/ShareX.UploadersLib/Forms/UploadersConfigForm.cs,False,Direct Analysis
cbPastebinRaw_CheckedChanged,1015,ShareX-18.0.1/ShareX.UploadersLib/Forms/UploadersConfigForm.cs,False,Direct Analysis
btnPaste_eeGetUserKey_Click,1024,ShareX-18.0.1/ShareX.UploadersLib/Forms/UploadersConfigForm.cs,False,Direct Analysis
txtPaste_eeUserAPIKey_TextChanged,1029,ShareX-18.0.1/ShareX.UploadersLib/Forms/UploadersConfigForm.cs,False,Direct Analysis
oAuth2Gist_OpenButtonClicked,1038,ShareX-18.0.1/ShareX.UploadersLib/Forms/UploadersConfigForm.cs,False,Direct Analysis
oAuth2Gist_CompleteButtonClicked,1044,ShareX-18.0.1/ShareX.UploadersLib/Forms/UploadersConfigForm.cs,False,Direct Analysis
oAuth2Gist_ClearButtonClicked,1049,ShareX-18.0.1/ShareX.UploadersLib/Forms/UploadersConfigForm.cs,False,Direct Analysis
cbGistPublishPublic_CheckedChanged,1054,ShareX-18.0.1/ShareX.UploadersLib/Forms/UploadersConfigForm.cs,False,Direct Analysis
cbGistUseRawURL_CheckedChanged,1059,ShareX-18.0.1/ShareX.UploadersLib/Forms/UploadersConfigForm.cs,False,Direct Analysis
txtGistCustomURL_TextChanged,1064,ShareX-18.0.1/ShareX.UploadersLib/Forms/UploadersConfigForm.cs,False,Direct Analysis
txtUpasteUserKey_TextChanged,1073,ShareX-18.0.1/ShareX.UploadersLib/Forms/UploadersConfigForm.cs,False,Direct Analysis
cbUpasteIsPublic_CheckedChanged,1078,ShareX-18.0.1/ShareX.UploadersLib/Forms/UploadersConfigForm.cs,False,Direct Analysis
txtHastebinCustomDomain_TextChanged,1087,ShareX-18.0.1/ShareX.UploadersLib/Forms/UploadersConfigForm.cs,False,Direct Analysis
txtHastebinSyntaxHighlighting_TextChanged,1092,ShareX-18.0.1/ShareX.UploadersLib/Forms/UploadersConfigForm.cs,False,Direct Analysis
cbHastebinUseFileExtension_CheckedChanged,1097,ShareX-18.0.1/ShareX.UploadersLib/Forms/UploadersConfigForm.cs,False,Direct Analysis
txtOneTimeSecretEmail_TextChanged,1106,ShareX-18.0.1/ShareX.UploadersLib/Forms/UploadersConfigForm.cs,False,Direct Analysis
txtOneTimeSecretAPIKey_TextChanged,1111,ShareX-18.0.1/ShareX.UploadersLib/Forms/UploadersConfigForm.cs,False,Direct Analysis
cbPastieIsPublic_CheckedChanged,1120,ShareX-18.0.1/ShareX.UploadersLib/Forms/UploadersConfigForm.cs,False,Direct Analysis
cbFTPImage_SelectedIndexChanged,1133,ShareX-18.0.1/ShareX.UploadersLib/Forms/UploadersConfigForm.cs,False,Direct Analysis
cbFTPText_SelectedIndexChanged,1138,ShareX-18.0.1/ShareX.UploadersLib/Forms/UploadersConfigForm.cs,False,Direct Analysis
cbFTPFile_SelectedIndexChanged,1143,ShareX-18.0.1/ShareX.UploadersLib/Forms/UploadersConfigForm.cs,False,Direct Analysis
cbFTPAccounts_SelectedIndexChanged,1148,ShareX-18.0.1/ShareX.UploadersLib/Forms/UploadersConfigForm.cs,False,Direct Analysis
btnFTPAdd_Click,1153,ShareX-18.0.1/ShareX.UploadersLib/Forms/UploadersConfigForm.cs,False,Direct Analysis
btnFTPRemove_Click,1162,ShareX-18.0.1/ShareX.UploadersLib/Forms/UploadersConfigForm.cs,False,Direct Analysis
btnFTPDuplicate_Click,1185,ShareX-18.0.1/ShareX.UploadersLib/Forms/UploadersConfigForm.cs,False,Direct Analysis
txtFTPName_TextChanged,1197,ShareX-18.0.1/ShareX.UploadersLib/Forms/UploadersConfigForm.cs,False,Direct Analysis
rbFTPProtocolFTP_CheckedChanged,1207,ShareX-18.0.1/ShareX.UploadersLib/Forms/UploadersConfigForm.cs,False,Direct Analysis
rbFTPProtocolFTPS_CheckedChanged,1217,ShareX-18.0.1/ShareX.UploadersLib/Forms/UploadersConfigForm.cs,False,Direct Analysis
rbFTPProtocolSFTP_CheckedChanged,1227,ShareX-18.0.1/ShareX.UploadersLib/Forms/UploadersConfigForm.cs,False,Direct Analysis
txtFTPHost_TextChanged,1237,ShareX-18.0.1/ShareX.UploadersLib/Forms/UploadersConfigForm.cs,False,Direct Analysis
nudFTPPort_ValueChanged,1248,ShareX-18.0.1/ShareX.UploadersLib/Forms/UploadersConfigForm.cs,False,Direct Analysis
txtFTPUsername_TextChanged,1258,ShareX-18.0.1/ShareX.UploadersLib/Forms/UploadersConfigForm.cs,False,Direct Analysis
txtFTPPassword_TextChanged,1267,ShareX-18.0.1/ShareX.UploadersLib/Forms/UploadersConfigForm.cs,False,Direct Analysis
rbFTPTransferModePassive_CheckedChanged,1276,ShareX-18.0.1/ShareX.UploadersLib/Forms/UploadersConfigForm.cs,False,Direct Analysis
rbFTPTransferModeActive_CheckedChanged,1285,ShareX-18.0.1/ShareX.UploadersLib/Forms/UploadersConfigForm.cs,False,Direct Analysis
txtFTPRemoteDirectory_TextChanged,1294,ShareX-18.0.1/ShareX.UploadersLib/Forms/UploadersConfigForm.cs,False,Direct Analysis
cbFTPURLPathProtocol_SelectedIndexChanged,1304,ShareX-18.0.1/ShareX.UploadersLib/Forms/UploadersConfigForm.cs,False,Direct Analysis
txtFTPURLPath_TextChanged,1314,ShareX-18.0.1/ShareX.UploadersLib/Forms/UploadersConfigForm.cs,False,Direct Analysis
cbFTPAppendRemoteDirectory_CheckedChanged,1324,ShareX-18.0.1/ShareX.UploadersLib/Forms/UploadersConfigForm.cs,False,Direct Analysis
cbFTPRemoveFileExtension_CheckedChanged,1334,ShareX-18.0.1/ShareX.UploadersLib/Forms/UploadersConfigForm.cs,False,Direct Analysis
cbFTPSEncryption_SelectedIndexChanged,1344,ShareX-18.0.1/ShareX.UploadersLib/Forms/UploadersConfigForm.cs,False,Direct Analysis
txtFTPSCertificateLocation_TextChanged,1353,ShareX-18.0.1/ShareX.UploadersLib/Forms/UploadersConfigForm.cs,False,Direct Analysis
btnFTPSCertificateLocationBrowse_Click,1362,ShareX-18.0.1/ShareX.UploadersLib/Forms/UploadersConfigForm.cs,False,Direct Analysis
txtSFTPKeyLocation_TextChanged,1379,ShareX-18.0.1/ShareX.UploadersLib/Forms/UploadersConfigForm.cs,False,Direct Analysis
btnSFTPKeyLocationBrowse_Click,1388,ShareX-18.0.1/ShareX.UploadersLib/Forms/UploadersConfigForm.cs,False,Direct Analysis
txtSFTPKeyPassphrase_TextChanged,1405,ShareX-18.0.1/ShareX.UploadersLib/Forms/UploadersConfigForm.cs,False,Direct Analysis
btnFTPTest_Click,1414,ShareX-18.0.1/ShareX.UploadersLib/Forms/UploadersConfigForm.cs,False,Direct Analysis
oauth2Dropbox_OpenButtonClicked,1442,ShareX-18.0.1/ShareX.UploadersLib/Forms/UploadersConfigForm.cs,False,Direct Analysis
oauth2Dropbox_CompleteButtonClicked,1448,ShareX-18.0.1/ShareX.UploadersLib/Forms/UploadersConfigForm.cs,False,Direct Analysis
oauth2Dropbox_ClearButtonClicked,1453,ShareX-18.0.1/ShareX.UploadersLib/Forms/UploadersConfigForm.cs,False,Direct Analysis
txtDropboxPath_TextChanged,1458,ShareX-18.0.1/ShareX.UploadersLib/Forms/UploadersConfigForm.cs,False,Direct Analysis
cbDropboxAutoCreateShareableLink_CheckedChanged,1463,ShareX-18.0.1/ShareX.UploadersLib/Forms/UploadersConfigForm.cs,False,Direct Analysis
cbDropboxUseDirectLink_CheckedChanged,1469,ShareX-18.0.1/ShareX.UploadersLib/Forms/UploadersConfigForm.cs,False,Direct Analysis
oAuth2OneDrive_OpenButtonClicked,1478,ShareX-18.0.1/ShareX.UploadersLib/Forms/UploadersConfigForm.cs,False,Direct Analysis
oAuth2OneDrive_CompleteButtonClicked,1485,ShareX-18.0.1/ShareX.UploadersLib/Forms/UploadersConfigForm.cs,False,Direct Analysis
oAuth2OneDrive_RefreshButtonClicked,1490,ShareX-18.0.1/ShareX.UploadersLib/Forms/UploadersConfigForm.cs,False,Direct Analysis
oAuth2OneDrive_ClearButtonClicked,1495,ShareX-18.0.1/ShareX.UploadersLib/Forms/UploadersConfigForm.cs,False,Direct Analysis
cbOneDriveCreateShareableLink_CheckedChanged,1500,ShareX-18.0.1/ShareX.UploadersLib/Forms/UploadersConfigForm.cs,False,Direct Analysis
cbOneDriveUseDirectLink_CheckedChanged,1506,ShareX-18.0.1/ShareX.UploadersLib/Forms/UploadersConfigForm.cs,False,Direct Analysis
tvOneDrive_AfterSelect,1511,ShareX-18.0.1/ShareX.UploadersLib/Forms/UploadersConfigForm.cs,False,Direct Analysis
tvOneDrive_AfterExpand,1520,ShareX-18.0.1/ShareX.UploadersLib/Forms/UploadersConfigForm.cs,False,Direct Analysis
oauth2GoogleDrive_ConnectButtonClicked,1532,ShareX-18.0.1/ShareX.UploadersLib/Forms/UploadersConfigForm.cs,False,Direct Analysis
oauth2GoogleDrive_DisconnectButtonClicked,1550,ShareX-18.0.1/ShareX.UploadersLib/Forms/UploadersConfigForm.cs,False,Direct Analysis
cbGoogleDriveIsPublic_CheckedChanged,1556,ShareX-18.0.1/ShareX.UploadersLib/Forms/UploadersConfigForm.cs,False,Direct Analysis
cbGoogleDriveDirectLink_CheckedChanged,1561,ShareX-18.0.1/ShareX.UploadersLib/Forms/UploadersConfigForm.cs,False,Direct Analysis
cbGoogleDriveUseFolder_CheckedChanged,1566,ShareX-18.0.1/ShareX.UploadersLib/Forms/UploadersConfigForm.cs,False,Direct Analysis
txtGoogleDriveFolderID_TextChanged,1573,ShareX-18.0.1/ShareX.UploadersLib/Forms/UploadersConfigForm.cs,False,Direct Analysis
btnGoogleDriveFolderIDHelp_Click,1578,ShareX-18.0.1/ShareX.UploadersLib/Forms/UploadersConfigForm.cs,False,Direct Analysis
btnGoogleDriveRefreshFolders_Click,1586,ShareX-18.0.1/ShareX.UploadersLib/Forms/UploadersConfigForm.cs,False,Direct Analysis
lvGoogleDriveFoldersList_SelectedIndexChanged,1592,ShareX-18.0.1/ShareX.UploadersLib/Forms/UploadersConfigForm.cs,False,Direct Analysis
cbGoogleDriveSharedDrive_SelectedIndexChanged,1604,ShareX-18.0.1/ShareX.UploadersLib/Forms/UploadersConfigForm.cs,False,Direct Analysis
PuushValidationCheck,1614,ShareX-18.0.1/ShareX.UploadersLib/Forms/UploadersConfigForm.cs,False,Direct Analysis
llPuushForgottenPassword_LinkClicked,1641,ShareX-18.0.1/ShareX.UploadersLib/Forms/UploadersConfigForm.cs,False,Direct Analysis
btnPuushLogin_Click,1646,ShareX-18.0.1/ShareX.UploadersLib/Forms/UploadersConfigForm.cs,False,Direct Analysis
txtPuushAPIKey_TextChanged,1665,ShareX-18.0.1/ShareX.UploadersLib/Forms/UploadersConfigForm.cs,False,Direct Analysis
oauth2Box_OpenButtonClicked,1674,ShareX-18.0.1/ShareX.UploadersLib/Forms/UploadersConfigForm.cs,False,Direct Analysis
oauth2Box_CompleteButtonClicked,1680,ShareX-18.0.1/ShareX.UploadersLib/Forms/UploadersConfigForm.cs,False,Direct Analysis
oauth2Box_RefreshButtonClicked,1685,ShareX-18.0.1/ShareX.UploadersLib/Forms/UploadersConfigForm.cs,False,Direct Analysis
oauth2Box_ClearButtonClicked,1690,ShareX-18.0.1/ShareX.UploadersLib/Forms/UploadersConfigForm.cs,False,Direct Analysis
cbBoxShare_CheckedChanged,1695,ShareX-18.0.1/ShareX.UploadersLib/Forms/UploadersConfigForm.cs,False,Direct Analysis
cbBoxShareAccessLevel_SelectedIndexChanged,1702,ShareX-18.0.1/ShareX.UploadersLib/Forms/UploadersConfigForm.cs,False,Direct Analysis
btnBoxRefreshFolders_Click,1707,ShareX-18.0.1/ShareX.UploadersLib/Forms/UploadersConfigForm.cs,False,Direct Analysis
lvBoxFolders_SelectedIndexChanged,1712,ShareX-18.0.1/ShareX.UploadersLib/Forms/UploadersConfigForm.cs,False,Direct Analysis
lvBoxFolders_MouseDoubleClick,1725,ShareX-18.0.1/ShareX.UploadersLib/Forms/UploadersConfigForm.cs,False,Direct Analysis
txtSmtpServer_TextChanged,1742,ShareX-18.0.1/ShareX.UploadersLib/Forms/UploadersConfigForm.cs,False,Direct Analysis
nudSmtpPort_ValueChanged,1747,ShareX-18.0.1/ShareX.UploadersLib/Forms/UploadersConfigForm.cs,False,Direct Analysis
txtEmail_TextChanged,1752,ShareX-18.0.1/ShareX.UploadersLib/Forms/UploadersConfigForm.cs,False,Direct Analysis
txtPassword_TextChanged,1757,ShareX-18.0.1/ShareX.UploadersLib/Forms/UploadersConfigForm.cs,False,Direct Analysis
cbRememberLastToEmail_CheckedChanged,1762,ShareX-18.0.1/ShareX.UploadersLib/Forms/UploadersConfigForm.cs,False,Direct Analysis
txtDefaultSubject_TextChanged,1767,ShareX-18.0.1/ShareX.UploadersLib/Forms/UploadersConfigForm.cs,False,Direct Analysis
txtDefaultBody_TextChanged,1772,ShareX-18.0.1/ShareX.UploadersLib/Forms/UploadersConfigForm.cs,False,Direct Analysis
cbEmailAutomaticSend_CheckedChanged,1777,ShareX-18.0.1/ShareX.UploadersLib/Forms/UploadersConfigForm.cs,False,Direct Analysis
txtEmailAutomaticSendTo_TextChanged,1783,ShareX-18.0.1/ShareX.UploadersLib/Forms/UploadersConfigForm.cs,False,Direct Analysis
atcSendSpaceAccountType_AccountTypeChanged,1792,ShareX-18.0.1/ShareX.UploadersLib/Forms/UploadersConfigForm.cs,False,Direct Analysis
btnSendSpaceRegister_Click,1797,ShareX-18.0.1/ShareX.UploadersLib/Forms/UploadersConfigForm.cs,False,Direct Analysis
txtSendSpaceUserName_TextChanged,1810,ShareX-18.0.1/ShareX.UploadersLib/Forms/UploadersConfigForm.cs,False,Direct Analysis
txtSendSpacePassword_TextChanged,1815,ShareX-18.0.1/ShareX.UploadersLib/Forms/UploadersConfigForm.cs,False,Direct Analysis
txtLocalhostrEmail_TextChanged,1824,ShareX-18.0.1/ShareX.UploadersLib/Forms/UploadersConfigForm.cs,False,Direct Analysis
txtLocalhostrPassword_TextChanged,1829,ShareX-18.0.1/ShareX.UploadersLib/Forms/UploadersConfigForm.cs,False,Direct Analysis
cbLocalhostrDirectURL_CheckedChanged,1834,ShareX-18.0.1/ShareX.UploadersLib/Forms/UploadersConfigForm.cs,False,Direct Analysis
MegaConfigureTab,1843,ShareX-18.0.1/ShareX.UploadersLib/Forms/UploadersConfigForm.cs,False,Direct Analysis
btnMegaLogin_Click,1893,ShareX-18.0.1/ShareX.UploadersLib/Forms/UploadersConfigForm.cs,False,Direct Analysis
cbMegaFolder_SelectedIndexChanged,1913,ShareX-18.0.1/ShareX.UploadersLib/Forms/UploadersConfigForm.cs,False,Direct Analysis
btnMegaRegister_Click,1921,ShareX-18.0.1/ShareX.UploadersLib/Forms/UploadersConfigForm.cs,False,Direct Analysis
btnMegaRefreshFolders_Click,1926,ShareX-18.0.1/ShareX.UploadersLib/Forms/UploadersConfigForm.cs,False,Direct Analysis
txtAmazonS3AccessKey_TextChanged,1935,ShareX-18.0.1/ShareX.UploadersLib/Forms/UploadersConfigForm.cs,False,Direct Analysis
btnAmazonS3AccessKeyOpen_Click,1940,ShareX-18.0.1/ShareX.UploadersLib/Forms/UploadersConfigForm.cs,False,Direct Analysis
txtAmazonS3SecretKey_TextChanged,1945,ShareX-18.0.1/ShareX.UploadersLib/Forms/UploadersConfigForm.cs,False,Direct Analysis
cbAmazonS3Endpoints_SelectedIndexChanged,1950,ShareX-18.0.1/ShareX.UploadersLib/Forms/UploadersConfigForm.cs,False,Direct Analysis
txtAmazonS3Endpoint_TextChanged,1959,ShareX-18.0.1/ShareX.UploadersLib/Forms/UploadersConfigForm.cs,False,Direct Analysis
txtAmazonS3Region_TextChanged,1965,ShareX-18.0.1/ShareX.UploadersLib/Forms/UploadersConfigForm.cs,False,Direct Analysis
cbAmazonS3UsePathStyle_CheckedChanged,1971,ShareX-18.0.1/ShareX.UploadersLib/Forms/UploadersConfigForm.cs,False,Direct Analysis
txtAmazonS3BucketName_TextChanged,1976,ShareX-18.0.1/ShareX.UploadersLib/Forms/UploadersConfigForm.cs,False,Direct Analysis
btnAmazonS3BucketNameOpen_Click,1982,ShareX-18.0.1/ShareX.UploadersLib/Forms/UploadersConfigForm.cs,False,Direct Analysis
txtAmazonS3ObjectPrefix_TextChanged,1987,ShareX-18.0.1/ShareX.UploadersLib/Forms/UploadersConfigForm.cs,False,Direct Analysis
cbAmazonS3CustomCNAME_CheckedChanged,1993,ShareX-18.0.1/ShareX.UploadersLib/Forms/UploadersConfigForm.cs,False,Direct Analysis
txtAmazonS3CustomDomain_TextChanged,2000,ShareX-18.0.1/ShareX.UploadersLib/Forms/UploadersConfigForm.cs,False,Direct Analysis
cbAmazonS3StorageClass_SelectedIndexChanged,2006,ShareX-18.0.1/ShareX.UploadersLib/Forms/UploadersConfigForm.cs,False,Direct Analysis
btnAmazonS3StorageClassHelp_Click,2011,ShareX-18.0.1/ShareX.UploadersLib/Forms/UploadersConfigForm.cs,False,Direct Analysis
cbAmazonS3PublicACL_CheckedChanged,2016,ShareX-18.0.1/ShareX.UploadersLib/Forms/UploadersConfigForm.cs,False,Direct Analysis
cbAmazonS3SignedPayload_CheckedChanged,2021,ShareX-18.0.1/ShareX.UploadersLib/Forms/UploadersConfigForm.cs,False,Direct Analysis
cbAmazonS3StripExtensionImage_CheckedChanged,2026,ShareX-18.0.1/ShareX.UploadersLib/Forms/UploadersConfigForm.cs,False,Direct Analysis
cbAmazonS3StripExtensionVideo_CheckedChanged,2032,ShareX-18.0.1/ShareX.UploadersLib/Forms/UploadersConfigForm.cs,False,Direct Analysis
cbAmazonS3StripExtensionText_CheckedChanged,2038,ShareX-18.0.1/ShareX.UploadersLib/Forms/UploadersConfigForm.cs,False,Direct Analysis
txtOwnCloudHost_TextChanged,2048,ShareX-18.0.1/ShareX.UploadersLib/Forms/UploadersConfigForm.cs,False,Direct Analysis
txtOwnCloudUsername_TextChanged,2053,ShareX-18.0.1/ShareX.UploadersLib/Forms/UploadersConfigForm.cs,False,Direct Analysis
txtOwnCloudPassword_TextChanged,2058,ShareX-18.0.1/ShareX.UploadersLib/Forms/UploadersConfigForm.cs,False,Direct Analysis
txtOwnCloudPath_TextChanged,2063,ShareX-18.0.1/ShareX.UploadersLib/Forms/UploadersConfigForm.cs,False,Direct Analysis
nudOwnExpiryTime_TextChanged,2068,ShareX-18.0.1/ShareX.UploadersLib/Forms/UploadersConfigForm.cs,False,Direct Analysis
cbOwnCloudCreateShare_CheckedChanged,2073,ShareX-18.0.1/ShareX.UploadersLib/Forms/UploadersConfigForm.cs,False,Direct Analysis
cbOwnCloudDirectLink_CheckedChanged,2078,ShareX-18.0.1/ShareX.UploadersLib/Forms/UploadersConfigForm.cs,False,Direct Analysis
cbOwnCloudAppendFileNameToURL_CheckedChanged,2083,ShareX-18.0.1/ShareX.UploadersLib/Forms/UploadersConfigForm.cs,False,Direct Analysis
cbOwnCloud81Compatibility_CheckedChanged,2088,ShareX-18.0.1/ShareX.UploadersLib/Forms/UploadersConfigForm.cs,False,Direct Analysis
cbOwnCloudUsePreviewLinks_CheckedChanged,2093,ShareX-18.0.1/ShareX.UploadersLib/Forms/UploadersConfigForm.cs,False,Direct Analysis
cbOwnCloudAutoExpire_CheckedChanged,2098,ShareX-18.0.1/ShareX.UploadersLib/Forms/UploadersConfigForm.cs,False,Direct Analysis
txtPushbulletUserKey_TextChanged,2107,ShareX-18.0.1/ShareX.UploadersLib/Forms/UploadersConfigForm.cs,False,Direct Analysis
cbPushbulletDevices_SelectedIndexChanged,2117,ShareX-18.0.1/ShareX.UploadersLib/Forms/UploadersConfigForm.cs,False,Direct Analysis
btnPushbulletGetDeviceList_Click,2122,ShareX-18.0.1/ShareX.UploadersLib/Forms/UploadersConfigForm.cs,False,Direct Analysis
cbSharedFolderImages_SelectedIndexChanged,2131,ShareX-18.0.1/ShareX.UploadersLib/Forms/UploadersConfigForm.cs,False,Direct Analysis
cbSharedFolderText_SelectedIndexChanged,2136,ShareX-18.0.1/ShareX.UploadersLib/Forms/UploadersConfigForm.cs,False,Direct Analysis
cbSharedFolderFiles_SelectedIndexChanged,2141,ShareX-18.0.1/ShareX.UploadersLib/Forms/UploadersConfigForm.cs,False,Direct Analysis
btnSharedFolderAdd_Click,2146,ShareX-18.0.1/ShareX.UploadersLib/Forms/UploadersConfigForm.cs,False,Direct Analysis
btnSharedFolderRemove_Click,2152,ShareX-18.0.1/ShareX.UploadersLib/Forms/UploadersConfigForm.cs,False,Direct Analysis
btnSharedFolderDuplicate_Click,2158,ShareX-18.0.1/ShareX.UploadersLib/Forms/UploadersConfigForm.cs,False,Direct Analysis
lbSharedFolderAccounts_SelectedIndexChanged,2165,ShareX-18.0.1/ShareX.UploadersLib/Forms/UploadersConfigForm.cs,False,Direct Analysis
pgSharedFolderAccount_PropertyValueChanged,2175,ShareX-18.0.1/ShareX.UploadersLib/Forms/UploadersConfigForm.cs,False,Direct Analysis
txtMediaFireUsername_TextChanged,2189,ShareX-18.0.1/ShareX.UploadersLib/Forms/UploadersConfigForm.cs,False,Direct Analysis
txtMediaFirePassword_TextChanged,2194,ShareX-18.0.1/ShareX.UploadersLib/Forms/UploadersConfigForm.cs,False,Direct Analysis
txtMediaFirePath_TextChanged,2199,ShareX-18.0.1/ShareX.UploadersLib/Forms/UploadersConfigForm.cs,False,Direct Analysis
cbMediaFireUseLongLink_CheckedChanged,2204,ShareX-18.0.1/ShareX.UploadersLib/Forms/UploadersConfigForm.cs,False,Direct Analysis
lambdaInfoLabel_Click,2213,ShareX-18.0.1/ShareX.UploadersLib/Forms/UploadersConfigForm.cs,False,Direct Analysis
txtLambdaApiKey_TextChanged,2218,ShareX-18.0.1/ShareX.UploadersLib/Forms/UploadersConfigForm.cs,False,Direct Analysis
cbLambdaUploadURL_SelectedIndexChanged,2223,ShareX-18.0.1/ShareX.UploadersLib/Forms/UploadersConfigForm.cs,False,Direct Analysis
txtPomfUploadURL_TextChanged,2235,ShareX-18.0.1/ShareX.UploadersLib/Forms/UploadersConfigForm.cs,False,Direct Analysis
txtPomfResultURL_TextChanged,2240,ShareX-18.0.1/ShareX.UploadersLib/Forms/UploadersConfigForm.cs,False,Direct Analysis
cbSeafileAPIURL_TextChanged,2249,ShareX-18.0.1/ShareX.UploadersLib/Forms/UploadersConfigForm.cs,False,Direct Analysis
btnSeafileCheckAPIURL_Click,2254,ShareX-18.0.1/ShareX.UploadersLib/Forms/UploadersConfigForm.cs,False,Direct Analysis
txtSeafileAuthToken_TextChanged,2274,ShareX-18.0.1/ShareX.UploadersLib/Forms/UploadersConfigForm.cs,False,Direct Analysis
btnSeafileCheckAuthToken_Click,2279,ShareX-18.0.1/ShareX.UploadersLib/Forms/UploadersConfigForm.cs,False,Direct Analysis
txtSeafilePassword_KeyUp,2299,ShareX-18.0.1/ShareX.UploadersLib/Forms/UploadersConfigForm.cs,False,Direct Analysis
btnSeafileGetAuthToken_Click,2307,ShareX-18.0.1/ShareX.UploadersLib/Forms/UploadersConfigForm.cs,False,Direct Analysis
cbSeafileCreateShareableURL_CheckedChanged,2343,ShareX-18.0.1/ShareX.UploadersLib/Forms/UploadersConfigForm.cs,False,Direct Analysis
cbSeafileCreateShareableURLRaw_CheckedChanged,2349,ShareX-18.0.1/ShareX.UploadersLib/Forms/UploadersConfigForm.cs,False,Direct Analysis
btnRefreshSeafileAccInfo_Click,2354,ShareX-18.0.1/ShareX.UploadersLib/Forms/UploadersConfigForm.cs,False,Direct Analysis
txtSeafileUploadLocationRefresh_Click,2373,ShareX-18.0.1/ShareX.UploadersLib/Forms/UploadersConfigForm.cs,False,Direct Analysis
lvSeafileLibraries_SelectedIndexChanged,2404,ShareX-18.0.1/ShareX.UploadersLib/Forms/UploadersConfigForm.cs,False,Direct Analysis
txtSeafileDirectoryPath_TextChanged,2429,ShareX-18.0.1/ShareX.UploadersLib/Forms/UploadersConfigForm.cs,False,Direct Analysis
btnSeafilePathValidate_Click,2434,ShareX-18.0.1/ShareX.UploadersLib/Forms/UploadersConfigForm.cs,False,Direct Analysis
txtSeafileLibraryPassword_TextChanged,2454,ShareX-18.0.1/ShareX.UploadersLib/Forms/UploadersConfigForm.cs,False,Direct Analysis
btnSeafileLibraryPasswordValidate_Click,2462,ShareX-18.0.1/ShareX.UploadersLib/Forms/UploadersConfigForm.cs,False,Direct Analysis
nudSeafileExpireDays_ValueChanged,2482,ShareX-18.0.1/ShareX.UploadersLib/Forms/UploadersConfigForm.cs,False,Direct Analysis
txtSeafileSharePassword_TextChanged,2487,ShareX-18.0.1/ShareX.UploadersLib/Forms/UploadersConfigForm.cs,False,Direct Analysis
txtStreamableUsername_TextChanged,2496,ShareX-18.0.1/ShareX.UploadersLib/Forms/UploadersConfigForm.cs,False,Direct Analysis
txtStreamablePassword_TextChanged,2501,ShareX-18.0.1/ShareX.UploadersLib/Forms/UploadersConfigForm.cs,False,Direct Analysis
cbStreamableUseDirectURL_CheckedChanged,2506,ShareX-18.0.1/ShareX.UploadersLib/Forms/UploadersConfigForm.cs,False,Direct Analysis
txtSulAPIKey_TextChanged,2515,ShareX-18.0.1/ShareX.UploadersLib/Forms/UploadersConfigForm.cs,False,Direct Analysis
btnSulGetAPIKey_Click,2520,ShareX-18.0.1/ShareX.UploadersLib/Forms/UploadersConfigForm.cs,False,Direct Analysis
txtLithiioApiKey_TextChanged,2529,ShareX-18.0.1/ShareX.UploadersLib/Forms/UploadersConfigForm.cs,False,Direct Analysis
btnLithiioLogin_Click,2534,ShareX-18.0.1/ShareX.UploadersLib/Forms/UploadersConfigForm.cs,False,Direct Analysis
btnLithiioGetAPIKey_Click,2554,ShareX-18.0.1/ShareX.UploadersLib/Forms/UploadersConfigForm.cs,False,Direct Analysis
txtAzureStorageAccountName_TextChanged,2563,ShareX-18.0.1/ShareX.UploadersLib/Forms/UploadersConfigForm.cs,False,Direct Analysis
btnAzureStoragePortal_Click,2569,ShareX-18.0.1/ShareX.UploadersLib/Forms/UploadersConfigForm.cs,False,Direct Analysis
txtAzureStorageAccessKey_TextChanged,2574,ShareX-18.0.1/ShareX.UploadersLib/Forms/UploadersConfigForm.cs,False,Direct Analysis
txtAzureStorageContainer_TextChanged,2579,ShareX-18.0.1/ShareX.UploadersLib/Forms/UploadersConfigForm.cs,False,Direct Analysis
cbAzureStorageEnvironment_SelectedIndexChanged,2585,ShareX-18.0.1/ShareX.UploadersLib/Forms/UploadersConfigForm.cs,False,Direct Analysis
txtAzureStorageUploadPath_TextChanged,2591,ShareX-18.0.1/ShareX.UploadersLib/Forms/UploadersConfigForm.cs,False,Direct Analysis
txtAzureStorageCustomDomain_TextChanged,2597,ShareX-18.0.1/ShareX.UploadersLib/Forms/UploadersConfigForm.cs,False,Direct Analysis
txtAzureStorageCacheControl_TextChanged,2603,ShareX-18.0.1/ShareX.UploadersLib/Forms/UploadersConfigForm.cs,False,Direct Analysis
txtB2ApplicationKeyId_TextChanged,2613,ShareX-18.0.1/ShareX.UploadersLib/Forms/UploadersConfigForm.cs,False,Direct Analysis
txtB2ApplicationKey_TextChanged,2618,ShareX-18.0.1/ShareX.UploadersLib/Forms/UploadersConfigForm.cs,False,Direct Analysis
cbB2CustomUrl_CheckedChanged,2623,ShareX-18.0.1/ShareX.UploadersLib/Forms/UploadersConfigForm.cs,False,Direct Analysis
txtB2CustomUrl_TextChanged,2631,ShareX-18.0.1/ShareX.UploadersLib/Forms/UploadersConfigForm.cs,False,Direct Analysis
lblB2ManageLink_LinkClicked,2637,ShareX-18.0.1/ShareX.UploadersLib/Forms/UploadersConfigForm.cs,False,Direct Analysis
txtB2UploadPath_TextChanged,2642,ShareX-18.0.1/ShareX.UploadersLib/Forms/UploadersConfigForm.cs,False,Direct Analysis
txtB2Bucket_TextChanged,2648,ShareX-18.0.1/ShareX.UploadersLib/Forms/UploadersConfigForm.cs,False,Direct Analysis
txtPlikURL_TextChanged,2658,ShareX-18.0.1/ShareX.UploadersLib/Forms/UploadersConfigForm.cs,False,Direct Analysis
txtPlikAPIKey_TextChanged,2663,ShareX-18.0.1/ShareX.UploadersLib/Forms/UploadersConfigForm.cs,False,Direct Analysis
txtPlikLogin_TextChanged,2668,ShareX-18.0.1/ShareX.UploadersLib/Forms/UploadersConfigForm.cs,False,Direct Analysis
txtPlikPassword_TextChanged,2673,ShareX-18.0.1/ShareX.UploadersLib/Forms/UploadersConfigForm.cs,False,Direct Analysis
cbPlikIsSecured_CheckedChanged,2678,ShareX-18.0.1/ShareX.UploadersLib/Forms/UploadersConfigForm.cs,False,Direct Analysis
cbPlikRemovable_CheckedChanged,2685,ShareX-18.0.1/ShareX.UploadersLib/Forms/UploadersConfigForm.cs,False,Direct Analysis
cbPlikComment_CheckedChanged,2690,ShareX-18.0.1/ShareX.UploadersLib/Forms/UploadersConfigForm.cs,False,Direct Analysis
txtPlikComment_TextChanged,2696,ShareX-18.0.1/ShareX.UploadersLib/Forms/UploadersConfigForm.cs,False,Direct Analysis
cbPlikOneShot_CheckedChanged,2701,ShareX-18.0.1/ShareX.UploadersLib/Forms/UploadersConfigForm.cs,False,Direct Analysis
cbPlikTTLUnit_SelectedIndexChanged,2706,ShareX-18.0.1/ShareX.UploadersLib/Forms/UploadersConfigForm.cs,False,Direct Analysis
nudPlikTTL_ValueChanged,2712,ShareX-18.0.1/ShareX.UploadersLib/Forms/UploadersConfigForm.cs,False,Direct Analysis
oauth2YouTube_ConnectButtonClicked,2721,ShareX-18.0.1/ShareX.UploadersLib/Forms/UploadersConfigForm.cs,False,Direct Analysis
oauth2YouTube_DisconnectButtonClicked,2738,ShareX-18.0.1/ShareX.UploadersLib/Forms/UploadersConfigForm.cs,False,Direct Analysis
llYouTubePermissionsLink_LinkClicked,2744,ShareX-18.0.1/ShareX.UploadersLib/Forms/UploadersConfigForm.cs,False,Direct Analysis
cbYouTubePrivacyType_SelectedIndexChanged,2749,ShareX-18.0.1/ShareX.UploadersLib/Forms/UploadersConfigForm.cs,False,Direct Analysis
cbYouTubeUseShortenedLink_CheckedChanged,2754,ShareX-18.0.1/ShareX.UploadersLib/Forms/UploadersConfigForm.cs,False,Direct Analysis
cbYouTubeShowDialog_CheckedChanged,2759,ShareX-18.0.1/ShareX.UploadersLib/Forms/UploadersConfigForm.cs,False,Direct Analysis
oauth2GoogleCloudStorage_ConnectButtonClicked,2768,ShareX-18.0.1/ShareX.UploadersLib/Forms/UploadersConfigForm.cs,False,Direct Analysis
oauth2GoogleCloudStorage_DisconnectButtonClicked,2785,ShareX-18.0.1/ShareX.UploadersLib/Forms/UploadersConfigForm.cs,False,Direct Analysis
txtGoogleCloudStorageBucket_TextChanged,2791,ShareX-18.0.1/ShareX.UploadersLib/Forms/UploadersConfigForm.cs,False,Direct Analysis
txtGoogleCloudStorageDomain_TextChanged,2797,ShareX-18.0.1/ShareX.UploadersLib/Forms/UploadersConfigForm.cs,False,Direct Analysis
txtGoogleCloudStorageObjectPrefix_TextChanged,2803,ShareX-18.0.1/ShareX.UploadersLib/Forms/UploadersConfigForm.cs,False,Direct Analysis
cbGoogleCloudStorageStripExtensionImage_CheckedChanged,2809,ShareX-18.0.1/ShareX.UploadersLib/Forms/UploadersConfigForm.cs,False,Direct Analysis
cbGoogleCloudStorageStripExtensionVideo_CheckedChanged,2815,ShareX-18.0.1/ShareX.UploadersLib/Forms/UploadersConfigForm.cs,False,Direct Analysis
cbGoogleCloudStorageStripExtensionText_CheckedChanged,2821,ShareX-18.0.1/ShareX.UploadersLib/Forms/UploadersConfigForm.cs,False,Direct Analysis
cbGoogleCloudStorageSetPublicACL_CheckedChanged,2827,ShareX-18.0.1/ShareX.UploadersLib/Forms/UploadersConfigForm.cs,False,Direct Analysis
oauth2Bitly_OpenButtonClicked,2841,ShareX-18.0.1/ShareX.UploadersLib/Forms/UploadersConfigForm.cs,False,Direct Analysis
oauth2Bitly_CompleteButtonClicked,2847,ShareX-18.0.1/ShareX.UploadersLib/Forms/UploadersConfigForm.cs,False,Direct Analysis
oauth2Bitly_ClearButtonClicked,2852,ShareX-18.0.1/ShareX.UploadersLib/Forms/UploadersConfigForm.cs,False,Direct Analysis
txtBitlyDomain_TextChanged,2857,ShareX-18.0.1/ShareX.UploadersLib/Forms/UploadersConfigForm.cs,False,Direct Analysis
txtYourlsAPIURL_TextChanged,2866,ShareX-18.0.1/ShareX.UploadersLib/Forms/UploadersConfigForm.cs,False,Direct Analysis
txtYourlsSignature_TextChanged,2871,ShareX-18.0.1/ShareX.UploadersLib/Forms/UploadersConfigForm.cs,False,Direct Analysis
txtYourlsUsername_TextChanged,2877,ShareX-18.0.1/ShareX.UploadersLib/Forms/UploadersConfigForm.cs,False,Direct Analysis
txtYourlsPassword_TextChanged,2882,ShareX-18.0.1/ShareX.UploadersLib/Forms/UploadersConfigForm.cs,False,Direct Analysis
txtPolrAPIHostname_TextChanged,2891,ShareX-18.0.1/ShareX.UploadersLib/Forms/UploadersConfigForm.cs,False,Direct Analysis
txtPolrAPIKey_TextChanged,2896,ShareX-18.0.1/ShareX.UploadersLib/Forms/UploadersConfigForm.cs,False,Direct Analysis
cbPolrIsSecret_CheckedChanged,2901,ShareX-18.0.1/ShareX.UploadersLib/Forms/UploadersConfigForm.cs,False,Direct Analysis
cbPolrUseAPIv1_CheckedChanged,2906,ShareX-18.0.1/ShareX.UploadersLib/Forms/UploadersConfigForm.cs,False,Direct Analysis
txtFirebaseWebAPIKey_TextChanged,2915,ShareX-18.0.1/ShareX.UploadersLib/Forms/UploadersConfigForm.cs,False,Direct Analysis
txtFirebaseDomain_TextChanged,2920,ShareX-18.0.1/ShareX.UploadersLib/Forms/UploadersConfigForm.cs,False,Direct Analysis
cbFirebaseIsShort_CheckedChanged,2925,ShareX-18.0.1/ShareX.UploadersLib/Forms/UploadersConfigForm.cs,False,Direct Analysis
txtKuttHost_TextChanged,2934,ShareX-18.0.1/ShareX.UploadersLib/Forms/UploadersConfigForm.cs,False,Direct Analysis
txtKuttAPIKey_TextChanged,2939,ShareX-18.0.1/ShareX.UploadersLib/Forms/UploadersConfigForm.cs,False,Direct Analysis
txtKuttPassword_TextChanged,2944,ShareX-18.0.1/ShareX.UploadersLib/Forms/UploadersConfigForm.cs,False,Direct Analysis
txtKuttDomain_TextChanged,2949,ShareX-18.0.1/ShareX.UploadersLib/Forms/UploadersConfigForm.cs,False,Direct Analysis
cbKuttReuse_CheckedChanged,2954,ShareX-18.0.1/ShareX.UploadersLib/Forms/UploadersConfigForm.cs,False,Direct Analysis
txtZWSURL_TextChanged,2963,ShareX-18.0.1/ShareX.UploadersLib/Forms/UploadersConfigForm.cs,False,Direct Analysis
txtZWSToken_TextChanged,2968,ShareX-18.0.1/ShareX.UploadersLib/Forms/UploadersConfigForm.cs,False,Direct Analysis
ImgurRefreshAlbumList,43,ShareX-18.0.1/ShareX.UploadersLib/Forms/UploadersConfigFormHelper.cs,False,Direct Analysis
ImgurFillAlbumList,62,ShareX-18.0.1/ShareX.UploadersLib/Forms/UploadersConfigFormHelper.cs,False,Direct Analysis
FlickrAuthOpen,83,ShareX-18.0.1/ShareX.UploadersLib/Forms/UploadersConfigFormHelper.cs,False,Direct Analysis
FlickrAuthComplete,108,ShareX-18.0.1/ShareX.UploadersLib/Forms/UploadersConfigFormHelper.cs,False,Direct Analysis
PhotobucketAuthOpen,138,ShareX-18.0.1/ShareX.UploadersLib/Forms/UploadersConfigFormHelper.cs,False,Direct Analysis
PhotobucketAuthComplete,158,ShareX-18.0.1/ShareX.UploadersLib/Forms/UploadersConfigFormHelper.cs,False,Direct Analysis
PhotobucketCreateAlbum,193,ShareX-18.0.1/ShareX.UploadersLib/Forms/UploadersConfigFormHelper.cs,False,Direct Analysis
UpdateAmazonS3Status,210,ShareX-18.0.1/ShareX.UploadersLib/Forms/UploadersConfigFormHelper.cs,False,Direct Analysis
UpdateGoogleCloudStorageStatus,221,ShareX-18.0.1/ShareX.UploadersLib/Forms/UploadersConfigFormHelper.cs,False,Direct Analysis
UpdateAzureStorageStatus,241,ShareX-18.0.1/ShareX.UploadersLib/Forms/UploadersConfigFormHelper.cs,False,Direct Analysis
B2UpdateCustomDomainPreview,253,ShareX-18.0.1/ShareX.UploadersLib/Forms/UploadersConfigFormHelper.cs,False,Direct Analysis
GoogleDriveRefreshFolders,276,ShareX-18.0.1/ShareX.UploadersLib/Forms/UploadersConfigFormHelper.cs,False,Direct Analysis
GoogleDriveRefreshDrives,304,ShareX-18.0.1/ShareX.UploadersLib/Forms/UploadersConfigFormHelper.cs,False,Direct Analysis
GoogleDriveSelectConfigDrive,331,ShareX-18.0.1/ShareX.UploadersLib/Forms/UploadersConfigFormHelper.cs,False,Direct Analysis
BoxListFolders,344,ShareX-18.0.1/ShareX.UploadersLib/Forms/UploadersConfigFormHelper.cs,False,Direct Analysis
BoxListFolders,351,ShareX-18.0.1/ShareX.UploadersLib/Forms/UploadersConfigFormHelper.cs,False,Direct Analysis
BoxAddFolder,372,ShareX-18.0.1/ShareX.UploadersLib/Forms/UploadersConfigFormHelper.cs,False,Direct Analysis
OneDriveListFolders,383,ShareX-18.0.1/ShareX.UploadersLib/Forms/UploadersConfigFormHelper.cs,False,Direct Analysis
OneDriveAddFolder,395,ShareX-18.0.1/ShareX.UploadersLib/Forms/UploadersConfigFormHelper.cs,False,Direct Analysis
FTPCheckAccount,415,ShareX-18.0.1/ShareX.UploadersLib/Forms/UploadersConfigFormHelper.cs,False,Direct Analysis
FTPGetSelectedAccount,420,ShareX-18.0.1/ShareX.UploadersLib/Forms/UploadersConfigFormHelper.cs,False,Direct Analysis
FTPAddAccount,432,ShareX-18.0.1/ShareX.UploadersLib/Forms/UploadersConfigFormHelper.cs,False,Direct Analysis
FTPUpdateControls,442,ShareX-18.0.1/ShareX.UploadersLib/Forms/UploadersConfigFormHelper.cs,False,Direct Analysis
FTPUpdateEnabledStates,470,ShareX-18.0.1/ShareX.UploadersLib/Forms/UploadersConfigFormHelper.cs,False,Direct Analysis
FTPRefreshNames,489,ShareX-18.0.1/ShareX.UploadersLib/Forms/UploadersConfigFormHelper.cs,False,Direct Analysis
FTPLoadAccount,507,ShareX-18.0.1/ShareX.UploadersLib/Forms/UploadersConfigFormHelper.cs,False,Direct Analysis
FTPUpdateURLPreview,565,ShareX-18.0.1/ShareX.UploadersLib/Forms/UploadersConfigFormHelper.cs,False,Direct Analysis
FTPTestAccountAsync,575,ShareX-18.0.1/ShareX.UploadersLib/Forms/UploadersConfigFormHelper.cs,False,Direct Analysis
PastebinLogin,683,ShareX-18.0.1/ShareX.UploadersLib/Forms/UploadersConfigFormHelper.cs,False,Direct Analysis
UpdatePastebinStatus,709,ShareX-18.0.1/ShareX.UploadersLib/Forms/UploadersConfigFormHelper.cs,False,Direct Analysis
PushbulletGetDevices,725,ShareX-18.0.1/ShareX.UploadersLib/Forms/UploadersConfigFormHelper.cs,False,Direct Analysis
SharedFolderUpdateControls,755,ShareX-18.0.1/ShareX.UploadersLib/Forms/UploadersConfigFormHelper.cs,False,Direct Analysis
SharedFolderUpdateEnabledStates,783,ShareX-18.0.1/ShareX.UploadersLib/Forms/UploadersConfigFormHelper.cs,False,Direct Analysis
SharedFolderAddItem,789,ShareX-18.0.1/ShareX.UploadersLib/Forms/UploadersConfigFormHelper.cs,False,Direct Analysis
SharedFolderRemoveItem,797,ShareX-18.0.1/ShareX.UploadersLib/Forms/UploadersConfigFormHelper.cs,False,Direct Analysis
Dispose,14,ShareX-18.0.1/ShareX.UploadersLib/Forms/TextUploadForm.Designer.cs,False,Direct Analysis
InitializeComponent,29,ShareX-18.0.1/ShareX.UploadersLib/Forms/TextUploadForm.Designer.cs,False,Direct Analysis
TextUploadForm_Shown,53,ShareX-18.0.1/ShareX.UploadersLib/Forms/TextUploadForm.cs,False,Direct Analysis
btnUpload_Click,58,ShareX-18.0.1/ShareX.UploadersLib/Forms/TextUploadForm.cs,False,Direct Analysis
btnCancel_Click,66,ShareX-18.0.1/ShareX.UploadersLib/Forms/TextUploadForm.cs,False,Direct Analysis
Dispose,14,ShareX-18.0.1/ShareX.UploadersLib/Forms/PuushLoginForm.Designer.cs,False,Direct Analysis
InitializeComponent,29,ShareX-18.0.1/ShareX.UploadersLib/Forms/PuushLoginForm.Designer.cs,False,Direct Analysis
ValidationCheck,45,ShareX-18.0.1/ShareX.UploadersLib/Forms/PuushLoginForm.cs,False,Direct Analysis
llForgottenPassword_LinkClicked,72,ShareX-18.0.1/ShareX.UploadersLib/Forms/PuushLoginForm.cs,False,Direct Analysis
btnLogin_Click,77,ShareX-18.0.1/ShareX.UploadersLib/Forms/PuushLoginForm.cs,False,Direct Analysis
Dispose,14,ShareX-18.0.1/ShareX.UploadersLib/Forms/ParserSelectForm.Designer.cs,False,Direct Analysis
InitializeComponent,29,ShareX-18.0.1/ShareX.UploadersLib/Forms/ParserSelectForm.Designer.cs,False,Direct Analysis
ParserSelectForm_Shown,88,ShareX-18.0.1/ShareX.UploadersLib/Forms/ParserSelectForm.cs,False,Direct Analysis
Dispose,14,ShareX-18.0.1/ShareX.UploadersLib/Forms/CustomUploaderSyntaxTestForm.Designer.cs,False,Direct Analysis
InitializeComponent,29,ShareX-18.0.1/ShareX.UploadersLib/Forms/CustomUploaderSyntaxTestForm.Designer.cs,False,Direct Analysis
UpdatePreview,145,ShareX-18.0.1/ShareX.UploadersLib/Forms/CustomUploaderSyntaxTestForm.cs,False,Direct Analysis
txtResponseText_TextChanged,159,ShareX-18.0.1/ShareX.UploadersLib/Forms/CustomUploaderSyntaxTestForm.cs,False,Direct Analysis
rtbURLSyntax_TextChanged,164,ShareX-18.0.1/ShareX.UploadersLib/Forms/CustomUploaderSyntaxTestForm.cs,False,Direct Analysis
Dispose,14,ShareX-18.0.1/ShareX.UploadersLib/Forms/CustomUploaderSettingsForm.Designer.cs,False,Direct Analysis
InitializeComponent,29,ShareX-18.0.1/ShareX.UploadersLib/Forms/CustomUploaderSettingsForm.Designer.cs,False,Direct Analysis
CustomUploaderCheck,120,ShareX-18.0.1/ShareX.UploadersLib/Forms/CustomUploaderSettingsForm.cs,False,Direct Analysis
CustomUploaderGetSelected,125,ShareX-18.0.1/ShareX.UploadersLib/Forms/CustomUploaderSettingsForm.cs,False,Direct Analysis
CustomUploaderAdd,143,ShareX-18.0.1/ShareX.UploadersLib/Forms/CustomUploaderSettingsForm.cs,False,Direct Analysis
CustomUploaderLoad,161,ShareX-18.0.1/ShareX.UploadersLib/Forms/CustomUploaderSettingsForm.cs,False,Direct Analysis
CustomUploaderUpdateStates,216,ShareX-18.0.1/ShareX.UploadersLib/Forms/CustomUploaderSettingsForm.cs,False,Direct Analysis
CustomUploaderUpdateBodyState,229,ShareX-18.0.1/ShareX.UploadersLib/Forms/CustomUploaderSettingsForm.cs,False,Direct Analysis
CustomUploaderRefreshNames,243,ShareX-18.0.1/ShareX.UploadersLib/Forms/CustomUploaderSettingsForm.cs,False,Direct Analysis
CustomUploaderClearUploaders,262,ShareX-18.0.1/ShareX.UploadersLib/Forms/CustomUploaderSettingsForm.cs,False,Direct Analysis
CustomUploaderExportAll,293,ShareX-18.0.1/ShareX.UploadersLib/Forms/CustomUploaderSettingsForm.cs,False,Direct Analysis
CustomUploaderLoadTab,345,ShareX-18.0.1/ShareX.UploadersLib/Forms/CustomUploaderSettingsForm.cs,False,Direct Analysis
CustomUploaderAddDestinationTypes,396,ShareX-18.0.1/ShareX.UploadersLib/Forms/CustomUploaderSettingsForm.cs,False,Direct Analysis
CustomUploaderSetDestinationType,426,ShareX-18.0.1/ShareX.UploadersLib/Forms/CustomUploaderSettingsForm.cs,False,Direct Analysis
CustomUploaderGetDestinationType,437,ShareX-18.0.1/ShareX.UploadersLib/Forms/CustomUploaderSettingsForm.cs,False,Direct Analysis
CustomUploaderDestinationTypeUpdate,513,ShareX-18.0.1/ShareX.UploadersLib/Forms/CustomUploaderSettingsForm.cs,False,Direct Analysis
CustomUploaderFixSelectedUploader,529,ShareX-18.0.1/ShareX.UploadersLib/Forms/CustomUploaderSettingsForm.cs,False,Direct Analysis
CustomUploaderUpdateList,579,ShareX-18.0.1/ShareX.UploadersLib/Forms/CustomUploaderSettingsForm.cs,False,Direct Analysis
TestCustomUploader,606,ShareX-18.0.1/ShareX.UploadersLib/Forms/CustomUploaderSettingsForm.cs,False,Direct Analysis
CustomUploaderFormatJsonData,726,ShareX-18.0.1/ShareX.UploadersLib/Forms/CustomUploaderSettingsForm.cs,False,Direct Analysis
CustomUploaderFormatXMLData,743,ShareX-18.0.1/ShareX.UploadersLib/Forms/CustomUploaderSettingsForm.cs,False,Direct Analysis
CustomUploaderSettingsForm_DragEnter,762,ShareX-18.0.1/ShareX.UploadersLib/Forms/CustomUploaderSettingsForm.cs,False,Direct Analysis
CustomUploaderSettingsForm_DragDrop,781,ShareX-18.0.1/ShareX.UploadersLib/Forms/CustomUploaderSettingsForm.cs,False,Direct Analysis
btnCustomUploaderNew_Click,807,ShareX-18.0.1/ShareX.UploadersLib/Forms/CustomUploaderSettingsForm.cs,False,Direct Analysis
btnCustomUploaderRemove_Click,814,ShareX-18.0.1/ShareX.UploadersLib/Forms/CustomUploaderSettingsForm.cs,False,Direct Analysis
btnCustomUploaderDuplicate_Click,838,ShareX-18.0.1/ShareX.UploadersLib/Forms/CustomUploaderSettingsForm.cs,False,Direct Analysis
lbCustomUploaderList_SelectedIndexChanged,850,ShareX-18.0.1/ShareX.UploadersLib/Forms/CustomUploaderSettingsForm.cs,False,Direct Analysis
eiCustomUploaders_ExportRequested,858,ShareX-18.0.1/ShareX.UploadersLib/Forms/CustomUploaderSettingsForm.cs,False,Direct Analysis
eiCustomUploaders_ImportCompleted,899,ShareX-18.0.1/ShareX.UploadersLib/Forms/CustomUploaderSettingsForm.cs,False,Direct Analysis
tsmiCustomUploaderGuide_Click,906,ShareX-18.0.1/ShareX.UploadersLib/Forms/CustomUploaderSettingsForm.cs,False,Direct Analysis
tsmiClearUploaders_Click,911,ShareX-18.0.1/ShareX.UploadersLib/Forms/CustomUploaderSettingsForm.cs,False,Direct Analysis
tsmiCustomUploaderExportAll_Click,920,ShareX-18.0.1/ShareX.UploadersLib/Forms/CustomUploaderSettingsForm.cs,False,Direct Analysis
tsmiUpdateFolder_Click,925,ShareX-18.0.1/ShareX.UploadersLib/Forms/CustomUploaderSettingsForm.cs,False,Direct Analysis
txtCustomUploaderName_TextChanged,930,ShareX-18.0.1/ShareX.UploadersLib/Forms/CustomUploaderSettingsForm.cs,False,Direct Analysis
cbCustomUploaderRequestType_SelectedIndexChanged,938,ShareX-18.0.1/ShareX.UploadersLib/Forms/CustomUploaderSettingsForm.cs,False,Direct Analysis
rtbCustomUploaderRequestURL_TextChanged,944,ShareX-18.0.1/ShareX.UploadersLib/Forms/CustomUploaderSettingsForm.cs,False,Direct Analysis
cbCustomUploaderRequestFormat_SelectedIndexChanged,957,ShareX-18.0.1/ShareX.UploadersLib/Forms/CustomUploaderSettingsForm.cs,False,Direct Analysis
dgv_EditingControlShowing,965,ShareX-18.0.1/ShareX.UploadersLib/Forms/CustomUploaderSettingsForm.cs,False,Direct Analysis
dgvParameters_CellValueChanged,997,ShareX-18.0.1/ShareX.UploadersLib/Forms/CustomUploaderSettingsForm.cs,False,Direct Analysis
dgvHeaders_CellValueChanged,1005,ShareX-18.0.1/ShareX.UploadersLib/Forms/CustomUploaderSettingsForm.cs,False,Direct Analysis
dgvArguments_CellValueChanged,1013,ShareX-18.0.1/ShareX.UploadersLib/Forms/CustomUploaderSettingsForm.cs,False,Direct Analysis
txtCustomUploaderFileForm_TextChanged,1021,ShareX-18.0.1/ShareX.UploadersLib/Forms/CustomUploaderSettingsForm.cs,False,Direct Analysis
rtbCustomUploaderData_TextChanged,1027,ShareX-18.0.1/ShareX.UploadersLib/Forms/CustomUploaderSettingsForm.cs,False,Direct Analysis
btnCustomUploaderDataBeautify_Click,1033,ShareX-18.0.1/ShareX.UploadersLib/Forms/CustomUploaderSettingsForm.cs,False,Direct Analysis
btnCustomUploaderDataMinify_Click,1049,ShareX-18.0.1/ShareX.UploadersLib/Forms/CustomUploaderSettingsForm.cs,False,Direct Analysis
btnTestURLSyntax_Click,1054,ShareX-18.0.1/ShareX.UploadersLib/Forms/CustomUploaderSettingsForm.cs,False,Direct Analysis
rtbCustomUploaderURL_TextChanged,1062,ShareX-18.0.1/ShareX.UploadersLib/Forms/CustomUploaderSettingsForm.cs,False,Direct Analysis
rtbCustomUploaderThumbnailURL_TextChanged,1069,ShareX-18.0.1/ShareX.UploadersLib/Forms/CustomUploaderSettingsForm.cs,False,Direct Analysis
rtbCustomUploaderDeletionURL_TextChanged,1076,ShareX-18.0.1/ShareX.UploadersLib/Forms/CustomUploaderSettingsForm.cs,False,Direct Analysis
rtbResultErrorMessage_TextChanged,1083,ShareX-18.0.1/ShareX.UploadersLib/Forms/CustomUploaderSettingsForm.cs,False,Direct Analysis
cbCustomUploaderImageUploader_SelectedIndexChanged,1090,ShareX-18.0.1/ShareX.UploadersLib/Forms/CustomUploaderSettingsForm.cs,False,Direct Analysis
btnCustomUploaderImageUploaderTest_Click,1095,ShareX-18.0.1/ShareX.UploadersLib/Forms/CustomUploaderSettingsForm.cs,False,Direct Analysis
cbCustomUploaderTextUploader_SelectedIndexChanged,1100,ShareX-18.0.1/ShareX.UploadersLib/Forms/CustomUploaderSettingsForm.cs,False,Direct Analysis
btnCustomUploaderTextUploaderTest_Click,1105,ShareX-18.0.1/ShareX.UploadersLib/Forms/CustomUploaderSettingsForm.cs,False,Direct Analysis
cbCustomUploaderFileUploader_SelectedIndexChanged,1110,ShareX-18.0.1/ShareX.UploadersLib/Forms/CustomUploaderSettingsForm.cs,False,Direct Analysis
btnCustomUploaderFileUploaderTest_Click,1115,ShareX-18.0.1/ShareX.UploadersLib/Forms/CustomUploaderSettingsForm.cs,False,Direct Analysis
cbCustomUploaderURLShortener_SelectedIndexChanged,1120,ShareX-18.0.1/ShareX.UploadersLib/Forms/CustomUploaderSettingsForm.cs,False,Direct Analysis
btnCustomUploaderURLShortenerTest_Click,1125,ShareX-18.0.1/ShareX.UploadersLib/Forms/CustomUploaderSettingsForm.cs,False,Direct Analysis
cbCustomUploaderURLSharingService_SelectedIndexChanged,1130,ShareX-18.0.1/ShareX.UploadersLib/Forms/CustomUploaderSettingsForm.cs,False,Direct Analysis
btnCustomUploaderURLSharingServiceTest_Click,1135,ShareX-18.0.1/ShareX.UploadersLib/Forms/CustomUploaderSettingsForm.cs,False,Direct Analysis
CreateUploader,43,ShareX-18.0.1/ShareX.UploadersLib/ImageUploaders/VgymeUploader.cs,False,Direct Analysis
Execute,33,ShareX-18.0.1/ShareX/CaptureHelpers/CaptureFullscreen.cs,False,Direct Analysis
RefreshAccessToken,74,ShareX-18.0.1/ShareX.UploadersLib/FileUploaders/YouTube.cs,False,Direct Analysis
CheckAuthorization,79,ShareX-18.0.1/ShareX.UploadersLib/FileUploaders/YouTube.cs,False,Direct Analysis
GetAuthorizationURL,84,ShareX-18.0.1/ShareX.UploadersLib/FileUploaders/YouTube.cs,False,Direct Analysis
GetAccessToken,89,ShareX-18.0.1/ShareX.UploadersLib/FileUploaders/YouTube.cs,False,Direct Analysis
Upload,94,ShareX-18.0.1/ShareX.UploadersLib/FileUploaders/YouTube.cs,False,Direct Analysis
Upload,62,ShareX-18.0.1/ShareX.UploadersLib/FileUploaders/Vault_ooo.cs,False,Direct Analysis
CheckConfig,42,ShareX-18.0.1/ShareX.UploadersLib/FileUploaders/Vault_ooo.cs,False,Direct Analysis
CreateUploader,47,ShareX-18.0.1/ShareX.UploadersLib/FileUploaders/Vault_ooo.cs,False,Direct Analysis
WndProc,33,ShareX-18.0.1/ShareX.HelpersLib/Controls/TablessControl.cs,False,Direct Analysis
AddDefaultGradient,51,ShareX-18.0.1/ShareX.ImageEffectsLib/Drawings/DrawBackground.cs,False,Direct Analysis
Apply,60,ShareX-18.0.1/ShareX.ImageEffectsLib/Drawings/DrawBackground.cs,False,Direct Analysis
GetSummary,73,ShareX-18.0.1/ShareX.ImageEffectsLib/Drawings/DrawBackground.cs,False,Direct Analysis
AddDefaultGradient,73,ShareX-18.0.1/ShareX.ImageEffectsLib/Drawings/DrawBorder.cs,False,Direct Analysis
Apply,82,ShareX-18.0.1/ShareX.ImageEffectsLib/Drawings/DrawBorder.cs,False,Direct Analysis
GetSummary,92,ShareX-18.0.1/ShareX.ImageEffectsLib/Drawings/DrawBorder.cs,False,Direct Analysis
Apply,47,ShareX-18.0.1/ShareX.ImageEffectsLib/Manipulations/AutoCrop.cs,False,Direct Analysis
GetSummary,52,ShareX-18.0.1/ShareX.ImageEffectsLib/Manipulations/AutoCrop.cs,False,Direct Analysis
Apply,33,ShareX-18.0.1/ShareX.ImageEffectsLib/Adjustments/Polaroid.cs,False,Direct Analysis
CheckConfig,46,ShareX-18.0.1/ShareX.UploadersLib/FileUploaders/SendSpace.cs,False,Direct Analysis
CreateUploader,52,ShareX-18.0.1/ShareX.UploadersLib/FileUploaders/SendSpace.cs,False,Direct Analysis
Apply,42,ShareX-18.0.1/ShareX.ImageEffectsLib/Adjustments/Sepia.cs,False,Direct Analysis
GetSummary,50,ShareX-18.0.1/ShareX.ImageEffectsLib/Adjustments/Sepia.cs,False,Direct Analysis
WndProc,37,ShareX-18.0.1/ShareX.HelpersLib/Controls/ReadOnlyRichTextBox.cs,False,Direct Analysis
Apply,35,ShareX-18.0.1/ShareX.ImageEffectsLib/Adjustments/BlackWhite.cs,False,Direct Analysis
InitializeComponent,66,ShareX-18.0.1/ShareX/Forms/ActionsToolbarForm.cs,False,Direct Analysis
ActionsToolbarForm_Shown,158,ShareX-18.0.1/ShareX/Forms/ActionsToolbarForm.cs,False,Direct Analysis
ActionsToolbarForm_LocationChanged,163,ShareX-18.0.1/ShareX/Forms/ActionsToolbarForm.cs,False,Direct Analysis
ActionsToolbarForm_DragEnter,168,ShareX-18.0.1/ShareX/Forms/ActionsToolbarForm.cs,False,Direct Analysis
ActionsToolbarForm_DragDrop,182,ShareX-18.0.1/ShareX/Forms/ActionsToolbarForm.cs,False,Direct Analysis
CheckToolbarPosition,187,ShareX-18.0.1/ShareX/Forms/ActionsToolbarForm.cs,False,Direct Analysis
UpdatePosition,225,ShareX-18.0.1/ShareX/Forms/ActionsToolbarForm.cs,False,Direct Analysis
TsmiClose_Click,248,ShareX-18.0.1/ShareX/Forms/ActionsToolbarForm.cs,False,Direct Analysis
TsmiLock_Click,253,ShareX-18.0.1/ShareX/Forms/ActionsToolbarForm.cs,False,Direct Analysis
TsmiTopMost_Click,258,ShareX-18.0.1/ShareX/Forms/ActionsToolbarForm.cs,False,Direct Analysis
TsmiRunAtStartup_Click,264,ShareX-18.0.1/ShareX/Forms/ActionsToolbarForm.cs,False,Direct Analysis
TsmiEdit_Click,269,ShareX-18.0.1/ShareX/Forms/ActionsToolbarForm.cs,False,Direct Analysis
UpdateToolbar,290,ShareX-18.0.1/ShareX/Forms/ActionsToolbarForm.cs,False,Direct Analysis
Dispose,374,ShareX-18.0.1/ShareX/Forms/ActionsToolbarForm.cs,False,Direct Analysis
tsMain_MouseLeave,384,ShareX-18.0.1/ShareX/Forms/ActionsToolbarForm.cs,False,Direct Analysis
tslTitle_MouseEnter,389,ShareX-18.0.1/ShareX/Forms/ActionsToolbarForm.cs,False,Direct Analysis
tslTitle_MouseLeave,397,ShareX-18.0.1/ShareX/Forms/ActionsToolbarForm.cs,False,Direct Analysis
tslTitle_MouseDown,402,ShareX-18.0.1/ShareX/Forms/ActionsToolbarForm.cs,False,Direct Analysis
tslTitle_MouseUp,412,ShareX-18.0.1/ShareX/Forms/ActionsToolbarForm.cs,False,Direct Analysis
Equals,67,ShareX-18.0.1/ShareX.HelpersLib/Vector2.cs,False,Direct Analysis
GetHashCode,77,ShareX-18.0.1/ShareX.HelpersLib/Vector2.cs,False,Direct Analysis
ToString,82,ShareX-18.0.1/ShareX.HelpersLib/Vector2.cs,False,Direct Analysis
UpdateCursor,43,ShareX-18.0.1/ShareX.ScreenCaptureLib/Shapes/Drawing/CursorDrawingShape.cs,False,Direct Analysis
ShowNodes,50,ShareX-18.0.1/ShareX.ScreenCaptureLib/Shapes/Drawing/CursorDrawingShape.cs,False,Direct Analysis
OnCreating,54,ShareX-18.0.1/ShareX.ScreenCaptureLib/Shapes/Drawing/CursorDrawingShape.cs,False,Direct Analysis
OnDraw,61,ShareX-18.0.1/ShareX.ScreenCaptureLib/Shapes/Drawing/CursorDrawingShape.cs,False,Direct Analysis
Resize,74,ShareX-18.0.1/ShareX.ScreenCaptureLib/Shapes/Drawing/CursorDrawingShape.cs,False,Direct Analysis
Load,44,ShareX-18.0.1/ShareX.HistoryLib/HistoryManagerXML.cs,False,Direct Analysis
Append,132,ShareX-18.0.1/ShareX.HistoryLib/HistoryManagerXML.cs,False,Direct Analysis
ShareURL,51,ShareX-18.0.1/ShareX.UploadersLib/SharingServices/SimpleURLSharingService.cs,False,Direct Analysis
Dispose,14,ShareX-18.0.1/ShareX.HelpersLib/UpdateChecker/UpdateMessageBox.Designer.cs,False,Direct Analysis
InitializeComponent,29,ShareX-18.0.1/ShareX.HelpersLib/UpdateChecker/UpdateMessageBox.Designer.cs,False,Direct Analysis
UpdateMessageBox_Shown,112,ShareX-18.0.1/ShareX.HelpersLib/UpdateChecker/UpdateMessageBox.cs,False,Direct Analysis
UpdateMessageBox_FormClosing,120,ShareX-18.0.1/ShareX.HelpersLib/UpdateChecker/UpdateMessageBox.cs,False,Direct Analysis
lblViewChangelog_Click,128,ShareX-18.0.1/ShareX.HelpersLib/UpdateChecker/UpdateMessageBox.cs,False,Direct Analysis
btnYes_MouseClick,133,ShareX-18.0.1/ShareX.HelpersLib/UpdateChecker/UpdateMessageBox.cs,False,Direct Analysis
btnNo_MouseClick,139,ShareX-18.0.1/ShareX.HelpersLib/UpdateChecker/UpdateMessageBox.cs,False,Direct Analysis
CheckCommands,43,ShareX-18.0.1/ShareX.HelpersLib/CLI/CLICommandAction.cs,False,Direct Analysis
ExecuteAction,60,ShareX-18.0.1/ShareX.HelpersLib/CLI/CLICommandAction.cs,False,Direct Analysis
Load,41,ShareX-18.0.1/ShareX.HistoryLib/HistoryManagerMock.cs,False,Direct Analysis
CreateMockHistoryItem,53,ShareX-18.0.1/ShareX.HistoryLib/HistoryManagerMock.cs,False,Direct Analysis
Append,73,ShareX-18.0.1/ShareX.HistoryLib/HistoryManagerMock.cs,False,Direct Analysis
Dispose,15,ShareX-18.0.1/ShareX.HistoryLib/Forms/HistorySettingsForm.Designer.cs,False,Direct Analysis
InitializeComponent,30,ShareX-18.0.1/ShareX.HistoryLib/Forms/HistorySettingsForm.Designer.cs,False,Direct Analysis
cbRememberSearchText_CheckedChanged,46,ShareX-18.0.1/ShareX.HistoryLib/Forms/HistorySettingsForm.cs,False,Direct Analysis
cbRememberWindowState_CheckedChanged,51,ShareX-18.0.1/ShareX.HistoryLib/Forms/HistorySettingsForm.cs,False,Direct Analysis
Start,44,ShareX-18.0.1/ShareX.HelpersLib/ThreadWorker.cs,False,Direct Analysis
Invoke,74,ShareX-18.0.1/ShareX.HelpersLib/ThreadWorker.cs,False,Direct Analysis
InvokeAsync,79,ShareX-18.0.1/ShareX.HelpersLib/ThreadWorker.cs,False,Direct Analysis
Dispose,14,ShareX-18.0.1/ShareX.HelpersLib/UpdateChecker/UpdateCheckerLabel.Designer.cs,False,Direct Analysis
InitializeComponent,29,ShareX-18.0.1/ShareX.HelpersLib/UpdateChecker/UpdateCheckerLabel.Designer.cs,False,Direct Analysis
CheckUpdate,43,ShareX-18.0.1/ShareX.HelpersLib/UpdateChecker/UpdateCheckerLabel.cs,False,Direct Analysis
UpdateLoadingImage,61,ShareX-18.0.1/ShareX.HelpersLib/UpdateChecker/UpdateCheckerLabel.cs,False,Direct Analysis
CheckingUpdate,73,ShareX-18.0.1/ShareX.HelpersLib/UpdateChecker/UpdateCheckerLabel.cs,False,Direct Analysis
UpdateControls,88,ShareX-18.0.1/ShareX.HelpersLib/UpdateChecker/UpdateCheckerLabel.cs,False,Direct Analysis
llblUpdateAvailable_LinkClicked,113,ShareX-18.0.1/ShareX.HelpersLib/UpdateChecker/UpdateCheckerLabel.cs,False,Direct Analysis
GetHistoryItems,49,ShareX-18.0.1/ShareX.HistoryLib/HistoryManager.cs,False,Direct Analysis
Load,96,ShareX-18.0.1/ShareX.HistoryLib/HistoryManager.cs,False,Direct Analysis
Append,103,ShareX-18.0.1/ShareX.HistoryLib/HistoryManager.cs,False,Direct Analysis
Backup,110,ShareX-18.0.1/ShareX.HistoryLib/HistoryManager.cs,False,Direct Analysis
Test,126,ShareX-18.0.1/ShareX.HistoryLib/HistoryManager.cs,False,Direct Analysis
Test,131,ShareX-18.0.1/ShareX.HistoryLib/HistoryManager.cs,False,Direct Analysis
ConfigureAutoUpdate,58,ShareX-18.0.1/ShareX.HelpersLib/UpdateChecker/GitHubUpdateManager.cs,False,Direct Analysis
CheckUpdate,81,ShareX-18.0.1/ShareX.HelpersLib/UpdateChecker/GitHubUpdateManager.cs,False,Direct Analysis
CreateUpdateChecker,97,ShareX-18.0.1/ShareX.HelpersLib/UpdateChecker/GitHubUpdateManager.cs,False,Direct Analysis
Dispose,106,ShareX-18.0.1/ShareX.HelpersLib/UpdateChecker/GitHubUpdateManager.cs,False,Direct Analysis
CheckUpdateAsync,51,ShareX-18.0.1/ShareX.HelpersLib/UpdateChecker/GitHubUpdateChecker.cs,False,Direct Analysis
GetLatestDownloadURL,71,ShareX-18.0.1/ShareX.HelpersLib/UpdateChecker/GitHubUpdateChecker.cs,False,Direct Analysis
UpdateReleaseInfo,144,ShareX-18.0.1/ShareX.HelpersLib/UpdateChecker/GitHubUpdateChecker.cs,False,Direct Analysis
CheckUpdateAsync,36,ShareX-18.0.1/ShareX.HelpersLib/UpdateChecker/AppVeyorUpdateChecker.cs,False,Direct Analysis
Dispose,14,ShareX-18.0.1/ShareX.ImageEffectsLib/Forms/ImageEffectsForm.Designer.cs,False,Direct Analysis
InitializeComponent,29,ShareX-18.0.1/ShareX.ImageEffectsLib/Forms/ImageEffectsForm.Designer.cs,False,Direct Analysis
EnableToolMode,90,ShareX-18.0.1/ShareX.ImageEffectsLib/Forms/ImageEffectsForm.cs,False,Direct Analysis
EditorMode,100,ShareX-18.0.1/ShareX.ImageEffectsLib/Forms/ImageEffectsForm.cs,False,Direct Analysis
ImportImageEffect,106,ShareX-18.0.1/ShareX.ImageEffectsLib/Forms/ImageEffectsForm.cs,False,Direct Analysis
AddEffectToContextMenu,210,ShareX-18.0.1/ShareX.ImageEffectsLib/Forms/ImageEffectsForm.cs,False,Direct Analysis
LoadSettings,225,ShareX-18.0.1/ShareX.ImageEffectsLib/Forms/ImageEffectsForm.cs,False,Direct Analysis
GetSelectedPreset,246,ShareX-18.0.1/ShareX.ImageEffectsLib/Forms/ImageEffectsForm.cs,False,Direct Analysis
AddPreset,265,ShareX-18.0.1/ShareX.ImageEffectsLib/Forms/ImageEffectsForm.cs,False,Direct Analysis
UpdatePreview,277,ShareX-18.0.1/ShareX.ImageEffectsLib/Forms/ImageEffectsForm.cs,False,Direct Analysis
UpdateControlStates,331,ShareX-18.0.1/ShareX.ImageEffectsLib/Forms/ImageEffectsForm.cs,False,Direct Analysis
UpdateEffectName,338,ShareX-18.0.1/ShareX.ImageEffectsLib/Forms/ImageEffectsForm.cs,False,Direct Analysis
GeneratePreviewImage,362,ShareX-18.0.1/ShareX.ImageEffectsLib/Forms/ImageEffectsForm.cs,False,Direct Analysis
ApplyEffects,396,ShareX-18.0.1/ShareX.ImageEffectsLib/Forms/ImageEffectsForm.cs,False,Direct Analysis
tsmiEffectClick,408,ShareX-18.0.1/ShareX.ImageEffectsLib/Forms/ImageEffectsForm.cs,False,Direct Analysis
RemoveSelectedEffects,423,ShareX-18.0.1/ShareX.ImageEffectsLib/Forms/ImageEffectsForm.cs,False,Direct Analysis
ClearFields,446,ShareX-18.0.1/ShareX.ImageEffectsLib/Forms/ImageEffectsForm.cs,False,Direct Analysis
ClearSelectedEffect,454,ShareX-18.0.1/ShareX.ImageEffectsLib/Forms/ImageEffectsForm.cs,False,Direct Analysis
AddEffect,461,ShareX-18.0.1/ShareX.ImageEffectsLib/Forms/ImageEffectsForm.cs,False,Direct Analysis
LoadPreset,491,ShareX-18.0.1/ShareX.ImageEffectsLib/Forms/ImageEffectsForm.cs,False,Direct Analysis
ImageEffectsForm_Shown,507,ShareX-18.0.1/ShareX.ImageEffectsLib/Forms/ImageEffectsForm.cs,False,Direct Analysis
ImageEffectsForm_DragEnter,516,ShareX-18.0.1/ShareX.ImageEffectsLib/Forms/ImageEffectsForm.cs,False,Direct Analysis
ImageEffectsForm_DragDrop,535,ShareX-18.0.1/ShareX.ImageEffectsLib/Forms/ImageEffectsForm.cs,False,Direct Analysis
btnPresetNew_Click,546,ShareX-18.0.1/ShareX.ImageEffectsLib/Forms/ImageEffectsForm.cs,False,Direct Analysis
btnPresetRemove_Click,551,ShareX-18.0.1/ShareX.ImageEffectsLib/Forms/ImageEffectsForm.cs,False,Direct Analysis
btnPresetDuplicate_Click,572,ShareX-18.0.1/ShareX.ImageEffectsLib/Forms/ImageEffectsForm.cs,False,Direct Analysis
lvPresets_ItemMoving,583,ShareX-18.0.1/ShareX.ImageEffectsLib/Forms/ImageEffectsForm.cs,False,Direct Analysis
lvPresets_SelectedIndexChanged,588,ShareX-18.0.1/ShareX.ImageEffectsLib/Forms/ImageEffectsForm.cs,False,Direct Analysis
txtPresetName_TextChanged,600,ShareX-18.0.1/ShareX.ImageEffectsLib/Forms/ImageEffectsForm.cs,False,Direct Analysis
btnEffectAdd_Click,611,ShareX-18.0.1/ShareX.ImageEffectsLib/Forms/ImageEffectsForm.cs,False,Direct Analysis
btnEffectRemove_Click,616,ShareX-18.0.1/ShareX.ImageEffectsLib/Forms/ImageEffectsForm.cs,False,Direct Analysis
btnEffectDuplicate_Click,621,ShareX-18.0.1/ShareX.ImageEffectsLib/Forms/ImageEffectsForm.cs,False,Direct Analysis
btnEffectClear_Click,641,ShareX-18.0.1/ShareX.ImageEffectsLib/Forms/ImageEffectsForm.cs,False,Direct Analysis
btnEffectRefresh_Click,657,ShareX-18.0.1/ShareX.ImageEffectsLib/Forms/ImageEffectsForm.cs,False,Direct Analysis
txtEffectName_TextChanged,662,ShareX-18.0.1/ShareX.ImageEffectsLib/Forms/ImageEffectsForm.cs,False,Direct Analysis
lvEffects_SelectedIndexChanged,687,ShareX-18.0.1/ShareX.ImageEffectsLib/Forms/ImageEffectsForm.cs,False,Direct Analysis
lvEffects_ItemChecked,706,ShareX-18.0.1/ShareX.ImageEffectsLib/Forms/ImageEffectsForm.cs,False,Direct Analysis
lvEffects_KeyDown,715,ShareX-18.0.1/ShareX.ImageEffectsLib/Forms/ImageEffectsForm.cs,False,Direct Analysis
pgSettings_PropertyValueChanged,730,ShareX-18.0.1/ShareX.ImageEffectsLib/Forms/ImageEffectsForm.cs,False,Direct Analysis
btnPackager_Click,736,ShareX-18.0.1/ShareX.ImageEffectsLib/Forms/ImageEffectsForm.cs,False,Direct Analysis
btnImageEffects_Click,772,ShareX-18.0.1/ShareX.ImageEffectsLib/Forms/ImageEffectsForm.cs,False,Direct Analysis
tsmiLoadImageFromFile_Click,777,ShareX-18.0.1/ShareX.ImageEffectsLib/Forms/ImageEffectsForm.cs,False,Direct Analysis
tsmiLoadImageFromClipboard_Click,790,ShareX-18.0.1/ShareX.ImageEffectsLib/Forms/ImageEffectsForm.cs,False,Direct Analysis
btnSaveImage_Click,803,ShareX-18.0.1/ShareX.ImageEffectsLib/Forms/ImageEffectsForm.cs,False,Direct Analysis
btnUploadImage_Click,822,ShareX-18.0.1/ShareX.ImageEffectsLib/Forms/ImageEffectsForm.cs,False,Direct Analysis
pbResult_DragEnter,835,ShareX-18.0.1/ShareX.ImageEffectsLib/Forms/ImageEffectsForm.cs,False,Direct Analysis
pbResult_DragDrop,847,ShareX-18.0.1/ShareX.ImageEffectsLib/Forms/ImageEffectsForm.cs,False,Direct Analysis
btnOK_Click,869,ShareX-18.0.1/ShareX.ImageEffectsLib/Forms/ImageEffectsForm.cs,False,Direct Analysis
btnClose_Click,875,ShareX-18.0.1/ShareX.ImageEffectsLib/Forms/ImageEffectsForm.cs,False,Direct Analysis
Apply,56,ShareX-18.0.1/ShareX.ImageEffectsLib/Filters/GaussianBlur.cs,False,Direct Analysis
GetSummary,64,ShareX-18.0.1/ShareX.ImageEffectsLib/Filters/GaussianBlur.cs,False,Direct Analysis
CreateShortener,34,ShareX-18.0.1/ShareX.UploadersLib/URLShorteners/VgdURLShortener.cs,False,Direct Analysis
Apply,73,ShareX-18.0.1/ShareX.ImageEffectsLib/Filters/Pixelate.cs,False,Direct Analysis
GetSummary,79,ShareX-18.0.1/ShareX.ImageEffectsLib/Filters/Pixelate.cs,False,Direct Analysis
Apply,77,ShareX-18.0.1/ShareX.ImageEffectsLib/Filters/Slice.cs,False,Direct Analysis
GetSummary,90,ShareX-18.0.1/ShareX.ImageEffectsLib/Filters/Slice.cs,False,Direct Analysis
CheckConfig,45,ShareX-18.0.1/ShareX.UploadersLib/FileUploaders/AzureStorage.cs,False,Direct Analysis
CreateUploader,52,ShareX-18.0.1/ShareX.UploadersLib/FileUploaders/AzureStorage.cs,False,Direct Analysis
Dispose,14,ShareX-18.0.1/ShareX/Forms/AboutForm.Designer.cs,False,Direct Analysis
InitializeComponent,32,ShareX-18.0.1/ShareX/Forms/AboutForm.Designer.cs,False,Direct Analysis
AboutForm_Shown,130,ShareX-18.0.1/ShareX/Forms/AboutForm.cs,False,Direct Analysis
pbLogo_MouseDown,141,ShareX-18.0.1/ShareX/Forms/AboutForm.cs,False,Direct Analysis
rtb_LinkClicked,148,ShareX-18.0.1/ShareX/Forms/AboutForm.cs,False,Direct Analysis
ToString,45,ShareX-18.0.1/ShareX.ScreenCaptureLib/ScreenRecording/FFmpegCaptureDevice.cs,False,Direct Analysis
EditValue,36,ShareX-18.0.1/ShareX.HelpersLib/UITypeEditors/WavFileNameEditor.cs,False,Direct Analysis
ConvertTo,35,ShareX-18.0.1/ShareX.HelpersLib/UITypeEditors/StringCollectionToStringTypeConverter.cs,False,Direct Analysis
Dispose,14,ShareX-18.0.1/ShareX.HelpersLib/Forms/HashCheckerForm.Designer.cs,False,Direct Analysis
InitializeComponent,29,ShareX-18.0.1/ShareX.HelpersLib/Forms/HashCheckerForm.Designer.cs,False,Direct Analysis
UpdateCompareControls,69,ShareX-18.0.1/ShareX.HelpersLib/Forms/HashCheckerForm.cs,False,Direct Analysis
UpdateCheckButton,87,ShareX-18.0.1/ShareX.HelpersLib/Forms/HashCheckerForm.cs,False,Direct Analysis
UpdateResult,92,ShareX-18.0.1/ShareX.HelpersLib/Forms/HashCheckerForm.cs,False,Direct Analysis
StartHashCheck,114,ShareX-18.0.1/ShareX.HelpersLib/Forms/HashCheckerForm.cs,False,Direct Analysis
HashCheckerForm_Shown,158,ShareX-18.0.1/ShareX.HelpersLib/Forms/HashCheckerForm.cs,False,Direct Analysis
HashCheckerForm_DragEnter,168,ShareX-18.0.1/ShareX.HelpersLib/Forms/HashCheckerForm.cs,False,Direct Analysis
HashCheckerForm_DragDrop,180,ShareX-18.0.1/ShareX.HelpersLib/Forms/HashCheckerForm.cs,False,Direct Analysis
txtFilePath_TextChanged,188,ShareX-18.0.1/ShareX.HelpersLib/Forms/HashCheckerForm.cs,False,Direct Analysis
btnFilePathBrowse_Click,193,ShareX-18.0.1/ShareX.HelpersLib/Forms/HashCheckerForm.cs,False,Direct Analysis
cbCompareTwoFiles_CheckedChanged,198,ShareX-18.0.1/ShareX.HelpersLib/Forms/HashCheckerForm.cs,False,Direct Analysis
txtFilePath2_TextChanged,205,ShareX-18.0.1/ShareX.HelpersLib/Forms/HashCheckerForm.cs,False,Direct Analysis
txtFilePath2_DragEnter,210,ShareX-18.0.1/ShareX.HelpersLib/Forms/HashCheckerForm.cs,False,Direct Analysis
txtFilePath2_DragDrop,222,ShareX-18.0.1/ShareX.HelpersLib/Forms/HashCheckerForm.cs,False,Direct Analysis
btnFilePathBrowse2_Click,230,ShareX-18.0.1/ShareX.HelpersLib/Forms/HashCheckerForm.cs,False,Direct Analysis
btnStartHashCheck_Click,235,ShareX-18.0.1/ShareX.HelpersLib/Forms/HashCheckerForm.cs,False,Direct Analysis
fileCheck_FileCheckProgressChanged,240,ShareX-18.0.1/ShareX.HelpersLib/Forms/HashCheckerForm.cs,False,Direct Analysis
txtResult_TextChanged,245,ShareX-18.0.1/ShareX.HelpersLib/Forms/HashCheckerForm.cs,False,Direct Analysis
txtTarget_TextChanged,250,ShareX-18.0.1/ShareX.HelpersLib/Forms/HashCheckerForm.cs,False,Direct Analysis
GetEditStyle,36,ShareX-18.0.1/ShareX.HelpersLib/UITypeEditors/NameParserEditor.cs,False,Direct Analysis
EditValue,41,ShareX-18.0.1/ShareX.HelpersLib/UITypeEditors/NameParserEditor.cs,False,Direct Analysis
GetStandardValuesSupported,33,ShareX-18.0.1/ShareX.HelpersLib/UITypeEditors/MyColorConverter.cs,False,Direct Analysis
Dispose,14,ShareX-18.0.1/ShareX.ImageEffectsLib/Forms/ImageEffectPackagerForm.Designer.cs,False,Direct Analysis
InitializeComponent,29,ShareX-18.0.1/ShareX.ImageEffectsLib/Forms/ImageEffectPackagerForm.Designer.cs,False,Direct Analysis
btnOpenImageEffectsFolder_Click,57,ShareX-18.0.1/ShareX.ImageEffectsLib/Forms/ImageEffectPackagerForm.cs,False,Direct Analysis
txtAssetsFolderPath_TextChanged,62,ShareX-18.0.1/ShareX.ImageEffectsLib/Forms/ImageEffectPackagerForm.cs,False,Direct Analysis
btnAssetsFolderPathBrowse_Click,67,ShareX-18.0.1/ShareX.ImageEffectsLib/Forms/ImageEffectPackagerForm.cs,False,Direct Analysis
txtPackageFilePath_TextChanged,72,ShareX-18.0.1/ShareX.ImageEffectsLib/Forms/ImageEffectPackagerForm.cs,False,Direct Analysis
btnPackageFilePathBrowse_Click,77,ShareX-18.0.1/ShareX.ImageEffectsLib/Forms/ImageEffectPackagerForm.cs,False,Direct Analysis
btnPackage_Click,93,ShareX-18.0.1/ShareX.ImageEffectsLib/Forms/ImageEffectPackagerForm.cs,False,Direct Analysis
FixSources,142,ShareX-18.0.1/ShareX.ScreenCaptureLib/ScreenRecording/FFmpegOptions.cs,False,Direct Analysis
Apply,33,ShareX-18.0.1/ShareX.ImageEffectsLib/Filters/Emboss.cs,False,Direct Analysis
HotkeyForm_HotkeyPress,54,ShareX-18.0.1/ShareX/HotkeyManager.cs,False,Direct Analysis
HotkeyForm_FormClosed,67,ShareX-18.0.1/ShareX/HotkeyManager.cs,False,Direct Analysis
UpdateHotkeys,75,ShareX-18.0.1/ShareX/HotkeyManager.cs,False,Direct Analysis
OnHotkeyTrigger,92,ShareX-18.0.1/ShareX/HotkeyManager.cs,False,Direct Analysis
RegisterHotkey,97,ShareX-18.0.1/ShareX/HotkeyManager.cs,False,Direct Analysis
RegisterAllHotkeys,128,ShareX-18.0.1/ShareX/HotkeyManager.cs,False,Direct Analysis
RegisterFailedHotkeys,136,ShareX-18.0.1/ShareX/HotkeyManager.cs,False,Direct Analysis
UnregisterHotkey,144,ShareX-18.0.1/ShareX/HotkeyManager.cs,False,Direct Analysis
UnregisterAllHotkeys,166,ShareX-18.0.1/ShareX/HotkeyManager.cs,False,Direct Analysis
ToggleHotkeys,180,ShareX-18.0.1/ShareX/HotkeyManager.cs,False,Direct Analysis
ShowFailedHotkeys,194,ShareX-18.0.1/ShareX/HotkeyManager.cs,False,Direct Analysis
ResetHotkeys,208,ShareX-18.0.1/ShareX/HotkeyManager.cs,False,Direct Analysis
ShortenURL,47,ShareX-18.0.1/ShareX.UploadersLib/URLShorteners/TwoGPURLShortener.cs,False,Direct Analysis
EditValue,35,ShareX-18.0.1/ShareX.HelpersLib/UITypeEditors/JsonFileNameEditor.cs,False,Direct Analysis
EditValue,35,ShareX-18.0.1/ShareX.HelpersLib/UITypeEditors/ImageFileNameEditor.cs,False,Direct Analysis
Apply,42,ShareX-18.0.1/ShareX.ImageEffectsLib/Adjustments/Contrast.cs,False,Direct Analysis
GetSummary,50,ShareX-18.0.1/ShareX.ImageEffectsLib/Adjustments/Contrast.cs,False,Direct Analysis
Apply,35,ShareX-18.0.1/ShareX.ImageEffectsLib/Filters/MeanRemoval.cs,False,Direct Analysis
EditValue,36,ShareX-18.0.1/ShareX.HelpersLib/UITypeEditors/ExeFileNameEditor.cs,False,Direct Analysis
CanConvertTo,42,ShareX-18.0.1/ShareX.HelpersLib/UITypeEditors/EnumProperNameKeepCaseConverter.cs,False,Direct Analysis
ConvertTo,47,ShareX-18.0.1/ShareX.HelpersLib/UITypeEditors/EnumProperNameKeepCaseConverter.cs,False,Direct Analysis
CanConvertFrom,52,ShareX-18.0.1/ShareX.HelpersLib/UITypeEditors/EnumProperNameKeepCaseConverter.cs,False,Direct Analysis
ConvertFrom,57,ShareX-18.0.1/ShareX.HelpersLib/UITypeEditors/EnumProperNameKeepCaseConverter.cs,False,Direct Analysis
Write,41,ShareX-18.0.1/ShareX.HelpersLib/TextBoxTraceListener.cs,False,Direct Analysis
WriteLine,50,ShareX-18.0.1/ShareX.HelpersLib/TextBoxTraceListener.cs,False,Direct Analysis
InitializeGraphics,37,ShareX-18.0.1/ShareX.HistoryLib/HistoryImageListViewRenderer.cs,False,Direct Analysis
DrawItem,63,ShareX-18.0.1/ShareX.HistoryLib/HistoryImageListViewRenderer.cs,False,Direct Analysis
CheckConfig,43,ShareX-18.0.1/ShareX.UploadersLib/FileUploaders/Box.cs,False,Direct Analysis
CreateUploader,48,ShareX-18.0.1/ShareX.UploadersLib/FileUploaders/Box.cs,False,Direct Analysis
Upload,69,ShareX-18.0.1/ShareX.UploadersLib/FileUploaders/LobFile.cs,False,Direct Analysis
ReadLine,43,ShareX-18.0.1/ShareX.HelpersLib/StringLineReader.cs,False,Direct Analysis
Reset,82,ShareX-18.0.1/ShareX.HelpersLib/StringLineReader.cs,False,Direct Analysis
Update,53,ShareX-18.0.1/ShareX.ScreenCaptureLib/Animations/OpacityAnimation.cs,False,Direct Analysis
ToString,279,ShareX-18.0.1/ShareX.HelpersLib/ShareXTheme.cs,False,Direct Analysis
Dispose,14,ShareX-18.0.1/ShareX.HelpersLib/Controls/TabToTreeView.Designer.cs,False,Direct Analysis
InitializeComponent,29,ShareX-18.0.1/ShareX.HelpersLib/Controls/TabToTreeView.Designer.cs,False,Direct Analysis
tvMain_BeforeCollapse,163,ShareX-18.0.1/ShareX.HelpersLib/Controls/TabToTreeView.cs,False,Direct Analysis
tvMain_AfterSelect,168,ShareX-18.0.1/ShareX.HelpersLib/Controls/TabToTreeView.cs,False,Direct Analysis
SelectTabPage,183,ShareX-18.0.1/ShareX.HelpersLib/Controls/TabToTreeView.cs,False,Direct Analysis
NavigateToTabPage,196,ShareX-18.0.1/ShareX.HelpersLib/Controls/TabToTreeView.cs,False,Direct Analysis
SelectChildNode,213,ShareX-18.0.1/ShareX.HelpersLib/Controls/TabToTreeView.cs,False,Direct Analysis
ScaleControl,228,ShareX-18.0.1/ShareX.HelpersLib/Controls/TabToTreeView.cs,False,Direct Analysis
ShortenURL,63,ShareX-18.0.1/ShareX.UploadersLib/URLShorteners/KuttURLShortener.cs,False,Direct Analysis
Submit,70,ShareX-18.0.1/ShareX.UploadersLib/URLShorteners/KuttURLShortener.cs,False,Direct Analysis
AddDefaultGradient,131,ShareX-18.0.1/ShareX.ImageEffectsLib/Drawings/DrawText.cs,False,Direct Analysis
Apply,140,ShareX-18.0.1/ShareX.ImageEffectsLib/Drawings/DrawText.cs,False,Direct Analysis
GetSummary,244,ShareX-18.0.1/ShareX.ImageEffectsLib/Drawings/DrawText.cs,False,Direct Analysis
DrawDropImage,78,ShareX-18.0.1/ShareX/Forms/DropForm.cs,False,Direct Analysis
DropForm_MouseDown,107,ShareX-18.0.1/ShareX/Forms/DropForm.cs,False,Direct Analysis
DropForm_MouseUp,116,ShareX-18.0.1/ShareX/Forms/DropForm.cs,False,Direct Analysis
DropForm_DragEnter,124,ShareX-18.0.1/ShareX/Forms/DropForm.cs,False,Direct Analysis
DropForm_DragDrop,144,ShareX-18.0.1/ShareX/Forms/DropForm.cs,False,Direct Analysis
DropForm_DragLeave,155,ShareX-18.0.1/ShareX/Forms/DropForm.cs,False,Direct Analysis
Dispose,175,ShareX-18.0.1/ShareX/Forms/DropForm.cs,False,Direct Analysis
InitializeComponent,191,ShareX-18.0.1/ShareX/Forms/DropForm.cs,False,Direct Analysis
CreateProperties,36,ShareX-18.0.1/ShareX.HelpersLib/Settings/WritablePropertiesOnlyResolver.cs,False,Direct Analysis
Upload,69,ShareX-18.0.1/ShareX.UploadersLib/FileUploaders/Hostr.cs,False,Direct Analysis
IsUpgradeFrom,70,ShareX-18.0.1/ShareX.HelpersLib/Settings/SettingsBase.cs,False,Direct Analysis
OnSettingsSaved,75,ShareX-18.0.1/ShareX.HelpersLib/Settings/SettingsBase.cs,False,Direct Analysis
OnSettingsSaveFailed,80,ShareX-18.0.1/ShareX.HelpersLib/Settings/SettingsBase.cs,False,Direct Analysis
Save,85,ShareX-18.0.1/ShareX.HelpersLib/Settings/SettingsBase.cs,False,Direct Analysis
Save,97,ShareX-18.0.1/ShareX.HelpersLib/Settings/SettingsBase.cs,False,Direct Analysis
SaveAsync,107,ShareX-18.0.1/ShareX.HelpersLib/Settings/SettingsBase.cs,False,Direct Analysis
SaveToMemoryStream,112,ShareX-18.0.1/ShareX.HelpersLib/Settings/SettingsBase.cs,False,Direct Analysis
SaveInternal,121,ShareX-18.0.1/ShareX.HelpersLib/Settings/SettingsBase.cs,False,Direct Analysis
SaveToStream,190,ShareX-18.0.1/ShareX.HelpersLib/Settings/SettingsBase.cs,False,Direct Analysis
Apply,45,ShareX-18.0.1/ShareX.ImageEffectsLib/Filters/RGBSplit.cs,False,Direct Analysis
Read,55,ShareX-18.0.1/ShareX.HelpersLib/MaxLengthStream.cs,False,Direct Analysis
Dispose,72,ShareX-18.0.1/ShareX.HelpersLib/MaxLengthStream.cs,False,Direct Analysis
Upload,89,ShareX-18.0.1/ShareX.UploadersLib/FileUploaders/OwnCloud.cs,False,Direct Analysis
ShareFile,138,ShareX-18.0.1/ShareX.UploadersLib/FileUploaders/OwnCloud.cs,False,Direct Analysis
Dispose,14,ShareX-18.0.1/ShareX/Tools/MetadataForm.Designer.cs,False,Direct Analysis
InitializeComponent,29,ShareX-18.0.1/ShareX/Tools/MetadataForm.Designer.cs,False,Direct Analysis
UpdateControls,59,ShareX-18.0.1/ShareX/Tools/MetadataForm.cs,False,Direct Analysis
PopulateMetadataRichTextBox,155,ShareX-18.0.1/ShareX/Tools/MetadataForm.cs,False,Direct Analysis
LoadMetadata,198,ShareX-18.0.1/ShareX/Tools/MetadataForm.cs,False,Direct Analysis
OpenFile,222,ShareX-18.0.1/ShareX/Tools/MetadataForm.cs,False,Direct Analysis
OpenFile,229,ShareX-18.0.1/ShareX/Tools/MetadataForm.cs,False,Direct Analysis
MetadataForm_Shown,239,ShareX-18.0.1/ShareX/Tools/MetadataForm.cs,False,Direct Analysis
rtbMetadata_LinkClicked,251,ShareX-18.0.1/ShareX/Tools/MetadataForm.cs,False,Direct Analysis
btnOpen_Click,256,ShareX-18.0.1/ShareX/Tools/MetadataForm.cs,False,Direct Analysis
btnCopyAll_Click,261,ShareX-18.0.1/ShareX/Tools/MetadataForm.cs,False,Direct Analysis
btnStripMetadata_Click,266,ShareX-18.0.1/ShareX/Tools/MetadataForm.cs,False,Direct Analysis
MetadataForm_DragEnter,297,ShareX-18.0.1/ShareX/Tools/MetadataForm.cs,False,Direct Analysis
MetadataForm_DragDrop,309,ShareX-18.0.1/ShareX/Tools/MetadataForm.cs,False,Direct Analysis
BeginPrint,67,ShareX-18.0.1/ShareX.HelpersLib/Printer/PrintTextHelper.cs,False,Direct Analysis
PrintPage,73,ShareX-18.0.1/ShareX.HelpersLib/Printer/PrintTextHelper.cs,False,Direct Analysis
NextCharIsNewLine,202,ShareX-18.0.1/ShareX.HelpersLib/Printer/PrintTextHelper.cs,False,Direct Analysis
NextChar,220,ShareX-18.0.1/ShareX.HelpersLib/Printer/PrintTextHelper.cs,False,Direct Analysis
InitPrint,70,ShareX-18.0.1/ShareX.HelpersLib/Printer/PrintHelper.cs,False,Direct Analysis
Dispose,82,ShareX-18.0.1/ShareX.HelpersLib/Printer/PrintHelper.cs,False,Direct Analysis
ShowPreview,89,ShareX-18.0.1/ShareX.HelpersLib/Printer/PrintHelper.cs,False,Direct Analysis
TryDefaultPrinterOverride,97,ShareX-18.0.1/ShareX.HelpersLib/Printer/PrintHelper.cs,False,Direct Analysis
Print,115,ShareX-18.0.1/ShareX.HelpersLib/Printer/PrintHelper.cs,False,Direct Analysis
printDocument_BeginPrint,132,ShareX-18.0.1/ShareX.HelpersLib/Printer/PrintHelper.cs,False,Direct Analysis
printDocument_PrintPage,140,ShareX-18.0.1/ShareX.HelpersLib/Printer/PrintHelper.cs,False,Direct Analysis
PrintImage,153,ShareX-18.0.1/ShareX.HelpersLib/Printer/PrintHelper.cs,False,Direct Analysis
GetThumbRectangle,114,ShareX-18.0.1/ShareX.HelpersLib/Controls/CustomVScrollBar.cs,False,Direct Analysis
OnPaint,126,ShareX-18.0.1/ShareX.HelpersLib/Controls/CustomVScrollBar.cs,False,Direct Analysis
OnMouseDown,162,ShareX-18.0.1/ShareX.HelpersLib/Controls/CustomVScrollBar.cs,False,Direct Analysis
OnMouseMove,190,ShareX-18.0.1/ShareX.HelpersLib/Controls/CustomVScrollBar.cs,False,Direct Analysis
OnMouseUp,215,ShareX-18.0.1/ShareX.HelpersLib/Controls/CustomVScrollBar.cs,False,Direct Analysis
OnMouseLeave,220,ShareX-18.0.1/ShareX.HelpersLib/Controls/CustomVScrollBar.cs,False,Direct Analysis
GetWindowInfoList,44,ShareX-18.0.1/ShareX.ScreenCaptureLib/Helpers/WindowsRectangleList.cs,False,Direct Analysis
CheckHandle,99,ShareX-18.0.1/ShareX.ScreenCaptureLib/Helpers/WindowsRectangleList.cs,False,Direct Analysis
ToString,66,ShareX-18.0.1/ShareX.HelpersLib/PingResult.cs,False,Direct Analysis
Apply,62,ShareX-18.0.1/ShareX.ImageEffectsLib/Drawings/DrawCheckerboard.cs,False,Direct Analysis
GetSummary,67,ShareX-18.0.1/ShareX.ImageEffectsLib/Drawings/DrawCheckerboard.cs,False,Direct Analysis
AddFrame,48,ShareX-18.0.1/ShareX.HelpersLib/GIF/AnimatedGifCreator.cs,False,Direct Analysis
Finish,77,ShareX-18.0.1/ShareX.HelpersLib/GIF/AnimatedGifCreator.cs,False,Direct Analysis
Dispose,86,ShareX-18.0.1/ShareX.HelpersLib/GIF/AnimatedGifCreator.cs,False,Direct Analysis
ProcessMessageQueue,71,ShareX-18.0.1/ShareX.HelpersLib/Logger.cs,False,Direct Analysis
Write,104,ShareX-18.0.1/ShareX.HelpersLib/Logger.cs,False,Direct Analysis
Clear,147,ShareX-18.0.1/ShareX.HelpersLib/Logger.cs,False,Direct Analysis
ToString,158,ShareX-18.0.1/ShareX.HelpersLib/Logger.cs,False,Direct Analysis
GetFFmpegCommands,49,ShareX-18.0.1/ShareX.ScreenCaptureLib/ScreenRecording/ScreenRecordingOptions.cs,False,Direct Analysis
GetFFmpegArgs,86,ShareX-18.0.1/ShareX.ScreenCaptureLib/ScreenRecording/ScreenRecordingOptions.cs,False,Direct Analysis
Apply,45,ShareX-18.0.1/ShareX.ImageEffectsLib/Adjustments/Alpha.cs,False,Direct Analysis
GetSummary,53,ShareX-18.0.1/ShareX.ImageEffectsLib/Adjustments/Alpha.cs,False,Direct Analysis
ToString,124,ShareX-18.0.1/ShareX.HelpersLib/Colors/RGBA.cs,False,Direct Analysis
ToColor,129,ShareX-18.0.1/ShareX.HelpersLib/Colors/RGBA.cs,False,Direct Analysis
ToHex,134,ShareX-18.0.1/ShareX.HelpersLib/Colors/RGBA.cs,False,Direct Analysis
ToDecimal,139,ShareX-18.0.1/ShareX.HelpersLib/Colors/RGBA.cs,False,Direct Analysis
ToHSB,144,ShareX-18.0.1/ShareX.HelpersLib/Colors/RGBA.cs,False,Direct Analysis
ToCMYK,149,ShareX-18.0.1/ShareX.HelpersLib/Colors/RGBA.cs,False,Direct Analysis
GetHashCode,154,ShareX-18.0.1/ShareX.HelpersLib/Colors/RGBA.cs,False,Direct Analysis
Equals,159,ShareX-18.0.1/ShareX.HelpersLib/Colors/RGBA.cs,False,Direct Analysis
GetAuthorizationURL,83,ShareX-18.0.1/ShareX.UploadersLib/FileUploaders/Box.cs,False,Direct Analysis
GetAccessToken,92,ShareX-18.0.1/ShareX.UploadersLib/FileUploaders/Box.cs,False,Direct Analysis
RefreshAccessToken,117,ShareX-18.0.1/ShareX.UploadersLib/FileUploaders/Box.cs,False,Direct Analysis
GetAuthHeaders,145,ShareX-18.0.1/ShareX.UploadersLib/FileUploaders/Box.cs,False,Direct Analysis
CheckAuthorization,152,ShareX-18.0.1/ShareX.UploadersLib/FileUploaders/Box.cs,False,Direct Analysis
Upload,212,ShareX-18.0.1/ShareX.UploadersLib/FileUploaders/Box.cs,False,Direct Analysis
ToString,41,ShareX-18.0.1/ShareX.ScreenCaptureLib/Shapes/StickerPackInfo.cs,False,Direct Analysis
EditValue,36,ShareX-18.0.1/ShareX.HelpersLib/UITypeEditors/CssFileNameEditor.cs,False,Direct Analysis
Dispose,14,ShareX-18.0.1/ShareX.UploadersLib/OAuth/OAuthListenerForm.Designer.cs,False,Direct Analysis
InitializeComponent,29,ShareX-18.0.1/ShareX.UploadersLib/OAuth/OAuthListenerForm.Designer.cs,False,Direct Analysis
OAuthListenerForm_Load,49,ShareX-18.0.1/ShareX.UploadersLib/OAuth/OAuthListenerForm.cs,False,Direct Analysis
OAuthListenerForm_FormClosed,56,ShareX-18.0.1/ShareX.UploadersLib/OAuth/OAuthListenerForm.cs,False,Direct Analysis
btnCancel_Click,61,ShareX-18.0.1/ShareX.UploadersLib/OAuth/OAuthListenerForm.cs,False,Direct Analysis
ConnectAsync,66,ShareX-18.0.1/ShareX.UploadersLib/OAuth/OAuthListenerForm.cs,False,Direct Analysis
EditValue,35,ShareX-18.0.1/ShareX.HelpersLib/UITypeEditors/DirectoryNameEditor.cs,False,Direct Analysis
GetAuthorizationURL,77,ShareX-18.0.1/ShareX.UploadersLib/ImageUploaders/Photobucket.cs,False,Direct Analysis
GetAccessToken,82,ShareX-18.0.1/ShareX.UploadersLib/ImageUploaders/Photobucket.cs,False,Direct Analysis
GetAccountInfo,98,ShareX-18.0.1/ShareX.UploadersLib/ImageUploaders/Photobucket.cs,False,Direct Analysis
Upload,103,ShareX-18.0.1/ShareX.UploadersLib/ImageUploaders/Photobucket.cs,False,Direct Analysis
UploadMedia,108,ShareX-18.0.1/ShareX.UploadersLib/ImageUploaders/Photobucket.cs,False,Direct Analysis
CreateAlbum,144,ShareX-18.0.1/ShareX.UploadersLib/ImageUploaders/Photobucket.cs,False,Direct Analysis
FixURL,172,ShareX-18.0.1/ShareX.UploadersLib/ImageUploaders/Photobucket.cs,False,Direct Analysis
Apply,42,ShareX-18.0.1/ShareX.ImageEffectsLib/Adjustments/Saturation.cs,False,Direct Analysis
GetSummary,50,ShareX-18.0.1/ShareX.ImageEffectsLib/Adjustments/Saturation.cs,False,Direct Analysis
Apply,38,ShareX-18.0.1/ShareX.ImageEffectsLib/WatermarkConfig.cs,False,Direct Analysis
OnConfigLoad,45,ShareX-18.0.1/ShareX.ScreenCaptureLib/Shapes/Drawing/MagnifyDrawingShape.cs,False,Direct Analysis
OnConfigSave,52,ShareX-18.0.1/ShareX.ScreenCaptureLib/Shapes/Drawing/MagnifyDrawingShape.cs,False,Direct Analysis
OnDraw,59,ShareX-18.0.1/ShareX.ScreenCaptureLib/Shapes/Drawing/MagnifyDrawingShape.cs,False,Direct Analysis
OnArgumentsReceived,80,ShareX-18.0.1/ShareX.HelpersLib/SingleInstanceManager.cs,False,Direct Analysis
ListenForConnectionsAsync,88,ShareX-18.0.1/ShareX.HelpersLib/SingleInstanceManager.cs,False,Direct Analysis
RedirectArgumentsToFirstInstance,144,ShareX-18.0.1/ShareX.HelpersLib/SingleInstanceManager.cs,False,Direct Analysis
Dispose,169,ShareX-18.0.1/ShareX.HelpersLib/SingleInstanceManager.cs,False,Direct Analysis
Apply,35,ShareX-18.0.1/ShareX.ImageEffectsLib/Filters/EdgeDetect.cs,False,Direct Analysis
ShortenURL,88,ShareX-18.0.1/ShareX.UploadersLib/URLShorteners/FirebaseDynamicLinksURLShortener.cs,False,Direct Analysis
OnConfigLoad,40,ShareX-18.0.1/ShareX.ScreenCaptureLib/Shapes/Effect/HighlightEffectShape.cs,False,Direct Analysis
OnConfigSave,45,ShareX-18.0.1/ShareX.ScreenCaptureLib/Shapes/Effect/HighlightEffectShape.cs,False,Direct Analysis
ApplyEffect,50,ShareX-18.0.1/ShareX.ScreenCaptureLib/Shapes/Effect/HighlightEffectShape.cs,False,Direct Analysis
CheckConfig,44,ShareX-18.0.1/ShareX.UploadersLib/FileUploaders/Dropbox.cs,False,Direct Analysis
CreateUploader,49,ShareX-18.0.1/ShareX.UploadersLib/FileUploaders/Dropbox.cs,False,Direct Analysis
InputBox_Shown,62,ShareX-18.0.1/ShareX.HelpersLib/Forms/InputBox.cs,False,Direct Analysis
btnOK_Click,71,ShareX-18.0.1/ShareX.HelpersLib/Forms/InputBox.cs,False,Direct Analysis
btnCancel_Click,79,ShareX-18.0.1/ShareX.HelpersLib/Forms/InputBox.cs,False,Direct Analysis
Dispose,89,ShareX-18.0.1/ShareX.HelpersLib/Forms/InputBox.cs,False,Direct Analysis
InitializeComponent,98,ShareX-18.0.1/ShareX.HelpersLib/Forms/InputBox.cs,False,Direct Analysis
GetValue,42,ShareX-18.0.1/ShareX.HelpersLib/Settings/DPAPIEncryptedStringValueProvider.cs,False,Direct Analysis
SetValue,60,ShareX-18.0.1/ShareX.HelpersLib/Settings/DPAPIEncryptedStringValueProvider.cs,False,Direct Analysis
Execute,48,ShareX-18.0.1/ShareX/CaptureHelpers/CaptureRegion.cs,False,Direct Analysis
ExecuteRegionCapture,62,ShareX-18.0.1/ShareX/CaptureHelpers/CaptureRegion.cs,False,Direct Analysis
ExecuteRegionCaptureLight,130,ShareX-18.0.1/ShareX/CaptureHelpers/CaptureRegion.cs,False,Direct Analysis
ExecuteRegionCaptureTransparent,164,ShareX-18.0.1/ShareX/CaptureHelpers/CaptureRegion.cs,False,Direct Analysis
CreateProperties,37,ShareX-18.0.1/ShareX.HelpersLib/Settings/DPAPIEncryptedStringPropertyResolver.cs,False,Direct Analysis
OnPaint,35,ShareX-18.0.1/ShareX.HelpersLib/Controls/ToolStripBorderRight.cs,False,Direct Analysis
OnPaintBackground,48,ShareX-18.0.1/ShareX.HelpersLib/Controls/ToolStripBorderRight.cs,False,Direct Analysis
Dispose,14,ShareX-18.0.1/ShareX.UploadersLib/Controls/OAuthLoopbackControl.Designer.cs,False,Direct Analysis
InitializeComponent,29,ShareX-18.0.1/ShareX.UploadersLib/Controls/OAuthLoopbackControl.Designer.cs,False,Direct Analysis
btnConnect_Click,48,ShareX-18.0.1/ShareX.UploadersLib/Controls/OAuthLoopbackControl.cs,False,Direct Analysis
UpdateStatus,62,ShareX-18.0.1/ShareX.UploadersLib/Controls/OAuthLoopbackControl.cs,False,Direct Analysis
UpdateStatus,78,ShareX-18.0.1/ShareX.UploadersLib/Controls/OAuthLoopbackControl.cs,False,Direct Analysis
BindToType,43,ShareX-18.0.1/ShareX.HelpersLib/Settings/KnownTypesSerializationBinder.cs,False,Direct Analysis
LoadConfig,105,ShareX-18.0.1/ShareX/Forms/NotificationForm.cs,False,Direct Analysis
UpdateBuffer,162,ShareX-18.0.1/ShareX/Forms/NotificationForm.cs,False,Direct Analysis
Render,209,ShareX-18.0.1/ShareX/Forms/NotificationForm.cs,False,Direct Analysis
DurationEnd,219,ShareX-18.0.1/ShareX/Forms/NotificationForm.cs,False,Direct Analysis
StartFade,230,ShareX-18.0.1/ShareX/Forms/NotificationForm.cs,False,Direct Analysis
tDuration_Tick,246,ShareX-18.0.1/ShareX/Forms/NotificationForm.cs,False,Direct Analysis
tOpacity_Tick,251,ShareX-18.0.1/ShareX/Forms/NotificationForm.cs,False,Direct Analysis
NotificationForm_MouseEnter,264,ShareX-18.0.1/ShareX/Forms/NotificationForm.cs,False,Direct Analysis
NotificationForm_MouseLeave,276,ShareX-18.0.1/ShareX/Forms/NotificationForm.cs,False,Direct Analysis
NotificationForm_MouseDown,288,ShareX-18.0.1/ShareX/Forms/NotificationForm.cs,False,Direct Analysis
NotificationForm_MouseMove,297,ShareX-18.0.1/ShareX/Forms/NotificationForm.cs,False,Direct Analysis
NotificationForm_MouseUp,316,ShareX-18.0.1/ShareX/Forms/NotificationForm.cs,False,Direct Analysis
NotificationForm_MouseClick,321,ShareX-18.0.1/ShareX/Forms/NotificationForm.cs,False,Direct Analysis
ExecuteAction,345,ShareX-18.0.1/ShareX/Forms/NotificationForm.cs,False,Direct Analysis
Dispose,427,ShareX-18.0.1/ShareX/Forms/NotificationForm.cs,False,Direct Analysis
InitializeComponent,441,ShareX-18.0.1/ShareX/Forms/NotificationForm.cs,False,Direct Analysis
Dispose,14,ShareX-18.0.1/ShareX.HistoryLib/Forms/HistoryForm.Designer.cs,False,Direct Analysis
InitializeComponent,30,ShareX-18.0.1/ShareX.HistoryLib/Forms/HistoryForm.Designer.cs,False,Direct Analysis
ResetFilters,112,ShareX-18.0.1/ShareX.HistoryLib/Forms/HistoryForm.cs,False,Direct Analysis
RefreshHistoryItems,132,ShareX-18.0.1/ShareX.HistoryLib/Forms/HistoryForm.cs,False,Direct Analysis
him_GetHistoryItems,156,ShareX-18.0.1/ShareX.HistoryLib/Forms/HistoryForm.cs,False,Direct Analysis
him_FavoriteRequested,161,ShareX-18.0.1/ShareX.HistoryLib/Forms/HistoryForm.cs,False,Direct Analysis
him_EditRequested,171,ShareX-18.0.1/ShareX.HistoryLib/Forms/HistoryForm.cs,False,Direct Analysis
him_DeleteRequested,178,ShareX-18.0.1/ShareX.HistoryLib/Forms/HistoryForm.cs,False,Direct Analysis
him_DeleteFileRequested,186,ShareX-18.0.1/ShareX.HistoryLib/Forms/HistoryForm.cs,False,Direct Analysis
GetHistoryItems,202,ShareX-18.0.1/ShareX.HistoryLib/Forms/HistoryForm.cs,False,Direct Analysis
DeleteHistoryItems,209,ShareX-18.0.1/ShareX.HistoryLib/Forms/HistoryForm.cs,False,Direct Analysis
ApplyFilter,223,ShareX-18.0.1/ShareX.HistoryLib/Forms/HistoryForm.cs,False,Direct Analysis
ApplyFilterSimple,244,ShareX-18.0.1/ShareX.HistoryLib/Forms/HistoryForm.cs,False,Direct Analysis
ApplyFilterAdvanced,266,ShareX-18.0.1/ShareX.HistoryLib/Forms/HistoryForm.cs,False,Direct Analysis
CreateListViewItem,288,ShareX-18.0.1/ShareX.HistoryLib/Forms/HistoryForm.cs,False,Direct Analysis
EditListViewItem,297,ShareX-18.0.1/ShareX.HistoryLib/Forms/HistoryForm.cs,False,Direct Analysis
UpdateTitle,346,ShareX-18.0.1/ShareX.HistoryLib/Forms/HistoryForm.cs,False,Direct Analysis
UpdateControls,379,ShareX-18.0.1/ShareX.HistoryLib/Forms/HistoryForm.cs,False,Direct Analysis
UpdatePictureBox,394,ShareX-18.0.1/ShareX.HistoryLib/Forms/HistoryForm.cs,False,Direct Analysis
HistoryForm_Shown,413,ShareX-18.0.1/ShareX.HistoryLib/Forms/HistoryForm.cs,False,Direct Analysis
HistoryForm_Resize,420,ShareX-18.0.1/ShareX.HistoryLib/Forms/HistoryForm.cs,False,Direct Analysis
HistoryForm_FormClosing,425,ShareX-18.0.1/ShareX.HistoryLib/Forms/HistoryForm.cs,False,Direct Analysis
HistoryForm_KeyDown,434,ShareX-18.0.1/ShareX.HistoryLib/Forms/HistoryForm.cs,False,Direct Analysis
tstbSearch_TextChanged,445,ShareX-18.0.1/ShareX.HistoryLib/Forms/HistoryForm.cs,False,Direct Analysis
tsbSearch_Click,450,ShareX-18.0.1/ShareX.HistoryLib/Forms/HistoryForm.cs,False,Direct Analysis
tsbAdvancedSearch_Click,455,ShareX-18.0.1/ShareX.HistoryLib/Forms/HistoryForm.cs,False,Direct Analysis
tsbFavorites_Click,462,ShareX-18.0.1/ShareX.HistoryLib/Forms/HistoryForm.cs,False,Direct Analysis
tsbShowStats_Click,469,ShareX-18.0.1/ShareX.HistoryLib/Forms/HistoryForm.cs,False,Direct Analysis
tsbImportFolder_Click,475,ShareX-18.0.1/ShareX.HistoryLib/Forms/HistoryForm.cs,False,Direct Analysis
tsbSettings_Click,486,ShareX-18.0.1/ShareX.HistoryLib/Forms/HistoryForm.cs,False,Direct Analysis
AdvancedFilter_ValueChanged,494,ShareX-18.0.1/ShareX.HistoryLib/Forms/HistoryForm.cs,False,Direct Analysis
btnAdvancedSearchReset_Click,502,ShareX-18.0.1/ShareX.HistoryLib/Forms/HistoryForm.cs,False,Direct Analysis
btnAdvancedSearchClose_Click,508,ShareX-18.0.1/ShareX.HistoryLib/Forms/HistoryForm.cs,False,Direct Analysis
lvHistory_RetrieveVirtualItem,514,ShareX-18.0.1/ShareX.HistoryLib/Forms/HistoryForm.cs,False,Direct Analysis
lvHistory_CacheVirtualItems,526,ShareX-18.0.1/ShareX.HistoryLib/Forms/HistoryForm.cs,False,Direct Analysis
lvHistory_ItemSelectionChanged,543,ShareX-18.0.1/ShareX.HistoryLib/Forms/HistoryForm.cs,False,Direct Analysis
lvHistory_MouseDoubleClick,548,ShareX-18.0.1/ShareX.HistoryLib/Forms/HistoryForm.cs,False,Direct Analysis
lvHistory_KeyDown,556,ShareX-18.0.1/ShareX.HistoryLib/Forms/HistoryForm.cs,False,Direct Analysis
lvHistory_ItemDrag,561,ShareX-18.0.1/ShareX.HistoryLib/Forms/HistoryForm.cs,False,Direct Analysis
pbThumbnail_MouseDown,582,ShareX-18.0.1/ShareX.HistoryLib/Forms/HistoryForm.cs,False,Direct Analysis
GetUploadersConfigTabPage,48,ShareX-18.0.1/ShareX.UploadersLib/BaseServices/UploaderService.cs,False,Direct Analysis
ToString,53,ShareX-18.0.1/ShareX.UploadersLib/BaseServices/UploaderService.cs,False,Direct Analysis
OnMouseClick,78,ShareX-18.0.1/ShareX.HelpersLib/Controls/ColorButton.cs,False,Direct Analysis
ShowColorDialog,88,ShareX-18.0.1/ShareX.HelpersLib/Controls/ColorButton.cs,False,Direct Analysis
OnMouseEnter,96,ShareX-18.0.1/ShareX.HelpersLib/Controls/ColorButton.cs,False,Direct Analysis
OnMouseLeave,103,ShareX-18.0.1/ShareX.HelpersLib/Controls/ColorButton.cs,False,Direct Analysis
OnPaint,110,ShareX-18.0.1/ShareX.HelpersLib/Controls/ColorButton.cs,False,Direct Analysis
Update,40,ShareX-18.0.1/ShareX.ScreenCaptureLib/Animations/PointAnimation.cs,False,Direct Analysis
SetAll,51,ShareX-18.0.1/ShareX.HelpersLib/ConvolutionMatrix.cs,False,Direct Analysis
ToString,173,ShareX-18.0.1/ShareX.HelpersLib/Colors/HSB.cs,False,Direct Analysis
ToColor,178,ShareX-18.0.1/ShareX.HelpersLib/Colors/HSB.cs,False,Direct Analysis
GetHashCode,183,ShareX-18.0.1/ShareX.HelpersLib/Colors/HSB.cs,False,Direct Analysis
Equals,188,ShareX-18.0.1/ShareX.HelpersLib/Colors/HSB.cs,False,Direct Analysis
OnPaint,73,ShareX-18.0.1/ShareX.HelpersLib/Controls/RoundedCornerPanel.cs,False,Direct Analysis
SendInputs,46,ShareX-18.0.1/ShareX.HelpersLib/Input/InputManager.cs,False,Direct Analysis
ClearInputs,55,ShareX-18.0.1/ShareX.HelpersLib/Input/InputManager.cs,False,Direct Analysis
AddKeyInput,60,ShareX-18.0.1/ShareX.HelpersLib/Input/InputManager.cs,False,Direct Analysis
AddKeyPressText,101,ShareX-18.0.1/ShareX.HelpersLib/Input/InputManager.cs,False,Direct Analysis
AddMouseInput,122,ShareX-18.0.1/ShareX.HelpersLib/Input/InputManager.cs,False,Direct Analysis
AddMouseMove,182,ShareX-18.0.1/ShareX.HelpersLib/Input/InputManager.cs,False,Direct Analysis
AddMouseWheel,198,ShareX-18.0.1/ShareX.HelpersLib/Input/InputManager.cs,False,Direct Analysis
Update,48,ShareX-18.0.1/ShareX.ScreenCaptureLib/Helpers/InputManager.cs,False,Direct Analysis
IsMouseDown,54,ShareX-18.0.1/ShareX.ScreenCaptureLib/Helpers/InputManager.cs,False,Direct Analysis
IsBeforeMouseDown,59,ShareX-18.0.1/ShareX.ScreenCaptureLib/Helpers/InputManager.cs,False,Direct Analysis
Parse,74,ShareX-18.0.1/ShareX.HelpersLib/NameParser/NameParser.cs,False,Direct Analysis
SanitizeInput,331,ShareX-18.0.1/ShareX.HelpersLib/NameParser/NameParser.cs,False,Direct Analysis
OnPaint,40,ShareX-18.0.1/ShareX.HelpersLib/Controls/NoFocusBorderButton.cs,False,Direct Analysis
Upload,44,ShareX-18.0.1/ShareX.UploadersLib/FileUploaders/Transfersh.cs,False,Direct Analysis
Apply,85,ShareX-18.0.1/ShareX.ImageEffectsLib/Adjustments/MatrixColor.cs,False,Direct Analysis
CheckConfig,42,ShareX-18.0.1/ShareX.UploadersLib/FileUploaders/Lambda.cs,False,Direct Analysis
CreateUploader,47,ShareX-18.0.1/ShareX.UploadersLib/FileUploaders/Lambda.cs,False,Direct Analysis
Apply,42,ShareX-18.0.1/ShareX.ImageEffectsLib/Adjustments/Brightness.cs,False,Direct Analysis
GetSummary,50,ShareX-18.0.1/ShareX.ImageEffectsLib/Adjustments/Brightness.cs,False,Direct Analysis
CheckConfig,40,ShareX-18.0.1/ShareX.UploadersLib/URLShorteners/PolrURLShortener.cs,False,Direct Analysis
CreateShortener,45,ShareX-18.0.1/ShareX.UploadersLib/URLShorteners/PolrURLShortener.cs,False,Direct Analysis
Update,46,ShareX-18.0.1/ShareX.ScreenCaptureLib/Helpers/ScrollbarManager.cs,False,Direct Analysis
Dispose,14,ShareX-18.0.1/ShareX.HelpersLib/Controls/LabeledNumericUpDown.Designer.cs,False,Direct Analysis
InitializeComponent,29,ShareX-18.0.1/ShareX.HelpersLib/Controls/LabeledNumericUpDown.Designer.cs,False,Direct Analysis
OnValueChanged,113,ShareX-18.0.1/ShareX.HelpersLib/Controls/LabeledNumericUpDown.cs,False,Direct Analysis
Upload,44,ShareX-18.0.1/ShareX.UploadersLib/FileUploaders/Uguu.cs,False,Direct Analysis
Call,37,ShareX-18.0.1/ShareX.UploadersLib/CustomUploader/Functions/CustomUploaderFunctionRandom.cs,False,Direct Analysis
Apply,50,ShareX-18.0.1/ShareX.ImageEffectsLib/Drawings/DrawBackgroundImage.cs,False,Direct Analysis
GetSummary,55,ShareX-18.0.1/ShareX.ImageEffectsLib/Drawings/DrawBackgroundImage.cs,False,Direct Analysis
CheckConfig,44,ShareX-18.0.1/ShareX.UploadersLib/FileUploaders/GoogleDrive.cs,False,Direct Analysis
CreateUploader,49,ShareX-18.0.1/ShareX.UploadersLib/FileUploaders/GoogleDrive.cs,False,Direct Analysis
ApplyFormState,38,ShareX-18.0.1/ShareX.HelpersLib/WindowState.cs,False,Direct Analysis
UpdateFormState,53,ShareX-18.0.1/ShareX.HelpersLib/WindowState.cs,False,Direct Analysis
InitializeGraphics,37,ShareX-18.0.1/ShareX.ScreenCaptureLib/Helpers/StickerImageListViewRenderer.cs,False,Direct Analysis
DrawItem,54,ShareX-18.0.1/ShareX.ScreenCaptureLib/Helpers/StickerImageListViewRenderer.cs,False,Direct Analysis
Upload,58,ShareX-18.0.1/ShareX.UploadersLib/ImageUploaders/VgymeUploader.cs,False,Direct Analysis
SetDefaultButtonText,51,ShareX-18.0.1/ShareX.HelpersLib/Controls/HotkeySelectionButton.cs,False,Direct Analysis
Reset,57,ShareX-18.0.1/ShareX.HelpersLib/Controls/HotkeySelectionButton.cs,False,Direct Analysis
StartEditing,64,ShareX-18.0.1/ShareX.HelpersLib/Controls/HotkeySelectionButton.cs,False,Direct Analysis
StopEditing,77,ShareX-18.0.1/ShareX.HelpersLib/Controls/HotkeySelectionButton.cs,False,Direct Analysis
UpdateHotkey,93,ShareX-18.0.1/ShareX.HelpersLib/Controls/HotkeySelectionButton.cs,False,Direct Analysis
UpdateHotkeyText,99,ShareX-18.0.1/ShareX.HelpersLib/Controls/HotkeySelectionButton.cs,False,Direct Analysis
OnMouseClick,105,ShareX-18.0.1/ShareX.HelpersLib/Controls/HotkeySelectionButton.cs,False,Direct Analysis
OnLeave,119,ShareX-18.0.1/ShareX.HelpersLib/Controls/HotkeySelectionButton.cs,False,Direct Analysis
OnPreviewKeyDown,129,ShareX-18.0.1/ShareX.HelpersLib/Controls/HotkeySelectionButton.cs,False,Direct Analysis
OnKeyDown,140,ShareX-18.0.1/ShareX.HelpersLib/Controls/HotkeySelectionButton.cs,False,Direct Analysis
OnKeyUp,171,ShareX-18.0.1/ShareX.HelpersLib/Controls/HotkeySelectionButton.cs,False,Direct Analysis
OnHotkeyChanged,188,ShareX-18.0.1/ShareX.HelpersLib/Controls/HotkeySelectionButton.cs,False,Direct Analysis
ShortenURL,47,ShareX-18.0.1/ShareX.UploadersLib/URLShorteners/QRnetURLShortener.cs,False,Direct Analysis
UpdateImage,48,ShareX-18.0.1/ShareX.HelpersLib/Controls/ToolStripButtonCounter.cs,False,Direct Analysis
Load,43,ShareX-18.0.1/ShareX.HistoryLib/HistoryManagerJSON.cs,False,Direct Analysis
Append,63,ShareX-18.0.1/ShareX.HistoryLib/HistoryManagerJSON.cs,False,Direct Analysis
Enqueue,39,ShareX-18.0.1/ShareX.HelpersLib/FixedSizedQueue.cs,False,Direct Analysis
Dispose,14,ShareX-18.0.1/ShareX.HelpersLib/Forms/GradientPickerForm.Designer.cs,False,Direct Analysis
InitializeComponent,29,ShareX-18.0.1/ShareX.HelpersLib/Forms/GradientPickerForm.Designer.cs,False,Direct Analysis
OnGradientChanged,54,ShareX-18.0.1/ShareX.HelpersLib/Forms/GradientPickerForm.cs,False,Direct Analysis
AddPresets,59,ShareX-18.0.1/ShareX.HelpersLib/Forms/GradientPickerForm.cs,False,Direct Analysis
UpdateGradientList,481,ShareX-18.0.1/ShareX.HelpersLib/Forms/GradientPickerForm.cs,False,Direct Analysis
UpdatePreview,501,ShareX-18.0.1/ShareX.HelpersLib/Forms/GradientPickerForm.cs,False,Direct Analysis
AddGradientStop,513,ShareX-18.0.1/ShareX.HelpersLib/Forms/GradientPickerForm.cs,False,Direct Analysis
UpdateListViewItemColor,522,ShareX-18.0.1/ShareX.HelpersLib/Forms/GradientPickerForm.cs,False,Direct Analysis
GetSelectedGradientStop,539,ShareX-18.0.1/ShareX.HelpersLib/Forms/GradientPickerForm.cs,False,Direct Analysis
FindListViewItem,551,ShareX-18.0.1/ShareX.HelpersLib/Forms/GradientPickerForm.cs,False,Direct Analysis
GradientPickerForm_Shown,575,ShareX-18.0.1/ShareX.HelpersLib/Forms/GradientPickerForm.cs,False,Direct Analysis
cbGradientType_SelectedIndexChanged,582,ShareX-18.0.1/ShareX.HelpersLib/Forms/GradientPickerForm.cs,False,Direct Analysis
btnAdd_Click,592,ShareX-18.0.1/ShareX.HelpersLib/Forms/GradientPickerForm.cs,False,Direct Analysis
btnRemove_Click,602,ShareX-18.0.1/ShareX.HelpersLib/Forms/GradientPickerForm.cs,False,Direct Analysis
btnClear_Click,613,ShareX-18.0.1/ShareX.HelpersLib/Forms/GradientPickerForm.cs,False,Direct Analysis
btnReverse_Click,619,ShareX-18.0.1/ShareX.HelpersLib/Forms/GradientPickerForm.cs,False,Direct Analysis
nudLocation_ValueChanged,640,ShareX-18.0.1/ShareX.HelpersLib/Forms/GradientPickerForm.cs,False,Direct Analysis
lvGradientPoints_SelectedIndexChanged,655,ShareX-18.0.1/ShareX.HelpersLib/Forms/GradientPickerForm.cs,False,Direct Analysis
lvGradientPoints_MouseDoubleClick,668,ShareX-18.0.1/ShareX.HelpersLib/Forms/GradientPickerForm.cs,False,Direct Analysis
lvPresets_SelectedIndexChanged,676,ShareX-18.0.1/ShareX.HelpersLib/Forms/GradientPickerForm.cs,False,Direct Analysis
btnOK_Click,690,ShareX-18.0.1/ShareX.HelpersLib/Forms/GradientPickerForm.cs,False,Direct Analysis
btnCancel_Click,696,ShareX-18.0.1/ShareX.HelpersLib/Forms/GradientPickerForm.cs,False,Direct Analysis
OnConfigLoad,38,ShareX-18.0.1/ShareX.ScreenCaptureLib/Shapes/Drawing/ArrowDrawingShape.cs,False,Direct Analysis
OnConfigSave,44,ShareX-18.0.1/ShareX.ScreenCaptureLib/Shapes/Drawing/ArrowDrawingShape.cs,False,Direct Analysis
CreatePen,50,ShareX-18.0.1/ShareX.ScreenCaptureLib/Shapes/Drawing/ArrowDrawingShape.cs,False,Direct Analysis
CanConvertTo,42,ShareX-18.0.1/ShareX.HelpersLib/UITypeEditors/EnumProperNameConverter.cs,False,Direct Analysis
ConvertTo,47,ShareX-18.0.1/ShareX.HelpersLib/UITypeEditors/EnumProperNameConverter.cs,False,Direct Analysis
CanConvertFrom,52,ShareX-18.0.1/ShareX.HelpersLib/UITypeEditors/EnumProperNameConverter.cs,False,Direct Analysis
ConvertFrom,57,ShareX-18.0.1/ShareX.HelpersLib/UITypeEditors/EnumProperNameConverter.cs,False,Direct Analysis
OnPaint,62,ShareX-18.0.1/ShareX.HelpersLib/Controls/ImageLabel.cs,False,Direct Analysis
Initialize,99,ShareX-18.0.1/ShareX.HelpersLib/Colors/ColorUserControl.cs,False,Direct Analysis
Dispose,123,ShareX-18.0.1/ShareX.HelpersLib/Colors/ColorUserControl.cs,False,Direct Analysis
EventClientSizeChanged,137,ShareX-18.0.1/ShareX.HelpersLib/Colors/ColorUserControl.cs,False,Direct Analysis
EventMouseDown,146,ShareX-18.0.1/ShareX.HelpersLib/Colors/ColorUserControl.cs,False,Direct Analysis
EventMouseEnter,153,ShareX-18.0.1/ShareX.HelpersLib/Colors/ColorUserControl.cs,False,Direct Analysis
EventMouseUp,161,ShareX-18.0.1/ShareX.HelpersLib/Colors/ColorUserControl.cs,False,Direct Analysis
EventPaint,167,ShareX-18.0.1/ShareX.HelpersLib/Colors/ColorUserControl.cs,False,Direct Analysis
MouseMoveTimer_Tick,190,ShareX-18.0.1/ShareX.HelpersLib/Colors/ColorUserControl.cs,False,Direct Analysis
OnColorChanged,206,ShareX-18.0.1/ShareX.HelpersLib/Colors/ColorUserControl.cs,False,Direct Analysis
DrawColors,211,ShareX-18.0.1/ShareX.HelpersLib/Colors/ColorUserControl.cs,False,Direct Analysis
SetBoxMarker,236,ShareX-18.0.1/ShareX.HelpersLib/Colors/ColorUserControl.cs,False,Direct Analysis
GetBoxColor,269,ShareX-18.0.1/ShareX.HelpersLib/Colors/ColorUserControl.cs,False,Direct Analysis
SetSliderMarker,306,ShareX-18.0.1/ShareX.HelpersLib/Colors/ColorUserControl.cs,False,Direct Analysis
GetSliderColor,332,ShareX-18.0.1/ShareX.HelpersLib/Colors/ColorUserControl.cs,False,Direct Analysis
GetPointColor,381,ShareX-18.0.1/ShareX.HelpersLib/Colors/ColorUserControl.cs,False,Direct Analysis
GetPoint,394,ShareX-18.0.1/ShareX.HelpersLib/Colors/ColorUserControl.cs,False,Direct Analysis
ReadJson,34,ShareX-18.0.1/ShareX.HelpersLib/Settings/SafeStringEnumConverter.cs,False,Direct Analysis
Dispose,15,ShareX-18.0.1/ShareX/Tools/BorderlessWindow/BorderlessWindowForm.Designer.cs,False,Direct Analysis
InitializeComponent,30,ShareX-18.0.1/ShareX/Tools/BorderlessWindow/BorderlessWindowForm.Designer.cs,False,Direct Analysis
UpdateWindowListMenu,48,ShareX-18.0.1/ShareX/Tools/BorderlessWindow/BorderlessWindowForm.cs,False,Direct Analysis
BorderlessWindowForm_Shown,90,ShareX-18.0.1/ShareX/Tools/BorderlessWindow/BorderlessWindowForm.cs,False,Direct Analysis
mbWindowList_MouseDown,99,ShareX-18.0.1/ShareX/Tools/BorderlessWindow/BorderlessWindowForm.cs,False,Direct Analysis
txtWindowTitle_TextChanged,104,ShareX-18.0.1/ShareX/Tools/BorderlessWindow/BorderlessWindowForm.cs,False,Direct Analysis
btnMakeWindowBorderless_Click,109,ShareX-18.0.1/ShareX/Tools/BorderlessWindow/BorderlessWindowForm.cs,False,Direct Analysis
btnSettings_Click,142,ShareX-18.0.1/ShareX/Tools/BorderlessWindow/BorderlessWindowForm.cs,False,Direct Analysis
InitialQuantizePixel,69,ShareX-18.0.1/ShareX.HelpersLib/GIF/OctreeQuantizer.cs,False,Direct Analysis
QuantizePixel,80,ShareX-18.0.1/ShareX.HelpersLib/GIF/OctreeQuantizer.cs,False,Direct Analysis
GetPalette,96,ShareX-18.0.1/ShareX.HelpersLib/GIF/OctreeQuantizer.cs,False,Direct Analysis
Dispose,14,ShareX-18.0.1/ShareX.HistoryLib/Forms/ImageHistoryForm.Designer.cs,False,Direct Analysis
InitializeComponent,29,ShareX-18.0.1/ShareX.HistoryLib/Forms/ImageHistoryForm.Designer.cs,False,Direct Analysis
UpdateTitle,90,ShareX-18.0.1/ShareX.HistoryLib/Forms/ImageHistoryForm.cs,False,Direct Analysis
RefreshHistoryItems,95,ShareX-18.0.1/ShareX.HistoryLib/Forms/ImageHistoryForm.cs,False,Direct Analysis
DeleteHistoryItems,112,ShareX-18.0.1/ShareX.HistoryLib/Forms/ImageHistoryForm.cs,False,Direct Analysis
UpdateSearchText,126,ShareX-18.0.1/ShareX.HistoryLib/Forms/ImageHistoryForm.cs,False,Direct Analysis
GetHistoryItems,140,ShareX-18.0.1/ShareX.HistoryLib/Forms/ImageHistoryForm.cs,False,Direct Analysis
ApplyFilter,147,ShareX-18.0.1/ShareX.HistoryLib/Forms/ImageHistoryForm.cs,False,Direct Analysis
him_GetHistoryItems,194,ShareX-18.0.1/ShareX.HistoryLib/Forms/ImageHistoryForm.cs,False,Direct Analysis
him_FavoriteRequested,199,ShareX-18.0.1/ShareX.HistoryLib/Forms/ImageHistoryForm.cs,False,Direct Analysis
him_EditRequested,207,ShareX-18.0.1/ShareX.HistoryLib/Forms/ImageHistoryForm.cs,False,Direct Analysis
him_DeleteRequested,212,ShareX-18.0.1/ShareX.HistoryLib/Forms/ImageHistoryForm.cs,False,Direct Analysis
him_DeleteFileRequested,220,ShareX-18.0.1/ShareX.HistoryLib/Forms/ImageHistoryForm.cs,False,Direct Analysis
ImageHistoryForm_Shown,238,ShareX-18.0.1/ShareX.HistoryLib/Forms/ImageHistoryForm.cs,False,Direct Analysis
ImageHistoryForm_FormClosing,246,ShareX-18.0.1/ShareX.HistoryLib/Forms/ImageHistoryForm.cs,False,Direct Analysis
ImageHistoryForm_KeyDown,254,ShareX-18.0.1/ShareX.HistoryLib/Forms/ImageHistoryForm.cs,False,Direct Analysis
ilvImages_SelectionChanged,265,ShareX-18.0.1/ShareX.HistoryLib/Forms/ImageHistoryForm.cs,False,Direct Analysis
ilvImages_ItemDoubleClick,270,ShareX-18.0.1/ShareX.HistoryLib/Forms/ImageHistoryForm.cs,False,Direct Analysis
tstbSearch_KeyDown,307,ShareX-18.0.1/ShareX.HistoryLib/Forms/ImageHistoryForm.cs,False,Direct Analysis
tsbSearch_Click,317,ShareX-18.0.1/ShareX.HistoryLib/Forms/ImageHistoryForm.cs,False,Direct Analysis
tsbFavorites_Click,322,ShareX-18.0.1/ShareX.HistoryLib/Forms/ImageHistoryForm.cs,False,Direct Analysis
tsbShowStats_Click,329,ShareX-18.0.1/ShareX.HistoryLib/Forms/ImageHistoryForm.cs,False,Direct Analysis
tsbImportFolder_Click,335,ShareX-18.0.1/ShareX.HistoryLib/Forms/ImageHistoryForm.cs,False,Direct Analysis
tsbSettings_Click,346,ShareX-18.0.1/ShareX.HistoryLib/Forms/ImageHistoryForm.cs,False,Direct Analysis
ilvImages_KeyDown,358,ShareX-18.0.1/ShareX.HistoryLib/Forms/ImageHistoryForm.cs,False,Direct Analysis
Activate,184,ShareX-18.0.1/ShareX.HelpersLib/Native/WindowInfo.cs,False,Direct Analysis
Restore,200,ShareX-18.0.1/ShareX.HelpersLib/Native/WindowInfo.cs,False,Direct Analysis
SetWindowPos,223,ShareX-18.0.1/ShareX.HelpersLib/Native/WindowInfo.cs,False,Direct Analysis
ToString,228,ShareX-18.0.1/ShareX.HelpersLib/Native/WindowInfo.cs,False,Direct Analysis
KeyboardHookProc,63,ShareX-18.0.1/ShareX.HelpersLib/Input/KeyboardHook.cs,False,Direct Analysis
OnKeyDown,90,ShareX-18.0.1/ShareX.HelpersLib/Input/KeyboardHook.cs,False,Direct Analysis
OnKeyUp,102,ShareX-18.0.1/ShareX.HelpersLib/Input/KeyboardHook.cs,False,Direct Analysis
Dispose,120,ShareX-18.0.1/ShareX.HelpersLib/Input/KeyboardHook.cs,False,Direct Analysis
ToString,200,ShareX-18.0.1/ShareX.HelpersLib/Colors/CMYK.cs,False,Direct Analysis
ToColor,205,ShareX-18.0.1/ShareX.HelpersLib/Colors/CMYK.cs,False,Direct Analysis
GetHashCode,210,ShareX-18.0.1/ShareX.HelpersLib/Colors/CMYK.cs,False,Direct Analysis
Equals,215,ShareX-18.0.1/ShareX.HelpersLib/Colors/CMYK.cs,False,Direct Analysis
Call,40,ShareX-18.0.1/ShareX.UploadersLib/CustomUploader/Functions/CustomUploaderFunctionRegex.cs,False,Direct Analysis
Dispose,14,ShareX-18.0.1/ShareX.HelpersLib/Controls/TabToListView.Designer.cs,False,Direct Analysis
InitializeComponent,29,ShareX-18.0.1/ShareX.HelpersLib/Controls/TabToListView.Designer.cs,False,Direct Analysis
FillListView,84,ShareX-18.0.1/ShareX.HelpersLib/Controls/TabToListView.cs,False,Direct Analysis
lvMain_MouseUp,120,ShareX-18.0.1/ShareX.HelpersLib/Controls/TabToListView.cs,False,Direct Analysis
lvMain_SelectedIndexChanged,139,ShareX-18.0.1/ShareX.HelpersLib/Controls/TabToListView.cs,False,Direct Analysis
LoadTabPage,149,ShareX-18.0.1/ShareX.HelpersLib/Controls/TabToListView.cs,False,Direct Analysis
NavigateToTabPage,162,ShareX-18.0.1/ShareX.HelpersLib/Controls/TabToListView.cs,False,Direct Analysis
FocusListView,179,ShareX-18.0.1/ShareX.HelpersLib/Controls/TabToListView.cs,False,Direct Analysis
ScaleControl,184,ShareX-18.0.1/ShareX.HelpersLib/Controls/TabToListView.cs,False,Direct Analysis
Dispose,45,ShareX-18.0.1/ShareX.ScreenCaptureLib/Helpers/ImageEditorMemento.cs,False,Direct Analysis
CheckConfig,45,ShareX-18.0.1/ShareX.UploadersLib/FileUploaders/OwnCloud.cs,False,Direct Analysis
CreateUploader,50,ShareX-18.0.1/ShareX.UploadersLib/FileUploaders/OwnCloud.cs,False,Direct Analysis
Dispose,14,ShareX-18.0.1/ShareX.HelpersLib/Controls/MyPictureBox.Designer.cs,False,Direct Analysis
InitializeComponent,29,ShareX-18.0.1/ShareX.HelpersLib/Controls/MyPictureBox.Designer.cs,False,Direct Analysis
Open,42,ShareX-18.0.1/ShareX.HelpersLib/CLI/ExternalCLIManager.cs,False,Direct Analysis
cli_OutputDataReceived,90,ShareX-18.0.1/ShareX.HelpersLib/CLI/ExternalCLIManager.cs,False,Direct Analysis
cli_ErrorDataReceived,98,ShareX-18.0.1/ShareX.HelpersLib/CLI/ExternalCLIManager.cs,False,Direct Analysis
WriteInput,106,ShareX-18.0.1/ShareX.HelpersLib/CLI/ExternalCLIManager.cs,False,Direct Analysis
Close,114,ShareX-18.0.1/ShareX.HelpersLib/CLI/ExternalCLIManager.cs,False,Direct Analysis
Dispose,122,ShareX-18.0.1/ShareX.HelpersLib/CLI/ExternalCLIManager.cs,False,Direct Analysis
ParseCommands,55,ShareX-18.0.1/ShareX.HelpersLib/CLI/CLIManager.cs,False,Direct Analysis
IsCommandExist,127,ShareX-18.0.1/ShareX.HelpersLib/CLI/CLIManager.cs,False,Direct Analysis
GetCommand,153,ShareX-18.0.1/ShareX.HelpersLib/CLI/CLIManager.cs,False,Direct Analysis
ExecuteActions,170,ShareX-18.0.1/ShareX.HelpersLib/CLI/CLIManager.cs,False,Direct Analysis
ToString,178,ShareX-18.0.1/ShareX.HelpersLib/CLI/CLIManager.cs,False,Direct Analysis
colorBox_ColorChanged,95,ShareX-18.0.1/ShareX.HelpersLib/Colors/ColorPicker.cs,False,Direct Analysis
colorSlider_ColorChanged,102,ShareX-18.0.1/ShareX.HelpersLib/Colors/ColorPicker.cs,False,Direct Analysis
ChangeColor,109,ShareX-18.0.1/ShareX.HelpersLib/Colors/ColorPicker.cs,False,Direct Analysis
OnColorChanged,115,ShareX-18.0.1/ShareX.HelpersLib/Colors/ColorPicker.cs,False,Direct Analysis
Dispose,124,ShareX-18.0.1/ShareX.HelpersLib/Colors/ColorPicker.cs,False,Direct Analysis
InitializeComponent,133,ShareX-18.0.1/ShareX.HelpersLib/Colors/ColorPicker.cs,False,Direct Analysis
Dispose,14,ShareX-18.0.1/ShareX.MediaLib/Forms/ImageSplitterForm.Designer.cs,False,Direct Analysis
InitializeComponent,29,ShareX-18.0.1/ShareX.MediaLib/Forms/ImageSplitterForm.Designer.cs,False,Direct Analysis
UpdateButtonStates,49,ShareX-18.0.1/ShareX.MediaLib/Forms/ImageSplitterForm.cs,False,Direct Analysis
txtImageFilePath_TextChanged,88,ShareX-18.0.1/ShareX.MediaLib/Forms/ImageSplitterForm.cs,False,Direct Analysis
BtnImageFilePathBrowse_Click,93,ShareX-18.0.1/ShareX.MediaLib/Forms/ImageSplitterForm.cs,False,Direct Analysis
txtOutputFolder_TextChanged,108,ShareX-18.0.1/ShareX.MediaLib/Forms/ImageSplitterForm.cs,False,Direct Analysis
BtnOutputFolderBrowse_Click,113,ShareX-18.0.1/ShareX.MediaLib/Forms/ImageSplitterForm.cs,False,Direct Analysis
nudColumnCount_ValueChanged,118,ShareX-18.0.1/ShareX.MediaLib/Forms/ImageSplitterForm.cs,False,Direct Analysis
nudRowCount_ValueChanged,123,ShareX-18.0.1/ShareX.MediaLib/Forms/ImageSplitterForm.cs,False,Direct Analysis
BtnSplitImage_Click,128,ShareX-18.0.1/ShareX.MediaLib/Forms/ImageSplitterForm.cs,False,Direct Analysis
btnCopyChatEmoji_Click,160,ShareX-18.0.1/ShareX.MediaLib/Forms/ImageSplitterForm.cs,False,Direct Analysis
CreateUploader,43,ShareX-18.0.1/ShareX.UploadersLib/TextUploaders/Paste_ee.cs,False,Direct Analysis
Start,49,ShareX-18.0.1/ShareX.HelpersLib/Cryptographic/HashChecker.cs,False,Direct Analysis
Stop,81,ShareX-18.0.1/ShareX.HelpersLib/Cryptographic/HashChecker.cs,False,Direct Analysis
Apply,55,ShareX-18.0.1/ShareX.ImageEffectsLib/Filters/ColorDepth.cs,False,Direct Analysis
GetSummary,61,ShareX-18.0.1/ShareX.ImageEffectsLib/Filters/ColorDepth.cs,False,Direct Analysis
QuantizePixel,78,ShareX-18.0.1/ShareX.HelpersLib/GIF/GrayscaleQuantizer.cs,False,Direct Analysis
CheckCommand,42,ShareX-18.0.1/ShareX.HelpersLib/CLI/CLICommand.cs,False,Direct Analysis
ToString,47,ShareX-18.0.1/ShareX.HelpersLib/CLI/CLICommand.cs,False,Direct Analysis
OnRenderItemText,36,ShareX-18.0.1/ShareX.HelpersLib/Controls/ToolStripDarkRenderer.cs,False,Direct Analysis
OnRenderArrow,43,ShareX-18.0.1/ShareX.HelpersLib/Controls/ToolStripDarkRenderer.cs,False,Direct Analysis
CreateUploader,43,ShareX-18.0.1/ShareX.UploadersLib/FileUploaders/Plik.cs,False,Direct Analysis
CheckConfig,48,ShareX-18.0.1/ShareX.UploadersLib/FileUploaders/Plik.cs,False,Direct Analysis
ShareURL,57,ShareX-18.0.1/ShareX.UploadersLib/SharingServices/EmailSharingService.cs,False,Direct Analysis
Dispose,14,ShareX-18.0.1/ShareX.UploadersLib/Forms/EmailForm.Designer.cs,False,Direct Analysis
InitializeComponent,29,ShareX-18.0.1/ShareX.UploadersLib/Forms/EmailForm.Designer.cs,False,Direct Analysis
EmailForm_Shown,51,ShareX-18.0.1/ShareX.UploadersLib/Forms/EmailForm.cs,False,Direct Analysis
btnSend_Click,56,ShareX-18.0.1/ShareX.UploadersLib/Forms/EmailForm.cs,False,Direct Analysis
btnCancel_Click,66,ShareX-18.0.1/ShareX.UploadersLib/Forms/EmailForm.cs,False,Direct Analysis
Clear,83,ShareX-18.0.1/ShareX.HelpersLib/Colors/GradientInfo.cs,False,Direct Analysis
Sort,88,ShareX-18.0.1/ShareX.HelpersLib/Colors/GradientInfo.cs,False,Direct Analysis
Reverse,93,ShareX-18.0.1/ShareX.HelpersLib/Colors/GradientInfo.cs,False,Direct Analysis
GetColorBlend,103,ShareX-18.0.1/ShareX.HelpersLib/Colors/GradientInfo.cs,False,Direct Analysis
GetGradientBrush,123,ShareX-18.0.1/ShareX.HelpersLib/Colors/GradientInfo.cs,False,Direct Analysis
ToString,185,ShareX-18.0.1/ShareX.HelpersLib/Colors/GradientInfo.cs,False,Direct Analysis
WndProc,106,ShareX-18.0.1/ShareX.HelpersLib/Input/HotkeyForm.cs,False,Direct Analysis
CheckRepeatLimitTime,125,ShareX-18.0.1/ShareX.HelpersLib/Input/HotkeyForm.cs,False,Direct Analysis
Initialize,38,ShareX-18.0.1/ShareX.HelpersLib/Colors/ColorSlider.cs,False,Direct Analysis
DrawCrosshair,45,ShareX-18.0.1/ShareX.HelpersLib/Colors/ColorSlider.cs,False,Direct Analysis
DrawCrosshair,51,ShareX-18.0.1/ShareX.HelpersLib/Colors/ColorSlider.cs,False,Direct Analysis
DrawHue,57,ShareX-18.0.1/ShareX.HelpersLib/Colors/ColorSlider.cs,False,Direct Analysis
DrawSaturation,76,ShareX-18.0.1/ShareX.HelpersLib/Colors/ColorSlider.cs,False,Direct Analysis
DrawBrightness,91,ShareX-18.0.1/ShareX.HelpersLib/Colors/ColorSlider.cs,False,Direct Analysis
DrawRed,106,ShareX-18.0.1/ShareX.HelpersLib/Colors/ColorSlider.cs,False,Direct Analysis
DrawGreen,121,ShareX-18.0.1/ShareX.HelpersLib/Colors/ColorSlider.cs,False,Direct Analysis
DrawBlue,136,ShareX-18.0.1/ShareX.HelpersLib/Colors/ColorSlider.cs,False,Direct Analysis
Dispose,14,ShareX-18.0.1/ShareX.HelpersLib/Controls/LabeledComboBox.Designer.cs,False,Direct Analysis
InitializeComponent,29,ShareX-18.0.1/ShareX.HelpersLib/Controls/LabeledComboBox.Designer.cs,False,Direct Analysis
Run,43,ShareX-18.0.1/ShareX.HelpersLib/TaskEx.cs,False,Direct Analysis
Report,72,ShareX-18.0.1/ShareX.HelpersLib/TaskEx.cs,False,Direct Analysis
Cancel,80,ShareX-18.0.1/ShareX.HelpersLib/TaskEx.cs,False,Direct Analysis
ThrowIfCancellationRequested,85,ShareX-18.0.1/ShareX.HelpersLib/TaskEx.cs,False,Direct Analysis
UpdateReleaseInfo,51,ShareX-18.0.1/ShareX.HelpersLib/UpdateChecker/FFmpegUpdateChecker.cs,False,Direct Analysis
Apply,67,ShareX-18.0.1/ShareX.ImageEffectsLib/Filters/MatrixConvolution.cs,False,Direct Analysis
Compare,77,ShareX-18.0.1/ShareX.HelpersLib/ListViewColumnSorter.cs,False,Direct Analysis
Dispose,14,ShareX-18.0.1/ShareX.HelpersLib/Forms/OutputBox.Designer.cs,False,Direct Analysis
InitializeComponent,29,ShareX-18.0.1/ShareX.HelpersLib/Forms/OutputBox.Designer.cs,False,Direct Analysis
OutputBox_Shown,54,ShareX-18.0.1/ShareX.HelpersLib/Forms/OutputBox.cs,False,Direct Analysis
Dispose,14,ShareX-18.0.1/ShareX/Tools/PinToScreen/PinToScreenStartupForm.Designer.cs,False,Direct Analysis
InitializeComponent,29,ShareX-18.0.1/ShareX/Tools/PinToScreen/PinToScreenStartupForm.Designer.cs,False,Direct Analysis
btnFromScreen_Click,47,ShareX-18.0.1/ShareX/Tools/PinToScreen/PinToScreenStartupForm.cs,False,Direct Analysis
btnFromClipboard_Click,67,ShareX-18.0.1/ShareX/Tools/PinToScreen/PinToScreenStartupForm.cs,False,Direct Analysis
btnFromFile_Click,82,ShareX-18.0.1/ShareX/Tools/PinToScreen/PinToScreenStartupForm.cs,False,Direct Analysis
btnCancel_Click,93,ShareX-18.0.1/ShareX/Tools/PinToScreen/PinToScreenStartupForm.cs,False,Direct Analysis
CheckConfig,37,ShareX-18.0.1/ShareX.UploadersLib/TextUploaders/CustomTextUploader.cs,False,Direct Analysis
CreateUploader,42,ShareX-18.0.1/ShareX.UploadersLib/TextUploaders/CustomTextUploader.cs,False,Direct Analysis
QuantizePixel,58,ShareX-18.0.1/ShareX.HelpersLib/GIF/PaletteQuantizer.cs,False,Direct Analysis
GetPalette,131,ShareX-18.0.1/ShareX.HelpersLib/GIF/PaletteQuantizer.cs,False,Direct Analysis
OnPaint,160,ShareX-18.0.1/ShareX.HelpersLib/Controls/BlackStyle/BlackStyleLabel.cs,False,Direct Analysis
DrawText,178,ShareX-18.0.1/ShareX.HelpersLib/Controls/BlackStyle/BlackStyleLabel.cs,False,Direct Analysis
Apply,53,ShareX-18.0.1/ShareX.ImageEffectsLib/Adjustments/ReplaceColor.cs,False,Direct Analysis
Dispose,14,ShareX-18.0.1/ShareX.HelpersLib/Forms/DebugForm.Designer.cs,False,Direct Analysis
InitializeComponent,29,ShareX-18.0.1/ShareX.HelpersLib/Forms/DebugForm.Designer.cs,False,Direct Analysis
AppendMessage,84,ShareX-18.0.1/ShareX.HelpersLib/Forms/DebugForm.cs,False,Direct Analysis
btnCopyAll_Click,98,ShareX-18.0.1/ShareX.HelpersLib/Forms/DebugForm.cs,False,Direct Analysis
btnOpenLogFile_Click,104,ShareX-18.0.1/ShareX.HelpersLib/Forms/DebugForm.cs,False,Direct Analysis
btnLoadedAssemblies_Click,109,ShareX-18.0.1/ShareX.HelpersLib/Forms/DebugForm.cs,False,Direct Analysis
btnUploadLog_Click,125,ShareX-18.0.1/ShareX.HelpersLib/Forms/DebugForm.cs,False,Direct Analysis
rtbDebug_LinkClicked,136,ShareX-18.0.1/ShareX.HelpersLib/Forms/DebugForm.cs,False,Direct Analysis
Dispose,14,ShareX-18.0.1/ShareX.HelpersLib/UpdateChecker/DownloaderForm.Designer.cs,False,Direct Analysis
InitializeComponent,29,ShareX-18.0.1/ShareX.HelpersLib/UpdateChecker/DownloaderForm.Designer.cs,False,Direct Analysis
DownloaderForm_Shown,81,ShareX-18.0.1/ShareX.HelpersLib/UpdateChecker/DownloaderForm.cs,False,Direct Analysis
btnAction_MouseClick,89,ShareX-18.0.1/ShareX.HelpersLib/UpdateChecker/DownloaderForm.cs,False,Direct Analysis
Install,110,ShareX-18.0.1/ShareX.HelpersLib/UpdateChecker/DownloaderForm.cs,False,Direct Analysis
RunInstallerWithDelay,122,ShareX-18.0.1/ShareX.HelpersLib/UpdateChecker/DownloaderForm.cs,False,Direct Analysis
RunInstaller,141,ShareX-18.0.1/ShareX.HelpersLib/UpdateChecker/DownloaderForm.cs,False,Direct Analysis
OnInstallRequested,184,ShareX-18.0.1/ShareX.HelpersLib/UpdateChecker/DownloaderForm.cs,False,Direct Analysis
ChangeStatus,193,ShareX-18.0.1/ShareX.HelpersLib/UpdateChecker/DownloaderForm.cs,False,Direct Analysis
StartDownload,198,ShareX-18.0.1/ShareX.HelpersLib/UpdateChecker/DownloaderForm.cs,False,Direct Analysis
FileDownloader_ProgressChanged,248,ShareX-18.0.1/ShareX.HelpersLib/UpdateChecker/DownloaderForm.cs,False,Direct Analysis
DownloaderForm_FormClosing,260,ShareX-18.0.1/ShareX.HelpersLib/UpdateChecker/DownloaderForm.cs,False,Direct Analysis
CreateShortener,37,ShareX-18.0.1/ShareX.UploadersLib/URLShorteners/TwoGPURLShortener.cs,False,Direct Analysis
UpdateExpireDate,53,ShareX-18.0.1/ShareX.UploadersLib/OAuth/OAuth2Token.cs,False,Direct Analysis
OnCreated,34,ShareX-18.0.1/ShareX.ScreenCaptureLib/Shapes/Drawing/ImageScreenDrawingShape.cs,False,Direct Analysis
OnDraw,52,ShareX-18.0.1/ShareX.ScreenCaptureLib/Shapes/Drawing/ImageScreenDrawingShape.cs,False,Direct Analysis
Apply,42,ShareX-18.0.1/ShareX.ImageEffectsLib/Adjustments/Gamma.cs,False,Direct Analysis
GetSummary,50,ShareX-18.0.1/ShareX.ImageEffectsLib/Adjustments/Gamma.cs,False,Direct Analysis
InitializeComponent,16,ShareX-18.0.1/ShareX.HelpersLib/Forms/PrintTextForm.Designer.cs,False,Direct Analysis
Dispose,52,ShareX-18.0.1/ShareX.HelpersLib/Forms/PrintTextForm.cs,False,Direct Analysis
LoadSettings,70,ShareX-18.0.1/ShareX.HelpersLib/Forms/PrintTextForm.cs,False,Direct Analysis
btnPrint_Click,76,ShareX-18.0.1/ShareX.HelpersLib/Forms/PrintTextForm.cs,False,Direct Analysis
btnShowPreview_Click,84,ShareX-18.0.1/ShareX.HelpersLib/Forms/PrintTextForm.cs,False,Direct Analysis
btnCancel_Click,89,ShareX-18.0.1/ShareX.HelpersLib/Forms/PrintTextForm.cs,False,Direct Analysis
btnChangeFont_Click,95,ShareX-18.0.1/ShareX.HelpersLib/Forms/PrintTextForm.cs,False,Direct Analysis
Execute,34,ShareX-18.0.1/ShareX/CaptureHelpers/CaptureLastRegion.cs,False,Direct Analysis
CheckUpdateAsync,45,ShareX-18.0.1/ShareX.HelpersLib/UpdateChecker/XMLUpdateChecker.cs,False,Direct Analysis
Lock,56,ShareX-18.0.1/ShareX.HelpersLib/UnsafeBitmap.cs,False,Direct Analysis
Unlock,66,ShareX-18.0.1/ShareX.HelpersLib/UnsafeBitmap.cs,False,Direct Analysis
Equals,87,ShareX-18.0.1/ShareX.HelpersLib/UnsafeBitmap.cs,False,Direct Analysis
GetHashCode,92,ShareX-18.0.1/ShareX.HelpersLib/UnsafeBitmap.cs,False,Direct Analysis
IsTransparent,126,ShareX-18.0.1/ShareX.HelpersLib/UnsafeBitmap.cs,False,Direct Analysis
GetPixel,145,ShareX-18.0.1/ShareX.HelpersLib/UnsafeBitmap.cs,False,Direct Analysis
GetPixel,150,ShareX-18.0.1/ShareX.HelpersLib/UnsafeBitmap.cs,False,Direct Analysis
SetPixel,155,ShareX-18.0.1/ShareX.HelpersLib/UnsafeBitmap.cs,False,Direct Analysis
SetPixel,160,ShareX-18.0.1/ShareX.HelpersLib/UnsafeBitmap.cs,False,Direct Analysis
SetPixel,165,ShareX-18.0.1/ShareX.HelpersLib/UnsafeBitmap.cs,False,Direct Analysis
SetPixel,170,ShareX-18.0.1/ShareX.HelpersLib/UnsafeBitmap.cs,False,Direct Analysis
ClearPixel,175,ShareX-18.0.1/ShareX.HelpersLib/UnsafeBitmap.cs,False,Direct Analysis
ClearPixel,180,ShareX-18.0.1/ShareX.HelpersLib/UnsafeBitmap.cs,False,Direct Analysis
Dispose,185,ShareX-18.0.1/ShareX.HelpersLib/UnsafeBitmap.cs,False,Direct Analysis
ToString,41,ShareX-18.0.1/ShareX.MediaLib/VideoThumbnailInfo.cs,False,Direct Analysis
SetVisibleCore,45,ShareX-18.0.1/ShareX.HelpersLib/Forms/TrayForm.cs,False,Direct Analysis
Dispose,56,ShareX-18.0.1/ShareX.HelpersLib/Forms/TrayForm.cs,False,Direct Analysis
CheckConfig,43,ShareX-18.0.1/ShareX.UploadersLib/ImageUploaders/Photobucket.cs,False,Direct Analysis
CreateUploader,48,ShareX-18.0.1/ShareX.UploadersLib/ImageUploaders/Photobucket.cs,False,Direct Analysis
OnSubscribeControlEvents,49,ShareX-18.0.1/ShareX.HelpersLib/Controls/ToolStripNumericUpDown.cs,False,Direct Analysis
OnUnsubscribeControlEvents,56,ShareX-18.0.1/ShareX.HelpersLib/Controls/ToolStripNumericUpDown.cs,False,Direct Analysis
OnValueChanged,63,ShareX-18.0.1/ShareX.HelpersLib/Controls/ToolStripNumericUpDown.cs,False,Direct Analysis
Dispose,14,ShareX-18.0.1/ShareX/Controls/TaskThumbnailPanel.Designer.cs,False,Direct Analysis
InitializeComponent,32,ShareX-18.0.1/ShareX/Controls/TaskThumbnailPanel.Designer.cs,False,Direct Analysis
OnImagePreviewRequested,246,ShareX-18.0.1/ShareX/Controls/TaskThumbnailPanel.cs,False,Direct Analysis
UpdateTheme,251,ShareX-18.0.1/ShareX/Controls/TaskThumbnailPanel.cs,False,Direct Analysis
UpdateTitle,262,ShareX-18.0.1/ShareX/Controls/TaskThumbnailPanel.cs,False,Direct Analysis
UpdateLayout,278,ShareX-18.0.1/ShareX/Controls/TaskThumbnailPanel.cs,False,Direct Analysis
UpdateThumbnail,317,ShareX-18.0.1/ShareX/Controls/TaskThumbnailPanel.cs,False,Direct Analysis
CreateThumbnail,348,ShareX-18.0.1/ShareX/Controls/TaskThumbnailPanel.cs,False,Direct Analysis
UpdateProgress,399,ShareX-18.0.1/ShareX/Controls/TaskThumbnailPanel.cs,False,Direct Analysis
UpdateStatus,413,ShareX-18.0.1/ShareX/Controls/TaskThumbnailPanel.cs,False,Direct Analysis
ClearThumbnail,424,ShareX-18.0.1/ShareX/Controls/TaskThumbnailPanel.cs,False,Direct Analysis
ExecuteClickAction,439,ShareX-18.0.1/ShareX/Controls/TaskThumbnailPanel.cs,False,Direct Analysis
LblTitle_MouseClick,514,ShareX-18.0.1/ShareX/Controls/TaskThumbnailPanel.cs,False,Direct Analysis
lblError_MouseClick,536,ShareX-18.0.1/ShareX/Controls/TaskThumbnailPanel.cs,False,Direct Analysis
PbThumbnail_MouseDown,544,ShareX-18.0.1/ShareX/Controls/TaskThumbnailPanel.cs,False,Direct Analysis
PbThumbnail_MouseUp,553,ShareX-18.0.1/ShareX/Controls/TaskThumbnailPanel.cs,False,Direct Analysis
PbThumbnail_MouseClick,558,ShareX-18.0.1/ShareX/Controls/TaskThumbnailPanel.cs,False,Direct Analysis
pbThumbnail_MouseDoubleClick,566,ShareX-18.0.1/ShareX/Controls/TaskThumbnailPanel.cs,False,Direct Analysis
PbThumbnail_MouseMove,574,ShareX-18.0.1/ShareX/Controls/TaskThumbnailPanel.cs,False,Direct Analysis
pThumbnail_DragEnter,602,ShareX-18.0.1/ShareX/Controls/TaskThumbnailPanel.cs,False,Direct Analysis
pThumbnail_DragLeave,620,ShareX-18.0.1/ShareX/Controls/TaskThumbnailPanel.cs,False,Direct Analysis
pThumbnail_DragDrop,626,ShareX-18.0.1/ShareX/Controls/TaskThumbnailPanel.cs,False,Direct Analysis
TtMain_Draw,651,ShareX-18.0.1/ShareX/Controls/TaskThumbnailPanel.cs,False,Direct Analysis
Apply,50,ShareX-18.0.1/ShareX.ImageEffectsLib/Adjustments/SelectiveColor.cs,False,Direct Analysis
OnConfigLoad,40,ShareX-18.0.1/ShareX.ScreenCaptureLib/Shapes/Effect/BlurEffectShape.cs,False,Direct Analysis
OnConfigSave,45,ShareX-18.0.1/ShareX.ScreenCaptureLib/Shapes/Effect/BlurEffectShape.cs,False,Direct Analysis
ApplyEffect,50,ShareX-18.0.1/ShareX.ScreenCaptureLib/Shapes/Effect/BlurEffectShape.cs,False,Direct Analysis
OnDrawFinal,55,ShareX-18.0.1/ShareX.ScreenCaptureLib/Shapes/Effect/BlurEffectShape.cs,False,Direct Analysis
Dispose,14,ShareX-18.0.1/ShareX.HelpersLib/Controls/DoubleLabeledNumericUpDown.Designer.cs,False,Direct Analysis
InitializeComponent,29,ShareX-18.0.1/ShareX.HelpersLib/Controls/DoubleLabeledNumericUpDown.Designer.cs,False,Direct Analysis
OnValueChanged,126,ShareX-18.0.1/ShareX.HelpersLib/Controls/DoubleLabeledNumericUpDown.cs,False,Direct Analysis
Initialize,55,ShareX-18.0.1/ShareX.HelpersLib/Cryptographic/Crc32.cs,False,Direct Analysis
HashCore,60,ShareX-18.0.1/ShareX.HelpersLib/Cryptographic/Crc32.cs,False,Direct Analysis
HashFinal,65,ShareX-18.0.1/ShareX.HelpersLib/Cryptographic/Crc32.cs,False,Direct Analysis
Dispose,14,ShareX-18.0.1/ShareX.HistoryLib/Forms/HistoryImportForm.Designer.cs,False,Direct Analysis
InitializeComponent,29,ShareX-18.0.1/ShareX.HistoryLib/Forms/HistoryImportForm.Designer.cs,False,Direct Analysis
ImportFolder,49,ShareX-18.0.1/ShareX.HistoryLib/Forms/HistoryImportForm.cs,False,Direct Analysis
txtFolderPath_TextChanged,115,ShareX-18.0.1/ShareX.HistoryLib/Forms/HistoryImportForm.cs,False,Direct Analysis
btnBrowse_Click,120,ShareX-18.0.1/ShareX.HistoryLib/Forms/HistoryImportForm.cs,False,Direct Analysis
btnImport_Click,125,ShareX-18.0.1/ShareX.HistoryLib/Forms/HistoryImportForm.cs,False,Direct Analysis
Step,139,ShareX-18.0.1/ShareX.HelpersLib/Extensions/ObjectExtensions.cs,False,Direct Analysis
ToString,92,ShareX-18.0.1/ShareX/QuickTaskInfo.cs,False,Direct Analysis
Clear,100,ShareX-18.0.1/ShareX.HelpersLib/Cryptographic/Translator.cs,False,Direct Analysis
EncodeText,108,ShareX-18.0.1/ShareX.HelpersLib/Cryptographic/Translator.cs,False,Direct Analysis
DecodeBinary,137,ShareX-18.0.1/ShareX.HelpersLib/Cryptographic/Translator.cs,False,Direct Analysis
DecodeHex,152,ShareX-18.0.1/ShareX.HelpersLib/Cryptographic/Translator.cs,False,Direct Analysis
DecodeASCII,167,ShareX-18.0.1/ShareX.HelpersLib/Cryptographic/Translator.cs,False,Direct Analysis
DecodeBase64,182,ShareX-18.0.1/ShareX.HelpersLib/Cryptographic/Translator.cs,False,Direct Analysis
ToString,209,ShareX-18.0.1/ShareX.HelpersLib/Cryptographic/Translator.cs,False,Direct Analysis
OnShown,68,ShareX-18.0.1/ShareX/Tools/ScreenTearingTestForm.cs,False,Direct Analysis
OnMouseUp,75,ShareX-18.0.1/ShareX/Tools/ScreenTearingTestForm.cs,False,Direct Analysis
OnMouseWheel,87,ShareX-18.0.1/ShareX/Tools/ScreenTearingTestForm.cs,False,Direct Analysis
OnPaintBackground,101,ShareX-18.0.1/ShareX/Tools/ScreenTearingTestForm.cs,False,Direct Analysis
OnPaint,106,ShareX-18.0.1/ShareX/Tools/ScreenTearingTestForm.cs,False,Direct Analysis
Dispose,140,ShareX-18.0.1/ShareX/Tools/ScreenTearingTestForm.cs,False,Direct Analysis
WndProc,50,ShareX-18.0.1/ShareX.HelpersLib/Controls/ToolStripEx.cs,False,Direct Analysis
CheckConfig,42,ShareX-18.0.1/ShareX.UploadersLib/FileUploaders/Pomf.cs,False,Direct Analysis
CreateUploader,47,ShareX-18.0.1/ShareX.UploadersLib/FileUploaders/Pomf.cs,False,Direct Analysis
Upload,74,ShareX-18.0.1/ShareX.UploadersLib/FileUploaders/Lambda.cs,False,Direct Analysis
UpdateCursorData,49,ShareX-18.0.1/ShareX.HelpersLib/CursorData.cs,False,Direct Analysis
DrawCursor,129,ShareX-18.0.1/ShareX.HelpersLib/CursorData.cs,False,Direct Analysis
DrawCursor,145,ShareX-18.0.1/ShareX.HelpersLib/CursorData.cs,False,Direct Analysis
ToBitmap,160,ShareX-18.0.1/ShareX.HelpersLib/CursorData.cs,False,Direct Analysis
Dispose,14,ShareX-18.0.1/ShareX.HelpersLib/Controls/ExportImportControl.Designer.cs,False,Direct Analysis
InitializeComponent,29,ShareX-18.0.1/ShareX.HelpersLib/Controls/ExportImportControl.Designer.cs,False,Direct Analysis
Serialize,72,ShareX-18.0.1/ShareX.HelpersLib/Controls/ExportImportControl.cs,False,Direct Analysis
tsmiExportClipboard_Click,92,ShareX-18.0.1/ShareX.HelpersLib/Controls/ExportImportControl.cs,False,Direct Analysis
tsmiExportFile_Click,107,ShareX-18.0.1/ShareX.HelpersLib/Controls/ExportImportControl.cs,False,Direct Analysis
tsmiExportUpload_Click,135,ShareX-18.0.1/ShareX.HelpersLib/Controls/ExportImportControl.cs,False,Direct Analysis
Deserialize,150,ShareX-18.0.1/ShareX.HelpersLib/Controls/ExportImportControl.cs,False,Direct Analysis
tsmiImportClipboard_Click,204,ShareX-18.0.1/ShareX.HelpersLib/Controls/ExportImportControl.cs,False,Direct Analysis
tsmiImportFile_Click,216,ShareX-18.0.1/ShareX.HelpersLib/Controls/ExportImportControl.cs,False,Direct Analysis
tsmiImportURL_Click,239,ShareX-18.0.1/ShareX.HelpersLib/Controls/ExportImportControl.cs,False,Direct Analysis
AutoDisable,40,ShareX-18.0.1/ShareX.HelpersLib/DWMManager.cs,False,Direct Analysis
Dispose,64,ShareX-18.0.1/ShareX.HelpersLib/DWMManager.cs,False,Direct Analysis
OnPaint,124,ShareX-18.0.1/ShareX.HelpersLib/Controls/BlackStyle/BlackStyleCheckBox.cs,False,Direct Analysis
OnMouseEnter,138,ShareX-18.0.1/ShareX.HelpersLib/Controls/BlackStyle/BlackStyleCheckBox.cs,False,Direct Analysis
OnMouseLeave,146,ShareX-18.0.1/ShareX.HelpersLib/Controls/BlackStyle/BlackStyleCheckBox.cs,False,Direct Analysis
OnClick,154,ShareX-18.0.1/ShareX.HelpersLib/Controls/BlackStyle/BlackStyleCheckBox.cs,False,Direct Analysis
OnCheckedChanged,164,ShareX-18.0.1/ShareX.HelpersLib/Controls/BlackStyle/BlackStyleCheckBox.cs,False,Direct Analysis
DrawBackground,169,ShareX-18.0.1/ShareX.HelpersLib/Controls/BlackStyle/BlackStyleCheckBox.cs,False,Direct Analysis
DrawText,193,ShareX-18.0.1/ShareX.HelpersLib/Controls/BlackStyle/BlackStyleCheckBox.cs,False,Direct Analysis
Dispose,201,ShareX-18.0.1/ShareX.HelpersLib/Controls/BlackStyle/BlackStyleCheckBox.cs,False,Direct Analysis
Dispose,71,ShareX-18.0.1/ShareX.HelpersLib/MutexManager.cs,False,Direct Analysis
Execute,30,ShareX-18.0.1/ShareX/CaptureHelpers/CaptureActiveWindow.cs,False,Direct Analysis
CheckConfig,55,ShareX-18.0.1/ShareX.UploadersLib/FileUploaders/BackblazeB2.cs,False,Direct Analysis
CreateUploader,60,ShareX-18.0.1/ShareX.UploadersLib/FileUploaders/BackblazeB2.cs,False,Direct Analysis
cmsHistory_Opening,75,ShareX-18.0.1/ShareX.HistoryLib/HistoryItemManager.cs,False,Direct Analysis
UpdateSelectedHistoryItem,80,ShareX-18.0.1/ShareX.HistoryLib/HistoryItemManager.cs,False,Direct Analysis
OpenURL,197,ShareX-18.0.1/ShareX.HistoryLib/HistoryItemManager.cs,False,Direct Analysis
OpenShortenedURL,202,ShareX-18.0.1/ShareX.HistoryLib/HistoryItemManager.cs,False,Direct Analysis
OpenThumbnailURL,207,ShareX-18.0.1/ShareX.HistoryLib/HistoryItemManager.cs,False,Direct Analysis
OpenDeletionURL,212,ShareX-18.0.1/ShareX.HistoryLib/HistoryItemManager.cs,False,Direct Analysis
OpenFile,217,ShareX-18.0.1/ShareX.HistoryLib/HistoryItemManager.cs,False,Direct Analysis
OpenFolder,222,ShareX-18.0.1/ShareX.HistoryLib/HistoryItemManager.cs,False,Direct Analysis
TryOpen,227,ShareX-18.0.1/ShareX.HistoryLib/HistoryItemManager.cs,False,Direct Analysis
CopyImage,337,ShareX-18.0.1/ShareX.HistoryLib/HistoryItemManager.cs,False,Direct Analysis
CopyText,342,ShareX-18.0.1/ShareX.HistoryLib/HistoryItemManager.cs,False,Direct Analysis
EditTag,621,ShareX-18.0.1/ShareX.HistoryLib/HistoryItemManager.cs,False,Direct Analysis
Edit,633,ShareX-18.0.1/ShareX.HistoryLib/HistoryItemManager.cs,False,Direct Analysis
RenameFile,644,ShareX-18.0.1/ShareX.HistoryLib/HistoryItemManager.cs,False,Direct Analysis
Delete,668,ShareX-18.0.1/ShareX.HistoryLib/HistoryItemManager.cs,False,Direct Analysis
DeleteFile,687,ShareX-18.0.1/ShareX.HistoryLib/HistoryItemManager.cs,False,Direct Analysis
ShowImagePreview,706,ShareX-18.0.1/ShareX.HistoryLib/HistoryItemManager.cs,False,Direct Analysis
UploadFile,711,ShareX-18.0.1/ShareX.HistoryLib/HistoryItemManager.cs,False,Direct Analysis
EditImage,716,ShareX-18.0.1/ShareX.HistoryLib/HistoryItemManager.cs,False,Direct Analysis
PinToScreen,721,ShareX-18.0.1/ShareX.HistoryLib/HistoryItemManager.cs,False,Direct Analysis
InitializeComponent,86,ShareX-18.0.1/ShareX.HistoryLib/HistoryItemManager_ContextMenu.cs,False,Direct Analysis
UpdateContextMenu,524,ShareX-18.0.1/ShareX.HistoryLib/HistoryItemManager_ContextMenu.cs,False,Direct Analysis
tsmiOpenURL_Click,663,ShareX-18.0.1/ShareX.HistoryLib/HistoryItemManager_ContextMenu.cs,False,Direct Analysis
tsmiOpenShortenedURL_Click,668,ShareX-18.0.1/ShareX.HistoryLib/HistoryItemManager_ContextMenu.cs,False,Direct Analysis
tsmiOpenThumbnailURL_Click,673,ShareX-18.0.1/ShareX.HistoryLib/HistoryItemManager_ContextMenu.cs,False,Direct Analysis
tsmiOpenDeletionURL_Click,678,ShareX-18.0.1/ShareX.HistoryLib/HistoryItemManager_ContextMenu.cs,False,Direct Analysis
tsmiOpenFile_Click,683,ShareX-18.0.1/ShareX.HistoryLib/HistoryItemManager_ContextMenu.cs,False,Direct Analysis
tsmiOpenFolder_Click,688,ShareX-18.0.1/ShareX.HistoryLib/HistoryItemManager_ContextMenu.cs,False,Direct Analysis
tsmiCopyURL_Click,693,ShareX-18.0.1/ShareX.HistoryLib/HistoryItemManager_ContextMenu.cs,False,Direct Analysis
tsmiCopyShortenedURL_Click,698,ShareX-18.0.1/ShareX.HistoryLib/HistoryItemManager_ContextMenu.cs,False,Direct Analysis
tsmiCopyThumbnailURL_Click,703,ShareX-18.0.1/ShareX.HistoryLib/HistoryItemManager_ContextMenu.cs,False,Direct Analysis
tsmiCopyDeletionURL_Click,708,ShareX-18.0.1/ShareX.HistoryLib/HistoryItemManager_ContextMenu.cs,False,Direct Analysis
tsmiCopyFile_Click,713,ShareX-18.0.1/ShareX.HistoryLib/HistoryItemManager_ContextMenu.cs,False,Direct Analysis
tsmiCopyImage_Click,718,ShareX-18.0.1/ShareX.HistoryLib/HistoryItemManager_ContextMenu.cs,False,Direct Analysis
tsmiCopyText_Click,723,ShareX-18.0.1/ShareX.HistoryLib/HistoryItemManager_ContextMenu.cs,False,Direct Analysis
tsmiCopyHTMLLink_Click,728,ShareX-18.0.1/ShareX.HistoryLib/HistoryItemManager_ContextMenu.cs,False,Direct Analysis
tsmiCopyHTMLImage_Click,733,ShareX-18.0.1/ShareX.HistoryLib/HistoryItemManager_ContextMenu.cs,False,Direct Analysis
tsmiCopyHTMLLinkedImage_Click,738,ShareX-18.0.1/ShareX.HistoryLib/HistoryItemManager_ContextMenu.cs,False,Direct Analysis
tsmiCopyForumLink_Click,743,ShareX-18.0.1/ShareX.HistoryLib/HistoryItemManager_ContextMenu.cs,False,Direct Analysis
tsmiCopyForumImage_Click,748,ShareX-18.0.1/ShareX.HistoryLib/HistoryItemManager_ContextMenu.cs,False,Direct Analysis
tsmiCopyForumLinkedImage_Click,753,ShareX-18.0.1/ShareX.HistoryLib/HistoryItemManager_ContextMenu.cs,False,Direct Analysis
tsmiCopyMarkdownLinkedImage_Click,758,ShareX-18.0.1/ShareX.HistoryLib/HistoryItemManager_ContextMenu.cs,False,Direct Analysis
tsmiCopyMarkdownLink_Click,763,ShareX-18.0.1/ShareX.HistoryLib/HistoryItemManager_ContextMenu.cs,False,Direct Analysis
tsmiCopyMarkdownImage_Click,768,ShareX-18.0.1/ShareX.HistoryLib/HistoryItemManager_ContextMenu.cs,False,Direct Analysis
tsmiCopyFilePath_Click,773,ShareX-18.0.1/ShareX.HistoryLib/HistoryItemManager_ContextMenu.cs,False,Direct Analysis
tsmiCopyFileName_Click,778,ShareX-18.0.1/ShareX.HistoryLib/HistoryItemManager_ContextMenu.cs,False,Direct Analysis
tsmiCopyFileNameWithExtension_Click,783,ShareX-18.0.1/ShareX.HistoryLib/HistoryItemManager_ContextMenu.cs,False,Direct Analysis
tsmiCopyFolder_Click,788,ShareX-18.0.1/ShareX.HistoryLib/HistoryItemManager_ContextMenu.cs,False,Direct Analysis
tsmiFavorite_Click,793,ShareX-18.0.1/ShareX.HistoryLib/HistoryItemManager_ContextMenu.cs,False,Direct Analysis
tsmiTag_Click,798,ShareX-18.0.1/ShareX.HistoryLib/HistoryItemManager_ContextMenu.cs,False,Direct Analysis
tsmiEdit_Click,803,ShareX-18.0.1/ShareX.HistoryLib/HistoryItemManager_ContextMenu.cs,False,Direct Analysis
tsmiRenameFile_Click,808,ShareX-18.0.1/ShareX.HistoryLib/HistoryItemManager_ContextMenu.cs,False,Direct Analysis
tsmiDelete_Click,813,ShareX-18.0.1/ShareX.HistoryLib/HistoryItemManager_ContextMenu.cs,False,Direct Analysis
tsmiDeleteFile_Click,818,ShareX-18.0.1/ShareX.HistoryLib/HistoryItemManager_ContextMenu.cs,False,Direct Analysis
tsmiShowImagePreview_Click,823,ShareX-18.0.1/ShareX.HistoryLib/HistoryItemManager_ContextMenu.cs,False,Direct Analysis
tsmiUploadFile_Click,828,ShareX-18.0.1/ShareX.HistoryLib/HistoryItemManager_ContextMenu.cs,False,Direct Analysis
tsmiEditImage_Click,833,ShareX-18.0.1/ShareX.HistoryLib/HistoryItemManager_ContextMenu.cs,False,Direct Analysis
tsmiPinToScreen_Click,838,ShareX-18.0.1/ShareX.HistoryLib/HistoryItemManager_ContextMenu.cs,False,Direct Analysis
Run,72,ShareX-18.0.1/ShareX.HelpersLib/SevenZipManager.cs,False,Direct Analysis
Prepare,75,ShareX-18.0.1/ShareX.HelpersLib/Controls/BlackStyle/BlackStyleButton.cs,False,Direct Analysis
OnPaint,83,ShareX-18.0.1/ShareX.HelpersLib/Controls/BlackStyle/BlackStyleButton.cs,False,Direct Analysis
OnMouseEnter,97,ShareX-18.0.1/ShareX.HelpersLib/Controls/BlackStyle/BlackStyleButton.cs,False,Direct Analysis
OnMouseLeave,105,ShareX-18.0.1/ShareX.HelpersLib/Controls/BlackStyle/BlackStyleButton.cs,False,Direct Analysis
OnResize,113,ShareX-18.0.1/ShareX.HelpersLib/Controls/BlackStyle/BlackStyleButton.cs,False,Direct Analysis
DrawBackground,120,ShareX-18.0.1/ShareX.HelpersLib/Controls/BlackStyle/BlackStyleButton.cs,False,Direct Analysis
DrawText,135,ShareX-18.0.1/ShareX.HelpersLib/Controls/BlackStyle/BlackStyleButton.cs,False,Direct Analysis
Dispose,141,ShareX-18.0.1/ShareX.HelpersLib/Controls/BlackStyle/BlackStyleButton.cs,False,Direct Analysis
Update,40,ShareX-18.0.1/ShareX.ScreenCaptureLib/Animations/RectangleAnimation.cs,False,Direct Analysis
Upload,88,ShareX-18.0.1/ShareX.UploadersLib/FileUploaders/SendSpace.cs,False,Direct Analysis
ParseResponse,119,ShareX-18.0.1/ShareX.UploadersLib/FileUploaders/SendSpace.cs,False,Direct Analysis
AuthRegister,265,ShareX-18.0.1/ShareX.UploadersLib/FileUploaders/SendSpace.cs,False,Direct Analysis
AuthCreateToken,290,ShareX-18.0.1/ShareX.UploadersLib/FileUploaders/SendSpace.cs,False,Direct Analysis
UploadGetInfo,412,ShareX-18.0.1/ShareX.UploadersLib/FileUploaders/SendSpace.cs,False,Direct Analysis
AnonymousUploadGetInfo,439,ShareX-18.0.1/ShareX.UploadersLib/FileUploaders/SendSpace.cs,False,Direct Analysis
GetSummary,49,ShareX-18.0.1/ShareX.ImageEffectsLib/ImageEffect.cs,False,Direct Analysis
ToString,54,ShareX-18.0.1/ShareX.ImageEffectsLib/ImageEffect.cs,False,Direct Analysis
Call,35,ShareX-18.0.1/ShareX.UploadersLib/CustomUploader/Functions/CustomUploaderFunctionFileName.cs,False,Direct Analysis
Apply,79,ShareX-18.0.1/ShareX.ImageEffectsLib/Manipulations/ForceProportions.cs,False,Direct Analysis
GetSummary,123,ShareX-18.0.1/ShareX.ImageEffectsLib/Manipulations/ForceProportions.cs,False,Direct Analysis
ApplyFilter,53,ShareX-18.0.1/ShareX.HistoryLib/HistoryFilter.cs,False,Direct Analysis
Apply,48,ShareX-18.0.1/ShareX.ImageEffectsLib/Manipulations/Rotate.cs,False,Direct Analysis
GetSummary,61,ShareX-18.0.1/ShareX.ImageEffectsLib/Manipulations/Rotate.cs,False,Direct Analysis
Equals,101,ShareX-18.0.1/ShareX.HelpersLib/Extensions/ObjectExtensions.cs,False,Direct Analysis
GetHashCode,106,ShareX-18.0.1/ShareX.HelpersLib/Extensions/ObjectExtensions.cs,False,Direct Analysis
Apply,53,ShareX-18.0.1/ShareX.ImageEffectsLib/Filters/TornEdge.cs,False,Direct Analysis
GetSummary,58,ShareX-18.0.1/ShareX.ImageEffectsLib/Filters/TornEdge.cs,False,Direct Analysis
Dispose,14,ShareX-18.0.1/ShareX.MediaLib/Forms/VideoConverterForm.Designer.cs,False,Direct Analysis
InitializeComponent,29,ShareX-18.0.1/ShareX.MediaLib/Forms/VideoConverterForm.Designer.cs,False,Direct Analysis
UpdateOptions,81,ShareX-18.0.1/ShareX.MediaLib/Forms/VideoConverterForm.cs,False,Direct Analysis
UpdateInputFilePathTextBox,183,ShareX-18.0.1/ShareX.MediaLib/Forms/VideoConverterForm.cs,False,Direct Analysis
StartEncoding,198,ShareX-18.0.1/ShareX.MediaLib/Forms/VideoConverterForm.cs,False,Direct Analysis
Manager_EncodeProgressChanged,237,ShareX-18.0.1/ShareX.MediaLib/Forms/VideoConverterForm.cs,False,Direct Analysis
txtInputFilePath_TextChanged,245,ShareX-18.0.1/ShareX.MediaLib/Forms/VideoConverterForm.cs,False,Direct Analysis
btnInputFilePathBrowse_Click,250,ShareX-18.0.1/ShareX.MediaLib/Forms/VideoConverterForm.cs,False,Direct Analysis
txtOutputFolder_TextChanged,262,ShareX-18.0.1/ShareX.MediaLib/Forms/VideoConverterForm.cs,False,Direct Analysis
btnOutputFolderBrowse_Click,267,ShareX-18.0.1/ShareX.MediaLib/Forms/VideoConverterForm.cs,False,Direct Analysis
txtOutputFileName_TextChanged,272,ShareX-18.0.1/ShareX.MediaLib/Forms/VideoConverterForm.cs,False,Direct Analysis
cbVideoEncoder_SelectedIndexChanged,277,ShareX-18.0.1/ShareX.MediaLib/Forms/VideoConverterForm.cs,False,Direct Analysis
cbVideoQualityUseBitrate_CheckedChanged,282,ShareX-18.0.1/ShareX.MediaLib/Forms/VideoConverterForm.cs,False,Direct Analysis
tbVideoQuality_ValueChanged,287,ShareX-18.0.1/ShareX.MediaLib/Forms/VideoConverterForm.cs,False,Direct Analysis
nudVideoQualityBitrate_ValueChanged,292,ShareX-18.0.1/ShareX.MediaLib/Forms/VideoConverterForm.cs,False,Direct Analysis
cbAutoOpenFolder_CheckedChanged,297,ShareX-18.0.1/ShareX.MediaLib/Forms/VideoConverterForm.cs,False,Direct Analysis
cbUseCustomArguments_CheckedChanged,302,ShareX-18.0.1/ShareX.MediaLib/Forms/VideoConverterForm.cs,False,Direct Analysis
txtArguments_TextChanged,307,ShareX-18.0.1/ShareX.MediaLib/Forms/VideoConverterForm.cs,False,Direct Analysis
btnEncode_Click,312,ShareX-18.0.1/ShareX.MediaLib/Forms/VideoConverterForm.cs,False,Direct Analysis
VideoConverterForm_DragEnter,347,ShareX-18.0.1/ShareX.MediaLib/Forms/VideoConverterForm.cs,False,Direct Analysis
VideoConverterForm_DragDrop,359,ShareX-18.0.1/ShareX.MediaLib/Forms/VideoConverterForm.cs,False,Direct Analysis
VideoConverterForm_FormClosing,368,ShareX-18.0.1/ShareX.MediaLib/Forms/VideoConverterForm.cs,False,Direct Analysis
SetFont,43,ShareX-18.0.1/ShareX.HelpersLib/FontSafe.cs,False,Direct Analysis
GetFont,48,ShareX-18.0.1/ShareX.HelpersLib/FontSafe.cs,False,Direct Analysis
Apply,33,ShareX-18.0.1/ShareX.ImageEffectsLib/Filters/Sharpen.cs,False,Direct Analysis
Dispose,14,ShareX-18.0.1/ShareX.UploadersLib/Forms/ResponseForm.Designer.cs,False,Direct Analysis
InitializeComponent,29,ShareX-18.0.1/ShareX.UploadersLib/Forms/ResponseForm.Designer.cs,False,Direct Analysis
UpdateResult,90,ShareX-18.0.1/ShareX.UploadersLib/Forms/ResponseForm.cs,False,Direct Analysis
UpdateResultTab,113,ShareX-18.0.1/ShareX.UploadersLib/Forms/ResponseForm.cs,False,Direct Analysis
UpdateResponseInfoTab,126,ShareX-18.0.1/ShareX.UploadersLib/Forms/ResponseForm.cs,False,Direct Analysis
tcMain_Selecting,134,ShareX-18.0.1/ShareX.UploadersLib/Forms/ResponseForm.cs,False,Direct Analysis
tsbCopyShortenedURL_Click,143,ShareX-18.0.1/ShareX.UploadersLib/Forms/ResponseForm.cs,False,Direct Analysis
tsbCopyURL_Click,148,ShareX-18.0.1/ShareX.UploadersLib/Forms/ResponseForm.cs,False,Direct Analysis
tsbCopyThumbnailURL_Click,153,ShareX-18.0.1/ShareX.UploadersLib/Forms/ResponseForm.cs,False,Direct Analysis
tsbCopyDeletionURL_Click,158,ShareX-18.0.1/ShareX.UploadersLib/Forms/ResponseForm.cs,False,Direct Analysis
rtbResult_LinkClicked,163,ShareX-18.0.1/ShareX.UploadersLib/Forms/ResponseForm.cs,False,Direct Analysis
tsbResponseTextJSONFormat_Click,168,ShareX-18.0.1/ShareX.UploadersLib/Forms/ResponseForm.cs,False,Direct Analysis
tsbResponseTextXMLFormat_Click,185,ShareX-18.0.1/ShareX.UploadersLib/Forms/ResponseForm.cs,False,Direct Analysis
tsbResponseTextCopy_Click,202,ShareX-18.0.1/ShareX.UploadersLib/Forms/ResponseForm.cs,False,Direct Analysis
Apply,59,ShareX-18.0.1/ShareX.ImageEffectsLib/Filters/Blur.cs,False,Direct Analysis
GetSummary,65,ShareX-18.0.1/ShareX.ImageEffectsLib/Filters/Blur.cs,False,Direct Analysis
CreateUploader,43,ShareX-18.0.1/ShareX.UploadersLib/TextUploaders/Upaste.cs,False,Direct Analysis
RGBAUpdate,71,ShareX-18.0.1/ShareX.HelpersLib/Colors/MyColor.cs,False,Direct Analysis
HSBUpdate,77,ShareX-18.0.1/ShareX.HelpersLib/Colors/MyColor.cs,False,Direct Analysis
CMYKUpdate,83,ShareX-18.0.1/ShareX.HelpersLib/Colors/MyColor.cs,False,Direct Analysis
ToString,89,ShareX-18.0.1/ShareX.HelpersLib/Colors/MyColor.cs,False,Direct Analysis
GetHashCode,104,ShareX-18.0.1/ShareX.HelpersLib/Colors/MyColor.cs,False,Direct Analysis
Equals,109,ShareX-18.0.1/ShareX.HelpersLib/Colors/MyColor.cs,False,Direct Analysis
RefreshStatus,67,ShareX-18.0.1/ShareX.HelpersLib/UpdateChecker/UpdateChecker.cs,False,Direct Analysis
DownloadUpdate,87,ShareX-18.0.1/ShareX.HelpersLib/UpdateChecker/UpdateChecker.cs,False,Direct Analysis
Parse,54,ShareX-18.0.1/ShareX.UploadersLib/CustomUploader/ShareXCustomUploaderSyntaxParser.cs,False,Direct Analysis
CallFunction,67,ShareX-18.0.1/ShareX.UploadersLib/CustomUploader/ShareXCustomUploaderSyntaxParser.cs,False,Direct Analysis
ShowNodes,73,ShareX-18.0.1/ShareX.ScreenCaptureLib/Shapes/Tool/CutOutTool.cs,False,Direct Analysis
OnUpdate,77,ShareX-18.0.1/ShareX.ScreenCaptureLib/Shapes/Tool/CutOutTool.cs,False,Direct Analysis
OnDraw,136,ShareX-18.0.1/ShareX.ScreenCaptureLib/Shapes/Tool/CutOutTool.cs,False,Direct Analysis
OnCreated,145,ShareX-18.0.1/ShareX.ScreenCaptureLib/Shapes/Tool/CutOutTool.cs,False,Direct Analysis
ConfirmButton_MousePressed,172,ShareX-18.0.1/ShareX.ScreenCaptureLib/Shapes/Tool/CutOutTool.cs,False,Direct Analysis
CancelButton_MousePressed,178,ShareX-18.0.1/ShareX.ScreenCaptureLib/Shapes/Tool/CutOutTool.cs,False,Direct Analysis
Remove,183,ShareX-18.0.1/ShareX.ScreenCaptureLib/Shapes/Tool/CutOutTool.cs,False,Direct Analysis
Dispose,193,ShareX-18.0.1/ShareX.ScreenCaptureLib/Shapes/Tool/CutOutTool.cs,False,Direct Analysis
ClipboardViewerForm_Load,43,ShareX-18.0.1/ShareX.HelpersLib/Forms/ClipboardViewerForm.cs,False,Direct Analysis
RefreshClipboardContentList,48,ShareX-18.0.1/ShareX.HelpersLib/Forms/ClipboardViewerForm.cs,False,Direct Analysis
UpdateSelectedClipboardContent,78,ShareX-18.0.1/ShareX.HelpersLib/Forms/ClipboardViewerForm.cs,False,Direct Analysis
ResetSelected,138,ShareX-18.0.1/ShareX.HelpersLib/Forms/ClipboardViewerForm.cs,False,Direct Analysis
LoadImage,147,ShareX-18.0.1/ShareX.HelpersLib/Forms/ClipboardViewerForm.cs,False,Direct Analysis
LoadText,153,ShareX-18.0.1/ShareX.HelpersLib/Forms/ClipboardViewerForm.cs,False,Direct Analysis
btnRefresh_Click,159,ShareX-18.0.1/ShareX.HelpersLib/Forms/ClipboardViewerForm.cs,False,Direct Analysis
btnClearClipboard_Click,164,ShareX-18.0.1/ShareX.HelpersLib/Forms/ClipboardViewerForm.cs,False,Direct Analysis
lvClipboardContentList_SelectedIndexChanged,170,ShareX-18.0.1/ShareX.HelpersLib/Forms/ClipboardViewerForm.cs,False,Direct Analysis
Dispose,14,ShareX-18.0.1/ShareX.HelpersLib/Forms/ClipboardViewerForm.designer.cs,False,Direct Analysis
InitializeComponent,29,ShareX-18.0.1/ShareX.HelpersLib/Forms/ClipboardViewerForm.designer.cs,False,Direct Analysis
Add,46,ShareX-18.0.1/ShareX.UploadersLib/Helpers/UploaderErrorManager.cs,False,Direct Analysis
Add,51,ShareX-18.0.1/ShareX.UploadersLib/Helpers/UploaderErrorManager.cs,False,Direct Analysis
Add,56,ShareX-18.0.1/ShareX.UploadersLib/Helpers/UploaderErrorManager.cs,False,Direct Analysis
AddFirst,61,ShareX-18.0.1/ShareX.UploadersLib/Helpers/UploaderErrorManager.cs,False,Direct Analysis
AddFirst,66,ShareX-18.0.1/ShareX.UploadersLib/Helpers/UploaderErrorManager.cs,False,Direct Analysis
ToString,71,ShareX-18.0.1/ShareX.UploadersLib/Helpers/UploaderErrorManager.cs,False,Direct Analysis
ToString,82,ShareX-18.0.1/ShareX.ScreenCaptureLib/Helpers/SnapSize.cs,False,Direct Analysis
Call,33,ShareX-18.0.1/ShareX.UploadersLib/CustomUploader/Functions/CustomUploaderFunctionResponse.cs,False,Direct Analysis
Apply,46,ShareX-18.0.1/ShareX.ImageEffectsLib/Adjustments/Colorize.cs,False,Direct Analysis
GetSummary,54,ShareX-18.0.1/ShareX.ImageEffectsLib/Adjustments/Colorize.cs,False,Direct Analysis
ToColor,59,ShareX-18.0.1/ShareX.HelpersLib/XmlColor.cs,False,Direct Analysis
ToArgb,64,ShareX-18.0.1/ShareX.HelpersLib/XmlColor.cs,False,Direct Analysis
ToString,69,ShareX-18.0.1/ShareX.HelpersLib/XmlColor.cs,False,Direct Analysis
Dispose,14,ShareX-18.0.1/ShareX.HelpersLib/Forms/ErrorForm.Designer.cs,False,Direct Analysis
InitializeComponent,29,ShareX-18.0.1/ShareX.HelpersLib/Forms/ErrorForm.Designer.cs,False,Direct Analysis
ErrorForm_Shown,67,ShareX-18.0.1/ShareX.HelpersLib/Forms/ErrorForm.cs,False,Direct Analysis
btnSendBugReport_Click,72,ShareX-18.0.1/ShareX.HelpersLib/Forms/ErrorForm.cs,False,Direct Analysis
btnOpenLogFile_Click,77,ShareX-18.0.1/ShareX.HelpersLib/Forms/ErrorForm.cs,False,Direct Analysis
btnContinue_Click,82,ShareX-18.0.1/ShareX.HelpersLib/Forms/ErrorForm.cs,False,Direct Analysis
btnClose_Click,88,ShareX-18.0.1/ShareX.HelpersLib/Forms/ErrorForm.cs,False,Direct Analysis
btnOK_Click,94,ShareX-18.0.1/ShareX.HelpersLib/Forms/ErrorForm.cs,False,Direct Analysis
Apply,33,ShareX-18.0.1/ShareX.ImageEffectsLib/Adjustments/Inverse.cs,False,Direct Analysis
CreateUploader,44,ShareX-18.0.1/ShareX.UploadersLib/TextUploaders/OneTimeSecret.cs,False,Direct Analysis
Apply,42,ShareX-18.0.1/ShareX.ImageEffectsLib/Adjustments/Hue.cs,False,Direct Analysis
GetSummary,50,ShareX-18.0.1/ShareX.ImageEffectsLib/Adjustments/Hue.cs,False,Direct Analysis
Apply,42,ShareX-18.0.1/ShareX.ImageEffectsLib/Adjustments/Grayscale.cs,False,Direct Analysis
GetSummary,50,ShareX-18.0.1/ShareX.ImageEffectsLib/Adjustments/Grayscale.cs,False,Direct Analysis
Update,42,ShareX-18.0.1/ShareX.ScreenCaptureLib/Animations/ColorBlinkAnimation.cs,False,Direct Analysis
LoadImage,66,ShareX-18.0.1/ShareX.HelpersLib/Forms/ImageViewer.cs,False,Direct Analysis
LoadCurrentImage,73,ShareX-18.0.1/ShareX.HelpersLib/Forms/ImageViewer.cs,False,Direct Analysis
NavigateImage,86,ShareX-18.0.1/ShareX.HelpersLib/Forms/ImageViewer.cs,False,Direct Analysis
FilterImageFiles,114,ShareX-18.0.1/ShareX.HelpersLib/Forms/ImageViewer.cs,False,Direct Analysis
UpdateStatus,145,ShareX-18.0.1/ShareX.HelpersLib/Forms/ImageViewer.cs,False,Direct Analysis
AppendStatus,172,ShareX-18.0.1/ShareX.HelpersLib/Forms/ImageViewer.cs,False,Direct Analysis
ImageViewer_Shown,224,ShareX-18.0.1/ShareX.HelpersLib/Forms/ImageViewer.cs,False,Direct Analysis
ImageViewer_Deactivate,231,ShareX-18.0.1/ShareX.HelpersLib/Forms/ImageViewer.cs,False,Direct Analysis
lblLeft_MouseDown,236,ShareX-18.0.1/ShareX.HelpersLib/Forms/ImageViewer.cs,False,Direct Analysis
lblRight_MouseDown,245,ShareX-18.0.1/ShareX.HelpersLib/Forms/ImageViewer.cs,False,Direct Analysis
pbPreview_MouseClick,254,ShareX-18.0.1/ShareX.HelpersLib/Forms/ImageViewer.cs,False,Direct Analysis
pbPreview_MouseMove,259,ShareX-18.0.1/ShareX.HelpersLib/Forms/ImageViewer.cs,False,Direct Analysis
pbPreview_MouseWheel,266,ShareX-18.0.1/ShareX.HelpersLib/Forms/ImageViewer.cs,False,Direct Analysis
pbPreview_KeyDown,278,ShareX-18.0.1/ShareX.HelpersLib/Forms/ImageViewer.cs,False,Direct Analysis
pbPreview_KeyUp,291,ShareX-18.0.1/ShareX.HelpersLib/Forms/ImageViewer.cs,False,Direct Analysis
pbPreview_PreviewKeyDown,303,ShareX-18.0.1/ShareX.HelpersLib/Forms/ImageViewer.cs,False,Direct Analysis
lblStatus_MouseEnter,314,ShareX-18.0.1/ShareX.HelpersLib/Forms/ImageViewer.cs,False,Direct Analysis
Dispose,323,ShareX-18.0.1/ShareX.HelpersLib/Forms/ImageViewer.cs,False,Direct Analysis
InitializeComponent,335,ShareX-18.0.1/ShareX.HelpersLib/Forms/ImageViewer.cs,False,Direct Analysis
GetEditStyle,37,ShareX-18.0.1/ShareX.HelpersLib/UITypeEditors/MyColorEditor.cs,False,Direct Analysis
EditValue,42,ShareX-18.0.1/ShareX.HelpersLib/UITypeEditors/MyColorEditor.cs,False,Direct Analysis
GetPaintValueSupported,67,ShareX-18.0.1/ShareX.HelpersLib/UITypeEditors/MyColorEditor.cs,False,Direct Analysis
PaintValue,72,ShareX-18.0.1/ShareX.HelpersLib/UITypeEditors/MyColorEditor.cs,False,Direct Analysis
UpdateInfo,75,ShareX-18.0.1/ShareX/TaskMetadata.cs,False,Direct Analysis
Dispose,84,ShareX-18.0.1/ShareX/TaskMetadata.cs,False,Direct Analysis
MyMessageBox_Shown,155,ShareX-18.0.1/ShareX.HelpersLib/Forms/MyMessageBox.cs,False,Direct Analysis
GetAuthorizationURL,73,ShareX-18.0.1/ShareX.UploadersLib/ImageUploaders/FlickrUploader.cs,False,Direct Analysis
GetAccessToken,83,ShareX-18.0.1/ShareX.UploadersLib/ImageUploaders/FlickrUploader.cs,False,Direct Analysis
PhotosGetSizes,89,ShareX-18.0.1/ShareX.UploadersLib/ImageUploaders/FlickrUploader.cs,False,Direct Analysis
Upload,104,ShareX-18.0.1/ShareX.UploadersLib/ImageUploaders/FlickrUploader.cs,False,Direct Analysis
ParseResponse,151,ShareX-18.0.1/ShareX.UploadersLib/ImageUploaders/FlickrUploader.cs,False,Direct Analysis
GetEditStyle,37,ShareX-18.0.1/ShareX.HelpersLib/UITypeEditors/GradientEditor.cs,False,Direct Analysis
EditValue,42,ShareX-18.0.1/ShareX.HelpersLib/UITypeEditors/GradientEditor.cs,False,Direct Analysis
GetPaintValueSupported,67,ShareX-18.0.1/ShareX.HelpersLib/UITypeEditors/GradientEditor.cs,False,Direct Analysis
PaintValue,72,ShareX-18.0.1/ShareX.HelpersLib/UITypeEditors/GradientEditor.cs,False,Direct Analysis
CheckConfig,42,ShareX-18.0.1/ShareX.UploadersLib/ImageUploaders/Chevereto.cs,False,Direct Analysis
CreateUploader,48,ShareX-18.0.1/ShareX.UploadersLib/ImageUploaders/Chevereto.cs,False,Direct Analysis
Equals,149,ShareX-18.0.1/ShareX.HelpersLib/Native/NativeStructs.cs,False,Direct Analysis
Equals,154,ShareX-18.0.1/ShareX.HelpersLib/Native/NativeStructs.cs,False,Direct Analysis
GetHashCode,169,ShareX-18.0.1/ShareX.HelpersLib/Native/NativeStructs.cs,False,Direct Analysis
ToString,174,ShareX-18.0.1/ShareX.HelpersLib/Native/NativeStructs.cs,False,Direct Analysis
GetFolderInfo,67,ShareX-18.0.1/ShareX.IndexerLib/Indexer.cs,False,Direct Analysis
Dispose,14,ShareX-18.0.1/ShareX.ScreenCaptureLib/Forms/TextDrawingInputBox.Designer.cs,False,Direct Analysis
InitializeComponent,29,ShareX-18.0.1/ShareX.ScreenCaptureLib/Forms/TextDrawingInputBox.Designer.cs,False,Direct Analysis
Close,111,ShareX-18.0.1/ShareX.ScreenCaptureLib/Forms/TextDrawingInputBox.cs,False,Direct Analysis
UpdateEnterTip,123,ShareX-18.0.1/ShareX.ScreenCaptureLib/Forms/TextDrawingInputBox.cs,False,Direct Analysis
TextDrawingInputBox_Shown,135,ShareX-18.0.1/ShareX.ScreenCaptureLib/Forms/TextDrawingInputBox.cs,False,Direct Analysis
cbFonts_SelectedIndexChanged,140,ShareX-18.0.1/ShareX.ScreenCaptureLib/Forms/TextDrawingInputBox.cs,False,Direct Analysis
nudTextSize_ValueChanged,146,ShareX-18.0.1/ShareX.ScreenCaptureLib/Forms/TextDrawingInputBox.cs,False,Direct Analysis
btnTextColor_ColorChanged,152,ShareX-18.0.1/ShareX.ScreenCaptureLib/Forms/TextDrawingInputBox.cs,False,Direct Analysis
btnGradient_Click,158,ShareX-18.0.1/ShareX.ScreenCaptureLib/Forms/TextDrawingInputBox.cs,False,Direct Analysis
tsmiEnableGradient_Click,163,ShareX-18.0.1/ShareX.ScreenCaptureLib/Forms/TextDrawingInputBox.cs,False,Direct Analysis
tsmiSecondColor_Click,168,ShareX-18.0.1/ShareX.ScreenCaptureLib/Forms/TextDrawingInputBox.cs,False,Direct Analysis
tsrbmiGradientHorizontal_Click,176,ShareX-18.0.1/ShareX.ScreenCaptureLib/Forms/TextDrawingInputBox.cs,False,Direct Analysis
tsrbmiGradientVertical_Click,181,ShareX-18.0.1/ShareX.ScreenCaptureLib/Forms/TextDrawingInputBox.cs,False,Direct Analysis
tsrbmiGradientForwardDiagonal_Click,186,ShareX-18.0.1/ShareX.ScreenCaptureLib/Forms/TextDrawingInputBox.cs,False,Direct Analysis
tsrbmiGradientBackwardDiagonal_Click,191,ShareX-18.0.1/ShareX.ScreenCaptureLib/Forms/TextDrawingInputBox.cs,False,Direct Analysis
cbBold_CheckedChanged,196,ShareX-18.0.1/ShareX.ScreenCaptureLib/Forms/TextDrawingInputBox.cs,False,Direct Analysis
cbItalic_CheckedChanged,202,ShareX-18.0.1/ShareX.ScreenCaptureLib/Forms/TextDrawingInputBox.cs,False,Direct Analysis
cbUnderline_CheckedChanged,208,ShareX-18.0.1/ShareX.ScreenCaptureLib/Forms/TextDrawingInputBox.cs,False,Direct Analysis
btnAlignmentHorizontal_Click,214,ShareX-18.0.1/ShareX.ScreenCaptureLib/Forms/TextDrawingInputBox.cs,False,Direct Analysis
tsmiAlignmentLeft_Click,219,ShareX-18.0.1/ShareX.ScreenCaptureLib/Forms/TextDrawingInputBox.cs,False,Direct Analysis
tsmiAlignmentCenter_Click,226,ShareX-18.0.1/ShareX.ScreenCaptureLib/Forms/TextDrawingInputBox.cs,False,Direct Analysis
tsmiAlignmentRight_Click,233,ShareX-18.0.1/ShareX.ScreenCaptureLib/Forms/TextDrawingInputBox.cs,False,Direct Analysis
btnAlignmentVertical_Click,240,ShareX-18.0.1/ShareX.ScreenCaptureLib/Forms/TextDrawingInputBox.cs,False,Direct Analysis
tsmiAlignmentTop_Click,245,ShareX-18.0.1/ShareX.ScreenCaptureLib/Forms/TextDrawingInputBox.cs,False,Direct Analysis
tsmiAlignmentMiddle_Click,251,ShareX-18.0.1/ShareX.ScreenCaptureLib/Forms/TextDrawingInputBox.cs,False,Direct Analysis
tsmiAlignmentBottom_Click,257,ShareX-18.0.1/ShareX.ScreenCaptureLib/Forms/TextDrawingInputBox.cs,False,Direct Analysis
txtInput_KeyDown,263,ShareX-18.0.1/ShareX.ScreenCaptureLib/Forms/TextDrawingInputBox.cs,False,Direct Analysis
txtInput_KeyUp,280,ShareX-18.0.1/ShareX.ScreenCaptureLib/Forms/TextDrawingInputBox.cs,False,Direct Analysis
btnSwapEnterKey_Click,301,ShareX-18.0.1/ShareX.ScreenCaptureLib/Forms/TextDrawingInputBox.cs,False,Direct Analysis
btnOK_Click,307,ShareX-18.0.1/ShareX.ScreenCaptureLib/Forms/TextDrawingInputBox.cs,False,Direct Analysis
btnCancel_Click,312,ShareX-18.0.1/ShareX.ScreenCaptureLib/Forms/TextDrawingInputBox.cs,False,Direct Analysis
UpdateInputBox,317,ShareX-18.0.1/ShareX.ScreenCaptureLib/Forms/TextDrawingInputBox.cs,False,Direct Analysis
UpdateButtonImages,355,ShareX-18.0.1/ShareX.ScreenCaptureLib/Forms/TextDrawingInputBox.cs,False,Direct Analysis
UpdateHorizontalAlignmentImage,370,ShareX-18.0.1/ShareX.ScreenCaptureLib/Forms/TextDrawingInputBox.cs,False,Direct Analysis
UpdateVerticalAlignmentImage,387,ShareX-18.0.1/ShareX.ScreenCaptureLib/Forms/TextDrawingInputBox.cs,False,Direct Analysis
InitializeComponent,16,ShareX-18.0.1/ShareX.HelpersLib/Forms/PrintForm.Designer.cs,False,Direct Analysis
Dispose,49,ShareX-18.0.1/ShareX.HelpersLib/Forms/PrintForm.cs,False,Direct Analysis
PrintForm_Shown,67,ShareX-18.0.1/ShareX.HelpersLib/Forms/PrintForm.cs,False,Direct Analysis
LoadSettings,72,ShareX-18.0.1/ShareX.HelpersLib/Forms/PrintForm.cs,False,Direct Analysis
btnPrint_Click,87,ShareX-18.0.1/ShareX.HelpersLib/Forms/PrintForm.cs,False,Direct Analysis
btnShowPreview_Click,95,ShareX-18.0.1/ShareX.HelpersLib/Forms/PrintForm.cs,False,Direct Analysis
btnCancel_Click,100,ShareX-18.0.1/ShareX.HelpersLib/Forms/PrintForm.cs,False,Direct Analysis
nudMargin_ValueChanged,106,ShareX-18.0.1/ShareX.HelpersLib/Forms/PrintForm.cs,False,Direct Analysis
cbAutoRotate_CheckedChanged,111,ShareX-18.0.1/ShareX.HelpersLib/Forms/PrintForm.cs,False,Direct Analysis
cbAutoScale_CheckedChanged,116,ShareX-18.0.1/ShareX.HelpersLib/Forms/PrintForm.cs,False,Direct Analysis
cbAllowEnlarge_CheckedChanged,123,ShareX-18.0.1/ShareX.HelpersLib/Forms/PrintForm.cs,False,Direct Analysis
cbCenterImage_CheckedChanged,128,ShareX-18.0.1/ShareX.HelpersLib/Forms/PrintForm.cs,False,Direct Analysis
Apply,82,ShareX-18.0.1/ShareX.ImageEffectsLib/Filters/Shadow.cs,False,Direct Analysis
GetSummary,87,ShareX-18.0.1/ShareX.ImageEffectsLib/Filters/Shadow.cs,False,Direct Analysis
Timer_Tick,48,ShareX-18.0.1/ShareX.HelpersLib/ControlHider.cs,False,Direct Analysis
Show,58,ShareX-18.0.1/ShareX.HelpersLib/ControlHider.cs,False,Direct Analysis
Dispose,69,ShareX-18.0.1/ShareX.HelpersLib/ControlHider.cs,False,Direct Analysis
Dispose,14,ShareX-18.0.1/ShareX.HistoryLib/Forms/HistoryItemEditForm.Designer.cs,False,Direct Analysis
InitializeComponent,29,ShareX-18.0.1/ShareX.HistoryLib/Forms/HistoryItemEditForm.Designer.cs,False,Direct Analysis
LoadSettings,46,ShareX-18.0.1/ShareX.HistoryLib/Forms/HistoryItemEditForm.cs,False,Direct Analysis
SaveSettings,66,ShareX-18.0.1/ShareX.HistoryLib/Forms/HistoryItemEditForm.cs,False,Direct Analysis
btnOK_Click,86,ShareX-18.0.1/ShareX.HistoryLib/Forms/HistoryItemEditForm.cs,False,Direct Analysis
btnCancel_Click,94,ShareX-18.0.1/ShareX.HistoryLib/Forms/HistoryItemEditForm.cs,False,Direct Analysis
OnConfigLoad,37,ShareX-18.0.1/ShareX.ScreenCaptureLib/Shapes/Drawing/SmartEraserDrawingShape.cs,False,Direct Analysis
OnConfigSave,41,ShareX-18.0.1/ShareX.ScreenCaptureLib/Shapes/Drawing/SmartEraserDrawingShape.cs,False,Direct Analysis
OnCreating,45,ShareX-18.0.1/ShareX.ScreenCaptureLib/Shapes/Drawing/SmartEraserDrawingShape.cs,False,Direct Analysis
OnDraw,62,ShareX-18.0.1/ShareX.ScreenCaptureLib/Shapes/Drawing/SmartEraserDrawingShape.cs,False,Direct Analysis
UpdateStatusColor,57,ShareX-18.0.1/ShareX/Controls/TaskRoundedCornerPanel.cs,False,Direct Analysis
OnPaint,84,ShareX-18.0.1/ShareX/Controls/TaskRoundedCornerPanel.cs,False,Direct Analysis
CheckConfig,45,ShareX-18.0.1/ShareX.UploadersLib/FileUploaders/Pushbullet.cs,False,Direct Analysis
CreateUploader,51,ShareX-18.0.1/ShareX.UploadersLib/FileUploaders/Pushbullet.cs,False,Direct Analysis
Dispose,14,ShareX-18.0.1/ShareX/Forms/FirstTimeUploadForm.Designer.cs,False,Direct Analysis
InitializeComponent,29,ShareX-18.0.1/ShareX/Forms/FirstTimeUploadForm.Designer.cs,False,Direct Analysis
UpdateCountdown,51,ShareX-18.0.1/ShareX/Forms/FirstTimeUploadForm.cs,False,Direct Analysis
FirstTimeUploadForm_Shown,74,ShareX-18.0.1/ShareX/Forms/FirstTimeUploadForm.cs,False,Direct Analysis
tCountdown_Tick,79,ShareX-18.0.1/ShareX/Forms/FirstTimeUploadForm.cs,False,Direct Analysis
btnYes_Click,87,ShareX-18.0.1/ShareX/Forms/FirstTimeUploadForm.cs,False,Direct Analysis
btnNo_Click,93,ShareX-18.0.1/ShareX/Forms/FirstTimeUploadForm.cs,False,Direct Analysis
Init,54,ShareX-18.0.1/ShareX.HelpersLib/XmlFont.cs,False,Direct Analysis
ToFont,87,ShareX-18.0.1/ShareX.HelpersLib/XmlFont.cs,False,Direct Analysis
ToString,92,ShareX-18.0.1/ShareX.HelpersLib/XmlFont.cs,False,Direct Analysis
Apply,90,ShareX-18.0.1/ShareX.ImageEffectsLib/Drawings/DrawImage.cs,False,Direct Analysis
GetSummary,178,ShareX-18.0.1/ShareX.ImageEffectsLib/Drawings/DrawImage.cs,False,Direct Analysis
CanConvertTo,42,ShareX-18.0.1/ShareX.HelpersLib/UITypeEditors/EnumDescriptionConverter.cs,False,Direct Analysis
ConvertTo,47,ShareX-18.0.1/ShareX.HelpersLib/UITypeEditors/EnumDescriptionConverter.cs,False,Direct Analysis
CanConvertFrom,52,ShareX-18.0.1/ShareX.HelpersLib/UITypeEditors/EnumDescriptionConverter.cs,False,Direct Analysis
ConvertFrom,57,ShareX-18.0.1/ShareX.HelpersLib/UITypeEditors/EnumDescriptionConverter.cs,False,Direct Analysis
AnalyzeGifSignature,90,ShareX-18.0.1/ShareX.HelpersLib/GIF/GifClass.cs,False,Direct Analysis
AnalyzeScreenDescriptor,124,ShareX-18.0.1/ShareX.HelpersLib/GIF/GifClass.cs,False,Direct Analysis
AnalyzeImageDescriptor,161,ShareX-18.0.1/ShareX.HelpersLib/GIF/GifClass.cs,False,Direct Analysis
GetImageData,203,ShareX-18.0.1/ShareX.HelpersLib/GIF/GifClass.cs,False,Direct Analysis
ToString,49,ShareX-18.0.1/ShareX/HotkeySettings.cs,False,Direct Analysis
Execute,47,ShareX-18.0.1/ShareX/CaptureHelpers/CaptureWindow.cs,False,Direct Analysis
Dispose,14,ShareX-18.0.1/ShareX/Forms/TaskSettingsForm.Designer.cs,False,Direct Analysis
InitializeComponent,29,ShareX-18.0.1/ShareX/Forms/TaskSettingsForm.Designer.cs,False,Direct Analysis
TaskSettingsForm_Resize,502,ShareX-18.0.1/ShareX/Forms/TaskSettingsForm.cs,False,Direct Analysis
tttvMain_TabChanged,507,ShareX-18.0.1/ShareX/Forms/TaskSettingsForm.cs,False,Direct Analysis
UpdateWindowTitle,515,ShareX-18.0.1/ShareX/Forms/TaskSettingsForm.cs,False,Direct Analysis
UpdateDefaultSettingVisibility,527,ShareX-18.0.1/ShareX/Forms/TaskSettingsForm.cs,False,Direct Analysis
UpdateDestinationStates,543,ShareX-18.0.1/ShareX/Forms/TaskSettingsForm.cs,False,Direct Analysis
SetEnumChecked,704,ShareX-18.0.1/ShareX/Forms/TaskSettingsForm.cs,False,Direct Analysis
EnableDisableToolStripMenuItems,714,ShareX-18.0.1/ShareX/Forms/TaskSettingsForm.cs,False,Direct Analysis
UpdateTaskTabMenuNames,725,ShareX-18.0.1/ShareX/Forms/TaskSettingsForm.cs,False,Direct Analysis
tbDescription_TextChanged,751,ShareX-18.0.1/ShareX/Forms/TaskSettingsForm.cs,False,Direct Analysis
cbUseDefaultAfterCaptureSettings_CheckedChanged,757,ShareX-18.0.1/ShareX/Forms/TaskSettingsForm.cs,False,Direct Analysis
cbUseDefaultAfterUploadSettings_CheckedChanged,763,ShareX-18.0.1/ShareX/Forms/TaskSettingsForm.cs,False,Direct Analysis
cbUseDefaultDestinationSettings_CheckedChanged,769,ShareX-18.0.1/ShareX/Forms/TaskSettingsForm.cs,False,Direct Analysis
cbOverrideFTPAccount_CheckedChanged,775,ShareX-18.0.1/ShareX/Forms/TaskSettingsForm.cs,False,Direct Analysis
cbFTPAccounts_SelectedIndexChanged,781,ShareX-18.0.1/ShareX/Forms/TaskSettingsForm.cs,False,Direct Analysis
cbOverrideCustomUploader_CheckedChanged,786,ShareX-18.0.1/ShareX/Forms/TaskSettingsForm.cs,False,Direct Analysis
cbCustomUploaders_SelectedIndexChanged,792,ShareX-18.0.1/ShareX/Forms/TaskSettingsForm.cs,False,Direct Analysis
cbOverrideScreenshotsFolder_CheckedChanged,797,ShareX-18.0.1/ShareX/Forms/TaskSettingsForm.cs,False,Direct Analysis
txtScreenshotsFolder_TextChanged,803,ShareX-18.0.1/ShareX/Forms/TaskSettingsForm.cs,False,Direct Analysis
btnScreenshotsFolderBrowse_Click,808,ShareX-18.0.1/ShareX/Forms/TaskSettingsForm.cs,False,Direct Analysis
cbUseDefaultGeneralSettings_CheckedChanged,818,ShareX-18.0.1/ShareX/Forms/TaskSettingsForm.cs,False,Direct Analysis
cbPlaySoundAfterCapture_CheckedChanged,824,ShareX-18.0.1/ShareX/Forms/TaskSettingsForm.cs,False,Direct Analysis
cbPlaySoundAfterUpload_CheckedChanged,829,ShareX-18.0.1/ShareX/Forms/TaskSettingsForm.cs,False,Direct Analysis
cbPlaySoundAfterAction_CheckedChanged,834,ShareX-18.0.1/ShareX/Forms/TaskSettingsForm.cs,False,Direct Analysis
cbShowToastNotificationAfterTaskCompleted_CheckedChanged,839,ShareX-18.0.1/ShareX/Forms/TaskSettingsForm.cs,False,Direct Analysis
nudToastWindowDuration_ValueChanged,845,ShareX-18.0.1/ShareX/Forms/TaskSettingsForm.cs,False,Direct Analysis
nudToastWindowFadeDuration_ValueChanged,850,ShareX-18.0.1/ShareX/Forms/TaskSettingsForm.cs,False,Direct Analysis
cbToastWindowPlacement_SelectedIndexChanged,855,ShareX-18.0.1/ShareX/Forms/TaskSettingsForm.cs,False,Direct Analysis
nudToastWindowSizeWidth_ValueChanged,860,ShareX-18.0.1/ShareX/Forms/TaskSettingsForm.cs,False,Direct Analysis
nudToastWindowSizeHeight_ValueChanged,865,ShareX-18.0.1/ShareX/Forms/TaskSettingsForm.cs,False,Direct Analysis
cbToastWindowLeftClickAction_SelectedIndexChanged,870,ShareX-18.0.1/ShareX/Forms/TaskSettingsForm.cs,False,Direct Analysis
cbToastWindowRightClickAction_SelectedIndexChanged,875,ShareX-18.0.1/ShareX/Forms/TaskSettingsForm.cs,False,Direct Analysis
cbToastWindowMiddleClickAction_SelectedIndexChanged,880,ShareX-18.0.1/ShareX/Forms/TaskSettingsForm.cs,False,Direct Analysis
cbToastWindowAutoHide_CheckedChanged,885,ShareX-18.0.1/ShareX/Forms/TaskSettingsForm.cs,False,Direct Analysis
cbDisableNotificationsOnFullscreen_CheckedChanged,890,ShareX-18.0.1/ShareX/Forms/TaskSettingsForm.cs,False,Direct Analysis
cbUseCustomCaptureSound_CheckedChanged,895,ShareX-18.0.1/ShareX/Forms/TaskSettingsForm.cs,False,Direct Analysis
txtCustomCaptureSoundPath_TextChanged,901,ShareX-18.0.1/ShareX/Forms/TaskSettingsForm.cs,False,Direct Analysis
btnCustomCaptureSoundPath_Click,906,ShareX-18.0.1/ShareX/Forms/TaskSettingsForm.cs,False,Direct Analysis
cbUseCustomTaskCompletedSound_CheckedChanged,911,ShareX-18.0.1/ShareX/Forms/TaskSettingsForm.cs,False,Direct Analysis
txtCustomTaskCompletedSoundPath_TextChanged,917,ShareX-18.0.1/ShareX/Forms/TaskSettingsForm.cs,False,Direct Analysis
btnCustomTaskCompletedSoundPath_Click,922,ShareX-18.0.1/ShareX/Forms/TaskSettingsForm.cs,False,Direct Analysis
cbUseCustomActionCompletedSound_CheckedChanged,927,ShareX-18.0.1/ShareX/Forms/TaskSettingsForm.cs,False,Direct Analysis
txtCustomActionCompletedSoundPath_TextChanged,933,ShareX-18.0.1/ShareX/Forms/TaskSettingsForm.cs,False,Direct Analysis
btnCustomActionCompletedSoundPath_Click,938,ShareX-18.0.1/ShareX/Forms/TaskSettingsForm.cs,False,Direct Analysis
cbUseCustomErrorSound_CheckedChanged,943,ShareX-18.0.1/ShareX/Forms/TaskSettingsForm.cs,False,Direct Analysis
txtCustomErrorSoundPath_TextChanged,949,ShareX-18.0.1/ShareX/Forms/TaskSettingsForm.cs,False,Direct Analysis
btnCustomErrorSoundPath_Click,954,ShareX-18.0.1/ShareX/Forms/TaskSettingsForm.cs,False,Direct Analysis
cbUseDefaultImageSettings_CheckedChanged,963,ShareX-18.0.1/ShareX/Forms/TaskSettingsForm.cs,False,Direct Analysis
cbImageFormat_SelectedIndexChanged,969,ShareX-18.0.1/ShareX/Forms/TaskSettingsForm.cs,False,Direct Analysis
cbImagePNGBitDepth_SelectedIndexChanged,974,ShareX-18.0.1/ShareX/Forms/TaskSettingsForm.cs,False,Direct Analysis
nudImageJPEGQuality_ValueChanged,979,ShareX-18.0.1/ShareX/Forms/TaskSettingsForm.cs,False,Direct Analysis
cbImageGIFQuality_SelectedIndexChanged,984,ShareX-18.0.1/ShareX/Forms/TaskSettingsForm.cs,False,Direct Analysis
cbImageAutoUseJPEG_CheckedChanged,989,ShareX-18.0.1/ShareX/Forms/TaskSettingsForm.cs,False,Direct Analysis
nudImageAutoUseJPEGSize_ValueChanged,996,ShareX-18.0.1/ShareX/Forms/TaskSettingsForm.cs,False,Direct Analysis
cbImageAutoJPEGQuality_CheckedChanged,1001,ShareX-18.0.1/ShareX/Forms/TaskSettingsForm.cs,False,Direct Analysis
cbImageFileExist_SelectedIndexChanged,1006,ShareX-18.0.1/ShareX/Forms/TaskSettingsForm.cs,False,Direct Analysis
cbShowImageEffectsWindowAfterCapture_CheckedChanged,1011,ShareX-18.0.1/ShareX/Forms/TaskSettingsForm.cs,False,Direct Analysis
cbImageEffectOnlyRegionCapture_CheckedChanged,1016,ShareX-18.0.1/ShareX/Forms/TaskSettingsForm.cs,False,Direct Analysis
cbUseRandomImageEffect_CheckedChanged,1021,ShareX-18.0.1/ShareX/Forms/TaskSettingsForm.cs,False,Direct Analysis
btnImageEffects_Click,1026,ShareX-18.0.1/ShareX/Forms/TaskSettingsForm.cs,False,Direct Analysis
nudThumbnailWidth_ValueChanged,1031,ShareX-18.0.1/ShareX/Forms/TaskSettingsForm.cs,False,Direct Analysis
nudThumbnailHeight_ValueChanged,1036,ShareX-18.0.1/ShareX/Forms/TaskSettingsForm.cs,False,Direct Analysis
txtThumbnailName_TextChanged,1041,ShareX-18.0.1/ShareX/Forms/TaskSettingsForm.cs,False,Direct Analysis
cbThumbnailIfSmaller_CheckedChanged,1047,ShareX-18.0.1/ShareX/Forms/TaskSettingsForm.cs,False,Direct Analysis
cbUseDefaultCaptureSettings_CheckedChanged,1058,ShareX-18.0.1/ShareX/Forms/TaskSettingsForm.cs,False,Direct Analysis
cbShowCursor_CheckedChanged,1064,ShareX-18.0.1/ShareX/Forms/TaskSettingsForm.cs,False,Direct Analysis
nudScreenshotDelay_ValueChanged,1069,ShareX-18.0.1/ShareX/Forms/TaskSettingsForm.cs,False,Direct Analysis
cbCaptureTransparent_CheckedChanged,1074,ShareX-18.0.1/ShareX/Forms/TaskSettingsForm.cs,False,Direct Analysis
cbCaptureShadow_CheckedChanged,1080,ShareX-18.0.1/ShareX/Forms/TaskSettingsForm.cs,False,Direct Analysis
nudCaptureShadowOffset_ValueChanged,1085,ShareX-18.0.1/ShareX/Forms/TaskSettingsForm.cs,False,Direct Analysis
cbCaptureClientArea_CheckedChanged,1090,ShareX-18.0.1/ShareX/Forms/TaskSettingsForm.cs,False,Direct Analysis
cbCaptureAutoHideDesktopIcons_CheckedChanged,1095,ShareX-18.0.1/ShareX/Forms/TaskSettingsForm.cs,False,Direct Analysis
cbCaptureAutoHideTaskbar_CheckedChanged,1100,ShareX-18.0.1/ShareX/Forms/TaskSettingsForm.cs,False,Direct Analysis
nudScreenRegionX_ValueChanged,1105,ShareX-18.0.1/ShareX/Forms/TaskSettingsForm.cs,False,Direct Analysis
nudScreenRegionY_ValueChanged,1110,ShareX-18.0.1/ShareX/Forms/TaskSettingsForm.cs,False,Direct Analysis
nudScreenRegionWidth_ValueChanged,1115,ShareX-18.0.1/ShareX/Forms/TaskSettingsForm.cs,False,Direct Analysis
nudScreenRegionHeight_ValueChanged,1120,ShareX-18.0.1/ShareX/Forms/TaskSettingsForm.cs,False,Direct Analysis
btnCaptureCustomRegionSelectRectangle_Click,1125,ShareX-18.0.1/ShareX/Forms/TaskSettingsForm.cs,False,Direct Analysis
txtCaptureCustomWindow_TextChanged,1136,ShareX-18.0.1/ShareX/Forms/TaskSettingsForm.cs,False,Direct Analysis
cbRegionCaptureMultiRegionMode_CheckedChanged,1145,ShareX-18.0.1/ShareX/Forms/TaskSettingsForm.cs,False,Direct Analysis
cbRegionCaptureMouseRightClickAction_SelectedIndexChanged,1150,ShareX-18.0.1/ShareX/Forms/TaskSettingsForm.cs,False,Direct Analysis
cbRegionCaptureMouseMiddleClickAction_SelectedIndexChanged,1155,ShareX-18.0.1/ShareX/Forms/TaskSettingsForm.cs,False,Direct Analysis
cbRegionCaptureMouse4ClickAction_SelectedIndexChanged,1160,ShareX-18.0.1/ShareX/Forms/TaskSettingsForm.cs,False,Direct Analysis
cbRegionCaptureMouse5ClickAction_SelectedIndexChanged,1165,ShareX-18.0.1/ShareX/Forms/TaskSettingsForm.cs,False,Direct Analysis
cbRegionCaptureDetectWindows_CheckedChanged,1170,ShareX-18.0.1/ShareX/Forms/TaskSettingsForm.cs,False,Direct Analysis
cbRegionCaptureDetectControls_CheckedChanged,1176,ShareX-18.0.1/ShareX/Forms/TaskSettingsForm.cs,False,Direct Analysis
nudRegionCaptureBackgroundDimStrength_ValueChanged,1181,ShareX-18.0.1/ShareX/Forms/TaskSettingsForm.cs,False,Direct Analysis
cbRegionCaptureUseCustomInfoText_CheckedChanged,1186,ShareX-18.0.1/ShareX/Forms/TaskSettingsForm.cs,False,Direct Analysis
txtRegionCaptureCustomInfoText_TextChanged,1192,ShareX-18.0.1/ShareX/Forms/TaskSettingsForm.cs,False,Direct Analysis
btnRegionCaptureSnapSizesAdd_Click,1197,ShareX-18.0.1/ShareX/Forms/TaskSettingsForm.cs,False,Direct Analysis
btnRegionCaptureSnapSizesRemove_Click,1202,ShareX-18.0.1/ShareX/Forms/TaskSettingsForm.cs,False,Direct Analysis
btnRegionCaptureSnapSizesDialogAdd_Click,1214,ShareX-18.0.1/ShareX/Forms/TaskSettingsForm.cs,False,Direct Analysis
btnRegionCaptureSnapSizesDialogCancel_Click,1223,ShareX-18.0.1/ShareX/Forms/TaskSettingsForm.cs,False,Direct Analysis
cbRegionCaptureShowInfo_CheckedChanged,1228,ShareX-18.0.1/ShareX/Forms/TaskSettingsForm.cs,False,Direct Analysis
cbRegionCaptureShowMagnifier_CheckedChanged,1233,ShareX-18.0.1/ShareX/Forms/TaskSettingsForm.cs,False,Direct Analysis
cbRegionCaptureUseSquareMagnifier_CheckedChanged,1239,ShareX-18.0.1/ShareX/Forms/TaskSettingsForm.cs,False,Direct Analysis
nudRegionCaptureMagnifierPixelCount_ValueChanged,1244,ShareX-18.0.1/ShareX/Forms/TaskSettingsForm.cs,False,Direct Analysis
nudRegionCaptureMagnifierPixelSize_ValueChanged,1252,ShareX-18.0.1/ShareX/Forms/TaskSettingsForm.cs,False,Direct Analysis
cbRegionCaptureShowCrosshair_CheckedChanged,1260,ShareX-18.0.1/ShareX/Forms/TaskSettingsForm.cs,False,Direct Analysis
cbRegionCaptureIsFixedSize_CheckedChanged,1265,ShareX-18.0.1/ShareX/Forms/TaskSettingsForm.cs,False,Direct Analysis
nudRegionCaptureFixedSizeWidth_ValueChanged,1271,ShareX-18.0.1/ShareX/Forms/TaskSettingsForm.cs,False,Direct Analysis
nudRegionCaptureFixedSizeHeight_ValueChanged,1276,ShareX-18.0.1/ShareX/Forms/TaskSettingsForm.cs,False,Direct Analysis
cbRegionCaptureShowFPS_CheckedChanged,1281,ShareX-18.0.1/ShareX/Forms/TaskSettingsForm.cs,False,Direct Analysis
nudRegionCaptureFPSLimit_ValueChanged,1286,ShareX-18.0.1/ShareX/Forms/TaskSettingsForm.cs,False,Direct Analysis
cbRegionCaptureActiveMonitorMode_CheckedChanged,1291,ShareX-18.0.1/ShareX/Forms/TaskSettingsForm.cs,False,Direct Analysis
btnScreenRecorderFFmpegOptions_Click,1300,ShareX-18.0.1/ShareX/Forms/TaskSettingsForm.cs,False,Direct Analysis
nudScreenRecordFPS_ValueChanged,1321,ShareX-18.0.1/ShareX/Forms/TaskSettingsForm.cs,False,Direct Analysis
nudGIFFPS_ValueChanged,1326,ShareX-18.0.1/ShareX/Forms/TaskSettingsForm.cs,False,Direct Analysis
cbScreenRecorderFixedDuration_CheckedChanged,1331,ShareX-18.0.1/ShareX/Forms/TaskSettingsForm.cs,False,Direct Analysis
nudScreenRecorderDuration_ValueChanged,1337,ShareX-18.0.1/ShareX/Forms/TaskSettingsForm.cs,False,Direct Analysis
cbScreenRecordAutoStart_CheckedChanged,1342,ShareX-18.0.1/ShareX/Forms/TaskSettingsForm.cs,False,Direct Analysis
nudScreenRecorderStartDelay_ValueChanged,1348,ShareX-18.0.1/ShareX/Forms/TaskSettingsForm.cs,False,Direct Analysis
cbScreenRecorderShowCursor_CheckedChanged,1353,ShareX-18.0.1/ShareX/Forms/TaskSettingsForm.cs,False,Direct Analysis
cbScreenRecordTwoPassEncoding_CheckedChanged,1358,ShareX-18.0.1/ShareX/Forms/TaskSettingsForm.cs,False,Direct Analysis
cbScreenRecordTransparentRegion_CheckedChanged,1363,ShareX-18.0.1/ShareX/Forms/TaskSettingsForm.cs,False,Direct Analysis
cbScreenRecordConfirmAbort_CheckedChanged,1368,ShareX-18.0.1/ShareX/Forms/TaskSettingsForm.cs,False,Direct Analysis
cbCaptureOCRDefaultLanguage_SelectedIndexChanged,1377,ShareX-18.0.1/ShareX/Forms/TaskSettingsForm.cs,False,Direct Analysis
btnCaptureOCRHelp_Click,1385,ShareX-18.0.1/ShareX/Forms/TaskSettingsForm.cs,False,Direct Analysis
cbCaptureOCRSilent_CheckedChanged,1390,ShareX-18.0.1/ShareX/Forms/TaskSettingsForm.cs,False,Direct Analysis
cbCaptureOCRAutoCopy_CheckedChanged,1396,ShareX-18.0.1/ShareX/Forms/TaskSettingsForm.cs,False,Direct Analysis
cbCloseWindowAfterOpenServiceLink_CheckedChanged,1401,ShareX-18.0.1/ShareX/Forms/TaskSettingsForm.cs,False,Direct Analysis
UpdateNameFormatPreviews,1412,ShareX-18.0.1/ShareX/Forms/TaskSettingsForm.cs,False,Direct Analysis
cbUseDefaultUploadSettings_CheckedChanged,1435,ShareX-18.0.1/ShareX/Forms/TaskSettingsForm.cs,False,Direct Analysis
txtNameFormatPattern_TextChanged,1441,ShareX-18.0.1/ShareX/Forms/TaskSettingsForm.cs,False,Direct Analysis
txtNameFormatPatternActiveWindow_TextChanged,1447,ShareX-18.0.1/ShareX/Forms/TaskSettingsForm.cs,False,Direct Analysis
cbFileUploadUseNamePattern_CheckedChanged,1453,ShareX-18.0.1/ShareX/Forms/TaskSettingsForm.cs,False,Direct Analysis
btnAutoIncrementNumber_Click,1458,ShareX-18.0.1/ShareX/Forms/TaskSettingsForm.cs,False,Direct Analysis
cbNameFormatCustomTimeZone_CheckedChanged,1464,ShareX-18.0.1/ShareX/Forms/TaskSettingsForm.cs,False,Direct Analysis
cbNameFormatTimeZone_SelectedIndexChanged,1471,ShareX-18.0.1/ShareX/Forms/TaskSettingsForm.cs,False,Direct Analysis
cbFileUploadReplaceProblematicCharacters_CheckedChanged,1481,ShareX-18.0.1/ShareX/Forms/TaskSettingsForm.cs,False,Direct Analysis
cbURLRegexReplace_CheckedChanged,1486,ShareX-18.0.1/ShareX/Forms/TaskSettingsForm.cs,False,Direct Analysis
txtURLRegexReplacePattern_TextChanged,1493,ShareX-18.0.1/ShareX/Forms/TaskSettingsForm.cs,False,Direct Analysis
txtURLRegexReplaceReplacement_TextChanged,1498,ShareX-18.0.1/ShareX/Forms/TaskSettingsForm.cs,False,Direct Analysis
cbClipboardUploadContents_CheckedChanged,1503,ShareX-18.0.1/ShareX/Forms/TaskSettingsForm.cs,False,Direct Analysis
cbClipboardUploadAutoDetectURL_CheckedChanged,1508,ShareX-18.0.1/ShareX/Forms/TaskSettingsForm.cs,False,Direct Analysis
cbClipboardUploadShareURL_CheckedChanged,1513,ShareX-18.0.1/ShareX/Forms/TaskSettingsForm.cs,False,Direct Analysis
cbClipboardUploadAutoIndexFolder_CheckedChanged,1518,ShareX-18.0.1/ShareX/Forms/TaskSettingsForm.cs,False,Direct Analysis
GetUploaderFilterFromFields,1523,ShareX-18.0.1/ShareX/Forms/TaskSettingsForm.cs,False,Direct Analysis
AddUploaderFilterToList,1536,ShareX-18.0.1/ShareX/Forms/TaskSettingsForm.cs,False,Direct Analysis
UpdateUploaderFilterFields,1548,ShareX-18.0.1/ShareX/Forms/TaskSettingsForm.cs,False,Direct Analysis
btnUploaderFiltersAdd_Click,1568,ShareX-18.0.1/ShareX/Forms/TaskSettingsForm.cs,False,Direct Analysis
btnUploaderFiltersUpdate_Click,1582,ShareX-18.0.1/ShareX/Forms/TaskSettingsForm.cs,False,Direct Analysis
btnUploaderFiltersRemove_Click,1602,ShareX-18.0.1/ShareX/Forms/TaskSettingsForm.cs,False,Direct Analysis
lvUploaderFiltersList_SelectedIndexChanged,1614,ShareX-18.0.1/ShareX/Forms/TaskSettingsForm.cs,False,Direct Analysis
cbUseDefaultActions_CheckedChanged,1630,ShareX-18.0.1/ShareX/Forms/TaskSettingsForm.cs,False,Direct Analysis
btnActionsAdd_Click,1636,ShareX-18.0.1/ShareX/Forms/TaskSettingsForm.cs,False,Direct Analysis
AddFileAction,1650,ShareX-18.0.1/ShareX/Forms/TaskSettingsForm.cs,False,Direct Analysis
btnActionsEdit_Click,1661,ShareX-18.0.1/ShareX/Forms/TaskSettingsForm.cs,False,Direct Analysis
btnActionsDuplicate_Click,1681,ShareX-18.0.1/ShareX/Forms/TaskSettingsForm.cs,False,Direct Analysis
btnActionsRemove_Click,1690,ShareX-18.0.1/ShareX/Forms/TaskSettingsForm.cs,False,Direct Analysis
btnActions_Click,1702,ShareX-18.0.1/ShareX/Forms/TaskSettingsForm.cs,False,Direct Analysis
lvActions_SelectedIndexChanged,1707,ShareX-18.0.1/ShareX/Forms/TaskSettingsForm.cs,False,Direct Analysis
lvActions_ItemChecked,1712,ShareX-18.0.1/ShareX/Forms/TaskSettingsForm.cs,False,Direct Analysis
lvActions_ItemMoved,1718,ShareX-18.0.1/ShareX/Forms/TaskSettingsForm.cs,False,Direct Analysis
WatchFolderAdd,1727,ShareX-18.0.1/ShareX/Forms/TaskSettingsForm.cs,False,Direct Analysis
WatchFolderEditSelected,1741,ShareX-18.0.1/ShareX/Forms/TaskSettingsForm.cs,False,Direct Analysis
cbWatchFolderEnabled_CheckedChanged,1762,ShareX-18.0.1/ShareX/Forms/TaskSettingsForm.cs,False,Direct Analysis
btnWatchFolderAdd_Click,1775,ShareX-18.0.1/ShareX/Forms/TaskSettingsForm.cs,False,Direct Analysis
btnWatchFolderEdit_Click,1786,ShareX-18.0.1/ShareX/Forms/TaskSettingsForm.cs,False,Direct Analysis
btnWatchFolderRemove_Click,1791,ShareX-18.0.1/ShareX/Forms/TaskSettingsForm.cs,False,Direct Analysis
lvWatchFolderList_MouseDoubleClick,1802,ShareX-18.0.1/ShareX/Forms/TaskSettingsForm.cs,False,Direct Analysis
cbUseDefaultToolsSettings_CheckedChanged,1811,ShareX-18.0.1/ShareX/Forms/TaskSettingsForm.cs,False,Direct Analysis
txtToolsScreenColorPickerFormat_TextChanged,1817,ShareX-18.0.1/ShareX/Forms/TaskSettingsForm.cs,False,Direct Analysis
txtToolsScreenColorPickerFormatCtrl_TextChanged,1822,ShareX-18.0.1/ShareX/Forms/TaskSettingsForm.cs,False,Direct Analysis
txtToolsScreenColorPickerInfoText_TextChanged,1827,ShareX-18.0.1/ShareX/Forms/TaskSettingsForm.cs,False,Direct Analysis
cbUseDefaultAdvancedSettings_CheckedChanged,1836,ShareX-18.0.1/ShareX/Forms/TaskSettingsForm.cs,False,Direct Analysis
Quantize,58,ShareX-18.0.1/ShareX.HelpersLib/GIF/Quantizer.cs,False,Direct Analysis
FirstPass,120,ShareX-18.0.1/ShareX.HelpersLib/GIF/Quantizer.cs,False,Direct Analysis
SecondPass,152,ShareX-18.0.1/ShareX.HelpersLib/GIF/Quantizer.cs,False,Direct Analysis
InitialQuantizePixel,230,ShareX-18.0.1/ShareX.HelpersLib/GIF/Quantizer.cs,False,Direct Analysis
ToPrefixString,43,ShareX-18.0.1/ShareX.HelpersLib/NameParser/CodeMenuEntry.cs,False,Direct Analysis
ToPrefixString,48,ShareX-18.0.1/ShareX.HelpersLib/NameParser/CodeMenuEntry.cs,False,Direct Analysis
OnPaint,56,ShareX-18.0.1/ShareX.HelpersLib/Controls/ToolStripButtonExtraImage.cs,False,Direct Analysis
Dispose,66,ShareX-18.0.1/ShareX.HelpersLib/Controls/ToolStripButtonExtraImage.cs,False,Direct Analysis
AddDefaultGradient,85,ShareX-18.0.1/ShareX.ImageEffectsLib/Filters/Glow.cs,False,Direct Analysis
Apply,109,ShareX-18.0.1/ShareX.ImageEffectsLib/Filters/Glow.cs,False,Direct Analysis
GetSummary,114,ShareX-18.0.1/ShareX.ImageEffectsLib/Filters/Glow.cs,False,Direct Analysis
Apply,45,ShareX-18.0.1/ShareX.ImageEffectsLib/Manipulations/Skew.cs,False,Direct Analysis
GetSummary,55,ShareX-18.0.1/ShareX.ImageEffectsLib/Manipulations/Skew.cs,False,Direct Analysis
ToString,88,ShareX-18.0.1/ShareX.HelpersLib/Input/HotkeyInfo.cs,False,Direct Analysis
Equals,75,ShareX-18.0.1/ShareX.HelpersLib/ColorBgra.cs,False,Direct Analysis
GetHashCode,80,ShareX-18.0.1/ShareX.HelpersLib/ColorBgra.cs,False,Direct Analysis
ToColor,98,ShareX-18.0.1/ShareX.HelpersLib/ColorBgra.cs,False,Direct Analysis
ToString,103,ShareX-18.0.1/ShareX.HelpersLib/ColorBgra.cs,False,Direct Analysis
AddDefaultGradient,118,ShareX-18.0.1/ShareX.ImageEffectsLib/Drawings/DrawTextEx.cs,False,Direct Analysis
Apply,142,ShareX-18.0.1/ShareX.ImageEffectsLib/Drawings/DrawTextEx.cs,False,Direct Analysis
GetSummary,302,ShareX-18.0.1/ShareX.ImageEffectsLib/Drawings/DrawTextEx.cs,False,Direct Analysis
UpdateWatchFolders,38,ShareX-18.0.1/ShareX/WatchFolderManager.cs,False,Direct Analysis
FindWatchFolder,61,ShareX-18.0.1/ShareX/WatchFolderManager.cs,False,Direct Analysis
AddWatchFolder,71,ShareX-18.0.1/ShareX/WatchFolderManager.cs,False,Direct Analysis
RemoveWatchFolder,110,ShareX-18.0.1/ShareX/WatchFolderManager.cs,False,Direct Analysis
UnregisterAllWatchFolders,138,ShareX-18.0.1/ShareX/WatchFolderManager.cs,False,Direct Analysis
Dispose,152,ShareX-18.0.1/ShareX/WatchFolderManager.cs,False,Direct Analysis
ToString,47,ShareX-18.0.1/ShareX.UploadersLib/FileUploaders/AmazonS3Endpoint.cs,False,Direct Analysis
IsValidProxy,45,ShareX-18.0.1/ShareX.HelpersLib/ProxyInfo.cs,False,Direct Analysis
GetWebProxy,67,ShareX-18.0.1/ShareX.HelpersLib/ProxyInfo.cs,False,Direct Analysis
ToString,102,ShareX-18.0.1/ShareX.HelpersLib/ProxyInfo.cs,False,Direct Analysis
CheckConfig,41,ShareX-18.0.1/ShareX.UploadersLib/FileUploaders/Email.cs,False,Direct Analysis
CreateUploader,46,ShareX-18.0.1/ShareX.UploadersLib/FileUploaders/Email.cs,False,Direct Analysis
ToString,202,ShareX-18.0.1/ShareX.HelpersLib/Native/NativeStructs.cs,False,Direct Analysis
Upload,33,ShareX-18.0.1/ShareX.UploadersLib/FileUploaders/ShareCX.cs,False,Direct Analysis
CreateUploader,36,ShareX-18.0.1/ShareX.UploadersLib/FileUploaders/Transfersh.cs,False,Direct Analysis
SetCustomNode,90,ShareX-18.0.1/ShareX.ScreenCaptureLib/Helpers/ResizeNode.cs,False,Direct Analysis
OnDraw,96,ShareX-18.0.1/ShareX.ScreenCaptureLib/Helpers/ResizeNode.cs,False,Direct Analysis
GetImage,36,ShareX-18.0.1/ShareX.HelpersLib/ImageFilesCache.cs,False,Direct Analysis
GetFileIconAsImage,58,ShareX-18.0.1/ShareX.HelpersLib/ImageFilesCache.cs,False,Direct Analysis
Clear,86,ShareX-18.0.1/ShareX.HelpersLib/ImageFilesCache.cs,False,Direct Analysis
Dispose,96,ShareX-18.0.1/ShareX.HelpersLib/ImageFilesCache.cs,False,Direct Analysis
CheckConfig,44,ShareX-18.0.1/ShareX.UploadersLib/TextUploaders/GitHubGist.cs,False,Direct Analysis
CreateUploader,49,ShareX-18.0.1/ShareX.UploadersLib/TextUploaders/GitHubGist.cs,False,Direct Analysis
Upload,64,ShareX-18.0.1/ShareX.UploadersLib/FileUploaders/Pomf.cs,False,Direct Analysis
Call,33,ShareX-18.0.1/ShareX.UploadersLib/CustomUploader/Functions/CustomUploaderFunctionResponseURL.cs,False,Direct Analysis
Write,46,ShareX-18.0.1/ShareX.HelpersLib/DebugTimer.cs,False,Direct Analysis
Dispose,73,ShareX-18.0.1/ShareX.HelpersLib/DebugTimer.cs,False,Direct Analysis
GenerateLink,41,ShareX-18.0.1/ShareX/Tools/OCR/ServiceLink.cs,False,Direct Analysis
ToString,62,ShareX-18.0.1/ShareX/Tools/OCR/ServiceLink.cs,False,Direct Analysis
Dispose,14,ShareX-18.0.1/ShareX.ScreenCaptureLib/Forms/ImageInsertForm.Designer.cs,False,Direct Analysis
InitializeComponent,29,ShareX-18.0.1/ShareX.ScreenCaptureLib/Forms/ImageInsertForm.Designer.cs,False,Direct Analysis
Close,42,ShareX-18.0.1/ShareX.ScreenCaptureLib/Forms/ImageInsertForm.cs,False,Direct Analysis
btnCenter_Click,48,ShareX-18.0.1/ShareX.ScreenCaptureLib/Forms/ImageInsertForm.cs,False,Direct Analysis
btnCanvasExpandDown_Click,53,ShareX-18.0.1/ShareX.ScreenCaptureLib/Forms/ImageInsertForm.cs,False,Direct Analysis
btnCanvasExpandRight_Click,58,ShareX-18.0.1/ShareX.ScreenCaptureLib/Forms/ImageInsertForm.cs,False,Direct Analysis
GetFullPath,57,ShareX-18.0.1/ShareX.HelpersLib/ExternalProgram.cs,False,Direct Analysis
Run,62,ShareX-18.0.1/ShareX.HelpersLib/ExternalProgram.cs,False,Direct Analysis
CheckExtension,147,ShareX-18.0.1/ShareX.HelpersLib/ExternalProgram.cs,False,Direct Analysis
DeletePendingInputFile,185,ShareX-18.0.1/ShareX.HelpersLib/ExternalProgram.cs,False,Direct Analysis
CaptureRectangle,42,ShareX-18.0.1/ShareX.ScreenCaptureLib/Screenshot.cs,False,Direct Analysis
CaptureWindow,60,ShareX-18.0.1/ShareX.ScreenCaptureLib/Screenshot.cs,False,Direct Analysis
CaptureWindowTransparent,38,ShareX-18.0.1/ShareX.ScreenCaptureLib/Screenshot_Transparent.cs,False,Direct Analysis
RemoveCorners,305,ShareX-18.0.1/ShareX.ScreenCaptureLib/Screenshot_Transparent.cs,False,Direct Analysis
Apply,93,ShareX-18.0.1/ShareX.ImageEffectsLib/Filters/Reflection.cs,False,Direct Analysis
GetSummary,98,ShareX-18.0.1/ShareX.ImageEffectsLib/Filters/Reflection.cs,False,Direct Analysis
ApplyEffects,41,ShareX-18.0.1/ShareX.ImageEffectsLib/ImageEffectPreset.cs,False,Direct Analysis
ToString,62,ShareX-18.0.1/ShareX.ImageEffectsLib/ImageEffectPreset.cs,False,Direct Analysis
Dispose,14,ShareX-18.0.1/ShareX.HistoryLib/Forms/ImageHistorySettingsForm.Designer.cs,False,Direct Analysis
InitializeComponent,29,ShareX-18.0.1/ShareX.HistoryLib/Forms/ImageHistorySettingsForm.Designer.cs,False,Direct Analysis
nudThumbnailSize_ValueChanged,51,ShareX-18.0.1/ShareX.HistoryLib/Forms/ImageHistorySettingsForm.cs,False,Direct Analysis
nudMaximumImageLimit_ValueChanged,56,ShareX-18.0.1/ShareX.HistoryLib/Forms/ImageHistorySettingsForm.cs,False,Direct Analysis
cbFilterMissingFiles_CheckedChanged,61,ShareX-18.0.1/ShareX.HistoryLib/Forms/ImageHistorySettingsForm.cs,False,Direct Analysis
cbImageOnly_CheckedChanged,66,ShareX-18.0.1/ShareX.HistoryLib/Forms/ImageHistorySettingsForm.cs,False,Direct Analysis
cbRememberSearchText_CheckedChanged,71,ShareX-18.0.1/ShareX.HistoryLib/Forms/ImageHistorySettingsForm.cs,False,Direct Analysis
cbRememberWindowState_CheckedChanged,76,ShareX-18.0.1/ShareX.HistoryLib/Forms/ImageHistorySettingsForm.cs,False,Direct Analysis
Apply,58,ShareX-18.0.1/ShareX.ImageEffectsLib/Manipulations/Crop.cs,False,Direct Analysis
GetSummary,65,ShareX-18.0.1/ShareX.ImageEffectsLib/Manipulations/Crop.cs,False,Direct Analysis
ShortenURL,66,ShareX-18.0.1/ShareX.UploadersLib/URLShorteners/PolrURLShortener.cs,False,Direct Analysis
Apply,45,ShareX-18.0.1/ShareX.ImageEffectsLib/Manipulations/Flip.cs,False,Direct Analysis
GetSummary,70,ShareX-18.0.1/ShareX.ImageEffectsLib/Manipulations/Flip.cs,False,Direct Analysis
Apply,54,ShareX-18.0.1/ShareX.ImageEffectsLib/Manipulations/Resize.cs,False,Direct Analysis
GetSummary,72,ShareX-18.0.1/ShareX.ImageEffectsLib/Manipulations/Resize.cs,False,Direct Analysis
PushFile,75,ShareX-18.0.1/ShareX.UploadersLib/FileUploaders/Pushbullet.cs,False,Direct Analysis
Push,124,ShareX-18.0.1/ShareX.UploadersLib/FileUploaders/Pushbullet.cs,False,Direct Analysis
Upload,164,ShareX-18.0.1/ShareX.UploadersLib/FileUploaders/Pushbullet.cs,False,Direct Analysis
GetDeviceList,173,ShareX-18.0.1/ShareX.UploadersLib/FileUploaders/Pushbullet.cs,False,Direct Analysis
Update,38,ShareX-18.0.1/ShareX.ScreenCaptureLib/Helpers/MouseState.cs,False,Direct Analysis
Apply,55,ShareX-18.0.1/ShareX.ImageEffectsLib/Manipulations/RoundedCorners.cs,False,Direct Analysis
GetSummary,60,ShareX-18.0.1/ShareX.ImageEffectsLib/Manipulations/RoundedCorners.cs,False,Direct Analysis
Update,65,ShareX-18.0.1/ShareX.IndexerLib/FolderInfo.cs,False,Direct Analysis
Upload,78,ShareX-18.0.1/ShareX.UploadersLib/FileUploaders/CustomFileUploader.cs,False,Direct Analysis
Index,43,ShareX-18.0.1/ShareX.IndexerLib/IndexerHtml.cs,False,Direct Analysis
IndexFolder,72,ShareX-18.0.1/ShareX.IndexerLib/IndexerHtml.cs,False,Direct Analysis
GetFolderNameRow,99,ShareX-18.0.1/ShareX.IndexerLib/IndexerHtml.cs,False,Direct Analysis
GetFileNameRow,147,ShareX-18.0.1/ShareX.IndexerLib/IndexerHtml.cs,False,Direct Analysis
GetCssStyle,166,ShareX-18.0.1/ShareX.IndexerLib/IndexerHtml.cs,False,Direct Analysis
Index,41,ShareX-18.0.1/ShareX.IndexerLib/IndexerJson.cs,False,Direct Analysis
IndexFolder,61,ShareX-18.0.1/ShareX.IndexerLib/IndexerJson.cs,False,Direct Analysis
IndexFolderSimple,73,ShareX-18.0.1/ShareX.IndexerLib/IndexerJson.cs,False,Direct Analysis
IndexFolderParseable,93,ShareX-18.0.1/ShareX.IndexerLib/IndexerJson.cs,False,Direct Analysis
Connect,44,ShareX-18.0.1/ShareX.HistoryLib/HistoryManagerSQLite.cs,False,Direct Analysis
SetBusyTimeout,58,ShareX-18.0.1/ShareX.HistoryLib/HistoryManagerSQLite.cs,False,Direct Analysis
EnsureDatabase,67,ShareX-18.0.1/ShareX.HistoryLib/HistoryManagerSQLite.cs,False,Direct Analysis
Load,90,ShareX-18.0.1/ShareX.HistoryLib/HistoryManagerSQLite.cs,False,Direct Analysis
Append,121,ShareX-18.0.1/ShareX.HistoryLib/HistoryManagerSQLite.cs,False,Direct Analysis
Edit,154,ShareX-18.0.1/ShareX.HistoryLib/HistoryManagerSQLite.cs,False,Direct Analysis
Delete,189,ShareX-18.0.1/ShareX.HistoryLib/HistoryManagerSQLite.cs,False,Direct Analysis
Dispose,223,ShareX-18.0.1/ShareX.HistoryLib/HistoryManagerSQLite.cs,False,Direct Analysis
Index,41,ShareX-18.0.1/ShareX.IndexerLib/IndexerText.cs,False,Direct Analysis
IndexFolder,61,ShareX-18.0.1/ShareX.IndexerLib/IndexerText.cs,False,Direct Analysis
GetFolderNameRow,89,ShareX-18.0.1/ShareX.IndexerLib/IndexerText.cs,False,Direct Analysis
GetFileNameRow,101,ShareX-18.0.1/ShareX.IndexerLib/IndexerText.cs,False,Direct Analysis
Index,41,ShareX-18.0.1/ShareX.IndexerLib/IndexerXml.cs,False,Direct Analysis
IndexFolder,65,ShareX-18.0.1/ShareX.IndexerLib/IndexerXml.cs,False,Direct Analysis
StartAnimation,60,ShareX-18.0.1/ShareX.HelpersLib/Controls/ToolStripButtonColorAnimation.cs,False,Direct Analysis
StopAnimation,66,ShareX-18.0.1/ShareX.HelpersLib/Controls/ToolStripButtonColorAnimation.cs,False,Direct Analysis
ResetAnimation,71,ShareX-18.0.1/ShareX.HelpersLib/Controls/ToolStripButtonColorAnimation.cs,False,Direct Analysis
timer_Tick,77,ShareX-18.0.1/ShareX.HelpersLib/Controls/ToolStripButtonColorAnimation.cs,False,Direct Analysis
Dispose,95,ShareX-18.0.1/ShareX.HelpersLib/Controls/ToolStripButtonColorAnimation.cs,False,Direct Analysis
CheckConfig,40,ShareX-18.0.1/ShareX.UploadersLib/FileUploaders/YouTube.cs,False,Direct Analysis
CreateUploader,45,ShareX-18.0.1/ShareX.UploadersLib/FileUploaders/YouTube.cs,False,Direct Analysis
InitItems,69,ShareX-18.0.1/ShareX/RecentTaskManager.cs,False,Direct Analysis
Add,85,ShareX-18.0.1/ShareX/RecentTaskManager.cs,False,Direct Analysis
Add,113,ShareX-18.0.1/ShareX/RecentTaskManager.cs,False,Direct Analysis
Clear,128,ShareX-18.0.1/ShareX/RecentTaskManager.cs,False,Direct Analysis
UpdateTrayMenu,140,ShareX-18.0.1/ShareX/RecentTaskManager.cs,False,Direct Analysis
UpdateMainWindowList,188,ShareX-18.0.1/ShareX/RecentTaskManager.cs,False,Direct Analysis
Run,82,ShareX-18.0.1/ShareX.MediaLib/FFmpegCLIManager.cs,False,Direct Analysis
Run,87,ShareX-18.0.1/ShareX.MediaLib/FFmpegCLIManager.cs,False,Direct Analysis
Close,100,ShareX-18.0.1/ShareX.MediaLib/FFmpegCLIManager.cs,False,Direct Analysis
FFmpeg_DataReceived,119,ShareX-18.0.1/ShareX.MediaLib/FFmpegCLIManager.cs,False,Direct Analysis
UpdateEncodeProgress,144,ShareX-18.0.1/ShareX.MediaLib/FFmpegCLIManager.cs,False,Direct Analysis
GetVideoInfo,181,ShareX-18.0.1/ShareX.MediaLib/FFmpegCLIManager.cs,False,Direct Analysis
GetDirectShowDevices,224,ShareX-18.0.1/ShareX.MediaLib/FFmpegCLIManager.cs,False,Direct Analysis
InitializeComponent,16,ShareX-18.0.1/ShareX.MediaLib/Forms/ImageBeautifierForm.Designer.cs,False,Direct Analysis
Dispose,77,ShareX-18.0.1/ShareX.MediaLib/Forms/ImageBeautifierForm.cs,False,Direct Analysis
LoadOptions,90,ShareX-18.0.1/ShareX.MediaLib/Forms/ImageBeautifierForm.cs,False,Direct Analysis
UpdateUI,115,ShareX-18.0.1/ShareX.MediaLib/Forms/ImageBeautifierForm.cs,False,Direct Analysis
UpdateBackgroundPreview,127,ShareX-18.0.1/ShareX.MediaLib/Forms/ImageBeautifierForm.cs,False,Direct Analysis
UpdatePreview,161,ShareX-18.0.1/ShareX.MediaLib/Forms/ImageBeautifierForm.cs,False,Direct Analysis
UpdateOptions,229,ShareX-18.0.1/ShareX.MediaLib/Forms/ImageBeautifierForm.cs,False,Direct Analysis
OnUploadImageRequested,242,ShareX-18.0.1/ShareX.MediaLib/Forms/ImageBeautifierForm.cs,False,Direct Analysis
OnPrintImageRequested,247,ShareX-18.0.1/ShareX.MediaLib/Forms/ImageBeautifierForm.cs,False,Direct Analysis
ImageBeautifierForm_Shown,252,ShareX-18.0.1/ShareX.MediaLib/Forms/ImageBeautifierForm.cs,False,Direct Analysis
tbMargin_Scroll,257,ShareX-18.0.1/ShareX.MediaLib/Forms/ImageBeautifierForm.cs,False,Direct Analysis
tbMargin_MouseUp,262,ShareX-18.0.1/ShareX.MediaLib/Forms/ImageBeautifierForm.cs,False,Direct Analysis
tbPadding_Scroll,267,ShareX-18.0.1/ShareX.MediaLib/Forms/ImageBeautifierForm.cs,False,Direct Analysis
tbPadding_MouseUp,272,ShareX-18.0.1/ShareX.MediaLib/Forms/ImageBeautifierForm.cs,False,Direct Analysis
cbSmartPadding_CheckedChanged,277,ShareX-18.0.1/ShareX.MediaLib/Forms/ImageBeautifierForm.cs,False,Direct Analysis
tbRoundedCorner_Scroll,282,ShareX-18.0.1/ShareX.MediaLib/Forms/ImageBeautifierForm.cs,False,Direct Analysis
tbRoundedCorner_MouseUp,287,ShareX-18.0.1/ShareX.MediaLib/Forms/ImageBeautifierForm.cs,False,Direct Analysis
btnShadowExpand_Click,292,ShareX-18.0.1/ShareX.MediaLib/Forms/ImageBeautifierForm.cs,False,Direct Analysis
tbShadowRadius_Scroll,308,ShareX-18.0.1/ShareX.MediaLib/Forms/ImageBeautifierForm.cs,False,Direct Analysis
tbShadowOpacity_Scroll,313,ShareX-18.0.1/ShareX.MediaLib/Forms/ImageBeautifierForm.cs,False,Direct Analysis
tbShadowDistance_Scroll,318,ShareX-18.0.1/ShareX.MediaLib/Forms/ImageBeautifierForm.cs,False,Direct Analysis
tbShadowAngle_Scroll,323,ShareX-18.0.1/ShareX.MediaLib/Forms/ImageBeautifierForm.cs,False,Direct Analysis
cbBackgroundType_SelectedIndexChanged,333,ShareX-18.0.1/ShareX.MediaLib/Forms/ImageBeautifierForm.cs,False,Direct Analysis
pbBackground_Click,341,ShareX-18.0.1/ShareX.MediaLib/Forms/ImageBeautifierForm.cs,False,Direct Analysis
btnBackgroundImageFilePathBrowse_Click,381,ShareX-18.0.1/ShareX.MediaLib/Forms/ImageBeautifierForm.cs,False,Direct Analysis
btnResetOptions_Click,393,ShareX-18.0.1/ShareX.MediaLib/Forms/ImageBeautifierForm.cs,False,Direct Analysis
btnCopy_Click,405,ShareX-18.0.1/ShareX.MediaLib/Forms/ImageBeautifierForm.cs,False,Direct Analysis
btnSave_Click,413,ShareX-18.0.1/ShareX.MediaLib/Forms/ImageBeautifierForm.cs,False,Direct Analysis
btnSaveAs_Click,421,ShareX-18.0.1/ShareX.MediaLib/Forms/ImageBeautifierForm.cs,False,Direct Analysis
btnUpload_Click,434,ShareX-18.0.1/ShareX.MediaLib/Forms/ImageBeautifierForm.cs,False,Direct Analysis
btnPrint_Click,442,ShareX-18.0.1/ShareX.MediaLib/Forms/ImageBeautifierForm.cs,False,Direct Analysis
Dispose,14,ShareX-18.0.1/ShareX.MediaLib/Forms/ImageCombinerForm.Designer.cs,False,Direct Analysis
InitializeComponent,29,ShareX-18.0.1/ShareX.MediaLib/Forms/ImageCombinerForm.Designer.cs,False,Direct Analysis
UpdateOrientation,77,ShareX-18.0.1/ShareX.MediaLib/Forms/ImageCombinerForm.cs,False,Direct Analysis
UpdateAlignmentComboBox,89,ShareX-18.0.1/ShareX.MediaLib/Forms/ImageCombinerForm.cs,False,Direct Analysis
btnAdd_Click,109,ShareX-18.0.1/ShareX.MediaLib/Forms/ImageCombinerForm.cs,False,Direct Analysis
btnRemove_Click,124,ShareX-18.0.1/ShareX.MediaLib/Forms/ImageCombinerForm.cs,False,Direct Analysis
btnMoveUp_Click,137,ShareX-18.0.1/ShareX.MediaLib/Forms/ImageCombinerForm.cs,False,Direct Analysis
btnMoveDown_Click,145,ShareX-18.0.1/ShareX.MediaLib/Forms/ImageCombinerForm.cs,False,Direct Analysis
rbOrientationHorizontal_CheckedChanged,153,ShareX-18.0.1/ShareX.MediaLib/Forms/ImageCombinerForm.cs,False,Direct Analysis
rbOrientationVertical_CheckedChanged,159,ShareX-18.0.1/ShareX.MediaLib/Forms/ImageCombinerForm.cs,False,Direct Analysis
cbAlignment_SelectedIndexChanged,165,ShareX-18.0.1/ShareX.MediaLib/Forms/ImageCombinerForm.cs,False,Direct Analysis
nudSpace_ValueChanged,170,ShareX-18.0.1/ShareX.MediaLib/Forms/ImageCombinerForm.cs,False,Direct Analysis
nudWrapAfter_ValueChanged,175,ShareX-18.0.1/ShareX.MediaLib/Forms/ImageCombinerForm.cs,False,Direct Analysis
cbAutoFillBackground_CheckedChanged,180,ShareX-18.0.1/ShareX.MediaLib/Forms/ImageCombinerForm.cs,False,Direct Analysis
btnCombine_Click,185,ShareX-18.0.1/ShareX.MediaLib/Forms/ImageCombinerForm.cs,False,Direct Analysis
ImageCombinerForm_DragEnter,217,ShareX-18.0.1/ShareX.MediaLib/Forms/ImageCombinerForm.cs,False,Direct Analysis
ImageCombinerForm_DragDrop,229,ShareX-18.0.1/ShareX.MediaLib/Forms/ImageCombinerForm.cs,False,Direct Analysis
Dispose,14,ShareX-18.0.1/ShareX.MediaLib/Forms/ImageThumbnailerForm.Designer.cs,False,Direct Analysis
InitializeComponent,29,ShareX-18.0.1/ShareX.MediaLib/Forms/ImageThumbnailerForm.Designer.cs,False,Direct Analysis
UpdateEnabled,43,ShareX-18.0.1/ShareX.MediaLib/Forms/ImageThumbnailerForm.cs,False,Direct Analysis
AddFile,50,ShareX-18.0.1/ShareX.MediaLib/Forms/ImageThumbnailerForm.cs,False,Direct Analysis
btnAdd_Click,63,ShareX-18.0.1/ShareX.MediaLib/Forms/ImageThumbnailerForm.cs,False,Direct Analysis
btnRemove_Click,78,ShareX-18.0.1/ShareX.MediaLib/Forms/ImageThumbnailerForm.cs,False,Direct Analysis
lvImages_SelectedIndexChanged,89,ShareX-18.0.1/ShareX.MediaLib/Forms/ImageThumbnailerForm.cs,False,Direct Analysis
lvImages_DragEnter,94,ShareX-18.0.1/ShareX.MediaLib/Forms/ImageThumbnailerForm.cs,False,Direct Analysis
lvImages_DragDrop,106,ShareX-18.0.1/ShareX.MediaLib/Forms/ImageThumbnailerForm.cs,False,Direct Analysis
nudWidth_ValueChanged,119,ShareX-18.0.1/ShareX.MediaLib/Forms/ImageThumbnailerForm.cs,False,Direct Analysis
nudHeight_ValueChanged,124,ShareX-18.0.1/ShareX.MediaLib/Forms/ImageThumbnailerForm.cs,False,Direct Analysis
txtOutputFolder_TextChanged,129,ShareX-18.0.1/ShareX.MediaLib/Forms/ImageThumbnailerForm.cs,False,Direct Analysis
btnOutputFolder_Click,134,ShareX-18.0.1/ShareX.MediaLib/Forms/ImageThumbnailerForm.cs,False,Direct Analysis
txtOutputFilename_TextChanged,139,ShareX-18.0.1/ShareX.MediaLib/Forms/ImageThumbnailerForm.cs,False,Direct Analysis
btnGenerate_Click,144,ShareX-18.0.1/ShareX.MediaLib/Forms/ImageThumbnailerForm.cs,False,Direct Analysis
Dispose,55,ShareX-18.0.1/ShareX.MediaLib/ImageBeautifier.cs,False,Direct Analysis
LoadImage,61,ShareX-18.0.1/ShareX.MediaLib/ImageBeautifier.cs,False,Direct Analysis
Render,77,ShareX-18.0.1/ShareX.MediaLib/ImageBeautifier.cs,False,Direct Analysis
ResetOptions,53,ShareX-18.0.1/ShareX.MediaLib/ImageBeautifierOptions.cs,False,Direct Analysis
GetFFmpegArgs,94,ShareX-18.0.1/ShareX.MediaLib/VideoConverterOptions.cs,False,Direct Analysis
GetFileExtension,280,ShareX-18.0.1/ShareX.MediaLib/VideoConverterOptions.cs,False,Direct Analysis
ToString,47,ShareX-18.0.1/ShareX.MediaLib/VideoInfo.cs,False,Direct Analysis
OnImageModified,403,ShareX-18.0.1/ShareX.ScreenCaptureLib/Shapes/ShapeManager.cs,False,Direct Analysis
form_Shown,411,ShareX-18.0.1/ShareX.ScreenCaptureLib/Shapes/ShapeManager.cs,False,Direct Analysis
form_LostFocus,419,ShareX-18.0.1/ShareX.ScreenCaptureLib/Shapes/ShapeManager.cs,False,Direct Analysis
form_MouseDown,424,ShareX-18.0.1/ShareX.ScreenCaptureLib/Shapes/ShapeManager.cs,False,Direct Analysis
form_MouseUp,442,ShareX-18.0.1/ShareX.ScreenCaptureLib/Shapes/ShapeManager.cs,False,Direct Analysis
form_MouseDoubleClick,492,ShareX-18.0.1/ShareX.ScreenCaptureLib/Shapes/ShapeManager.cs,False,Direct Analysis
form_MouseWheel,508,ShareX-18.0.1/ShareX.ScreenCaptureLib/Shapes/ShapeManager.cs,False,Direct Analysis
HandleEscape,542,ShareX-18.0.1/ShareX.ScreenCaptureLib/Shapes/ShapeManager.cs,False,Direct Analysis
form_KeyDown,572,ShareX-18.0.1/ShareX.ScreenCaptureLib/Shapes/ShapeManager.cs,False,Direct Analysis
form_KeyUp,818,ShareX-18.0.1/ShareX.ScreenCaptureLib/Shapes/ShapeManager.cs,False,Direct Analysis
ShapeMoved,859,ShareX-18.0.1/ShareX.ScreenCaptureLib/Shapes/ShapeManager.cs,False,Direct Analysis
RunAction,872,ShareX-18.0.1/ShareX.ScreenCaptureLib/Shapes/ShapeManager.cs,False,Direct Analysis
Update,927,ShareX-18.0.1/ShareX.ScreenCaptureLib/Shapes/ShapeManager.cs,False,Direct Analysis
StartRegionSelection,946,ShareX-18.0.1/ShareX.ScreenCaptureLib/Shapes/ShapeManager.cs,False,Direct Analysis
EndRegionSelection,986,ShareX-18.0.1/ShareX.ScreenCaptureLib/Shapes/ShapeManager.cs,False,Direct Analysis
StartPanning,1047,ShareX-18.0.1/ShareX.ScreenCaptureLib/Shapes/ShapeManager.cs,False,Direct Analysis
EndPanning,1053,ShareX-18.0.1/ShareX.ScreenCaptureLib/Shapes/ShapeManager.cs,False,Direct Analysis
UpdateObjects,1058,ShareX-18.0.1/ShareX.ScreenCaptureLib/Shapes/ShapeManager.cs,False,Direct Analysis
UpdateObjects,1111,ShareX-18.0.1/ShareX.ScreenCaptureLib/Shapes/ShapeManager.cs,False,Direct Analysis
DrawObjects,1119,ShareX-18.0.1/ShareX.ScreenCaptureLib/Shapes/ShapeManager.cs,False,Direct Analysis
AddShape,1140,ShareX-18.0.1/ShareX.ScreenCaptureLib/Shapes/ShapeManager.cs,False,Direct Analysis
CreateShape,1148,ShareX-18.0.1/ShareX.ScreenCaptureLib/Shapes/ShapeManager.cs,False,Direct Analysis
CreateShape,1153,ShareX-18.0.1/ShareX.ScreenCaptureLib/Shapes/ShapeManager.cs,False,Direct Analysis
UpdateCurrentShape,1241,ShareX-18.0.1/ShareX.ScreenCaptureLib/Shapes/ShapeManager.cs,False,Direct Analysis
SwapShapeType,1254,ShareX-18.0.1/ShareX.ScreenCaptureLib/Shapes/ShapeManager.cs,False,Direct Analysis
SnapPosition,1269,ShareX-18.0.1/ShareX.ScreenCaptureLib/Shapes/ShapeManager.cs,False,Direct Analysis
UpdateCurrentHoverShape,1295,ShareX-18.0.1/ShareX.ScreenCaptureLib/Shapes/ShapeManager.cs,False,Direct Analysis
CheckHover,1300,ShareX-18.0.1/ShareX.ScreenCaptureLib/Shapes/ShapeManager.cs,False,Direct Analysis
FindSelectedWindow,1358,ShareX-18.0.1/ShareX.ScreenCaptureLib/Shapes/ShapeManager.cs,False,Direct Analysis
FindSelectedWindowInfo,1368,ShareX-18.0.1/ShareX.ScreenCaptureLib/Shapes/ShapeManager.cs,False,Direct Analysis
RenderOutputImage,1388,ShareX-18.0.1/ShareX.ScreenCaptureLib/Shapes/ShapeManager.cs,False,Direct Analysis
SelectShape,1428,ShareX-18.0.1/ShareX.ScreenCaptureLib/Shapes/ShapeManager.cs,False,Direct Analysis
SelectCurrentShape,1441,ShareX-18.0.1/ShareX.ScreenCaptureLib/Shapes/ShapeManager.cs,False,Direct Analysis
SelectIntersectShape,1446,ShareX-18.0.1/ShareX.ScreenCaptureLib/Shapes/ShapeManager.cs,False,Direct Analysis
DeselectShape,1457,ShareX-18.0.1/ShareX.ScreenCaptureLib/Shapes/ShapeManager.cs,False,Direct Analysis
DeselectCurrentShape,1466,ShareX-18.0.1/ShareX.ScreenCaptureLib/Shapes/ShapeManager.cs,False,Direct Analysis
DeleteShape,1471,ShareX-18.0.1/ShareX.ScreenCaptureLib/Shapes/ShapeManager.cs,False,Direct Analysis
DeleteCurrentShape,1490,ShareX-18.0.1/ShareX.ScreenCaptureLib/Shapes/ShapeManager.cs,False,Direct Analysis
DeleteAllShapes,1500,ShareX-18.0.1/ShareX.ScreenCaptureLib/Shapes/ShapeManager.cs,False,Direct Analysis
ResetModifiers,1520,ShareX-18.0.1/ShareX.ScreenCaptureLib/Shapes/ShapeManager.cs,False,Direct Analysis
ClearTools,1525,ShareX-18.0.1/ShareX.ScreenCaptureLib/Shapes/ShapeManager.cs,False,Direct Analysis
GetIntersectShape,1534,ShareX-18.0.1/ShareX.ScreenCaptureLib/Shapes/ShapeManager.cs,False,Direct Analysis
GetIntersectShape,1539,ShareX-18.0.1/ShareX.ScreenCaptureLib/Shapes/ShapeManager.cs,False,Direct Analysis
RestoreState,1562,ShareX-18.0.1/ShareX.ScreenCaptureLib/Shapes/ShapeManager.cs,False,Direct Analysis
MoveShapeBottom,1587,ShareX-18.0.1/ShareX.ScreenCaptureLib/Shapes/ShapeManager.cs,False,Direct Analysis
MoveCurrentShapeBottom,1602,ShareX-18.0.1/ShareX.ScreenCaptureLib/Shapes/ShapeManager.cs,False,Direct Analysis
MoveShapeTop,1607,ShareX-18.0.1/ShareX.ScreenCaptureLib/Shapes/ShapeManager.cs,False,Direct Analysis
MoveCurrentShapeTop,1622,ShareX-18.0.1/ShareX.ScreenCaptureLib/Shapes/ShapeManager.cs,False,Direct Analysis
MoveShapeDown,1627,ShareX-18.0.1/ShareX.ScreenCaptureLib/Shapes/ShapeManager.cs,False,Direct Analysis
MoveCurrentShapeDown,1642,ShareX-18.0.1/ShareX.ScreenCaptureLib/Shapes/ShapeManager.cs,False,Direct Analysis
MoveShapeUp,1647,ShareX-18.0.1/ShareX.ScreenCaptureLib/Shapes/ShapeManager.cs,False,Direct Analysis
MoveCurrentShapeUp,1662,ShareX-18.0.1/ShareX.ScreenCaptureLib/Shapes/ShapeManager.cs,False,Direct Analysis
MoveAll,1667,ShareX-18.0.1/ShareX.ScreenCaptureLib/Shapes/ShapeManager.cs,False,Direct Analysis
CollapseAllHorizontal,1683,ShareX-18.0.1/ShareX.ScreenCaptureLib/Shapes/ShapeManager.cs,False,Direct Analysis
CollapseAllVertical,1738,ShareX-18.0.1/ShareX.ScreenCaptureLib/Shapes/ShapeManager.cs,False,Direct Analysis
RemoveOutsideShapes,1793,ShareX-18.0.1/ShareX.ScreenCaptureLib/Shapes/ShapeManager.cs,False,Direct Analysis
UpdateNodes,1817,ShareX-18.0.1/ShareX.ScreenCaptureLib/Shapes/ShapeManager.cs,False,Direct Analysis
OrderStepShapes,1838,ShareX-18.0.1/ShareX.ScreenCaptureLib/Shapes/ShapeManager.cs,False,Direct Analysis
DuplicateCurrrentShape,1848,ShareX-18.0.1/ShareX.ScreenCaptureLib/Shapes/ShapeManager.cs,False,Direct Analysis
PasteFromClipboard,1874,ShareX-18.0.1/ShareX.ScreenCaptureLib/Shapes/ShapeManager.cs,False,Direct Analysis
AddCursor,1924,ShareX-18.0.1/ShareX.ScreenCaptureLib/Shapes/ShapeManager.cs,False,Direct Analysis
DrawRegionArea,1931,ShareX-18.0.1/ShareX.ScreenCaptureLib/Shapes/ShapeManager.cs,False,Direct Analysis
UpdateCanvas,1942,ShareX-18.0.1/ShareX.ScreenCaptureLib/Shapes/ShapeManager.cs,False,Direct Analysis
CropArea,1954,ShareX-18.0.1/ShareX.ScreenCaptureLib/Shapes/ShapeManager.cs,False,Direct Analysis
CropImage,1966,ShareX-18.0.1/ShareX.ScreenCaptureLib/Shapes/ShapeManager.cs,False,Direct Analysis
CutOut,1982,ShareX-18.0.1/ShareX.ScreenCaptureLib/Shapes/ShapeManager.cs,False,Direct Analysis
GetColor,2005,ShareX-18.0.1/ShareX.ScreenCaptureLib/Shapes/ShapeManager.cs,False,Direct Analysis
GetCurrentColor,2023,ShareX-18.0.1/ShareX.ScreenCaptureLib/Shapes/ShapeManager.cs,False,Direct Analysis
GetCurrentColor,2028,ShareX-18.0.1/ShareX.ScreenCaptureLib/Shapes/ShapeManager.cs,False,Direct Analysis
NewImage,2033,ShareX-18.0.1/ShareX.ScreenCaptureLib/Shapes/ShapeManager.cs,False,Direct Analysis
OpenImageFile,2051,ShareX-18.0.1/ShareX.ScreenCaptureLib/Shapes/ShapeManager.cs,False,Direct Analysis
LoadImageFile,2062,ShareX-18.0.1/ShareX.ScreenCaptureLib/Shapes/ShapeManager.cs,False,Direct Analysis
InsertImageFile,2079,ShareX-18.0.1/ShareX.ScreenCaptureLib/Shapes/ShapeManager.cs,False,Direct Analysis
InsertImageFromScreen,2094,ShareX-18.0.1/ShareX.ScreenCaptureLib/Shapes/ShapeManager.cs,False,Direct Analysis
InsertImage,2117,ShareX-18.0.1/ShareX.ScreenCaptureLib/Shapes/ShapeManager.cs,False,Direct Analysis
ChangeImageSize,2160,ShareX-18.0.1/ShareX.ScreenCaptureLib/Shapes/ShapeManager.cs,False,Direct Analysis
ChangeCanvasSize,2191,ShareX-18.0.1/ShareX.ScreenCaptureLib/Shapes/ShapeManager.cs,False,Direct Analysis
AutoResizeCanvas,2217,ShareX-18.0.1/ShareX.ScreenCaptureLib/Shapes/ShapeManager.cs,False,Direct Analysis
ChangeCanvasSize,2230,ShareX-18.0.1/ShareX.ScreenCaptureLib/Shapes/ShapeManager.cs,False,Direct Analysis
AddCropTool,2243,ShareX-18.0.1/ShareX.ScreenCaptureLib/Shapes/ShapeManager.cs,False,Direct Analysis
AutoCropImage,2253,ShareX-18.0.1/ShareX.ScreenCaptureLib/Shapes/ShapeManager.cs,False,Direct Analysis
RotateImage,2274,ShareX-18.0.1/ShareX.ScreenCaptureLib/Shapes/ShapeManager.cs,False,Direct Analysis
AddImageEffects,2283,ShareX-18.0.1/ShareX.ScreenCaptureLib/Shapes/ShapeManager.cs,False,Direct Analysis
PickColor,2316,ShareX-18.0.1/ShareX.ScreenCaptureLib/Shapes/ShapeManager.cs,False,Direct Analysis
Dispose,2338,ShareX-18.0.1/ShareX.ScreenCaptureLib/Shapes/ShapeManager.cs,False,Direct Analysis
CreateToolbar,58,ShareX-18.0.1/ShareX.ScreenCaptureLib/Shapes/ShapeManagerMenu.cs,False,Direct Analysis
MenuForm_Shown,1204,ShareX-18.0.1/ShareX.ScreenCaptureLib/Shapes/ShapeManagerMenu.cs,False,Direct Analysis
MenuForm_KeyDown,1210,ShareX-18.0.1/ShareX.ScreenCaptureLib/Shapes/ShapeManagerMenu.cs,False,Direct Analysis
MenuForm_KeyUp,1218,ShareX-18.0.1/ShareX.ScreenCaptureLib/Shapes/ShapeManagerMenu.cs,False,Direct Analysis
MenuForm_LocationChanged,1225,ShareX-18.0.1/ShareX.ScreenCaptureLib/Shapes/ShapeManagerMenu.cs,False,Direct Analysis
MenuForm_GotFocus,1230,ShareX-18.0.1/ShareX.ScreenCaptureLib/Shapes/ShapeManagerMenu.cs,False,Direct Analysis
MenuForm_LostFocus,1235,ShareX-18.0.1/ShareX.ScreenCaptureLib/Shapes/ShapeManagerMenu.cs,False,Direct Analysis
TsMain_MouseLeave,1240,ShareX-18.0.1/ShareX.ScreenCaptureLib/Shapes/ShapeManagerMenu.cs,False,Direct Analysis
TslDrag_MouseEnter,1245,ShareX-18.0.1/ShareX.ScreenCaptureLib/Shapes/ShapeManagerMenu.cs,False,Direct Analysis
TslDrag_MouseLeave,1250,ShareX-18.0.1/ShareX.ScreenCaptureLib/Shapes/ShapeManagerMenu.cs,False,Direct Analysis
TslDrag_MouseDown,1255,ShareX-18.0.1/ShareX.ScreenCaptureLib/Shapes/ShapeManagerMenu.cs,False,Direct Analysis
ConfigureMenuState,1269,ShareX-18.0.1/ShareX.ScreenCaptureLib/Shapes/ShapeManagerMenu.cs,False,Direct Analysis
UpdateMenuPosition,1279,ShareX-18.0.1/ShareX.ScreenCaptureLib/Shapes/ShapeManagerMenu.cs,False,Direct Analysis
UpdateMenuMaxWidth,1306,ShareX-18.0.1/ShareX.ScreenCaptureLib/Shapes/ShapeManagerMenu.cs,False,Direct Analysis
CheckMenuPosition,1311,ShareX-18.0.1/ShareX.ScreenCaptureLib/Shapes/ShapeManagerMenu.cs,False,Direct Analysis
SetMenuCollapsed,1355,ShareX-18.0.1/ShareX.ScreenCaptureLib/Shapes/ShapeManagerMenu.cs,False,Direct Analysis
UpdateMenu,1392,ShareX-18.0.1/ShareX.ScreenCaptureLib/Shapes/ShapeManagerMenu.cs,False,Direct Analysis
GetSelectedCursor,1638,ShareX-18.0.1/ShareX.ScreenCaptureLib/Shapes/ShapeManagerMenu.cs,False,Direct Analysis
ShowMenuTooltip,1648,ShareX-18.0.1/ShareX.ScreenCaptureLib/Shapes/ShapeManagerMenu.cs,False,Direct Analysis
Upload,52,ShareX-18.0.1/ShareX.UploadersLib/FileUploaders/SFTP.cs,False,Direct Analysis
StopUpload,83,ShareX-18.0.1/ShareX.UploadersLib/FileUploaders/SFTP.cs,False,Direct Analysis
Connect,100,ShareX-18.0.1/ShareX.UploadersLib/FileUploaders/SFTP.cs,False,Direct Analysis
Disconnect,143,ShareX-18.0.1/ShareX.UploadersLib/FileUploaders/SFTP.cs,False,Direct Analysis
ChangeDirectory,151,ShareX-18.0.1/ShareX.UploadersLib/FileUploaders/SFTP.cs,False,Direct Analysis
DirectoryExists,167,ShareX-18.0.1/ShareX.UploadersLib/FileUploaders/SFTP.cs,False,Direct Analysis
CreateDirectory,177,ShareX-18.0.1/ShareX.UploadersLib/FileUploaders/SFTP.cs,False,Direct Analysis
UploadStream,215,ShareX-18.0.1/ShareX.UploadersLib/FileUploaders/SFTP.cs,False,Direct Analysis
Dispose,242,ShareX-18.0.1/ShareX.UploadersLib/FileUploaders/SFTP.cs,False,Direct Analysis
UpdateVideoInfo,51,ShareX-18.0.1/ShareX.MediaLib/VideoThumbnailer.cs,False,Direct Analysis
TakeThumbnails,59,ShareX-18.0.1/ShareX.MediaLib/VideoThumbnailer.cs,False,Direct Analysis
Finish,121,ShareX-18.0.1/ShareX.MediaLib/VideoThumbnailer.cs,False,Direct Analysis
GetOutputDirectory,160,ShareX-18.0.1/ShareX.MediaLib/VideoThumbnailer.cs,False,Direct Analysis
GetTimeSlice,183,ShareX-18.0.1/ShareX.MediaLib/VideoThumbnailer.cs,False,Direct Analysis
GetRandomTimeSlice,188,ShareX-18.0.1/ShareX.MediaLib/VideoThumbnailer.cs,False,Direct Analysis
CombineScreenshots,200,ShareX-18.0.1/ShareX.MediaLib/VideoThumbnailer.cs,False,Direct Analysis
Apply,106,ShareX-18.0.1/ShareX.ImageEffectsLib/Drawings/DrawParticles.cs,False,Direct Analysis
DrawParticlesFromFolder,131,ShareX-18.0.1/ShareX.ImageEffectsLib/Drawings/DrawParticles.cs,False,Direct Analysis
DrawImage,163,ShareX-18.0.1/ShareX.ImageEffectsLib/Drawings/DrawParticles.cs,False,Direct Analysis
GetSummary,257,ShareX-18.0.1/ShareX.ImageEffectsLib/Drawings/DrawParticles.cs,False,Direct Analysis
OnCreating,33,ShareX-18.0.1/ShareX.ScreenCaptureLib/Shapes/Drawing/ImageFileDrawingShape.cs,False,Direct Analysis
OnDoubleClicked,54,ShareX-18.0.1/ShareX.ScreenCaptureLib/Shapes/Drawing/ImageFileDrawingShape.cs,False,Direct Analysis
OpenImageDialog,59,ShareX-18.0.1/ShareX.ScreenCaptureLib/Shapes/Drawing/ImageFileDrawingShape.cs,False,Direct Analysis
LoadImageFile,68,ShareX-18.0.1/ShareX.ScreenCaptureLib/Shapes/Drawing/ImageFileDrawingShape.cs,False,Direct Analysis
PropertyListView_Click_Name,75,ShareX-18.0.1/ShareX.HelpersLib/Controls/ObjectListView.cs,False,Direct Analysis
PropertyListView_Click_Value,88,ShareX-18.0.1/ShareX.HelpersLib/Controls/ObjectListView.cs,False,Direct Analysis
SelectObject,101,ShareX-18.0.1/ShareX.HelpersLib/Controls/ObjectListView.cs,False,Direct Analysis
Dispose,14,ShareX-18.0.1/ShareX.ScreenCaptureLib/Forms/CanvasSizeForm.Designer.cs,False,Direct Analysis
InitializeComponent,29,ShareX-18.0.1/ShareX.ScreenCaptureLib/Forms/CanvasSizeForm.Designer.cs,False,Direct Analysis
CanvasSizeForm_Shown,56,ShareX-18.0.1/ShareX.ScreenCaptureLib/Forms/CanvasSizeForm.cs,False,Direct Analysis
btnOK_Click,61,ShareX-18.0.1/ShareX.ScreenCaptureLib/Forms/CanvasSizeForm.cs,False,Direct Analysis
btnCancel_Click,70,ShareX-18.0.1/ShareX.ScreenCaptureLib/Forms/CanvasSizeForm.cs,False,Direct Analysis
Dispose,14,ShareX-18.0.1/ShareX.ScreenCaptureLib/Forms/EditorStartupForm.Designer.cs,False,Direct Analysis
InitializeComponent,29,ShareX-18.0.1/ShareX.ScreenCaptureLib/Forms/EditorStartupForm.Designer.cs,False,Direct Analysis
LoadImageFile,49,ShareX-18.0.1/ShareX.ScreenCaptureLib/Forms/EditorStartupForm.cs,False,Direct Analysis
btnOpenImageFile_Click,64,ShareX-18.0.1/ShareX.ScreenCaptureLib/Forms/EditorStartupForm.cs,False,Direct Analysis
btnLoadImageFromClipboard_Click,70,ShareX-18.0.1/ShareX.ScreenCaptureLib/Forms/EditorStartupForm.cs,False,Direct Analysis
btnLoadImageFromURL_Click,98,ShareX-18.0.1/ShareX.ScreenCaptureLib/Forms/EditorStartupForm.cs,False,Direct Analysis
btnCreateNewImage_Click,144,ShareX-18.0.1/ShareX.ScreenCaptureLib/Forms/EditorStartupForm.cs,False,Direct Analysis
btnCancel_Click,155,ShareX-18.0.1/ShareX.ScreenCaptureLib/Forms/EditorStartupForm.cs,False,Direct Analysis
Dispose,14,ShareX-18.0.1/ShareX.ScreenCaptureLib/Forms/FFmpegOptionsForm.Designer.cs,False,Direct Analysis
InitializeComponent,29,ShareX-18.0.1/ShareX.ScreenCaptureLib/Forms/FFmpegOptionsForm.Designer.cs,False,Direct Analysis
LoadSettings,68,ShareX-18.0.1/ShareX.ScreenCaptureLib/Forms/FFmpegOptionsForm.cs,False,Direct Analysis
RefreshSourcesAsync,181,ShareX-18.0.1/ShareX.ScreenCaptureLib/Forms/FFmpegOptionsForm.cs,False,Direct Analysis
UpdateUI,256,ShareX-18.0.1/ShareX.ScreenCaptureLib/Forms/FFmpegOptionsForm.cs,False,Direct Analysis
FFmpegOptionsForm_Load,274,ShareX-18.0.1/ShareX.ScreenCaptureLib/Forms/FFmpegOptionsForm.cs,False,Direct Analysis
cbUseCustomFFmpegPath_CheckedChanged,279,ShareX-18.0.1/ShareX.ScreenCaptureLib/Forms/FFmpegOptionsForm.cs,False,Direct Analysis
txtFFmpegPath_TextChanged,285,ShareX-18.0.1/ShareX.ScreenCaptureLib/Forms/FFmpegOptionsForm.cs,False,Direct Analysis
buttonFFmpegBrowse_Click,290,ShareX-18.0.1/ShareX.ScreenCaptureLib/Forms/FFmpegOptionsForm.cs,False,Direct Analysis
cbVideoSource_SelectedIndexChanged,298,ShareX-18.0.1/ShareX.ScreenCaptureLib/Forms/FFmpegOptionsForm.cs,False,Direct Analysis
cbAudioSource_SelectedIndexChanged,305,ShareX-18.0.1/ShareX.ScreenCaptureLib/Forms/FFmpegOptionsForm.cs,False,Direct Analysis
btnInstallHelperDevices_Click,312,ShareX-18.0.1/ShareX.ScreenCaptureLib/Forms/FFmpegOptionsForm.cs,False,Direct Analysis
btnHelperDevicesHelp_Click,351,ShareX-18.0.1/ShareX.ScreenCaptureLib/Forms/FFmpegOptionsForm.cs,False,Direct Analysis
cbVideoCodec_SelectedIndexChanged,356,ShareX-18.0.1/ShareX.ScreenCaptureLib/Forms/FFmpegOptionsForm.cs,False,Direct Analysis
cbAudioCodec_SelectedIndexChanged,398,ShareX-18.0.1/ShareX.ScreenCaptureLib/Forms/FFmpegOptionsForm.cs,False,Direct Analysis
nudx264CRF_ValueChanged,424,ShareX-18.0.1/ShareX.ScreenCaptureLib/Forms/FFmpegOptionsForm.cs,False,Direct Analysis
nudx264Bitrate_ValueChanged,430,ShareX-18.0.1/ShareX.ScreenCaptureLib/Forms/FFmpegOptionsForm.cs,False,Direct Analysis
cbx264UseBitrate_CheckedChanged,436,ShareX-18.0.1/ShareX.ScreenCaptureLib/Forms/FFmpegOptionsForm.cs,False,Direct Analysis
cbPreset_SelectedIndexChanged,442,ShareX-18.0.1/ShareX.ScreenCaptureLib/Forms/FFmpegOptionsForm.cs,False,Direct Analysis
nudVP8Bitrate_ValueChanged,448,ShareX-18.0.1/ShareX.ScreenCaptureLib/Forms/FFmpegOptionsForm.cs,False,Direct Analysis
nudQscale_ValueChanged,454,ShareX-18.0.1/ShareX.ScreenCaptureLib/Forms/FFmpegOptionsForm.cs,False,Direct Analysis
nudNVENCBitrate_ValueChanged,460,ShareX-18.0.1/ShareX.ScreenCaptureLib/Forms/FFmpegOptionsForm.cs,False,Direct Analysis
cbNVENCPreset_SelectedIndexChanged,466,ShareX-18.0.1/ShareX.ScreenCaptureLib/Forms/FFmpegOptionsForm.cs,False,Direct Analysis
cbNVENCTune_SelectedIndexChanged,472,ShareX-18.0.1/ShareX.ScreenCaptureLib/Forms/FFmpegOptionsForm.cs,False,Direct Analysis
cbGIFStatsMode_SelectedIndexChanged,478,ShareX-18.0.1/ShareX.ScreenCaptureLib/Forms/FFmpegOptionsForm.cs,False,Direct Analysis
cbGIFDither_SelectedIndexChanged,484,ShareX-18.0.1/ShareX.ScreenCaptureLib/Forms/FFmpegOptionsForm.cs,False,Direct Analysis
nudGIFBayerScale_SelectedIndexChanged,490,ShareX-18.0.1/ShareX.ScreenCaptureLib/Forms/FFmpegOptionsForm.cs,False,Direct Analysis
cbAMFUsage_SelectedIndexChanged,496,ShareX-18.0.1/ShareX.ScreenCaptureLib/Forms/FFmpegOptionsForm.cs,False,Direct Analysis
cbAMFQuality_SelectedIndexChanged,502,ShareX-18.0.1/ShareX.ScreenCaptureLib/Forms/FFmpegOptionsForm.cs,False,Direct Analysis
nudAMFBitrate_ValueChanged,508,ShareX-18.0.1/ShareX.ScreenCaptureLib/Forms/FFmpegOptionsForm.cs,False,Direct Analysis
cbQSVPreset_SelectedIndexChanged,514,ShareX-18.0.1/ShareX.ScreenCaptureLib/Forms/FFmpegOptionsForm.cs,False,Direct Analysis
nudQSVBitrate_ValueChanged,520,ShareX-18.0.1/ShareX.ScreenCaptureLib/Forms/FFmpegOptionsForm.cs,False,Direct Analysis
cbAACBitrate_SelectedIndexChanged,526,ShareX-18.0.1/ShareX.ScreenCaptureLib/Forms/FFmpegOptionsForm.cs,False,Direct Analysis
cbOpusBitrate_SelectedIndexChanged,532,ShareX-18.0.1/ShareX.ScreenCaptureLib/Forms/FFmpegOptionsForm.cs,False,Direct Analysis
cbVorbisQuality_SelectedIndexChanged,538,ShareX-18.0.1/ShareX.ScreenCaptureLib/Forms/FFmpegOptionsForm.cs,False,Direct Analysis
cbMP3Quality_SelectedIndexChanged,544,ShareX-18.0.1/ShareX.ScreenCaptureLib/Forms/FFmpegOptionsForm.cs,False,Direct Analysis
txtUserArgs_TextChanged,550,ShareX-18.0.1/ShareX.ScreenCaptureLib/Forms/FFmpegOptionsForm.cs,False,Direct Analysis
cbCustomCommands_CheckedChanged,556,ShareX-18.0.1/ShareX.ScreenCaptureLib/Forms/FFmpegOptionsForm.cs,False,Direct Analysis
txtCommandLinePreview_TextChanged,578,ShareX-18.0.1/ShareX.ScreenCaptureLib/Forms/FFmpegOptionsForm.cs,False,Direct Analysis
btnResetOptions_Click,583,ShareX-18.0.1/ShareX.ScreenCaptureLib/Forms/FFmpegOptionsForm.cs,False,Direct Analysis
Execute,35,ShareX-18.0.1/ShareX/CaptureHelpers/CaptureCustomWindow.cs,False,Direct Analysis
Dispose,14,ShareX-18.0.1/ShareX.ScreenCaptureLib/Forms/ImageSizeForm.Designer.cs,False,Direct Analysis
InitializeComponent,29,ShareX-18.0.1/ShareX.ScreenCaptureLib/Forms/ImageSizeForm.Designer.cs,False,Direct Analysis
VerifySize,65,ShareX-18.0.1/ShareX.ScreenCaptureLib/Forms/ImageSizeForm.cs,False,Direct Analysis
ApplyWidthAspectRatio,70,ShareX-18.0.1/ShareX.ScreenCaptureLib/Forms/ImageSizeForm.cs,False,Direct Analysis
ApplyHeightAspectRatio,85,ShareX-18.0.1/ShareX.ScreenCaptureLib/Forms/ImageSizeForm.cs,False,Direct Analysis
ResizeSizeForm_Shown,100,ShareX-18.0.1/ShareX.ScreenCaptureLib/Forms/ImageSizeForm.cs,False,Direct Analysis
NudWidth_TextChanged,105,ShareX-18.0.1/ShareX.ScreenCaptureLib/Forms/ImageSizeForm.cs,False,Direct Analysis
NudHeight_TextChanged,110,ShareX-18.0.1/ShareX.ScreenCaptureLib/Forms/ImageSizeForm.cs,False,Direct Analysis
cbAspectRatio_CheckedChanged,115,ShareX-18.0.1/ShareX.ScreenCaptureLib/Forms/ImageSizeForm.cs,False,Direct Analysis
cbResampling_SelectedIndexChanged,120,ShareX-18.0.1/ShareX.ScreenCaptureLib/Forms/ImageSizeForm.cs,False,Direct Analysis
btnOK_Click,125,ShareX-18.0.1/ShareX.ScreenCaptureLib/Forms/ImageSizeForm.cs,False,Direct Analysis
btnCancel_Click,133,ShareX-18.0.1/ShareX.ScreenCaptureLib/Forms/ImageSizeForm.cs,False,Direct Analysis
Update,57,ShareX-18.0.1/ShareX/UploadInfoStatus.cs,False,Direct Analysis
Dispose,14,ShareX-18.0.1/ShareX.ScreenCaptureLib/Forms/NewImageForm.Designer.cs,False,Direct Analysis
InitializeComponent,29,ShareX-18.0.1/ShareX.ScreenCaptureLib/Forms/NewImageForm.Designer.cs,False,Direct Analysis
CheckSize,78,ShareX-18.0.1/ShareX.ScreenCaptureLib/Forms/NewImageForm.cs,False,Direct Analysis
NudWidth_TextChanged,83,ShareX-18.0.1/ShareX.ScreenCaptureLib/Forms/NewImageForm.cs,False,Direct Analysis
NudHeight_TextChanged,88,ShareX-18.0.1/ShareX.ScreenCaptureLib/Forms/NewImageForm.cs,False,Direct Analysis
cbTransparent_CheckedChanged,93,ShareX-18.0.1/ShareX.ScreenCaptureLib/Forms/NewImageForm.cs,False,Direct Analysis
btnOK_Click,98,ShareX-18.0.1/ShareX.ScreenCaptureLib/Forms/NewImageForm.cs,False,Direct Analysis
btnCancel_Click,108,ShareX-18.0.1/ShareX.ScreenCaptureLib/Forms/NewImageForm.cs,False,Direct Analysis
InitializeComponent,185,ShareX-18.0.1/ShareX.ScreenCaptureLib/Forms/RegionCaptureForm.cs,False,Direct Analysis
UpdateTitle,269,ShareX-18.0.1/ShareX.ScreenCaptureLib/Forms/RegionCaptureForm.cs,False,Direct Analysis
Prepare,310,ShareX-18.0.1/ShareX.ScreenCaptureLib/Forms/RegionCaptureForm.cs,False,Direct Analysis
ShapeManager_ImageModified,337,ShareX-18.0.1/ShareX.ScreenCaptureLib/Forms/RegionCaptureForm.cs,False,Direct Analysis
InitBackground,348,ShareX-18.0.1/ShareX.ScreenCaptureLib/Forms/RegionCaptureForm.cs,False,Direct Analysis
OnMoved,417,ShareX-18.0.1/ShareX.ScreenCaptureLib/Forms/RegionCaptureForm.cs,False,Direct Analysis
Pan,431,ShareX-18.0.1/ShareX.ScreenCaptureLib/Forms/RegionCaptureForm.cs,False,Direct Analysis
PanToOffset,469,ShareX-18.0.1/ShareX.ScreenCaptureLib/Forms/RegionCaptureForm.cs,False,Direct Analysis
CenterCanvas,487,ShareX-18.0.1/ShareX.ScreenCaptureLib/Forms/RegionCaptureForm.cs,False,Direct Analysis
ZoomTransform,492,ShareX-18.0.1/ShareX.ScreenCaptureLib/Forms/RegionCaptureForm.cs,False,Direct Analysis
SetDefaultCursor,501,ShareX-18.0.1/ShareX.ScreenCaptureLib/Forms/RegionCaptureForm.cs,False,Direct Analysis
SetHandCursor,509,ShareX-18.0.1/ShareX.ScreenCaptureLib/Forms/RegionCaptureForm.cs,False,Direct Analysis
RegionCaptureForm_Shown,527,ShareX-18.0.1/ShareX.ScreenCaptureLib/Forms/RegionCaptureForm.cs,False,Direct Analysis
RegionCaptureForm_Resize,556,ShareX-18.0.1/ShareX.ScreenCaptureLib/Forms/RegionCaptureForm.cs,False,Direct Analysis
RegionCaptureForm_LocationChanged,562,ShareX-18.0.1/ShareX.ScreenCaptureLib/Forms/RegionCaptureForm.cs,False,Direct Analysis
RegionCaptureForm_GotFocus,567,ShareX-18.0.1/ShareX.ScreenCaptureLib/Forms/RegionCaptureForm.cs,False,Direct Analysis
RegionCaptureForm_LostFocus,572,ShareX-18.0.1/ShareX.ScreenCaptureLib/Forms/RegionCaptureForm.cs,False,Direct Analysis
RegionCaptureForm_FormClosing,577,ShareX-18.0.1/ShareX.ScreenCaptureLib/Forms/RegionCaptureForm.cs,False,Direct Analysis
ShowExitConfirmation,594,ShareX-18.0.1/ShareX.ScreenCaptureLib/Forms/RegionCaptureForm.cs,False,Direct Analysis
RegionCaptureForm_KeyDown,616,ShareX-18.0.1/ShareX.ScreenCaptureLib/Forms/RegionCaptureForm.cs,False,Direct Analysis
RegionCaptureForm_MouseDown,696,ShareX-18.0.1/ShareX.ScreenCaptureLib/Forms/RegionCaptureForm.cs,False,Direct Analysis
RegionCaptureForm_MouseWheel,711,ShareX-18.0.1/ShareX.ScreenCaptureLib/Forms/RegionCaptureForm.cs,False,Direct Analysis
Zoom,719,ShareX-18.0.1/ShareX.ScreenCaptureLib/Forms/RegionCaptureForm.cs,False,Direct Analysis
ZoomToFit,765,ShareX-18.0.1/ShareX.ScreenCaptureLib/Forms/RegionCaptureForm.cs,False,Direct Analysis
MonitorKey,772,ShareX-18.0.1/ShareX.ScreenCaptureLib/Forms/RegionCaptureForm.cs,False,Direct Analysis
CloseWindow,786,ShareX-18.0.1/ShareX.ScreenCaptureLib/Forms/RegionCaptureForm.cs,False,Direct Analysis
Pause,793,ShareX-18.0.1/ShareX.ScreenCaptureLib/Forms/RegionCaptureForm.cs,False,Direct Analysis
Resume,798,ShareX-18.0.1/ShareX.ScreenCaptureLib/Forms/RegionCaptureForm.cs,False,Direct Analysis
CopyAreaInfo,805,ShareX-18.0.1/ShareX.ScreenCaptureLib/Forms/RegionCaptureForm.cs,False,Direct Analysis
GetWindowInfo,822,ShareX-18.0.1/ShareX.ScreenCaptureLib/Forms/RegionCaptureForm.cs,False,Direct Analysis
AddCursor,827,ShareX-18.0.1/ShareX.ScreenCaptureLib/Forms/RegionCaptureForm.cs,False,Direct Analysis
UpdateCoordinates,835,ShareX-18.0.1/ShareX.ScreenCaptureLib/Forms/RegionCaptureForm.cs,False,Direct Analysis
Update,842,ShareX-18.0.1/ShareX.ScreenCaptureLib/Forms/RegionCaptureForm.cs,False,Direct Analysis
FpsManager_FPSChanged,869,ShareX-18.0.1/ShareX.ScreenCaptureLib/Forms/RegionCaptureForm.cs,False,Direct Analysis
OnPaintBackground,877,ShareX-18.0.1/ShareX.ScreenCaptureLib/Forms/RegionCaptureForm.cs,False,Direct Analysis
OnPaint,882,ShareX-18.0.1/ShareX.ScreenCaptureLib/Forms/RegionCaptureForm.cs,False,Direct Analysis
DrawBackground,913,ShareX-18.0.1/ShareX.ScreenCaptureLib/Forms/RegionCaptureForm.cs,False,Direct Analysis
DrawShapes,923,ShareX-18.0.1/ShareX.ScreenCaptureLib/Forms/RegionCaptureForm.cs,False,Direct Analysis
DrawRegionArea,1085,ShareX-18.0.1/ShareX.ScreenCaptureLib/Forms/RegionCaptureForm.cs,False,Direct Analysis
DrawFPS,1099,ShareX-18.0.1/ShareX.ScreenCaptureLib/Forms/RegionCaptureForm.cs,False,Direct Analysis
DrawInfoText,1118,ShareX-18.0.1/ShareX.ScreenCaptureLib/Forms/RegionCaptureForm.cs,False,Direct Analysis
DrawAreaText,1139,ShareX-18.0.1/ShareX.ScreenCaptureLib/Forms/RegionCaptureForm.cs,False,Direct Analysis
DrawTextAnimation,1165,ShareX-18.0.1/ShareX.ScreenCaptureLib/Forms/RegionCaptureForm.cs,False,Direct Analysis
DrawTextAnimation,1175,ShareX-18.0.1/ShareX.ScreenCaptureLib/Forms/RegionCaptureForm.cs,False,Direct Analysis
DrawBottomTipAnimation,1190,ShareX-18.0.1/ShareX.ScreenCaptureLib/Forms/RegionCaptureForm.cs,False,Direct Analysis
GetAreaText,1201,ShareX-18.0.1/ShareX.ScreenCaptureLib/Forms/RegionCaptureForm.cs,False,Direct Analysis
GetInfoText,1220,ShareX-18.0.1/ShareX.ScreenCaptureLib/Forms/RegionCaptureForm.cs,False,Direct Analysis
DrawCrosshair,1249,ShareX-18.0.1/ShareX.ScreenCaptureLib/Forms/RegionCaptureForm.cs,False,Direct Analysis
DrawCursorGraphics,1283,ShareX-18.0.1/ShareX.ScreenCaptureLib/Forms/RegionCaptureForm.cs,False,Direct Analysis
Magnifier,1399,ShareX-18.0.1/ShareX.ScreenCaptureLib/Forms/RegionCaptureForm.cs,False,Direct Analysis
UpdateRegionPath,1481,ShareX-18.0.1/ShareX.ScreenCaptureLib/Forms/RegionCaptureForm.cs,False,Direct Analysis
GetResultImage,1510,ShareX-18.0.1/ShareX.ScreenCaptureLib/Forms/RegionCaptureForm.cs,False,Direct Analysis
ReceiveImageForTask,1569,ShareX-18.0.1/ShareX.ScreenCaptureLib/Forms/RegionCaptureForm.cs,False,Direct Analysis
GetSelectedRectangle,1581,ShareX-18.0.1/ShareX.ScreenCaptureLib/Forms/RegionCaptureForm.cs,False,Direct Analysis
OnSaveImageRequested,1614,ShareX-18.0.1/ShareX.ScreenCaptureLib/Forms/RegionCaptureForm.cs,False,Direct Analysis
OnSaveImageAsRequested,1632,ShareX-18.0.1/ShareX.ScreenCaptureLib/Forms/RegionCaptureForm.cs,False,Direct Analysis
OnCopyImageRequested,1650,ShareX-18.0.1/ShareX.ScreenCaptureLib/Forms/RegionCaptureForm.cs,False,Direct Analysis
OnUploadImageRequested,1675,ShareX-18.0.1/ShareX.ScreenCaptureLib/Forms/RegionCaptureForm.cs,False,Direct Analysis
OnPrintImageRequested,1687,ShareX-18.0.1/ShareX.ScreenCaptureLib/Forms/RegionCaptureForm.cs,False,Direct Analysis
Dispose,1698,ShareX-18.0.1/ShareX.ScreenCaptureLib/Forms/RegionCaptureForm.cs,False,Direct Analysis
Dispose,85,ShareX-18.0.1/ShareX.ScreenCaptureLib/Forms/RegionCaptureLightForm.cs,False,Direct Analysis
InitializeComponent,96,ShareX-18.0.1/ShareX.ScreenCaptureLib/Forms/RegionCaptureLightForm.cs,False,Direct Analysis
RectangleLight_Shown,119,ShareX-18.0.1/ShareX.ScreenCaptureLib/Forms/RegionCaptureLightForm.cs,False,Direct Analysis
RectangleLight_KeyUp,124,ShareX-18.0.1/ShareX.ScreenCaptureLib/Forms/RegionCaptureLightForm.cs,False,Direct Analysis
RectangleLight_MouseDown,133,ShareX-18.0.1/ShareX.ScreenCaptureLib/Forms/RegionCaptureLightForm.cs,False,Direct Analysis
RectangleLight_MouseUp,142,ShareX-18.0.1/ShareX.ScreenCaptureLib/Forms/RegionCaptureLightForm.cs,False,Direct Analysis
GetAreaImage,172,ShareX-18.0.1/ShareX.ScreenCaptureLib/Forms/RegionCaptureLightForm.cs,False,Direct Analysis
timer_Tick,189,ShareX-18.0.1/ShareX.ScreenCaptureLib/Forms/RegionCaptureLightForm.cs,False,Direct Analysis
OnPaintBackground,197,ShareX-18.0.1/ShareX.ScreenCaptureLib/Forms/RegionCaptureLightForm.cs,False,Direct Analysis
OnPaint,202,ShareX-18.0.1/ShareX.ScreenCaptureLib/Forms/RegionCaptureLightForm.cs,False,Direct Analysis
Upload,119,ShareX-18.0.1/ShareX.UploadersLib/FileUploaders/AmazonS3.cs,False,Direct Analysis
GetRegion,227,ShareX-18.0.1/ShareX.UploadersLib/FileUploaders/AmazonS3.cs,False,Direct Analysis
GetUploadPath,268,ShareX-18.0.1/ShareX.UploadersLib/FileUploaders/AmazonS3.cs,False,Direct Analysis
GenerateURL,282,ShareX-18.0.1/ShareX.UploadersLib/FileUploaders/AmazonS3.cs,False,Direct Analysis
Dispose,102,ShareX-18.0.1/ShareX.ScreenCaptureLib/Forms/RegionCaptureTransparentForm.cs,False,Direct Analysis
RectangleTransparent_Shown,114,ShareX-18.0.1/ShareX.ScreenCaptureLib/Forms/RegionCaptureTransparentForm.cs,False,Direct Analysis
RectangleTransparent_KeyUp,119,ShareX-18.0.1/ShareX.ScreenCaptureLib/Forms/RegionCaptureTransparentForm.cs,False,Direct Analysis
RectangleTransparent_MouseDown,128,ShareX-18.0.1/ShareX.ScreenCaptureLib/Forms/RegionCaptureTransparentForm.cs,False,Direct Analysis
RectangleTransparent_MouseUp,137,ShareX-18.0.1/ShareX.ScreenCaptureLib/Forms/RegionCaptureTransparentForm.cs,False,Direct Analysis
GetAreaImage,166,ShareX-18.0.1/ShareX.ScreenCaptureLib/Forms/RegionCaptureTransparentForm.cs,False,Direct Analysis
timer_Tick,178,ShareX-18.0.1/ShareX.ScreenCaptureLib/Forms/RegionCaptureTransparentForm.cs,False,Direct Analysis
UpdateBackgroundImage,187,ShareX-18.0.1/ShareX.ScreenCaptureLib/Forms/RegionCaptureTransparentForm.cs,False,Direct Analysis
Call,39,ShareX-18.0.1/ShareX.UploadersLib/CustomUploader/Functions/CustomUploaderFunctionInputBox.cs,False,Direct Analysis
Dispose,43,ShareX-18.0.1/ShareX.HelpersLib/TimerResolutionManager.cs,False,Direct Analysis
InitializeComponent,16,ShareX-18.0.1/ShareX.ScreenCaptureLib/Forms/ScreenRecordForm.Designer.cs,False,Direct Analysis
Dispose,132,ShareX-18.0.1/ShareX.ScreenCaptureLib/Forms/ScreenRecordForm.cs,False,Direct Analysis
GetRecordingRegion,150,ShareX-18.0.1/ShareX.ScreenCaptureLib/Forms/ScreenRecordForm.cs,False,Direct Analysis
StartStopRecording,155,ShareX-18.0.1/ShareX.ScreenCaptureLib/Forms/ScreenRecordForm.cs,False,Direct Analysis
PauseResumeRecording,177,ShareX-18.0.1/ShareX.ScreenCaptureLib/Forms/ScreenRecordForm.cs,False,Direct Analysis
AbortRecording,191,ShareX-18.0.1/ShareX.ScreenCaptureLib/Forms/ScreenRecordForm.cs,False,Direct Analysis
StartCountdown,203,ShareX-18.0.1/ShareX.ScreenCaptureLib/Forms/ScreenRecordForm.cs,False,Direct Analysis
StartRecordingTimer,213,ShareX-18.0.1/ShareX.ScreenCaptureLib/Forms/ScreenRecordForm.cs,False,Direct Analysis
StopRecordingTimer,235,ShareX-18.0.1/ShareX.ScreenCaptureLib/Forms/ScreenRecordForm.cs,False,Direct Analysis
UpdateTimer,242,ShareX-18.0.1/ShareX.ScreenCaptureLib/Forms/ScreenRecordForm.cs,False,Direct Analysis
UpdateUI,262,ShareX-18.0.1/ShareX.ScreenCaptureLib/Forms/ScreenRecordForm.cs,False,Direct Analysis
ChangeState,304,ShareX-18.0.1/ShareX.ScreenCaptureLib/Forms/ScreenRecordForm.cs,False,Direct Analysis
ChangeStateProgress,346,ShareX-18.0.1/ShareX.ScreenCaptureLib/Forms/ScreenRecordForm.cs,False,Direct Analysis
OnPaint,383,ShareX-18.0.1/ShareX.ScreenCaptureLib/Forms/ScreenRecordForm.cs,False,Direct Analysis
ScreenRegionForm_Shown,395,ShareX-18.0.1/ShareX.ScreenCaptureLib/Forms/ScreenRecordForm.cs,False,Direct Analysis
ScreenRecordForm_FormClosed,403,ShareX-18.0.1/ShareX.ScreenCaptureLib/Forms/ScreenRecordForm.cs,False,Direct Analysis
timerRefresh_Tick,411,ShareX-18.0.1/ShareX.ScreenCaptureLib/Forms/ScreenRecordForm.cs,False,Direct Analysis
btnStart_MouseClick,416,ShareX-18.0.1/ShareX.ScreenCaptureLib/Forms/ScreenRecordForm.cs,False,Direct Analysis
btnPause_MouseClick,424,ShareX-18.0.1/ShareX.ScreenCaptureLib/Forms/ScreenRecordForm.cs,False,Direct Analysis
btnAbort_MouseClick,432,ShareX-18.0.1/ShareX.ScreenCaptureLib/Forms/ScreenRecordForm.cs,False,Direct Analysis
lblTimer_MouseDown,444,ShareX-18.0.1/ShareX.ScreenCaptureLib/Forms/ScreenRecordForm.cs,False,Direct Analysis
lblTimer_MouseMove,453,ShareX-18.0.1/ShareX.ScreenCaptureLib/Forms/ScreenRecordForm.cs,False,Direct Analysis
lblTimer_MouseUp,471,ShareX-18.0.1/ShareX.ScreenCaptureLib/Forms/ScreenRecordForm.cs,False,Direct Analysis
Dispose,14,ShareX-18.0.1/ShareX.IndexerLib/Forms/DirectoryIndexerForm.Designer.cs,False,Direct Analysis
InitializeComponent,29,ShareX-18.0.1/ShareX.IndexerLib/Forms/DirectoryIndexerForm.Designer.cs,False,Direct Analysis
DirectoryIndexerForm_Load,52,ShareX-18.0.1/ShareX.IndexerLib/Forms/DirectoryIndexerForm.cs,False,Direct Analysis
btnBrowseFolder_Click,57,ShareX-18.0.1/ShareX.IndexerLib/Forms/DirectoryIndexerForm.cs,False,Direct Analysis
BrowseFolder,62,ShareX-18.0.1/ShareX.IndexerLib/Forms/DirectoryIndexerForm.cs,False,Direct Analysis
txtFolderPath_TextChanged,70,ShareX-18.0.1/ShareX.IndexerLib/Forms/DirectoryIndexerForm.cs,False,Direct Analysis
btnIndexFolder_Click,75,ShareX-18.0.1/ShareX.IndexerLib/Forms/DirectoryIndexerForm.cs,False,Direct Analysis
IndexFolder,80,ShareX-18.0.1/ShareX.IndexerLib/Forms/DirectoryIndexerForm.cs,False,Direct Analysis
btnUpload_Click,123,ShareX-18.0.1/ShareX.IndexerLib/Forms/DirectoryIndexerForm.cs,False,Direct Analysis
btnSaveAs_Click,137,ShareX-18.0.1/ShareX.IndexerLib/Forms/DirectoryIndexerForm.cs,False,Direct Analysis
Call,38,ShareX-18.0.1/ShareX.UploadersLib/CustomUploader/Functions/CustomUploaderFunctionOutputBox.cs,False,Direct Analysis
InitializeComponent,16,ShareX-18.0.1/ShareX.ScreenCaptureLib/Forms/ScrollingCaptureForm.Designer.cs,False,Direct Analysis
StartStopScrollingCapture,90,ShareX-18.0.1/ShareX.ScreenCaptureLib/Forms/ScrollingCaptureForm.cs,False,Direct Analysis
Dispose,102,ShareX-18.0.1/ShareX.ScreenCaptureLib/Forms/ScrollingCaptureForm.cs,False,Direct Analysis
ResetPictureBox,113,ShareX-18.0.1/ShareX.ScreenCaptureLib/Forms/ScrollingCaptureForm.cs,False,Direct Analysis
StartCapture,120,ShareX-18.0.1/ShareX.ScreenCaptureLib/Forms/ScrollingCaptureForm.cs,False,Direct Analysis
LoadImage,169,ShareX-18.0.1/ShareX.ScreenCaptureLib/Forms/ScrollingCaptureForm.cs,False,Direct Analysis
SelectWindow,181,ShareX-18.0.1/ShareX.ScreenCaptureLib/Forms/ScrollingCaptureForm.cs,False,Direct Analysis
UploadResult,196,ShareX-18.0.1/ShareX.ScreenCaptureLib/Forms/ScrollingCaptureForm.cs,False,Direct Analysis
CopyResult,204,ShareX-18.0.1/ShareX.ScreenCaptureLib/Forms/ScrollingCaptureForm.cs,False,Direct Analysis
ScrollingCaptureForm_Load,222,ShareX-18.0.1/ShareX.ScreenCaptureLib/Forms/ScrollingCaptureForm.cs,False,Direct Analysis
ScrollingCaptureForm_Activated,227,ShareX-18.0.1/ShareX.ScreenCaptureLib/Forms/ScrollingCaptureForm.cs,False,Direct Analysis
btnCapture_Click,232,ShareX-18.0.1/ShareX.ScreenCaptureLib/Forms/ScrollingCaptureForm.cs,False,Direct Analysis
btnUpload_Click,237,ShareX-18.0.1/ShareX.ScreenCaptureLib/Forms/ScrollingCaptureForm.cs,False,Direct Analysis
btnCopy_Click,242,ShareX-18.0.1/ShareX.ScreenCaptureLib/Forms/ScrollingCaptureForm.cs,False,Direct Analysis
btnOptions_Click,247,ShareX-18.0.1/ShareX.ScreenCaptureLib/Forms/ScrollingCaptureForm.cs,False,Direct Analysis
btnHelp_Click,255,ShareX-18.0.1/ShareX.ScreenCaptureLib/Forms/ScrollingCaptureForm.cs,False,Direct Analysis
pbOutput_MouseDown,260,ShareX-18.0.1/ShareX.ScreenCaptureLib/Forms/ScrollingCaptureForm.cs,False,Direct Analysis
pbOutput_MouseMove,269,ShareX-18.0.1/ShareX.ScreenCaptureLib/Forms/ScrollingCaptureForm.cs,False,Direct Analysis
pbOutput_MouseUp,279,ShareX-18.0.1/ShareX.ScreenCaptureLib/Forms/ScrollingCaptureForm.cs,False,Direct Analysis
Dispose,14,ShareX-18.0.1/ShareX.ScreenCaptureLib/Forms/ScrollingCaptureOptionsForm.Designer.cs,False,Direct Analysis
InitializeComponent,29,ShareX-18.0.1/ShareX.ScreenCaptureLib/Forms/ScrollingCaptureOptionsForm.Designer.cs,False,Direct Analysis
LoadOptions,47,ShareX-18.0.1/ShareX.ScreenCaptureLib/Forms/ScrollingCaptureOptionsForm.cs,False,Direct Analysis
SaveOptions,59,ShareX-18.0.1/ShareX.ScreenCaptureLib/Forms/ScrollingCaptureOptionsForm.cs,False,Direct Analysis
cbScrollMethod_SelectedIndexChanged,71,ShareX-18.0.1/ShareX.ScreenCaptureLib/Forms/ScrollingCaptureOptionsForm.cs,False,Direct Analysis
btnOK_Click,80,ShareX-18.0.1/ShareX.ScreenCaptureLib/Forms/ScrollingCaptureOptionsForm.cs,False,Direct Analysis
btnCancel_Click,88,ShareX-18.0.1/ShareX.ScreenCaptureLib/Forms/ScrollingCaptureOptionsForm.cs,False,Direct Analysis
OnConfigLoad,38,ShareX-18.0.1/ShareX.ScreenCaptureLib/Shapes/Region/RectangleRegionShape.cs,False,Direct Analysis
OnConfigSave,43,ShareX-18.0.1/ShareX.ScreenCaptureLib/Shapes/Region/RectangleRegionShape.cs,False,Direct Analysis
OnShapePathRequested,48,ShareX-18.0.1/ShareX.ScreenCaptureLib/Shapes/Region/RectangleRegionShape.cs,False,Direct Analysis
Dispose,14,ShareX-18.0.1/ShareX.ScreenCaptureLib/Forms/ScrollingCaptureRegionForm.Designer.cs,False,Direct Analysis
InitializeComponent,29,ShareX-18.0.1/ShareX.ScreenCaptureLib/Forms/ScrollingCaptureRegionForm.Designer.cs,False,Direct Analysis
OnPaint,61,ShareX-18.0.1/ShareX.ScreenCaptureLib/Forms/ScrollingCaptureRegionForm.cs,False,Direct Analysis
Dispose,14,ShareX-18.0.1/ShareX.ScreenCaptureLib/Forms/StickerForm.Designer.cs,False,Direct Analysis
InitializeComponent,29,ShareX-18.0.1/ShareX.ScreenCaptureLib/Forms/StickerForm.Designer.cs,False,Direct Analysis
UpdateStickerPacks,66,ShareX-18.0.1/ShareX.ScreenCaptureLib/Forms/StickerForm.cs,False,Direct Analysis
LoadImageFiles,87,ShareX-18.0.1/ShareX.ScreenCaptureLib/Forms/StickerForm.cs,False,Direct Analysis
UpdateImageFiles,105,ShareX-18.0.1/ShareX.ScreenCaptureLib/Forms/StickerForm.cs,False,Direct Analysis
Close,124,ShareX-18.0.1/ShareX.ScreenCaptureLib/Forms/StickerForm.cs,False,Direct Analysis
StickerForm_Shown,132,ShareX-18.0.1/ShareX.ScreenCaptureLib/Forms/StickerForm.cs,False,Direct Analysis
tstbSearch_TextChanged,138,ShareX-18.0.1/ShareX.ScreenCaptureLib/Forms/StickerForm.cs,False,Direct Analysis
tstbSearch_KeyDown,148,ShareX-18.0.1/ShareX.ScreenCaptureLib/Forms/StickerForm.cs,False,Direct Analysis
tstbSearch_KeyUp,156,ShareX-18.0.1/ShareX.ScreenCaptureLib/Forms/StickerForm.cs,False,Direct Analysis
tscbStickers_SelectedIndexChanged,169,ShareX-18.0.1/ShareX.ScreenCaptureLib/Forms/StickerForm.cs,False,Direct Analysis
tsbEditStickers_Click,176,ShareX-18.0.1/ShareX.ScreenCaptureLib/Forms/StickerForm.cs,False,Direct Analysis
tsnudSize_ValueChanged,186,ShareX-18.0.1/ShareX.ScreenCaptureLib/Forms/StickerForm.cs,False,Direct Analysis
ilvStickers_ItemClick,192,ShareX-18.0.1/ShareX.ScreenCaptureLib/Forms/StickerForm.cs,False,Direct Analysis
Dispose,14,ShareX-18.0.1/ShareX.ScreenCaptureLib/Forms/StickerPackForm.Designer.cs,False,Direct Analysis
InitializeComponent,29,ShareX-18.0.1/ShareX.ScreenCaptureLib/Forms/StickerPackForm.Designer.cs,False,Direct Analysis
GetCurrentStickerPack,57,ShareX-18.0.1/ShareX.ScreenCaptureLib/Forms/StickerPackForm.cs,False,Direct Analysis
UpdateEnabledStates,67,ShareX-18.0.1/ShareX.ScreenCaptureLib/Forms/StickerPackForm.cs,False,Direct Analysis
cbStickers_SelectedIndexChanged,72,ShareX-18.0.1/ShareX.ScreenCaptureLib/Forms/StickerPackForm.cs,False,Direct Analysis
btnAdd_Click,85,ShareX-18.0.1/ShareX.ScreenCaptureLib/Forms/StickerPackForm.cs,False,Direct Analysis
btnRemove_Click,98,ShareX-18.0.1/ShareX.ScreenCaptureLib/Forms/StickerPackForm.cs,False,Direct Analysis
txtFolder_TextChanged,112,ShareX-18.0.1/ShareX.ScreenCaptureLib/Forms/StickerPackForm.cs,False,Direct Analysis
btnFolderBrowse_Click,123,ShareX-18.0.1/ShareX.ScreenCaptureLib/Forms/StickerPackForm.cs,False,Direct Analysis
txtName_TextChanged,128,ShareX-18.0.1/ShareX.ScreenCaptureLib/Forms/StickerPackForm.cs,False,Direct Analysis
OnDraw,39,ShareX-18.0.1/ShareX.ScreenCaptureLib/Helpers/ImageEditorButton.cs,False,Direct Analysis
OpenMenu,40,ShareX-18.0.1/ShareX.HelpersLib/Controls/MenuButton.cs,False,Direct Analysis
OpenMenu,48,ShareX-18.0.1/ShareX.HelpersLib/Controls/MenuButton.cs,False,Direct Analysis
OnMouseDown,56,ShareX-18.0.1/ShareX.HelpersLib/Controls/MenuButton.cs,False,Direct Analysis
OnPaint,73,ShareX-18.0.1/ShareX.HelpersLib/Controls/MenuButton.cs,False,Direct Analysis
GetWindowsList,50,ShareX-18.0.1/ShareX.ScreenCaptureLib/Helpers/WindowsList.cs,False,Direct Analysis
IsClassNameAllowed,70,ShareX-18.0.1/ShareX.ScreenCaptureLib/Helpers/WindowsList.cs,False,Direct Analysis
EvalWindows,82,ShareX-18.0.1/ShareX.ScreenCaptureLib/Helpers/WindowsList.cs,False,Direct Analysis
OnDraw,70,ShareX-18.0.1/ShareX.ScreenCaptureLib/Helpers/ImageEditorControl.cs,False,Direct Analysis
OnMouseEnter,86,ShareX-18.0.1/ShareX.ScreenCaptureLib/Helpers/ImageEditorControl.cs,False,Direct Analysis
OnMouseLeave,91,ShareX-18.0.1/ShareX.ScreenCaptureLib/Helpers/ImageEditorControl.cs,False,Direct Analysis
OnMouseDown,96,ShareX-18.0.1/ShareX.ScreenCaptureLib/Helpers/ImageEditorControl.cs,False,Direct Analysis
OnMouseUp,103,ShareX-18.0.1/ShareX.ScreenCaptureLib/Helpers/ImageEditorControl.cs,False,Direct Analysis
Apply,50,ShareX-18.0.1/ShareX.ImageEffectsLib/Filters/WaveEdge.cs,False,Direct Analysis
GetSummary,55,ShareX-18.0.1/ShareX.ImageEffectsLib/Filters/WaveEdge.cs,False,Direct Analysis
CreateUploader,36,ShareX-18.0.1/ShareX.UploadersLib/FileUploaders/Uguu.cs,False,Direct Analysis
AddMemento,47,ShareX-18.0.1/ShareX.ScreenCaptureLib/Helpers/ImageEditorHistory.cs,False,Direct Analysis
GetMementoFromCanvas,59,ShareX-18.0.1/ShareX.ScreenCaptureLib/Helpers/ImageEditorHistory.cs,False,Direct Analysis
GetMementoFromShapes,66,ShareX-18.0.1/ShareX.ScreenCaptureLib/Helpers/ImageEditorHistory.cs,False,Direct Analysis
CreateShapesMemento,78,ShareX-18.0.1/ShareX.ScreenCaptureLib/Helpers/ImageEditorHistory.cs,False,Direct Analysis
Undo,87,ShareX-18.0.1/ShareX.ScreenCaptureLib/Helpers/ImageEditorHistory.cs,False,Direct Analysis
Redo,113,ShareX-18.0.1/ShareX.ScreenCaptureLib/Helpers/ImageEditorHistory.cs,False,Direct Analysis
Dispose,139,ShareX-18.0.1/ShareX.ScreenCaptureLib/Helpers/ImageEditorHistory.cs,False,Direct Analysis
WriteFrame,60,ShareX-18.0.1/ShareX.ScreenCaptureLib/ScreenRecording/HardDiskCache.cs,False,Direct Analysis
Dispose,71,ShareX-18.0.1/ShareX.ScreenCaptureLib/ScreenRecording/HardDiskCache.cs,False,Direct Analysis
GetImageEnumerator,81,ShareX-18.0.1/ShareX.ScreenCaptureLib/ScreenRecording/HardDiskCache.cs,False,Direct Analysis
Update,58,ShareX-18.0.1/ShareX.HelpersLib/FPSManager.cs,False,Direct Analysis
AddImageAsync,46,ShareX-18.0.1/ShareX.ScreenCaptureLib/ScreenRecording/ImageCache.cs,False,Direct Analysis
StartConsumerThread,56,ShareX-18.0.1/ShareX.ScreenCaptureLib/ScreenRecording/ImageCache.cs,False,Direct Analysis
Finish,101,ShareX-18.0.1/ShareX.ScreenCaptureLib/ScreenRecording/ImageCache.cs,False,Direct Analysis
Dispose,112,ShareX-18.0.1/ShareX.ScreenCaptureLib/ScreenRecording/ImageCache.cs,False,Direct Analysis
UpdateInfo,139,ShareX-18.0.1/ShareX.ScreenCaptureLib/ScreenRecording/ScreenRecorder.cs,False,Direct Analysis
StartRecording,145,ShareX-18.0.1/ShareX.ScreenCaptureLib/ScreenRecording/ScreenRecorder.cs,False,Direct Analysis
RecordUsingCache,166,ShareX-18.0.1/ShareX.ScreenCaptureLib/ScreenRecording/ScreenRecorder.cs,False,Direct Analysis
StopRecording,200,ShareX-18.0.1/ShareX.ScreenCaptureLib/ScreenRecording/ScreenRecorder.cs,False,Direct Analysis
SaveAsGIF,210,ShareX-18.0.1/ShareX.ScreenCaptureLib/ScreenRecording/ScreenRecorder.cs,False,Direct Analysis
FFmpegEncodeVideo,237,ShareX-18.0.1/ShareX.ScreenCaptureLib/ScreenRecording/ScreenRecorder.cs,False,Direct Analysis
FFmpegEncodeAsGIF,258,ShareX-18.0.1/ShareX.ScreenCaptureLib/ScreenRecording/ScreenRecorder.cs,False,Direct Analysis
OnEncodingProgressChanged,303,ShareX-18.0.1/ShareX.ScreenCaptureLib/ScreenRecording/ScreenRecorder.cs,False,Direct Analysis
Dispose,314,ShareX-18.0.1/ShareX.ScreenCaptureLib/ScreenRecording/ScreenRecorder.cs,False,Direct Analysis
Dispose,56,ShareX-18.0.1/ShareX.ScreenCaptureLib/ScrollingCaptureManager.cs,False,Direct Analysis
Reset,61,ShareX-18.0.1/ShareX.ScreenCaptureLib/ScrollingCaptureManager.cs,False,Direct Analysis
StartCapture,82,ShareX-18.0.1/ShareX.ScreenCaptureLib/ScrollingCaptureManager.cs,False,Direct Analysis
StopCapture,205,ShareX-18.0.1/ShareX.ScreenCaptureLib/ScrollingCaptureManager.cs,False,Direct Analysis
SelectWindow,213,ShareX-18.0.1/ShareX.ScreenCaptureLib/ScrollingCaptureManager.cs,False,Direct Analysis
CompareLastTwoImages,232,ShareX-18.0.1/ShareX.ScreenCaptureLib/ScrollingCaptureManager.cs,False,Direct Analysis
CombineImages,247,ShareX-18.0.1/ShareX.ScreenCaptureLib/ScrollingCaptureManager.cs,False,Direct Analysis
Intersects,124,ShareX-18.0.1/ShareX.ScreenCaptureLib/Shapes/BaseShape.cs,False,Direct Analysis
ChangeNodeShape,129,ShareX-18.0.1/ShareX.ScreenCaptureLib/Shapes/BaseShape.cs,False,Direct Analysis
UseLightResizeNodes,137,ShareX-18.0.1/ShareX.ScreenCaptureLib/Shapes/BaseShape.cs,False,Direct Analysis
ShowNodes,154,ShareX-18.0.1/ShareX.ScreenCaptureLib/Shapes/BaseShape.cs,False,Direct Analysis
Remove,160,ShareX-18.0.1/ShareX.ScreenCaptureLib/Shapes/BaseShape.cs,False,Direct Analysis
AddShapePath,165,ShareX-18.0.1/ShareX.ScreenCaptureLib/Shapes/BaseShape.cs,False,Direct Analysis
Move,177,ShareX-18.0.1/ShareX.ScreenCaptureLib/Shapes/BaseShape.cs,False,Direct Analysis
MoveAbsolute,188,ShareX-18.0.1/ShareX.ScreenCaptureLib/Shapes/BaseShape.cs,False,Direct Analysis
Resize,204,ShareX-18.0.1/ShareX.ScreenCaptureLib/Shapes/BaseShape.cs,False,Direct Analysis
Duplicate,216,ShareX-18.0.1/ShareX.ScreenCaptureLib/Shapes/BaseShape.cs,False,Direct Analysis
OnCreating,226,ShareX-18.0.1/ShareX.ScreenCaptureLib/Shapes/BaseShape.cs,False,Direct Analysis
OnCreated,243,ShareX-18.0.1/ShareX.ScreenCaptureLib/Shapes/BaseShape.cs,False,Direct Analysis
OnMoving,253,ShareX-18.0.1/ShareX.ScreenCaptureLib/Shapes/BaseShape.cs,False,Direct Analysis
OnMoved,257,ShareX-18.0.1/ShareX.ScreenCaptureLib/Shapes/BaseShape.cs,False,Direct Analysis
OnResizing,261,ShareX-18.0.1/ShareX.ScreenCaptureLib/Shapes/BaseShape.cs,False,Direct Analysis
OnResized,265,ShareX-18.0.1/ShareX.ScreenCaptureLib/Shapes/BaseShape.cs,False,Direct Analysis
OnUpdate,269,ShareX-18.0.1/ShareX.ScreenCaptureLib/Shapes/BaseShape.cs,False,Direct Analysis
OnShapePathRequested,316,ShareX-18.0.1/ShareX.ScreenCaptureLib/Shapes/BaseShape.cs,False,Direct Analysis
OnConfigLoad,321,ShareX-18.0.1/ShareX.ScreenCaptureLib/Shapes/BaseShape.cs,False,Direct Analysis
OnConfigSave,325,ShareX-18.0.1/ShareX.ScreenCaptureLib/Shapes/BaseShape.cs,False,Direct Analysis
OnDoubleClicked,329,ShareX-18.0.1/ShareX.ScreenCaptureLib/Shapes/BaseShape.cs,False,Direct Analysis
OnNodeVisible,333,ShareX-18.0.1/ShareX.ScreenCaptureLib/Shapes/BaseShape.cs,False,Direct Analysis
OnNodeUpdate,342,ShareX-18.0.1/ShareX.ScreenCaptureLib/Shapes/BaseShape.cs,False,Direct Analysis
OnNodePositionUpdate,483,ShareX-18.0.1/ShareX.ScreenCaptureLib/Shapes/BaseShape.cs,False,Direct Analysis
Dispose,534,ShareX-18.0.1/ShareX.ScreenCaptureLib/Shapes/BaseShape.cs,False,Direct Analysis
OnConfigLoad,38,ShareX-18.0.1/ShareX.ScreenCaptureLib/Shapes/Drawing/FreehandArrowDrawingShape.cs,False,Direct Analysis
OnConfigSave,44,ShareX-18.0.1/ShareX.ScreenCaptureLib/Shapes/Drawing/FreehandArrowDrawingShape.cs,False,Direct Analysis
CreatePen,50,ShareX-18.0.1/ShareX.ScreenCaptureLib/Shapes/Drawing/FreehandArrowDrawingShape.cs,False,Direct Analysis
OnConfigLoad,47,ShareX-18.0.1/ShareX.ScreenCaptureLib/Shapes/Drawing/BaseDrawingShape.cs,False,Direct Analysis
OnConfigSave,58,ShareX-18.0.1/ShareX.ScreenCaptureLib/Shapes/Drawing/BaseDrawingShape.cs,False,Direct Analysis
OnDraw,36,ShareX-18.0.1/ShareX.ScreenCaptureLib/Shapes/Drawing/EllipseDrawingShape.cs,False,Direct Analysis
DrawEllipse,41,ShareX-18.0.1/ShareX.ScreenCaptureLib/Shapes/Drawing/EllipseDrawingShape.cs,False,Direct Analysis
DrawEllipse,58,ShareX-18.0.1/ShareX.ScreenCaptureLib/Shapes/Drawing/EllipseDrawingShape.cs,False,Direct Analysis
OnShapePathRequested,83,ShareX-18.0.1/ShareX.ScreenCaptureLib/Shapes/Drawing/EllipseDrawingShape.cs,False,Direct Analysis
Dispose,14,ShareX-18.0.1/ShareX.UploadersLib/Forms/JiraUpload.Designer.cs,False,Direct Analysis
InitializeComponent,29,ShareX-18.0.1/ShareX.UploadersLib/Forms/JiraUpload.Designer.cs,False,Direct Analysis
JiraUpload_Load,61,ShareX-18.0.1/ShareX.UploadersLib/Forms/JiraUpload.cs,False,Direct Analysis
txtIssueId_TextChanged,69,ShareX-18.0.1/ShareX.UploadersLib/Forms/JiraUpload.cs,False,Direct Analysis
UpdateSummary,84,ShareX-18.0.1/ShareX.UploadersLib/Forms/JiraUpload.cs,False,Direct Analysis
btnSend_Click,92,ShareX-18.0.1/ShareX.UploadersLib/Forms/JiraUpload.cs,False,Direct Analysis
btnCancel_Click,98,ShareX-18.0.1/ShareX.UploadersLib/Forms/JiraUpload.cs,False,Direct Analysis
ShowNodes,66,ShareX-18.0.1/ShareX.ScreenCaptureLib/Shapes/Drawing/FreehandDrawingShape.cs,False,Direct Analysis
OnUpdate,70,ShareX-18.0.1/ShareX.ScreenCaptureLib/Shapes/Drawing/FreehandDrawingShape.cs,False,Direct Analysis
OnDraw,108,ShareX-18.0.1/ShareX.ScreenCaptureLib/Shapes/Drawing/FreehandDrawingShape.cs,False,Direct Analysis
DrawFreehand,113,ShareX-18.0.1/ShareX.ScreenCaptureLib/Shapes/Drawing/FreehandDrawingShape.cs,False,Direct Analysis
DrawFreehand,125,ShareX-18.0.1/ShareX.ScreenCaptureLib/Shapes/Drawing/FreehandDrawingShape.cs,False,Direct Analysis
CreatePen,158,ShareX-18.0.1/ShareX.ScreenCaptureLib/Shapes/Drawing/FreehandDrawingShape.cs,False,Direct Analysis
Move,168,ShareX-18.0.1/ShareX.ScreenCaptureLib/Shapes/Drawing/FreehandDrawingShape.cs,False,Direct Analysis
Resize,178,ShareX-18.0.1/ShareX.ScreenCaptureLib/Shapes/Drawing/FreehandDrawingShape.cs,False,Direct Analysis
OnConfigLoad,41,ShareX-18.0.1/ShareX.ScreenCaptureLib/Shapes/Drawing/TextDrawingShape.cs,False,Direct Analysis
OnConfigSave,53,ShareX-18.0.1/ShareX.ScreenCaptureLib/Shapes/Drawing/TextDrawingShape.cs,False,Direct Analysis
OnDraw,65,ShareX-18.0.1/ShareX.ScreenCaptureLib/Shapes/Drawing/TextDrawingShape.cs,False,Direct Analysis
DrawText,71,ShareX-18.0.1/ShareX.ScreenCaptureLib/Shapes/Drawing/TextDrawingShape.cs,False,Direct Analysis
DrawText,86,ShareX-18.0.1/ShareX.ScreenCaptureLib/Shapes/Drawing/TextDrawingShape.cs,False,Direct Analysis
OnCreating,101,ShareX-18.0.1/ShareX.ScreenCaptureLib/Shapes/Drawing/TextDrawingShape.cs,False,Direct Analysis
OnCreated,116,ShareX-18.0.1/ShareX.ScreenCaptureLib/Shapes/Drawing/TextDrawingShape.cs,False,Direct Analysis
OnCreated,121,ShareX-18.0.1/ShareX.ScreenCaptureLib/Shapes/Drawing/TextDrawingShape.cs,False,Direct Analysis
OnDoubleClicked,132,ShareX-18.0.1/ShareX.ScreenCaptureLib/Shapes/Drawing/TextDrawingShape.cs,False,Direct Analysis
ShowTextInputBox,137,ShareX-18.0.1/ShareX.ScreenCaptureLib/Shapes/Drawing/TextDrawingShape.cs,False,Direct Analysis
AutoSize,155,ShareX-18.0.1/ShareX.ScreenCaptureLib/Shapes/Drawing/TextDrawingShape.cs,False,Direct Analysis
Duplicate,39,ShareX-18.0.1/ShareX.ScreenCaptureLib/Shapes/Drawing/ImageDrawingShape.cs,False,Direct Analysis
OnConfigLoad,49,ShareX-18.0.1/ShareX.ScreenCaptureLib/Shapes/Drawing/ImageDrawingShape.cs,False,Direct Analysis
OnConfigSave,54,ShareX-18.0.1/ShareX.ScreenCaptureLib/Shapes/Drawing/ImageDrawingShape.cs,False,Direct Analysis
SetImage,59,ShareX-18.0.1/ShareX.ScreenCaptureLib/Shapes/Drawing/ImageDrawingShape.cs,False,Direct Analysis
OnDraw,83,ShareX-18.0.1/ShareX.ScreenCaptureLib/Shapes/Drawing/ImageDrawingShape.cs,False,Direct Analysis
DrawImage,88,ShareX-18.0.1/ShareX.ScreenCaptureLib/Shapes/Drawing/ImageDrawingShape.cs,False,Direct Analysis
OnMoved,102,ShareX-18.0.1/ShareX.ScreenCaptureLib/Shapes/Drawing/ImageDrawingShape.cs,False,Direct Analysis
Dispose,110,ShareX-18.0.1/ShareX.ScreenCaptureLib/Shapes/Drawing/ImageDrawingShape.cs,False,Direct Analysis
UseLightResizeNodes,46,ShareX-18.0.1/ShareX.ScreenCaptureLib/Shapes/Drawing/LineDrawingShape.cs,False,Direct Analysis
AdjustPoints,51,ShareX-18.0.1/ShareX.ScreenCaptureLib/Shapes/Drawing/LineDrawingShape.cs,False,Direct Analysis
AutoPositionCenterPoints,64,ShareX-18.0.1/ShareX.ScreenCaptureLib/Shapes/Drawing/LineDrawingShape.cs,False,Direct Analysis
OnConfigLoad,76,ShareX-18.0.1/ShareX.ScreenCaptureLib/Shapes/Drawing/LineDrawingShape.cs,False,Direct Analysis
OnConfigSave,96,ShareX-18.0.1/ShareX.ScreenCaptureLib/Shapes/Drawing/LineDrawingShape.cs,False,Direct Analysis
OnUpdate,102,ShareX-18.0.1/ShareX.ScreenCaptureLib/Shapes/Drawing/LineDrawingShape.cs,False,Direct Analysis
CalculateRectangle,118,ShareX-18.0.1/ShareX.ScreenCaptureLib/Shapes/Drawing/LineDrawingShape.cs,False,Direct Analysis
OnDraw,133,ShareX-18.0.1/ShareX.ScreenCaptureLib/Shapes/Drawing/LineDrawingShape.cs,False,Direct Analysis
DrawLine,138,ShareX-18.0.1/ShareX.ScreenCaptureLib/Shapes/Drawing/LineDrawingShape.cs,False,Direct Analysis
DrawLine,157,ShareX-18.0.1/ShareX.ScreenCaptureLib/Shapes/Drawing/LineDrawingShape.cs,False,Direct Analysis
CreatePen,185,ShareX-18.0.1/ShareX.ScreenCaptureLib/Shapes/Drawing/LineDrawingShape.cs,False,Direct Analysis
Move,196,ShareX-18.0.1/ShareX.ScreenCaptureLib/Shapes/Drawing/LineDrawingShape.cs,False,Direct Analysis
Resize,206,ShareX-18.0.1/ShareX.ScreenCaptureLib/Shapes/Drawing/LineDrawingShape.cs,False,Direct Analysis
OnNodeVisible,218,ShareX-18.0.1/ShareX.ScreenCaptureLib/Shapes/Drawing/LineDrawingShape.cs,False,Direct Analysis
OnNodeUpdate,226,ShareX-18.0.1/ShareX.ScreenCaptureLib/Shapes/Drawing/LineDrawingShape.cs,False,Direct Analysis
OnNodePositionUpdate,244,ShareX-18.0.1/ShareX.ScreenCaptureLib/Shapes/Drawing/LineDrawingShape.cs,False,Direct Analysis
OnConfigLoad,38,ShareX-18.0.1/ShareX.ScreenCaptureLib/Shapes/Drawing/RectangleDrawingShape.cs,False,Direct Analysis
OnConfigSave,44,ShareX-18.0.1/ShareX.ScreenCaptureLib/Shapes/Drawing/RectangleDrawingShape.cs,False,Direct Analysis
OnDraw,50,ShareX-18.0.1/ShareX.ScreenCaptureLib/Shapes/Drawing/RectangleDrawingShape.cs,False,Direct Analysis
DrawRectangle,55,ShareX-18.0.1/ShareX.ScreenCaptureLib/Shapes/Drawing/RectangleDrawingShape.cs,False,Direct Analysis
OnShapePathRequested,112,ShareX-18.0.1/ShareX.ScreenCaptureLib/Shapes/Drawing/RectangleDrawingShape.cs,False,Direct Analysis
OnCreated,58,ShareX-18.0.1/ShareX.ScreenCaptureLib/Shapes/Drawing/SpeechBalloonDrawingShape.cs,False,Direct Analysis
UseLightResizeNodes,65,ShareX-18.0.1/ShareX.ScreenCaptureLib/Shapes/Drawing/SpeechBalloonDrawingShape.cs,False,Direct Analysis
OnNodeVisible,71,ShareX-18.0.1/ShareX.ScreenCaptureLib/Shapes/Drawing/SpeechBalloonDrawingShape.cs,False,Direct Analysis
OnNodeUpdate,79,ShareX-18.0.1/ShareX.ScreenCaptureLib/Shapes/Drawing/SpeechBalloonDrawingShape.cs,False,Direct Analysis
Move,89,ShareX-18.0.1/ShareX.ScreenCaptureLib/Shapes/Drawing/SpeechBalloonDrawingShape.cs,False,Direct Analysis
OnDraw,96,ShareX-18.0.1/ShareX.ScreenCaptureLib/Shapes/Drawing/SpeechBalloonDrawingShape.cs,False,Direct Analysis
DrawSpeechBalloon,105,ShareX-18.0.1/ShareX.ScreenCaptureLib/Shapes/Drawing/SpeechBalloonDrawingShape.cs,False,Direct Analysis
DrawSpeechBalloon,122,ShareX-18.0.1/ShareX.ScreenCaptureLib/Shapes/Drawing/SpeechBalloonDrawingShape.cs,False,Direct Analysis
OnCreating,71,ShareX-18.0.1/ShareX.ScreenCaptureLib/Shapes/Drawing/StepDrawingShape.cs,False,Direct Analysis
UseLightResizeNodes,81,ShareX-18.0.1/ShareX.ScreenCaptureLib/Shapes/Drawing/StepDrawingShape.cs,False,Direct Analysis
OnNodeVisible,86,ShareX-18.0.1/ShareX.ScreenCaptureLib/Shapes/Drawing/StepDrawingShape.cs,False,Direct Analysis
OnNodeUpdate,92,ShareX-18.0.1/ShareX.ScreenCaptureLib/Shapes/Drawing/StepDrawingShape.cs,False,Direct Analysis
OnNodePositionUpdate,101,ShareX-18.0.1/ShareX.ScreenCaptureLib/Shapes/Drawing/StepDrawingShape.cs,False,Direct Analysis
OnConfigLoad,105,ShareX-18.0.1/ShareX.ScreenCaptureLib/Shapes/Drawing/StepDrawingShape.cs,False,Direct Analysis
OnConfigSave,117,ShareX-18.0.1/ShareX.ScreenCaptureLib/Shapes/Drawing/StepDrawingShape.cs,False,Direct Analysis
OnDraw,129,ShareX-18.0.1/ShareX.ScreenCaptureLib/Shapes/Drawing/StepDrawingShape.cs,False,Direct Analysis
GetText,134,ShareX-18.0.1/ShareX.ScreenCaptureLib/Shapes/Drawing/StepDrawingShape.cs,False,Direct Analysis
DrawNumber,151,ShareX-18.0.1/ShareX.ScreenCaptureLib/Shapes/Drawing/StepDrawingShape.cs,False,Direct Analysis
DrawNumber,208,ShareX-18.0.1/ShareX.ScreenCaptureLib/Shapes/Drawing/StepDrawingShape.cs,False,Direct Analysis
Move,238,ShareX-18.0.1/ShareX.ScreenCaptureLib/Shapes/Drawing/StepDrawingShape.cs,False,Direct Analysis
Resize,245,ShareX-18.0.1/ShareX.ScreenCaptureLib/Shapes/Drawing/StepDrawingShape.cs,False,Direct Analysis
OnConfigLoad,36,ShareX-18.0.1/ShareX.ScreenCaptureLib/Shapes/Drawing/StickerDrawingShape.cs,False,Direct Analysis
OnConfigSave,41,ShareX-18.0.1/ShareX.ScreenCaptureLib/Shapes/Drawing/StickerDrawingShape.cs,False,Direct Analysis
ShowNodes,45,ShareX-18.0.1/ShareX.ScreenCaptureLib/Shapes/Drawing/StickerDrawingShape.cs,False,Direct Analysis
OnCreating,49,ShareX-18.0.1/ShareX.ScreenCaptureLib/Shapes/Drawing/StickerDrawingShape.cs,False,Direct Analysis
OnDoubleClicked,69,ShareX-18.0.1/ShareX.ScreenCaptureLib/Shapes/Drawing/StickerDrawingShape.cs,False,Direct Analysis
Resize,74,ShareX-18.0.1/ShareX.ScreenCaptureLib/Shapes/Drawing/StickerDrawingShape.cs,False,Direct Analysis
OpenStickerForm,79,ShareX-18.0.1/ShareX.ScreenCaptureLib/Shapes/Drawing/StickerDrawingShape.cs,False,Direct Analysis
LoadSticker,104,ShareX-18.0.1/ShareX.ScreenCaptureLib/Shapes/Drawing/StickerDrawingShape.cs,False,Direct Analysis
SetHighQuality,59,ShareX-18.0.1/ShareX.HelpersLib/GraphicsQualityManager.cs,False,Direct Analysis
SetLowQuality,69,ShareX-18.0.1/ShareX.HelpersLib/GraphicsQualityManager.cs,False,Direct Analysis
Dispose,80,ShareX-18.0.1/ShareX.HelpersLib/GraphicsQualityManager.cs,False,Direct Analysis
OnConfigLoad,38,ShareX-18.0.1/ShareX.ScreenCaptureLib/Shapes/Drawing/TextOutlineDrawingShape.cs,False,Direct Analysis
OnConfigSave,48,ShareX-18.0.1/ShareX.ScreenCaptureLib/Shapes/Drawing/TextOutlineDrawingShape.cs,False,Direct Analysis
OnDraw,58,ShareX-18.0.1/ShareX.ScreenCaptureLib/Shapes/Drawing/TextOutlineDrawingShape.cs,False,Direct Analysis
DrawTextWithOutline,63,ShareX-18.0.1/ShareX.ScreenCaptureLib/Shapes/Drawing/TextOutlineDrawingShape.cs,False,Direct Analysis
Duplicate,45,ShareX-18.0.1/ShareX.ScreenCaptureLib/Shapes/Effect/BaseEffectShape.cs,False,Direct Analysis
OnUpdate,54,ShareX-18.0.1/ShareX.ScreenCaptureLib/Shapes/Effect/BaseEffectShape.cs,False,Direct Analysis
OnDraw,64,ShareX-18.0.1/ShareX.ScreenCaptureLib/Shapes/Effect/BaseEffectShape.cs,False,Direct Analysis
OnDrawOverlay,82,ShareX-18.0.1/ShareX.ScreenCaptureLib/Shapes/Effect/BaseEffectShape.cs,False,Direct Analysis
OnDrawOverlay,87,ShareX-18.0.1/ShareX.ScreenCaptureLib/Shapes/Effect/BaseEffectShape.cs,False,Direct Analysis
OnDrawFinal,110,ShareX-18.0.1/ShareX.ScreenCaptureLib/Shapes/Effect/BaseEffectShape.cs,False,Direct Analysis
OnCreated,125,ShareX-18.0.1/ShareX.ScreenCaptureLib/Shapes/Effect/BaseEffectShape.cs,False,Direct Analysis
OnMoving,131,ShareX-18.0.1/ShareX.ScreenCaptureLib/Shapes/Effect/BaseEffectShape.cs,False,Direct Analysis
OnMoved,136,ShareX-18.0.1/ShareX.ScreenCaptureLib/Shapes/Effect/BaseEffectShape.cs,False,Direct Analysis
OnResizing,141,ShareX-18.0.1/ShareX.ScreenCaptureLib/Shapes/Effect/BaseEffectShape.cs,False,Direct Analysis
OnResized,146,ShareX-18.0.1/ShareX.ScreenCaptureLib/Shapes/Effect/BaseEffectShape.cs,False,Direct Analysis
CacheEffect,151,ShareX-18.0.1/ShareX.ScreenCaptureLib/Shapes/Effect/BaseEffectShape.cs,False,Direct Analysis
StopDrawCache,185,ShareX-18.0.1/ShareX.ScreenCaptureLib/Shapes/Effect/BaseEffectShape.cs,False,Direct Analysis
ClearCache,191,ShareX-18.0.1/ShareX.ScreenCaptureLib/Shapes/Effect/BaseEffectShape.cs,False,Direct Analysis
Dispose,200,ShareX-18.0.1/ShareX.ScreenCaptureLib/Shapes/Effect/BaseEffectShape.cs,False,Direct Analysis
OnConfigLoad,40,ShareX-18.0.1/ShareX.ScreenCaptureLib/Shapes/Effect/PixelateEffectShape.cs,False,Direct Analysis
OnConfigSave,45,ShareX-18.0.1/ShareX.ScreenCaptureLib/Shapes/Effect/PixelateEffectShape.cs,False,Direct Analysis
ApplyEffect,50,ShareX-18.0.1/ShareX.ScreenCaptureLib/Shapes/Effect/PixelateEffectShape.cs,False,Direct Analysis
OnDrawFinal,55,ShareX-18.0.1/ShareX.ScreenCaptureLib/Shapes/Effect/PixelateEffectShape.cs,False,Direct Analysis
OnShapePathRequested,35,ShareX-18.0.1/ShareX.ScreenCaptureLib/Shapes/Region/EllipseRegionShape.cs,False,Direct Analysis
UseLightResizeNodes,60,ShareX-18.0.1/ShareX.ScreenCaptureLib/Shapes/Region/FreehandRegionShape.cs,False,Direct Analysis
OnUpdate,65,ShareX-18.0.1/ShareX.ScreenCaptureLib/Shapes/Region/FreehandRegionShape.cs,False,Direct Analysis
OnShapePathRequested,103,ShareX-18.0.1/ShareX.ScreenCaptureLib/Shapes/Region/FreehandRegionShape.cs,False,Direct Analysis
Move,115,ShareX-18.0.1/ShareX.ScreenCaptureLib/Shapes/Region/FreehandRegionShape.cs,False,Direct Analysis
Resize,125,ShareX-18.0.1/ShareX.ScreenCaptureLib/Shapes/Region/FreehandRegionShape.cs,False,Direct Analysis
OnNodeVisible,130,ShareX-18.0.1/ShareX.ScreenCaptureLib/Shapes/Region/FreehandRegionShape.cs,False,Direct Analysis
OnNodeUpdate,135,ShareX-18.0.1/ShareX.ScreenCaptureLib/Shapes/Region/FreehandRegionShape.cs,False,Direct Analysis
OnNodePositionUpdate,144,ShareX-18.0.1/ShareX.ScreenCaptureLib/Shapes/Region/FreehandRegionShape.cs,False,Direct Analysis
OnDraw,34,ShareX-18.0.1/ShareX.ScreenCaptureLib/Shapes/Tool/BaseTool.cs,False,Direct Analysis
ToString,46,ShareX-18.0.1/ShareX.UploadersLib/ImageUploaders/CheveretoUploader.cs,False,Direct Analysis
OnUpdate,42,ShareX-18.0.1/ShareX.ScreenCaptureLib/Shapes/Tool/CropTool.cs,False,Direct Analysis
OnDraw,67,ShareX-18.0.1/ShareX.ScreenCaptureLib/Shapes/Tool/CropTool.cs,False,Direct Analysis
OnCreated,76,ShareX-18.0.1/ShareX.ScreenCaptureLib/Shapes/Tool/CropTool.cs,False,Direct Analysis
ConfirmButton_MousePressed,103,ShareX-18.0.1/ShareX.ScreenCaptureLib/Shapes/Tool/CropTool.cs,False,Direct Analysis
CancelButton_MousePressed,109,ShareX-18.0.1/ShareX.ScreenCaptureLib/Shapes/Tool/CropTool.cs,False,Direct Analysis
Remove,114,ShareX-18.0.1/ShareX.ScreenCaptureLib/Shapes/Tool/CropTool.cs,False,Direct Analysis
Dispose,124,ShareX-18.0.1/ShareX.ScreenCaptureLib/Shapes/Tool/CropTool.cs,False,Direct Analysis
Start,46,ShareX-18.0.1/ShareX.ScreenCaptureLib/Animations/BaseAnimation.cs,False,Direct Analysis
Stop,52,ShareX-18.0.1/ShareX.ScreenCaptureLib/Animations/BaseAnimation.cs,False,Direct Analysis
Update,58,ShareX-18.0.1/ShareX.ScreenCaptureLib/Animations/BaseAnimation.cs,False,Direct Analysis
Upload,33,ShareX-18.0.1/ShareX.UploadersLib/BaseUploaders/TextUploader.cs,False,Direct Analysis
Parse,39,ShareX-18.0.1/ShareX.UploadersLib/CustomUploader/ShareXSyntaxParser.cs,False,Direct Analysis
Parse,49,ShareX-18.0.1/ShareX.UploadersLib/CustomUploader/ShareXSyntaxParser.cs,False,Direct Analysis
OnPaint,36,ShareX-18.0.1/ShareX.HelpersLib/Controls/SplitContainerCustomSplitter.cs,False,Direct Analysis
UploadText,62,ShareX-18.0.1/ShareX.UploadersLib/TextUploaders/Hastebin.cs,False,Direct Analysis
ToErrorString,69,ShareX-18.0.1/ShareX.UploadersLib/BaseUploaders/Uploader.cs,False,Direct Analysis
StopUpload,79,ShareX-18.0.1/ShareX.UploadersLib/BaseUploaders/Uploader.cs,False,Direct Analysis
SendRequestDownload,133,ShareX-18.0.1/ShareX.UploadersLib/BaseUploaders/Uploader.cs,False,Direct Analysis
SendRequestFile,170,ShareX-18.0.1/ShareX.UploadersLib/BaseUploaders/Uploader.cs,False,Direct Analysis
SendRequestFileRange,239,ShareX-18.0.1/ShareX.UploadersLib/BaseUploaders/Uploader.cs,False,Direct Analysis
GetResponse,307,ShareX-18.0.1/ShareX.UploadersLib/BaseUploaders/Uploader.cs,False,Direct Analysis
TransferData,363,ShareX-18.0.1/ShareX.UploadersLib/BaseUploaders/Uploader.cs,False,Direct Analysis
ProcessError,402,ShareX-18.0.1/ShareX.UploadersLib/BaseUploaders/Uploader.cs,False,Direct Analysis
CreateWebRequest,476,ShareX-18.0.1/ShareX.UploadersLib/BaseUploaders/Uploader.cs,False,Direct Analysis
ProcessWebResponse,486,ShareX-18.0.1/ShareX.UploadersLib/BaseUploaders/Uploader.cs,False,Direct Analysis
StartDownload,74,ShareX-18.0.1/ShareX.HelpersLib/FileDownloader.cs,False,Direct Analysis
StopDownload,90,ShareX-18.0.1/ShareX.HelpersLib/FileDownloader.cs,False,Direct Analysis
DoWork,95,ShareX-18.0.1/ShareX.HelpersLib/FileDownloader.cs,False,Direct Analysis
Dispose,14,ShareX-18.0.1/ShareX.UploadersLib/Controls/AccountTypeControl.Designer.cs,False,Direct Analysis
InitializeComponent,29,ShareX-18.0.1/ShareX.UploadersLib/Controls/AccountTypeControl.Designer.cs,False,Direct Analysis
cbAccountType_SelectedIndexChanged,58,ShareX-18.0.1/ShareX.UploadersLib/Controls/AccountTypeControl.cs,False,Direct Analysis
Dispose,14,ShareX-18.0.1/ShareX.UploadersLib/Controls/OAuthControl.Designer.cs,False,Direct Analysis
InitializeComponent,29,ShareX-18.0.1/ShareX.UploadersLib/Controls/OAuthControl.Designer.cs,False,Direct Analysis
btnOpenAuthorizePage_Click,118,ShareX-18.0.1/ShareX.UploadersLib/Controls/OAuthControl.cs,False,Direct Analysis
txtVerificationCode_TextChanged,123,ShareX-18.0.1/ShareX.UploadersLib/Controls/OAuthControl.cs,False,Direct Analysis
btnCompleteAuthorization_Click,128,ShareX-18.0.1/ShareX.UploadersLib/Controls/OAuthControl.cs,False,Direct Analysis
btnRefreshAuthorization_Click,138,ShareX-18.0.1/ShareX.UploadersLib/Controls/OAuthControl.cs,False,Direct Analysis
btnClearAuthorization_Click,143,ShareX-18.0.1/ShareX.UploadersLib/Controls/OAuthControl.cs,False,Direct Analysis
UpdateStatusLabel,151,ShareX-18.0.1/ShareX.UploadersLib/Controls/OAuthControl.cs,False,Direct Analysis
Update,55,ShareX-18.0.1/ShareX.ScreenCaptureLib/Helpers/ImageEditorScrollbar.cs,False,Direct Analysis
OnDraw,136,ShareX-18.0.1/ShareX.ScreenCaptureLib/Helpers/ImageEditorScrollbar.cs,False,Direct Analysis
Scroll,176,ShareX-18.0.1/ShareX.ScreenCaptureLib/Helpers/ImageEditorScrollbar.cs,False,Direct Analysis
Login,76,ShareX-18.0.1/ShareX.UploadersLib/TextUploaders/Pastebin.cs,False,Direct Analysis
UploadText,100,ShareX-18.0.1/ShareX.UploadersLib/TextUploaders/Pastebin.cs,False,Direct Analysis
Call,35,ShareX-18.0.1/ShareX.UploadersLib/CustomUploader/Functions/CustomUploaderFunctionHeader.cs,False,Direct Analysis
Dispose,14,ShareX-18.0.1/ShareX.HelpersLib/Forms/ColorPickerForm.Designer.cs,False,Direct Analysis
InitializeComponent,29,ShareX-18.0.1/ShareX.HelpersLib/Forms/ColorPickerForm.Designer.cs,False,Direct Analysis
EnableScreenColorPickerButton,81,ShareX-18.0.1/ShareX.HelpersLib/Forms/ColorPickerForm.cs,False,Direct Analysis
CheckClipboard,87,ShareX-18.0.1/ShareX.HelpersLib/Forms/ColorPickerForm.cs,False,Direct Analysis
PrepareColorPalette,129,ShareX-18.0.1/ShareX.HelpersLib/Forms/ColorPickerForm.cs,False,Direct Analysis
SetCurrentColor,198,ShareX-18.0.1/ShareX.HelpersLib/Forms/ColorPickerForm.cs,False,Direct Analysis
UpdateColor,213,ShareX-18.0.1/ShareX.HelpersLib/Forms/ColorPickerForm.cs,False,Direct Analysis
UpdateControls,220,ShareX-18.0.1/ShareX.HelpersLib/Forms/ColorPickerForm.cs,False,Direct Analysis
DrawPreviewColors,263,ShareX-18.0.1/ShareX.HelpersLib/Forms/ColorPickerForm.cs,False,Direct Analysis
CloseOK,293,ShareX-18.0.1/ShareX.HelpersLib/Forms/ColorPickerForm.cs,False,Direct Analysis
ColorPickerForm_Shown,302,ShareX-18.0.1/ShareX.HelpersLib/Forms/ColorPickerForm.cs,False,Direct Analysis
colorPicker_ColorChanged,307,ShareX-18.0.1/ShareX.HelpersLib/Forms/ColorPickerForm.cs,False,Direct Analysis
rbRecentColors_CheckedChanged,313,ShareX-18.0.1/ShareX.HelpersLib/Forms/ColorPickerForm.cs,False,Direct Analysis
btnOK_Click,320,ShareX-18.0.1/ShareX.HelpersLib/Forms/ColorPickerForm.cs,False,Direct Analysis
btnCancel_Click,325,ShareX-18.0.1/ShareX.HelpersLib/Forms/ColorPickerForm.cs,False,Direct Analysis
btnClose_Click,331,ShareX-18.0.1/ShareX.HelpersLib/Forms/ColorPickerForm.cs,False,Direct Analysis
rbHue_CheckedChanged,336,ShareX-18.0.1/ShareX.HelpersLib/Forms/ColorPickerForm.cs,False,Direct Analysis
rbSaturation_CheckedChanged,341,ShareX-18.0.1/ShareX.HelpersLib/Forms/ColorPickerForm.cs,False,Direct Analysis
rbBrightness_CheckedChanged,346,ShareX-18.0.1/ShareX.HelpersLib/Forms/ColorPickerForm.cs,False,Direct Analysis
rbRed_CheckedChanged,351,ShareX-18.0.1/ShareX.HelpersLib/Forms/ColorPickerForm.cs,False,Direct Analysis
rbGreen_CheckedChanged,356,ShareX-18.0.1/ShareX.HelpersLib/Forms/ColorPickerForm.cs,False,Direct Analysis
rbBlue_CheckedChanged,361,ShareX-18.0.1/ShareX.HelpersLib/Forms/ColorPickerForm.cs,False,Direct Analysis
RGB_ValueChanged,366,ShareX-18.0.1/ShareX.HelpersLib/Forms/ColorPickerForm.cs,False,Direct Analysis
cbTransparent_Click,374,ShareX-18.0.1/ShareX.HelpersLib/Forms/ColorPickerForm.cs,False,Direct Analysis
HSB_ValueChanged,386,ShareX-18.0.1/ShareX.HelpersLib/Forms/ColorPickerForm.cs,False,Direct Analysis
CMYK_ValueChanged,394,ShareX-18.0.1/ShareX.HelpersLib/Forms/ColorPickerForm.cs,False,Direct Analysis
txtHex_TextChanged,403,ShareX-18.0.1/ShareX.HelpersLib/Forms/ColorPickerForm.cs,False,Direct Analysis
txtDecimal_TextChanged,417,ShareX-18.0.1/ShareX.HelpersLib/Forms/ColorPickerForm.cs,False,Direct Analysis
pbColorPreview_MouseClick,431,ShareX-18.0.1/ShareX.HelpersLib/Forms/ColorPickerForm.cs,False,Direct Analysis
tsmiCopyAll_Click,439,ShareX-18.0.1/ShareX.HelpersLib/Forms/ColorPickerForm.cs,False,Direct Analysis
tsmiCopyRGB_Click,446,ShareX-18.0.1/ShareX.HelpersLib/Forms/ColorPickerForm.cs,False,Direct Analysis
tsmiCopyHexadecimal_Click,452,ShareX-18.0.1/ShareX.HelpersLib/Forms/ColorPickerForm.cs,False,Direct Analysis
tsmiCopyCMYK_Click,458,ShareX-18.0.1/ShareX.HelpersLib/Forms/ColorPickerForm.cs,False,Direct Analysis
tsmiCopyHSB_Click,464,ShareX-18.0.1/ShareX.HelpersLib/Forms/ColorPickerForm.cs,False,Direct Analysis
tsmiCopyDecimal_Click,470,ShareX-18.0.1/ShareX.HelpersLib/Forms/ColorPickerForm.cs,False,Direct Analysis
tsmiCopyPosition_Click,476,ShareX-18.0.1/ShareX.HelpersLib/Forms/ColorPickerForm.cs,False,Direct Analysis
btnScreenColorPicker_Click,481,ShareX-18.0.1/ShareX.HelpersLib/Forms/ColorPickerForm.cs,False,Direct Analysis
btnClipboardColorPicker_Click,503,ShareX-18.0.1/ShareX.HelpersLib/Forms/ColorPickerForm.cs,False,Direct Analysis
ToString,112,ShareX-18.0.1/ShareX.UploadersLib/CustomUploader/CustomUploaderItem.cs,False,Direct Analysis
GetRequestURL,134,ShareX-18.0.1/ShareX.UploadersLib/CustomUploader/CustomUploaderItem.cs,False,Direct Analysis
GetParameters,151,ShareX-18.0.1/ShareX.UploadersLib/CustomUploader/CustomUploaderItem.cs,False,Direct Analysis
GetContentType,169,ShareX-18.0.1/ShareX.UploadersLib/CustomUploader/CustomUploaderItem.cs,False,Direct Analysis
GetData,188,ShareX-18.0.1/ShareX.UploadersLib/CustomUploader/CustomUploaderItem.cs,False,Direct Analysis
EncodeBodyData,201,ShareX-18.0.1/ShareX.UploadersLib/CustomUploader/CustomUploaderItem.cs,False,Direct Analysis
GetFileFormName,218,ShareX-18.0.1/ShareX.UploadersLib/CustomUploader/CustomUploaderItem.cs,False,Direct Analysis
GetArguments,228,ShareX-18.0.1/ShareX.UploadersLib/CustomUploader/CustomUploaderItem.cs,False,Direct Analysis
GetHeaders,246,ShareX-18.0.1/ShareX.UploadersLib/CustomUploader/CustomUploaderItem.cs,False,Direct Analysis
ParseResponse,266,ShareX-18.0.1/ShareX.UploadersLib/CustomUploader/CustomUploaderItem.cs,False,Direct Analysis
TryParseResponse,329,ShareX-18.0.1/ShareX.UploadersLib/CustomUploader/CustomUploaderItem.cs,False,Direct Analysis
CheckBackwardCompatibility,349,ShareX-18.0.1/ShareX.UploadersLib/CustomUploader/CustomUploaderItem.cs,False,Direct Analysis
CheckRequestURL,432,ShareX-18.0.1/ShareX.UploadersLib/CustomUploader/CustomUploaderItem.cs,False,Direct Analysis
Call,38,ShareX-18.0.1/ShareX.UploadersLib/CustomUploader/Functions/CustomUploaderFunctionJson.cs,False,Direct Analysis
Call,37,ShareX-18.0.1/ShareX.UploadersLib/CustomUploader/Functions/CustomUploaderFunctionSelect.cs,False,Direct Analysis
Call,39,ShareX-18.0.1/ShareX.UploadersLib/CustomUploader/Functions/CustomUploaderFunctionXml.cs,False,Direct Analysis
Initialize,77,ShareX-18.0.1/ShareX.HelpersLib/Controls/ToolStripRadioButtonMenuItem.cs,False,Direct Analysis
OnCheckedChanged,82,ShareX-18.0.1/ShareX.HelpersLib/Controls/ToolStripRadioButtonMenuItem.cs,False,Direct Analysis
OnClick,103,ShareX-18.0.1/ShareX.HelpersLib/Controls/ToolStripRadioButtonMenuItem.cs,False,Direct Analysis
OnPaint,115,ShareX-18.0.1/ShareX.HelpersLib/Controls/ToolStripRadioButtonMenuItem.cs,False,Direct Analysis
OnMouseEnter,171,ShareX-18.0.1/ShareX.HelpersLib/Controls/ToolStripRadioButtonMenuItem.cs,False,Direct Analysis
OnMouseLeave,181,ShareX-18.0.1/ShareX.HelpersLib/Controls/ToolStripRadioButtonMenuItem.cs,False,Direct Analysis
OnMouseDown,189,ShareX-18.0.1/ShareX.HelpersLib/Controls/ToolStripRadioButtonMenuItem.cs,False,Direct Analysis
OnMouseUp,199,ShareX-18.0.1/ShareX.HelpersLib/Controls/ToolStripRadioButtonMenuItem.cs,False,Direct Analysis
OnOwnerChanged,229,ShareX-18.0.1/ShareX.HelpersLib/Controls/ToolStripRadioButtonMenuItem.cs,False,Direct Analysis
OwnerMenuItem_CheckedChanged,241,ShareX-18.0.1/ShareX.HelpersLib/Controls/ToolStripRadioButtonMenuItem.cs,False,Direct Analysis
CheckConfig,62,ShareX-18.0.1/ShareX.UploadersLib/FileUploaders/AmazonS3.cs,False,Direct Analysis
CreateUploader,69,ShareX-18.0.1/ShareX.UploadersLib/FileUploaders/AmazonS3.cs,False,Direct Analysis
Upload,85,ShareX-18.0.1/ShareX.UploadersLib/FileUploaders/AzureStorage.cs,False,Direct Analysis
HashRequest,159,ShareX-18.0.1/ShareX.UploadersLib/FileUploaders/AzureStorage.cs,False,Direct Analysis
GetUploadPath,172,ShareX-18.0.1/ShareX.UploadersLib/FileUploaders/AzureStorage.cs,False,Direct Analysis
GenerateURL,189,ShareX-18.0.1/ShareX.UploadersLib/FileUploaders/AzureStorage.cs,False,Direct Analysis
Upload,104,ShareX-18.0.1/ShareX.UploadersLib/FileUploaders/BackblazeB2.cs,False,Direct Analysis
Upload,57,ShareX-18.0.1/ShareX.UploadersLib/FileUploaders/DropIO.cs,False,Direct Analysis
CreateDrop,96,ShareX-18.0.1/ShareX.UploadersLib/FileUploaders/DropIO.cs,False,Direct Analysis
CheckConfig,45,ShareX-18.0.1/ShareX.UploadersLib/FileUploaders/Seafile.cs,False,Direct Analysis
CreateUploader,50,ShareX-18.0.1/ShareX.UploadersLib/FileUploaders/Seafile.cs,False,Direct Analysis
GetAuthorizationURL,68,ShareX-18.0.1/ShareX.UploadersLib/FileUploaders/Copy.cs,False,Direct Analysis
GetAccessToken,76,ShareX-18.0.1/ShareX.UploadersLib/FileUploaders/Copy.cs,False,Direct Analysis
GetAccountInfo,85,ShareX-18.0.1/ShareX.UploadersLib/FileUploaders/Copy.cs,False,Direct Analysis
DownloadFile,115,ShareX-18.0.1/ShareX.UploadersLib/FileUploaders/Copy.cs,False,Direct Analysis
UploadFile,129,ShareX-18.0.1/ShareX.UploadersLib/FileUploaders/Copy.cs,False,Direct Analysis
GetMetadata,163,ShareX-18.0.1/ShareX.UploadersLib/FileUploaders/Copy.cs,False,Direct Analysis
Upload,186,ShareX-18.0.1/ShareX.UploadersLib/FileUploaders/Copy.cs,False,Direct Analysis
CreatePublicURL,207,ShareX-18.0.1/ShareX.UploadersLib/FileUploaders/Copy.cs,False,Direct Analysis
RefreshAccessToken,96,ShareX-18.0.1/ShareX.UploadersLib/FileUploaders/GoogleDrive.cs,False,Direct Analysis
CheckAuthorization,101,ShareX-18.0.1/ShareX.UploadersLib/FileUploaders/GoogleDrive.cs,False,Direct Analysis
GetAuthorizationURL,106,ShareX-18.0.1/ShareX.UploadersLib/FileUploaders/GoogleDrive.cs,False,Direct Analysis
GetAccessToken,111,ShareX-18.0.1/ShareX.UploadersLib/FileUploaders/GoogleDrive.cs,False,Direct Analysis
GetMetadata,116,ShareX-18.0.1/ShareX.UploadersLib/FileUploaders/GoogleDrive.cs,False,Direct Analysis
SetPermissions,149,ShareX-18.0.1/ShareX.UploadersLib/FileUploaders/GoogleDrive.cs,False,Direct Analysis
GetFolders,165,ShareX-18.0.1/ShareX.UploadersLib/FileUploaders/GoogleDrive.cs,False,Direct Analysis
GetDrives,218,ShareX-18.0.1/ShareX.UploadersLib/FileUploaders/GoogleDrive.cs,False,Direct Analysis
Upload,249,ShareX-18.0.1/ShareX.UploadersLib/FileUploaders/GoogleDrive.cs,False,Direct Analysis
Upload,98,ShareX-18.0.1/ShareX.UploadersLib/FileUploaders/Dropbox.cs,False,Direct Analysis
GetAuthorizationURL,103,ShareX-18.0.1/ShareX.UploadersLib/FileUploaders/Dropbox.cs,False,Direct Analysis
GetAccessToken,112,ShareX-18.0.1/ShareX.UploadersLib/FileUploaders/Dropbox.cs,False,Direct Analysis
GetAuthHeaders,136,ShareX-18.0.1/ShareX.UploadersLib/FileUploaders/Dropbox.cs,False,Direct Analysis
GetCurrentAccount,166,ShareX-18.0.1/ShareX.UploadersLib/FileUploaders/Dropbox.cs,False,Direct Analysis
DownloadFile,181,ShareX-18.0.1/ShareX.UploadersLib/FileUploaders/Dropbox.cs,False,Direct Analysis
UploadFile,199,ShareX-18.0.1/ShareX.UploadersLib/FileUploaders/Dropbox.cs,False,Direct Analysis
GetMetadata,244,ShareX-18.0.1/ShareX.UploadersLib/FileUploaders/Dropbox.cs,False,Direct Analysis
CreateShareableLink,276,ShareX-18.0.1/ShareX.UploadersLib/FileUploaders/Dropbox.cs,False,Direct Analysis
ListSharedLinks,323,ShareX-18.0.1/ShareX.UploadersLib/FileUploaders/Dropbox.cs,False,Direct Analysis
Copy,346,ShareX-18.0.1/ShareX.UploadersLib/FileUploaders/Dropbox.cs,False,Direct Analysis
CreateFolder,369,ShareX-18.0.1/ShareX.UploadersLib/FileUploaders/Dropbox.cs,False,Direct Analysis
Delete,391,ShareX-18.0.1/ShareX.UploadersLib/FileUploaders/Dropbox.cs,False,Direct Analysis
Move,413,ShareX-18.0.1/ShareX.UploadersLib/FileUploaders/Dropbox.cs,False,Direct Analysis
Dispose,14,ShareX-18.0.1/ShareX.MediaLib/Forms/VideoThumbnailerForm.Designer.cs,False,Direct Analysis
InitializeComponent,29,ShareX-18.0.1/ShareX.MediaLib/Forms/VideoThumbnailerForm.Designer.cs,False,Direct Analysis
btnStart_Click,55,ShareX-18.0.1/ShareX.MediaLib/Forms/VideoThumbnailerForm.cs,False,Direct Analysis
Thumbnailer_ProgressChanged,94,ShareX-18.0.1/ShareX.MediaLib/Forms/VideoThumbnailerForm.cs,False,Direct Analysis
btnBrowse_Click,104,ShareX-18.0.1/ShareX.MediaLib/Forms/VideoThumbnailerForm.cs,False,Direct Analysis
Upload,42,ShareX-18.0.1/ShareX.UploadersLib/ImageUploaders/UploadScreenshot.cs,False,Direct Analysis
ParseResult,54,ShareX-18.0.1/ShareX.UploadersLib/ImageUploaders/UploadScreenshot.cs,False,Direct Analysis
ToString,45,ShareX-18.0.1/ShareX.UploadersLib/FileUploaders/PomfUploader.cs,False,Direct Analysis
FillColumn,105,ShareX-18.0.1/ShareX.HelpersLib/Controls/MyListView.cs,False,Direct Analysis
Select,135,ShareX-18.0.1/ShareX.HelpersLib/Controls/MyListView.cs,False,Direct Analysis
SelectLast,143,ShareX-18.0.1/ShareX.HelpersLib/Controls/MyListView.cs,False,Direct Analysis
SelectAll,161,ShareX-18.0.1/ShareX.HelpersLib/Controls/MyListView.cs,False,Direct Analysis
OnKeyDown,188,ShareX-18.0.1/ShareX.HelpersLib/Controls/MyListView.cs,False,Direct Analysis
WndProc,199,ShareX-18.0.1/ShareX.HelpersLib/Controls/MyListView.cs,False,Direct Analysis
OnItemDrag,235,ShareX-18.0.1/ShareX.HelpersLib/Controls/MyListView.cs,False,Direct Analysis
OnDragOver,245,ShareX-18.0.1/ShareX.HelpersLib/Controls/MyListView.cs,False,Direct Analysis
OnDragDrop,274,ShareX-18.0.1/ShareX.HelpersLib/Controls/MyListView.cs,False,Direct Analysis
OnItemMoving,309,ShareX-18.0.1/ShareX.HelpersLib/Controls/MyListView.cs,False,Direct Analysis
OnItemMoved,314,ShareX-18.0.1/ShareX.HelpersLib/Controls/MyListView.cs,False,Direct Analysis
OnDragLeave,319,ShareX-18.0.1/ShareX.HelpersLib/Controls/MyListView.cs,False,Direct Analysis
OnColumnClick,327,ShareX-18.0.1/ShareX.HelpersLib/Controls/MyListView.cs,False,Direct Analysis
ScaleControl,373,ShareX-18.0.1/ShareX.HelpersLib/Controls/MyListView.cs,False,Direct Analysis
Apply,46,ShareX-18.0.1/ShareX.ImageEffectsLib/Manipulations/Scale.cs,False,Direct Analysis
GetSummary,60,ShareX-18.0.1/ShareX.ImageEffectsLib/Manipulations/Scale.cs,False,Direct Analysis
Dispose,14,ShareX-18.0.1/ShareX/Tools/OCR/ServiceLinksForm.Designer.cs,False,Direct Analysis
InitializeComponent,29,ShareX-18.0.1/ShareX/Tools/OCR/ServiceLinksForm.Designer.cs,False,Direct Analysis
UpdateControls,53,ShareX-18.0.1/ShareX/Tools/OCR/ServiceLinksForm.cs,False,Direct Analysis
cbServices_SelectedIndexChanged,58,ShareX-18.0.1/ShareX/Tools/OCR/ServiceLinksForm.cs,False,Direct Analysis
btnNew_Click,67,ShareX-18.0.1/ShareX/Tools/OCR/ServiceLinksForm.cs,False,Direct Analysis
btnRemove_Click,77,ShareX-18.0.1/ShareX/Tools/OCR/ServiceLinksForm.cs,False,Direct Analysis
btnReset_Click,89,ShareX-18.0.1/ShareX/Tools/OCR/ServiceLinksForm.cs,False,Direct Analysis
txtName_TextChanged,100,ShareX-18.0.1/ShareX/Tools/OCR/ServiceLinksForm.cs,False,Direct Analysis
txtURL_TextChanged,111,ShareX-18.0.1/ShareX/Tools/OCR/ServiceLinksForm.cs,False,Direct Analysis
CheckConfig,35,ShareX-18.0.1/ShareX.UploadersLib/URLShorteners/CustomURLShortener.cs,False,Direct Analysis
CreateShortener,40,ShareX-18.0.1/ShareX.UploadersLib/URLShorteners/CustomURLShortener.cs,False,Direct Analysis
Send,107,ShareX-18.0.1/ShareX.UploadersLib/FileUploaders/Email.cs,False,Direct Analysis
Send,117,ShareX-18.0.1/ShareX.UploadersLib/FileUploaders/Email.cs,False,Direct Analysis
Upload,145,ShareX-18.0.1/ShareX.UploadersLib/FileUploaders/Email.cs,False,Direct Analysis
CheckConfig,48,ShareX-18.0.1/ShareX.UploadersLib/FileUploaders/FTP.cs,False,Direct Analysis
CreateUploader,53,ShareX-18.0.1/ShareX.UploadersLib/FileUploaders/FTP.cs,False,Direct Analysis
CreateUploader,43,ShareX-18.0.1/ShareX.UploadersLib/TextUploaders/Pastebin.cs,False,Direct Analysis
ShareURL,73,ShareX-18.0.1/ShareX.UploadersLib/SharingServices/CustomURLSharingService.cs,False,Direct Analysis
Upload,33,ShareX-18.0.1/ShareX.UploadersLib/FileUploaders/FileBin.cs,False,Direct Analysis
Upload,165,ShareX-18.0.1/ShareX.UploadersLib/FileUploaders/FTP.cs,False,Direct Analysis
StopUpload,194,ShareX-18.0.1/ShareX.UploadersLib/FileUploaders/FTP.cs,False,Direct Analysis
Connect,211,ShareX-18.0.1/ShareX.UploadersLib/FileUploaders/FTP.cs,False,Direct Analysis
Disconnect,221,ShareX-18.0.1/ShareX.UploadersLib/FileUploaders/FTP.cs,False,Direct Analysis
UploadDataInternal,254,ShareX-18.0.1/ShareX.UploadersLib/FileUploaders/FTP.cs,False,Direct Analysis
DownloadFile,323,ShareX-18.0.1/ShareX.UploadersLib/FileUploaders/FTP.cs,False,Direct Analysis
GetListing,370,ShareX-18.0.1/ShareX.UploadersLib/FileUploaders/FTP.cs,False,Direct Analysis
DirectoryExists,375,ShareX-18.0.1/ShareX.UploadersLib/FileUploaders/FTP.cs,False,Direct Analysis
CreateDirectory,385,ShareX-18.0.1/ShareX.UploadersLib/FileUploaders/FTP.cs,False,Direct Analysis
Rename,418,ShareX-18.0.1/ShareX.UploadersLib/FileUploaders/FTP.cs,False,Direct Analysis
DeleteFile,426,ShareX-18.0.1/ShareX.UploadersLib/FileUploaders/FTP.cs,False,Direct Analysis
DeleteDirectory,452,ShareX-18.0.1/ShareX.UploadersLib/FileUploaders/FTP.cs,False,Direct Analysis
SendCommand,470,ShareX-18.0.1/ShareX.UploadersLib/FileUploaders/FTP.cs,False,Direct Analysis
Dispose,488,ShareX-18.0.1/ShareX.UploadersLib/FileUploaders/FTP.cs,False,Direct Analysis
GetSubFolderPath,153,ShareX-18.0.1/ShareX.UploadersLib/FileUploaders/FTPAccount.cs,False,Direct Analysis
GetHttpHomePath,159,ShareX-18.0.1/ShareX.UploadersLib/FileUploaders/FTPAccount.cs,False,Direct Analysis
GetUriPath,169,ShareX-18.0.1/ShareX.UploadersLib/FileUploaders/FTPAccount.cs,False,Direct Analysis
GetFtpPath,262,ShareX-18.0.1/ShareX.UploadersLib/FileUploaders/FTPAccount.cs,False,Direct Analysis
ToString,272,ShareX-18.0.1/ShareX.UploadersLib/FileUploaders/FTPAccount.cs,False,Direct Analysis
Clone,277,ShareX-18.0.1/ShareX.UploadersLib/FileUploaders/FTPAccount.cs,False,Direct Analysis
Clone,282,ShareX-18.0.1/ShareX.UploadersLib/FileUploaders/FTPAccount.cs,False,Direct Analysis
Upload,47,ShareX-18.0.1/ShareX.UploadersLib/FileUploaders/FileSonic.cs,False,Direct Analysis
GetUploadURL,70,ShareX-18.0.1/ShareX.UploadersLib/FileUploaders/FileSonic.cs,False,Direct Analysis
Apply,33,ShareX-18.0.1/ShareX.ImageEffectsLib/Filters/Smooth.cs,False,Direct Analysis
CheckConfig,41,ShareX-18.0.1/ShareX.UploadersLib/FileUploaders/GoogleCloudStorage.cs,False,Direct Analysis
CreateUploader,46,ShareX-18.0.1/ShareX.UploadersLib/FileUploaders/GoogleCloudStorage.cs,False,Direct Analysis
RefreshAccessToken,83,ShareX-18.0.1/ShareX.UploadersLib/FileUploaders/GoogleCloudStorage.cs,False,Direct Analysis
CheckAuthorization,88,ShareX-18.0.1/ShareX.UploadersLib/FileUploaders/GoogleCloudStorage.cs,False,Direct Analysis
GetAuthorizationURL,93,ShareX-18.0.1/ShareX.UploadersLib/FileUploaders/GoogleCloudStorage.cs,False,Direct Analysis
GetAccessToken,98,ShareX-18.0.1/ShareX.UploadersLib/FileUploaders/GoogleCloudStorage.cs,False,Direct Analysis
Upload,103,ShareX-18.0.1/ShareX.UploadersLib/FileUploaders/GoogleCloudStorage.cs,False,Direct Analysis
GetUploadPath,139,ShareX-18.0.1/ShareX.UploadersLib/FileUploaders/GoogleCloudStorage.cs,False,Direct Analysis
GenerateURL,153,ShareX-18.0.1/ShareX.UploadersLib/FileUploaders/GoogleCloudStorage.cs,False,Direct Analysis
Upload,64,ShareX-18.0.1/ShareX.UploadersLib/FileUploaders/Sul.cs,False,Direct Analysis
Upload,74,ShareX-18.0.1/ShareX.UploadersLib/ImageUploaders/CustomImageUploader.cs,False,Direct Analysis
ToString,313,ShareX-18.0.1/ShareX.UploadersLib/FileUploaders/GoogleDrive.cs,False,Direct Analysis
Initialize,38,ShareX-18.0.1/ShareX.HelpersLib/Colors/ColorBox.cs,False,Direct Analysis
DrawCrosshair,45,ShareX-18.0.1/ShareX.HelpersLib/Colors/ColorBox.cs,False,Direct Analysis
DrawCrosshair,51,ShareX-18.0.1/ShareX.HelpersLib/Colors/ColorBox.cs,False,Direct Analysis
DrawHue,58,ShareX-18.0.1/ShareX.HelpersLib/Colors/ColorBox.cs,False,Direct Analysis
DrawSaturation,79,ShareX-18.0.1/ShareX.HelpersLib/Colors/ColorBox.cs,False,Direct Analysis
DrawBrightness,100,ShareX-18.0.1/ShareX.HelpersLib/Colors/ColorBox.cs,False,Direct Analysis
DrawRed,121,ShareX-18.0.1/ShareX.HelpersLib/Colors/ColorBox.cs,False,Direct Analysis
DrawGreen,142,ShareX-18.0.1/ShareX.HelpersLib/Colors/ColorBox.cs,False,Direct Analysis
DrawBlue,163,ShareX-18.0.1/ShareX.HelpersLib/Colors/ColorBox.cs,False,Direct Analysis
CheckConfig,41,ShareX-18.0.1/ShareX.UploadersLib/FileUploaders/Hostr.cs,False,Direct Analysis
CreateUploader,46,ShareX-18.0.1/ShareX.UploadersLib/FileUploaders/Hostr.cs,False,Direct Analysis
CheckConfig,43,ShareX-18.0.1/ShareX.UploadersLib/FileUploaders/LobFile.cs,False,Direct Analysis
CreateUploader,48,ShareX-18.0.1/ShareX.UploadersLib/FileUploaders/LobFile.cs,False,Direct Analysis
Apply,76,ShareX-18.0.1/ShareX.ImageEffectsLib/Filters/Outline.cs,False,Direct Analysis
GetSummary,81,ShareX-18.0.1/ShareX.ImageEffectsLib/Filters/Outline.cs,False,Direct Analysis
GetSubFolderPath,113,ShareX-18.0.1/ShareX.UploadersLib/FileUploaders/LocalhostAccount.cs,False,Direct Analysis
GetHttpHomePath,118,ShareX-18.0.1/ShareX.UploadersLib/FileUploaders/LocalhostAccount.cs,False,Direct Analysis
GetUriPath,132,ShareX-18.0.1/ShareX.UploadersLib/FileUploaders/LocalhostAccount.cs,False,Direct Analysis
GetLocalhostPath,185,ShareX-18.0.1/ShareX.UploadersLib/FileUploaders/LocalhostAccount.cs,False,Direct Analysis
GetLocalhostUri,195,ShareX-18.0.1/ShareX.UploadersLib/FileUploaders/LocalhostAccount.cs,False,Direct Analysis
ToString,207,ShareX-18.0.1/ShareX.UploadersLib/FileUploaders/LocalhostAccount.cs,False,Direct Analysis
Clone,212,ShareX-18.0.1/ShareX.UploadersLib/FileUploaders/LocalhostAccount.cs,False,Direct Analysis
Clone,217,ShareX-18.0.1/ShareX.UploadersLib/FileUploaders/LocalhostAccount.cs,False,Direct Analysis
OnRenderItemText,41,ShareX-18.0.1/ShareX.HelpersLib/Controls/ToolStripCustomRenderer.cs,False,Direct Analysis
OnRenderArrow,51,ShareX-18.0.1/ShareX.HelpersLib/Controls/ToolStripCustomRenderer.cs,False,Direct Analysis
CheckConfig,47,ShareX-18.0.1/ShareX.UploadersLib/FileUploaders/MediaFire.cs,False,Direct Analysis
CreateUploader,52,ShareX-18.0.1/ShareX.UploadersLib/FileUploaders/MediaFire.cs,False,Direct Analysis
CheckConfig,42,ShareX-18.0.1/ShareX.UploadersLib/FileUploaders/Sul.cs,False,Direct Analysis
CreateUploader,47,ShareX-18.0.1/ShareX.UploadersLib/FileUploaders/Sul.cs,False,Direct Analysis
Upload,83,ShareX-18.0.1/ShareX.UploadersLib/FileUploaders/MediaFire.cs,False,Direct Analysis
GetSessionToken,98,ShareX-18.0.1/ShareX.UploadersLib/FileUploaders/MediaFire.cs,False,Direct Analysis
SimpleUpload,117,ShareX-18.0.1/ShareX.UploadersLib/FileUploaders/MediaFire.cs,False,Direct Analysis
PollUpload,133,ShareX-18.0.1/ShareX.UploadersLib/FileUploaders/MediaFire.cs,False,Direct Analysis
GetInitSignature,167,ShareX-18.0.1/ShareX.UploadersLib/FileUploaders/MediaFire.cs,False,Direct Analysis
GetSignature,176,ShareX-18.0.1/ShareX.UploadersLib/FileUploaders/MediaFire.cs,False,Direct Analysis
NextSignatureKey,187,ShareX-18.0.1/ShareX.UploadersLib/FileUploaders/MediaFire.cs,False,Direct Analysis
OnPaint,179,ShareX-18.0.1/ShareX.HelpersLib/Controls/BlackStyle/BlackStyleProgressBar.cs,False,Direct Analysis
DrawProgressBar,222,ShareX-18.0.1/ShareX.HelpersLib/Controls/BlackStyle/BlackStyleProgressBar.cs,False,Direct Analysis
CheckConfig,43,ShareX-18.0.1/ShareX.UploadersLib/FileUploaders/Mega.cs,False,Direct Analysis
CreateUploader,49,ShareX-18.0.1/ShareX.UploadersLib/FileUploaders/Mega.cs,False,Direct Analysis
ShortenURL,32,ShareX-18.0.1/ShareX.UploadersLib/URLShorteners/NlcmURLShortener.cs,False,Direct Analysis
Login,98,ShareX-18.0.1/ShareX.UploadersLib/FileUploaders/Mega.cs,False,Direct Analysis
GetDisplayNodes,110,ShareX-18.0.1/ShareX.UploadersLib/FileUploaders/Mega.cs,False,Direct Analysis
GetParentNode,126,ShareX-18.0.1/ShareX.UploadersLib/FileUploaders/Mega.cs,False,Direct Analysis
Upload,136,ShareX-18.0.1/ShareX.UploadersLib/FileUploaders/Mega.cs,False,Direct Analysis
PostRequestRaw,161,ShareX-18.0.1/ShareX.UploadersLib/FileUploaders/Mega.cs,False,Direct Analysis
GetMegaApiClientAuthInfos,51,ShareX-18.0.1/ShareX.UploadersLib/FileUploaders/MegaAuthInfos.cs,False,Direct Analysis
CheckConfig,40,ShareX-18.0.1/ShareX.UploadersLib/FileUploaders/CustomFileUploader.cs,False,Direct Analysis
CreateUploader,45,ShareX-18.0.1/ShareX.UploadersLib/FileUploaders/CustomFileUploader.cs,False,Direct Analysis
CheckConfig,41,ShareX-18.0.1/ShareX.UploadersLib/FileUploaders/Puush.cs,False,Direct Analysis
CreateUploader,46,ShareX-18.0.1/ShareX.UploadersLib/FileUploaders/Puush.cs,False,Direct Analysis
OnTaskInfoSelected,116,ShareX-18.0.1/ShareX/QuickTaskMenu.cs,False,Direct Analysis
CheckConfig,44,ShareX-18.0.1/ShareX.UploadersLib/FileUploaders/OneDrive.cs,False,Direct Analysis
CreateUploader,49,ShareX-18.0.1/ShareX.UploadersLib/FileUploaders/OneDrive.cs,False,Direct Analysis
GetAuthorizationURL,84,ShareX-18.0.1/ShareX.UploadersLib/FileUploaders/OneDrive.cs,False,Direct Analysis
GetAccessToken,100,ShareX-18.0.1/ShareX.UploadersLib/FileUploaders/OneDrive.cs,False,Direct Analysis
RefreshAccessToken,130,ShareX-18.0.1/ShareX.UploadersLib/FileUploaders/OneDrive.cs,False,Direct Analysis
CheckAuthorization,160,ShareX-18.0.1/ShareX.UploadersLib/FileUploaders/OneDrive.cs,False,Direct Analysis
GetAuthHeaders,179,ShareX-18.0.1/ShareX.UploadersLib/FileUploaders/OneDrive.cs,False,Direct Analysis
CreateSession,202,ShareX-18.0.1/ShareX.UploadersLib/FileUploaders/OneDrive.cs,False,Direct Analysis
Upload,230,ShareX-18.0.1/ShareX.UploadersLib/FileUploaders/OneDrive.cs,False,Direct Analysis
IsDuplicateEvent,154,ShareX-18.0.1/ShareX/WatchFolder.cs,False,Direct Analysis
GetAuthToken,89,ShareX-18.0.1/ShareX.UploadersLib/FileUploaders/Seafile.cs,False,Direct Analysis
CheckAPIURL,116,ShareX-18.0.1/ShareX.UploadersLib/FileUploaders/Seafile.cs,False,Direct Analysis
CheckAuthToken,134,ShareX-18.0.1/ShareX.UploadersLib/FileUploaders/Seafile.cs,False,Direct Analysis
GetAccountInfo,159,ShareX-18.0.1/ShareX.UploadersLib/FileUploaders/Seafile.cs,False,Direct Analysis
GetOrMakeDefaultLibrary,183,ShareX-18.0.1/ShareX.UploadersLib/FileUploaders/Seafile.cs,False,Direct Analysis
GetLibraries,203,ShareX-18.0.1/ShareX.UploadersLib/FileUploaders/Seafile.cs,False,Direct Analysis
ValidatePath,223,ShareX-18.0.1/ShareX.UploadersLib/FileUploaders/Seafile.cs,False,Direct Analysis
DecryptLibrary,245,ShareX-18.0.1/ShareX.UploadersLib/FileUploaders/Seafile.cs,False,Direct Analysis
Upload,277,ShareX-18.0.1/ShareX.UploadersLib/FileUploaders/Seafile.cs,False,Direct Analysis
ShareFile,343,ShareX-18.0.1/ShareX.UploadersLib/FileUploaders/Seafile.cs,False,Direct Analysis
Start,49,ShareX-18.0.1/ShareX.HelpersLib/Controls/Canvas.cs,False,Direct Analysis
Start,62,ShareX-18.0.1/ShareX.HelpersLib/Controls/Canvas.cs,False,Direct Analysis
Stop,68,ShareX-18.0.1/ShareX.HelpersLib/Controls/Canvas.cs,False,Direct Analysis
Dispose,77,ShareX-18.0.1/ShareX.HelpersLib/Controls/Canvas.cs,False,Direct Analysis
timer_Tick,83,ShareX-18.0.1/ShareX.HelpersLib/Controls/Canvas.cs,False,Direct Analysis
OnPaint,89,ShareX-18.0.1/ShareX.HelpersLib/Controls/Canvas.cs,False,Direct Analysis
Apply,57,ShareX-18.0.1/ShareX.ImageEffectsLib/Manipulations/Canvas.cs,False,Direct Analysis
GetSummary,85,ShareX-18.0.1/ShareX.ImageEffectsLib/Manipulations/Canvas.cs,False,Direct Analysis
Upload,67,ShareX-18.0.1/ShareX.UploadersLib/FileUploaders/Plik.cs,False,Direct Analysis
Call,37,ShareX-18.0.1/ShareX.UploadersLib/CustomUploader/Functions/CustomUploaderFunctionBase64.cs,False,Direct Analysis
DeleteFile,102,ShareX-18.0.1/ShareX.UploadersLib/FileUploaders/Puush.cs,False,Direct Analysis
Upload,126,ShareX-18.0.1/ShareX.UploadersLib/FileUploaders/Puush.cs,False,Direct Analysis
CheckConfig,40,ShareX-18.0.1/ShareX.UploadersLib/FileUploaders/SharedFolderUploader.cs,False,Direct Analysis
CreateUploader,45,ShareX-18.0.1/ShareX.UploadersLib/FileUploaders/SharedFolderUploader.cs,False,Direct Analysis
Upload,85,ShareX-18.0.1/ShareX.UploadersLib/FileUploaders/SharedFolderUploader.cs,False,Direct Analysis
CreateUploader,41,ShareX-18.0.1/ShareX.UploadersLib/TextUploaders/Pastie.cs,False,Direct Analysis
Call,35,ShareX-18.0.1/ShareX.UploadersLib/CustomUploader/Functions/CustomUploaderFunctionInput.cs,False,Direct Analysis
CheckConfig,43,ShareX-18.0.1/ShareX.UploadersLib/FileUploaders/Streamable.cs,False,Direct Analysis
CreateUploader,48,ShareX-18.0.1/ShareX.UploadersLib/FileUploaders/Streamable.cs,False,Direct Analysis
Upload,73,ShareX-18.0.1/ShareX.UploadersLib/FileUploaders/Streamable.cs,False,Direct Analysis
TranscodeFile,90,ShareX-18.0.1/ShareX.UploadersLib/FileUploaders/Streamable.cs,False,Direct Analysis
Dispose,15,ShareX-18.0.1/ShareX/Forms/ApplicationSettingsForm.Designer.cs,False,Direct Analysis
InitializeComponent,30,ShareX-18.0.1/ShareX/Forms/ApplicationSettingsForm.Designer.cs,False,Direct Analysis
SettingsForm_Shown,48,ShareX-18.0.1/ShareX/Forms/ApplicationSettingsForm.cs,False,Direct Analysis
SettingsForm_Resize,53,ShareX-18.0.1/ShareX/Forms/ApplicationSettingsForm.cs,False,Direct Analysis
tttvMain_TabChanged,58,ShareX-18.0.1/ShareX/Forms/ApplicationSettingsForm.cs,False,Direct Analysis
InitializeControls,66,ShareX-18.0.1/ShareX/Forms/ApplicationSettingsForm.cs,False,Direct Analysis
UpdateControls,100,ShareX-18.0.1/ShareX/Forms/ApplicationSettingsForm.cs,False,Direct Analysis
ChangeLanguage,266,ShareX-18.0.1/ShareX/Forms/ApplicationSettingsForm.cs,False,Direct Analysis
UpdateStartWithWindows,284,ShareX-18.0.1/ShareX/Forms/ApplicationSettingsForm.cs,False,Direct Analysis
UpdateProxyControls,321,ShareX-18.0.1/ShareX/Forms/ApplicationSettingsForm.cs,False,Direct Analysis
UpdatePersonalFolderPathPreview,338,ShareX-18.0.1/ShareX/Forms/ApplicationSettingsForm.cs,False,Direct Analysis
UpdateScreenshotsFolderPathPreview,370,ShareX-18.0.1/ShareX/Forms/ApplicationSettingsForm.cs,False,Direct Analysis
cbShowTray_CheckedChanged,384,ShareX-18.0.1/ShareX/Forms/ApplicationSettingsForm.cs,False,Direct Analysis
cbSilentRun_CheckedChanged,396,ShareX-18.0.1/ShareX/Forms/ApplicationSettingsForm.cs,False,Direct Analysis
cbTrayIconProgressEnabled_CheckedChanged,401,ShareX-18.0.1/ShareX/Forms/ApplicationSettingsForm.cs,False,Direct Analysis
cbTaskbarProgressEnabled_CheckedChanged,406,ShareX-18.0.1/ShareX/Forms/ApplicationSettingsForm.cs,False,Direct Analysis
CbUseWhiteShareXIcon_CheckedChanged,416,ShareX-18.0.1/ShareX/Forms/ApplicationSettingsForm.cs,False,Direct Analysis
cbRememberMainFormPosition_CheckedChanged,421,ShareX-18.0.1/ShareX/Forms/ApplicationSettingsForm.cs,False,Direct Analysis
cbRememberMainFormSize_CheckedChanged,426,ShareX-18.0.1/ShareX/Forms/ApplicationSettingsForm.cs,False,Direct Analysis
cbTrayLeftDoubleClickAction_SelectedIndexChanged,431,ShareX-18.0.1/ShareX/Forms/ApplicationSettingsForm.cs,False,Direct Analysis
cbTrayLeftClickAction_SelectedIndexChanged,436,ShareX-18.0.1/ShareX/Forms/ApplicationSettingsForm.cs,False,Direct Analysis
cbTrayMiddleClickAction_SelectedIndexChanged,441,ShareX-18.0.1/ShareX/Forms/ApplicationSettingsForm.cs,False,Direct Analysis
btnEditQuickTaskMenu_Click,446,ShareX-18.0.1/ShareX/Forms/ApplicationSettingsForm.cs,False,Direct Analysis
cbAutoCheckUpdate_CheckedChanged,451,ShareX-18.0.1/ShareX/Forms/ApplicationSettingsForm.cs,False,Direct Analysis
cbUpdateChannel_SelectedIndexChanged,457,ShareX-18.0.1/ShareX/Forms/ApplicationSettingsForm.cs,False,Direct Analysis
btnCheckDevBuild_Click,462,ShareX-18.0.1/ShareX/Forms/ApplicationSettingsForm.cs,False,Direct Analysis
UpdateThemeControls,478,ShareX-18.0.1/ShareX/Forms/ApplicationSettingsForm.cs,False,Direct Analysis
ApplySelectedTheme,483,ShareX-18.0.1/ShareX/Forms/ApplicationSettingsForm.cs,False,Direct Analysis
AddTheme,489,ShareX-18.0.1/ShareX/Forms/ApplicationSettingsForm.cs,False,Direct Analysis
CbThemes_SelectedIndexChanged,502,ShareX-18.0.1/ShareX/Forms/ApplicationSettingsForm.cs,False,Direct Analysis
BtnThemeAdd_Click,522,ShareX-18.0.1/ShareX/Forms/ApplicationSettingsForm.cs,False,Direct Analysis
BtnThemeRemove_Click,527,ShareX-18.0.1/ShareX/Forms/ApplicationSettingsForm.cs,False,Direct Analysis
EiTheme_ExportRequested,549,ShareX-18.0.1/ShareX/Forms/ApplicationSettingsForm.cs,False,Direct Analysis
BtnThemeReset_Click,559,ShareX-18.0.1/ShareX/Forms/ApplicationSettingsForm.cs,False,Direct Analysis
pgTheme_PropertyValueChanged,573,ShareX-18.0.1/ShareX/Forms/ApplicationSettingsForm.cs,False,Direct Analysis
cbStartWithWindows_CheckedChanged,583,ShareX-18.0.1/ShareX/Forms/ApplicationSettingsForm.cs,False,Direct Analysis
cbShellContextMenu_CheckedChanged,599,ShareX-18.0.1/ShareX/Forms/ApplicationSettingsForm.cs,False,Direct Analysis
cbEditWithShareX_CheckedChanged,607,ShareX-18.0.1/ShareX/Forms/ApplicationSettingsForm.cs,False,Direct Analysis
cbSendToMenu_CheckedChanged,615,ShareX-18.0.1/ShareX/Forms/ApplicationSettingsForm.cs,False,Direct Analysis
cbChromeExtensionSupport_CheckedChanged,623,ShareX-18.0.1/ShareX/Forms/ApplicationSettingsForm.cs,False,Direct Analysis
btnChromeOpenExtensionPage_Click,632,ShareX-18.0.1/ShareX/Forms/ApplicationSettingsForm.cs,False,Direct Analysis
cbFirefoxAddonSupport_CheckedChanged,637,ShareX-18.0.1/ShareX/Forms/ApplicationSettingsForm.cs,False,Direct Analysis
btnFirefoxOpenAddonPage_Click,646,ShareX-18.0.1/ShareX/Forms/ApplicationSettingsForm.cs,False,Direct Analysis
cbSteamShowInApp_CheckedChanged,651,ShareX-18.0.1/ShareX/Forms/ApplicationSettingsForm.cs,False,Direct Analysis
txtPersonalFolderPath_TextChanged,663,ShareX-18.0.1/ShareX/Forms/ApplicationSettingsForm.cs,False,Direct Analysis
btnBrowsePersonalFolderPath_Click,668,ShareX-18.0.1/ShareX/Forms/ApplicationSettingsForm.cs,False,Direct Analysis
btnPersonalFolderPathApply_Click,674,ShareX-18.0.1/ShareX/Forms/ApplicationSettingsForm.cs,False,Direct Analysis
btnOpenPersonalFolder_Click,691,ShareX-18.0.1/ShareX/Forms/ApplicationSettingsForm.cs,False,Direct Analysis
cbUseCustomScreenshotsPath_CheckedChanged,696,ShareX-18.0.1/ShareX/Forms/ApplicationSettingsForm.cs,False,Direct Analysis
txtCustomScreenshotsPath_TextChanged,702,ShareX-18.0.1/ShareX/Forms/ApplicationSettingsForm.cs,False,Direct Analysis
btnBrowseCustomScreenshotsPath_Click,708,ShareX-18.0.1/ShareX/Forms/ApplicationSettingsForm.cs,False,Direct Analysis
txtSaveImageSubFolderPattern_TextChanged,714,ShareX-18.0.1/ShareX/Forms/ApplicationSettingsForm.cs,False,Direct Analysis
btnOpenScreenshotsFolder_Click,720,ShareX-18.0.1/ShareX/Forms/ApplicationSettingsForm.cs,False,Direct Analysis
txtSaveImageSubFolderPatternWindow_TextChanged,725,ShareX-18.0.1/ShareX/Forms/ApplicationSettingsForm.cs,False,Direct Analysis
cbExportSettings_CheckedChanged,734,ShareX-18.0.1/ShareX/Forms/ApplicationSettingsForm.cs,False,Direct Analysis
cbExportHistory_CheckedChanged,739,ShareX-18.0.1/ShareX/Forms/ApplicationSettingsForm.cs,False,Direct Analysis
btnExport_Click,744,ShareX-18.0.1/ShareX/Forms/ApplicationSettingsForm.cs,False,Direct Analysis
btnImport_Click,787,ShareX-18.0.1/ShareX/Forms/ApplicationSettingsForm.cs,False,Direct Analysis
btnResetSettings_Click,828,ShareX-18.0.1/ShareX/Forms/ApplicationSettingsForm.cs,False,Direct Analysis
cbAutomaticallyCleanupBackupFiles_CheckedChanged,846,ShareX-18.0.1/ShareX/Forms/ApplicationSettingsForm.cs,False,Direct Analysis
cbAutomaticallyCleanupLogFiles_CheckedChanged,851,ShareX-18.0.1/ShareX/Forms/ApplicationSettingsForm.cs,False,Direct Analysis
nudCleanupKeepFileCount_ValueChanged,856,ShareX-18.0.1/ShareX/Forms/ApplicationSettingsForm.cs,False,Direct Analysis
cbMainWindowShowMenu_CheckedChanged,865,ShareX-18.0.1/ShareX/Forms/ApplicationSettingsForm.cs,False,Direct Analysis
cbMainWindowTaskViewMode_SelectedIndexChanged,870,ShareX-18.0.1/ShareX/Forms/ApplicationSettingsForm.cs,False,Direct Analysis
cbThumbnailViewShowTitle_CheckedChanged,875,ShareX-18.0.1/ShareX/Forms/ApplicationSettingsForm.cs,False,Direct Analysis
cbThumbnailViewTitleLocation_SelectedIndexChanged,880,ShareX-18.0.1/ShareX/Forms/ApplicationSettingsForm.cs,False,Direct Analysis
nudThumbnailViewThumbnailSizeWidth_ValueChanged,885,ShareX-18.0.1/ShareX/Forms/ApplicationSettingsForm.cs,False,Direct Analysis
nudThumbnailViewThumbnailSizeHeight_ValueChanged,890,ShareX-18.0.1/ShareX/Forms/ApplicationSettingsForm.cs,False,Direct Analysis
btnThumbnailViewThumbnailSizeReset_Click,895,ShareX-18.0.1/ShareX/Forms/ApplicationSettingsForm.cs,False,Direct Analysis
cbThumbnailViewThumbnailClickAction_SelectedIndexChanged,901,ShareX-18.0.1/ShareX/Forms/ApplicationSettingsForm.cs,False,Direct Analysis
cbListViewShowColumns_CheckedChanged,906,ShareX-18.0.1/ShareX/Forms/ApplicationSettingsForm.cs,False,Direct Analysis
cbListViewImagePreviewVisibility_SelectedIndexChanged,911,ShareX-18.0.1/ShareX/Forms/ApplicationSettingsForm.cs,False,Direct Analysis
cbListViewImagePreviewLocation_SelectedIndexChanged,916,ShareX-18.0.1/ShareX/Forms/ApplicationSettingsForm.cs,False,Direct Analysis
AddClipboardFormat,925,ShareX-18.0.1/ShareX/Forms/ApplicationSettingsForm.cs,False,Direct Analysis
ClipboardFormatsEditSelected,933,ShareX-18.0.1/ShareX/Forms/ApplicationSettingsForm.cs,False,Direct Analysis
lvClipboardFormats_MouseDoubleClick,951,ShareX-18.0.1/ShareX/Forms/ApplicationSettingsForm.cs,False,Direct Analysis
btnAddClipboardFormat_Click,959,ShareX-18.0.1/ShareX/Forms/ApplicationSettingsForm.cs,False,Direct Analysis
btnClipboardFormatEdit_Click,972,ShareX-18.0.1/ShareX/Forms/ApplicationSettingsForm.cs,False,Direct Analysis
btnClipboardFormatRemove_Click,977,ShareX-18.0.1/ShareX/Forms/ApplicationSettingsForm.cs,False,Direct Analysis
nudUploadLimit_ValueChanged,992,ShareX-18.0.1/ShareX/Forms/ApplicationSettingsForm.cs,False,Direct Analysis
cbBufferSize_SelectedIndexChanged,997,ShareX-18.0.1/ShareX/Forms/ApplicationSettingsForm.cs,False,Direct Analysis
nudRetryUpload_ValueChanged,1002,ShareX-18.0.1/ShareX/Forms/ApplicationSettingsForm.cs,False,Direct Analysis
cbUseSecondaryUploaders_CheckedChanged,1007,ShareX-18.0.1/ShareX/Forms/ApplicationSettingsForm.cs,False,Direct Analysis
lvSecondaryUploaders_MouseUp,1012,ShareX-18.0.1/ShareX/Forms/ApplicationSettingsForm.cs,False,Direct Analysis
cbHistorySaveTasks_CheckedChanged,1023,ShareX-18.0.1/ShareX/Forms/ApplicationSettingsForm.cs,False,Direct Analysis
cbHistoryCheckURL_CheckedChanged,1028,ShareX-18.0.1/ShareX/Forms/ApplicationSettingsForm.cs,False,Direct Analysis
cbRecentTasksSave_CheckedChanged,1033,ShareX-18.0.1/ShareX/Forms/ApplicationSettingsForm.cs,False,Direct Analysis
nudRecentTasksMaxCount_ValueChanged,1038,ShareX-18.0.1/ShareX/Forms/ApplicationSettingsForm.cs,False,Direct Analysis
cbRecentTasksShowInMainWindow_CheckedChanged,1043,ShareX-18.0.1/ShareX/Forms/ApplicationSettingsForm.cs,False,Direct Analysis
cbRecentTasksShowInTrayMenu_CheckedChanged,1048,ShareX-18.0.1/ShareX/Forms/ApplicationSettingsForm.cs,False,Direct Analysis
cbRecentTasksTrayMenuMostRecentFirst_CheckedChanged,1053,ShareX-18.0.1/ShareX/Forms/ApplicationSettingsForm.cs,False,Direct Analysis
cbDontShowPrintSettingDialog_CheckedChanged,1062,ShareX-18.0.1/ShareX/Forms/ApplicationSettingsForm.cs,False,Direct Analysis
btnShowImagePrintSettings_Click,1067,ShareX-18.0.1/ShareX/Forms/ApplicationSettingsForm.cs,False,Direct Analysis
cbPrintDontShowWindowsDialog_CheckedChanged,1076,ShareX-18.0.1/ShareX/Forms/ApplicationSettingsForm.cs,False,Direct Analysis
txtDefaultPrinterOverride_TextChanged,1082,ShareX-18.0.1/ShareX/Forms/ApplicationSettingsForm.cs,False,Direct Analysis
cbProxyMethod_SelectedIndexChanged,1091,ShareX-18.0.1/ShareX/Forms/ApplicationSettingsForm.cs,False,Direct Analysis
txtProxyUsername_TextChanged,1105,ShareX-18.0.1/ShareX/Forms/ApplicationSettingsForm.cs,False,Direct Analysis
txtProxyPassword_TextChanged,1110,ShareX-18.0.1/ShareX/Forms/ApplicationSettingsForm.cs,False,Direct Analysis
txtProxyHost_TextChanged,1115,ShareX-18.0.1/ShareX/Forms/ApplicationSettingsForm.cs,False,Direct Analysis
nudProxyPort_ValueChanged,1120,ShareX-18.0.1/ShareX/Forms/ApplicationSettingsForm.cs,False,Direct Analysis
BindToName,37,ShareX-18.0.1/ShareX.HelpersLib/Settings/KnownTypesSerializationBinder.cs,False,This is an implementation of ISerializationBinder.BindToName.
GetRequestRaw,151,ShareX-18.0.1/ShareX.UploadersLib/FileUploaders/Mega.cs,False,This is an implementation of IWebClient.GetRequestRaw.
PostRequestJson,156,ShareX-18.0.1/ShareX.UploadersLib/FileUploaders/Mega.cs,False,This is an implementation of IWebClient.PostRequestJson.
PostRequestRawAsStream,174,ShareX-18.0.1/ShareX.UploadersLib/FileUploaders/Mega.cs,False,This is an implementation of IWebClient.PostRequestRawAsStream.
OnFileWatcherTrigger,66,ShareX-18.0.1/ShareX/WatchFolder.cs,True,Cascading + LLM (No Internal Calls)
DrawGradient,85,ShareX-18.0.1/ShareX/Tools/MonitorTestForm.cs,True,Cascading + LLM (No Internal Calls)
DrawHorizontalLine,99,ShareX-18.0.1/ShareX/Tools/MonitorTestForm.cs,True,Cascading + LLM (No Internal Calls)
DrawVerticalLine,111,ShareX-18.0.1/ShareX/Tools/MonitorTestForm.cs,True,Cascading + LLM (No Internal Calls)
DrawChecker,123,ShareX-18.0.1/ShareX/Tools/MonitorTestForm.cs,True,Cascading + LLM (No Internal Calls)
UpdateItem,49,ShareX-18.0.1/ShareX/Forms/QuickTaskMenuEditorForm.cs,True,Cascading + LLM (No Internal Calls)
lvPresets_ItemMoved,117,ShareX-18.0.1/ShareX/Forms/QuickTaskMenuEditorForm.cs,True,Cascading + LLM (No Internal Calls)
HandleHotkeys,385,ShareX-18.0.1/ShareX/Forms/MainForm.cs,True,Cascading + LLM (No Internal Calls)
WorkflowMenuItem,438,ShareX-18.0.1/ShareX/Forms/MainForm.cs,True,Cascading + LLM (No Internal Calls)
AddMultiEnumItems,535,ShareX-18.0.1/ShareX/Forms/MainForm.cs,True,Cascading + LLM (No Internal Calls)
SetMultiEnumChecked,612,ShareX-18.0.1/ShareX/Forms/MainForm.cs,True,Cascading + LLM (No Internal Calls)
PrepareCaptureMenuAsync,1182,ShareX-18.0.1/ShareX/Forms/MainForm.cs,True,Cascading + LLM (No Internal Calls)
Edit,136,ShareX-18.0.1/ShareX/Forms/HotkeySettingsForm.cs,True,Cascading + LLM (No Internal Calls)
GetLocalFilePathAsUri,230,ShareX-18.0.1/ShareX/Forms/AfterUploadForm.cs,True,Cascading + LLM (No Internal Calls)
AddEnumItemsContextMenu,71,ShareX-18.0.1/ShareX/Forms/ActionsToolbarEditForm.cs,True,Cascading + LLM (No Internal Calls)
SetDestinations,207,ShareX-18.0.1/ShareX/Controls/BeforeUploadControl.cs,True,Cascading + LLM (No Internal Calls)
GetCustomUploaderName,252,ShareX-18.0.1/ShareX/Controls/BeforeUploadControl.cs,True,Cascading + LLM (No Internal Calls)
CheckItem,96,ShareX-18.0.1/ShareX/Forms/AfterCaptureForm.cs,True,Cascading + LLM (No Internal Calls)
IsChecked,101,ShareX-18.0.1/ShareX/Forms/AfterCaptureForm.cs,True,Cascading + LLM (No Internal Calls)
SetMultiEnumCheckedContextMenu,83,ShareX-18.0.1/ShareX/Forms/QuickTaskInfoEditForm.cs,True,Cascading + LLM (No Internal Calls)
SetEnumCheckedContextMenu,126,ShareX-18.0.1/ShareX/Controls/HotkeySelectionControl.cs,True,Cascading + LLM (No Internal Calls)
FTPTestAccount,590,ShareX-18.0.1/ShareX.UploadersLib/Forms/UploadersConfigFormHelper.cs,True,Cascading + LLM (No Internal Calls)
SendSpaceRegister,661,ShareX-18.0.1/ShareX.UploadersLib/Forms/UploadersConfigFormHelper.cs,True,Cascading + LLM (No Internal Calls)
OAuth2Open,826,ShareX-18.0.1/ShareX.UploadersLib/Forms/UploadersConfigFormHelper.cs,True,Cascading + LLM (No Internal Calls)
ConfigureOAuthStatus,889,ShareX-18.0.1/ShareX.UploadersLib/Forms/UploadersConfigFormHelper.cs,True,Cascading + LLM (No Internal Calls)
CustomUploaderSyntaxHighlight,93,ShareX-18.0.1/ShareX.UploadersLib/Forms/CustomUploaderSyntaxTestForm.cs,True,Cascading + LLM (No Internal Calls)
ParseSyntax,128,ShareX-18.0.1/ShareX.UploadersLib/Forms/CustomUploaderSyntaxTestForm.cs,True,Cascading + LLM (No Internal Calls)
CustomUploaderSerialize,279,ShareX-18.0.1/ShareX.UploadersLib/Forms/CustomUploaderSettingsForm.cs,True,Cascading + LLM (No Internal Calls)
CheckDataGridView,454,ShareX-18.0.1/ShareX.UploadersLib/Forms/CustomUploaderSettingsForm.cs,True,Cascading + LLM (No Internal Calls)
DataGridViewToDictionary,493,ShareX-18.0.1/ShareX.UploadersLib/Forms/CustomUploaderSettingsForm.cs,True,Cascading + LLM (No Internal Calls)
CustomUploaderSyntaxHighlight,691,ShareX-18.0.1/ShareX.UploadersLib/Forms/CustomUploaderSettingsForm.cs,True,Cascading + LLM (No Internal Calls)
OnImageProcessRequested,143,ShareX-18.0.1/ShareX.ImageEffectsLib/Forms/ImageEffectsForm.cs,True,Cascading + LLM (No Internal Calls)
OnPlayNotificationSound,64,ShareX-18.0.1/ShareX.HelpersLib/Forms/HashCheckerForm.cs,True,Cascading + LLM (No Internal Calls)
OnTabChanged,223,ShareX-18.0.1/ShareX.HelpersLib/Controls/TabToTreeView.cs,True,Cascading + LLM (No Internal Calls)
GetFileMetadata,76,ShareX-18.0.1/ShareX/Tools/MetadataForm.cs,True,Cascading + LLM (No Internal Calls)
StripFileMetadataAsync,150,ShareX-18.0.1/ShareX/Tools/MetadataForm.cs,True,Cascading + LLM (No Internal Calls)
DrawAutoScaledImage,181,ShareX-18.0.1/ShareX.HelpersLib/Printer/PrintHelper.cs,True,Cascading + LLM (No Internal Calls)
CreateHeaderBlock,91,ShareX-18.0.1/ShareX.HelpersLib/GIF/AnimatedGifCreator.cs,True,Cascading + LLM (No Internal Calls)
CreateApplicationExtensionBlock,96,ShareX-18.0.1/ShareX.HelpersLib/GIF/AnimatedGifCreator.cs,True,Cascading + LLM (No Internal Calls)
CreateGraphicsControlExtensionBlock,121,ShareX-18.0.1/ShareX.HelpersLib/GIF/AnimatedGifCreator.cs,True,Cascading + LLM (No Internal Calls)
EditListViewItem,312,ShareX-18.0.1/ShareX.HistoryLib/Forms/HistoryForm.cs,True,Cascading + LLM (No Internal Calls)
OnColorChanged,73,ShareX-18.0.1/ShareX.HelpersLib/Controls/ColorButton.cs,True,Cascading + LLM (No Internal Calls)
Round,399,ShareX-18.0.1/ShareX.HelpersLib/Colors/ColorUserControl.cs,True,Cascading + LLM (No Internal Calls)
GetKeyEventArgs,114,ShareX-18.0.1/ShareX.HelpersLib/Input/KeyboardHook.cs,True,Cascading + LLM (No Internal Calls)
SplitImage,56,ShareX-18.0.1/ShareX.MediaLib/Forms/ImageSplitterForm.cs,True,Cascading + LLM (No Internal Calls)
RegisterHotkey,47,ShareX-18.0.1/ShareX.HelpersLib/Input/HotkeyForm.cs,True,Cascading + LLM (No Internal Calls)
UnregisterHotkey,83,ShareX-18.0.1/ShareX.HelpersLib/Input/HotkeyForm.cs,True,Cascading + LLM (No Internal Calls)
OnKeyPressed,120,ShareX-18.0.1/ShareX.HelpersLib/Input/HotkeyForm.cs,True,Cascading + LLM (No Internal Calls)
uintToBigEndianBytes,141,ShareX-18.0.1/ShareX.HelpersLib/Cryptographic/Crc32.cs,True,Cascading + LLM (No Internal Calls)
OnImportCompleted,190,ShareX-18.0.1/ShareX.HelpersLib/Controls/ExportImportControl.cs,True,Cascading + LLM (No Internal Calls)
ChangeComposition,52,ShareX-18.0.1/ShareX.HelpersLib/DWMManager.cs,True,Cascading + LLM (No Internal Calls)
StartEncodingAsync,232,ShareX-18.0.1/ShareX.MediaLib/Forms/VideoConverterForm.cs,True,Cascading + LLM (No Internal Calls)
AddInfo,73,ShareX-18.0.1/ShareX.UploadersLib/Forms/ResponseForm.cs,True,Cascading + LLM (No Internal Calls)
SetEnumCheckedContextMenu,603,ShareX-18.0.1/ShareX/Forms/TaskSettingsForm.cs,True,Cascading + LLM (No Internal Calls)
SetMultiEnumCheckedContextMenu,659,ShareX-18.0.1/ShareX/Forms/TaskSettingsForm.cs,True,Cascading + LLM (No Internal Calls)
SelectBitmap,59,ShareX-18.0.1/ShareX.HelpersLib/Native/LayeredForm.cs,True,Cascading + LLM (No Internal Calls)
OnEncodeStarted,171,ShareX-18.0.1/ShareX.MediaLib/FFmpegCLIManager.cs,True,Cascading + LLM (No Internal Calls)
OnEncodeProgressChanged,176,ShareX-18.0.1/ShareX.MediaLib/FFmpegCLIManager.cs,True,Cascading + LLM (No Internal Calls)
OnProcessRequested,212,ShareX-18.0.1/ShareX.MediaLib/Forms/ImageCombinerForm.cs,True,Cascading + LLM (No Internal Calls)
RenderAsync,149,ShareX-18.0.1/ShareX.MediaLib/ImageBeautifier.cs,True,Cascading + LLM (No Internal Calls)
OnCurrentShapeChanged,388,ShareX-18.0.1/ShareX.ScreenCaptureLib/Shapes/ShapeManager.cs,True,Cascading + LLM (No Internal Calls)
OnCurrentShapeTypeChanged,393,ShareX-18.0.1/ShareX.ScreenCaptureLib/Shapes/ShapeManager.cs,True,Cascading + LLM (No Internal Calls)
OnShapeCreated,398,ShareX-18.0.1/ShareX.ScreenCaptureLib/Shapes/ShapeManager.cs,True,Cascading + LLM (No Internal Calls)
IsShapeTypeRegion,1804,ShareX-18.0.1/ShareX.ScreenCaptureLib/Shapes/ShapeManager.cs,True,Cascading + LLM (No Internal Calls)
AddObject,126,ShareX-18.0.1/ShareX.HelpersLib/Controls/ObjectListView.cs,True,Cascading + LLM (No Internal Calls)
DrawInfoText,1129,ShareX-18.0.1/ShareX.ScreenCaptureLib/Forms/RegionCaptureForm.cs,True,Cascading + LLM (No Internal Calls)
DrawRuler,1463,ShareX-18.0.1/ShareX.ScreenCaptureLib/Forms/RegionCaptureForm.cs,True,Cascading + LLM (No Internal Calls)
OnCopyImageRequested,1667,ShareX-18.0.1/ShareX.ScreenCaptureLib/Forms/RegionCaptureForm.cs,True,Cascading + LLM (No Internal Calls)
OnStopRequested,198,ShareX-18.0.1/ShareX.ScreenCaptureLib/Forms/ScreenRecordForm.cs,True,Cascading + LLM (No Internal Calls)
OnUploadRequested,132,ShareX-18.0.1/ShareX.IndexerLib/Forms/DirectoryIndexerForm.cs,True,Cascading + LLM (No Internal Calls)
OnUploadRequested,212,ShareX-18.0.1/ShareX.ScreenCaptureLib/Forms/ScrollingCaptureForm.cs,True,Cascading + LLM (No Internal Calls)
OnPlayNotificationSound,217,ShareX-18.0.1/ShareX.ScreenCaptureLib/Forms/ScrollingCaptureForm.cs,True,Cascading + LLM (No Internal Calls)
OnRecordingStarted,298,ShareX-18.0.1/ShareX.ScreenCaptureLib/ScreenRecording/ScreenRecorder.cs,True,Cascading + LLM (No Internal Calls)
ValidateIssueId,74,ShareX-18.0.1/ShareX.UploadersLib/Forms/JiraUpload.cs,True,Cascading + LLM (No Internal Calls)
DrawRectangle,72,ShareX-18.0.1/ShareX.ScreenCaptureLib/Shapes/Drawing/RectangleDrawingShape.cs,True,Cascading + LLM (No Internal Calls)
CreateTailPath,194,ShareX-18.0.1/ShareX.ScreenCaptureLib/Shapes/Drawing/SpeechBalloonDrawingShape.cs,True,Cascading + LLM (No Internal Calls)
CreateTailPath,250,ShareX-18.0.1/ShareX.ScreenCaptureLib/Shapes/Drawing/StepDrawingShape.cs,True,Cascading + LLM (No Internal Calls)
AddRecentColor,186,ShareX-18.0.1/ShareX.HelpersLib/Forms/ColorPickerForm.cs,True,Cascading + LLM (No Internal Calls)
OnThumbnailsTaken,99,ShareX-18.0.1/ShareX.MediaLib/Forms/VideoThumbnailerForm.cs,True,Cascading + LLM (No Internal Calls)
UnselectAll,172,ShareX-18.0.1/ShareX.HelpersLib/Controls/MyListView.cs,True,Cascading + LLM (No Internal Calls)
EnsureSelectedVisible,180,ShareX-18.0.1/ShareX.HelpersLib/Controls/MyListView.cs,True,Cascading + LLM (No Internal Calls)
DrawInsertionLine,359,ShareX-18.0.1/ShareX.HelpersLib/Controls/MyListView.cs,True,Cascading + LLM (No Internal Calls)
DrawBackground,202,ShareX-18.0.1/ShareX.HelpersLib/Controls/BlackStyle/BlackStyleProgressBar.cs,True,Cascading + LLM (No Internal Calls)
DrawText,244,ShareX-18.0.1/ShareX.HelpersLib/Controls/BlackStyle/BlackStyleProgressBar.cs,True,Cascading + LLM (No Internal Calls)
OnDraw,98,ShareX-18.0.1/ShareX.HelpersLib/Controls/Canvas.cs,True,Cascading + LLM (No Internal Calls)
CreateMetadata,143,ShareX-18.0.1/ShareX/CaptureHelpers/CaptureBase.cs,True,Cascading Analysis
CreateMetadata,148,ShareX-18.0.1/ShareX/CaptureHelpers/CaptureBase.cs,True,Cascading Analysis
CheckCLIHotkey,129,ShareX-18.0.1/ShareX/ShareXCLIManager.cs,True,Cascading Analysis
GetLatestRelease,123,ShareX-18.0.1/ShareX.HelpersLib/UpdateChecker/GitHubUpdateChecker.cs,True,Cascading Analysis
Write,122,ShareX-18.0.1/ShareX.HelpersLib/Logger.cs,True,Cascading Analysis
WriteLine,127,ShareX-18.0.1/ShareX.HelpersLib/Logger.cs,True,Cascading Analysis
WriteLine,132,ShareX-18.0.1/ShareX.HelpersLib/Logger.cs,True,Cascading Analysis
WriteException,137,ShareX-18.0.1/ShareX.HelpersLib/Logger.cs,True,Cascading Analysis
WriteException,142,ShareX-18.0.1/ShareX.HelpersLib/Logger.cs,True,Cascading Analysis
ListEntryWithArgument,356,ShareX-18.0.1/ShareX.HelpersLib/NameParser/NameParser.cs,True,Cascading Analysis
ListEntryWithValues,364,ShareX-18.0.1/ShareX.HelpersLib/NameParser/NameParser.cs,True,Cascading Analysis
ListEntryWithValue,380,ShareX-18.0.1/ShareX.HelpersLib/NameParser/NameParser.cs,True,Cascading Analysis
CopyURL,246,ShareX-18.0.1/ShareX.HistoryLib/HistoryItemManager.cs,True,Cascading Analysis
CopyShortenedURL,265,ShareX-18.0.1/ShareX.HistoryLib/HistoryItemManager.cs,True,Cascading Analysis
CopyThumbnailURL,284,ShareX-18.0.1/ShareX.HistoryLib/HistoryItemManager.cs,True,Cascading Analysis
CopyDeletionURL,303,ShareX-18.0.1/ShareX.HistoryLib/HistoryItemManager.cs,True,Cascading Analysis
CopyFile,322,ShareX-18.0.1/ShareX.HistoryLib/HistoryItemManager.cs,True,Cascading Analysis
CopyHTMLLink,347,ShareX-18.0.1/ShareX.HistoryLib/HistoryItemManager.cs,True,Cascading Analysis
CopyHTMLImage,367,ShareX-18.0.1/ShareX.HistoryLib/HistoryItemManager.cs,True,Cascading Analysis
CopyHTMLLinkedImage,387,ShareX-18.0.1/ShareX.HistoryLib/HistoryItemManager.cs,True,Cascading Analysis
CopyForumLink,407,ShareX-18.0.1/ShareX.HistoryLib/HistoryItemManager.cs,True,Cascading Analysis
CopyForumImage,426,ShareX-18.0.1/ShareX.HistoryLib/HistoryItemManager.cs,True,Cascading Analysis
CopyForumLinkedImage,446,ShareX-18.0.1/ShareX.HistoryLib/HistoryItemManager.cs,True,Cascading Analysis
CopyMarkdownLink,466,ShareX-18.0.1/ShareX.HistoryLib/HistoryItemManager.cs,True,Cascading Analysis
CopyMarkdownImage,486,ShareX-18.0.1/ShareX.HistoryLib/HistoryItemManager.cs,True,Cascading Analysis
CopyMarkdownLinkedImage,506,ShareX-18.0.1/ShareX.HistoryLib/HistoryItemManager.cs,True,Cascading Analysis
CopyFilePath,526,ShareX-18.0.1/ShareX.HistoryLib/HistoryItemManager.cs,True,Cascading Analysis
CopyFileName,546,ShareX-18.0.1/ShareX.HistoryLib/HistoryItemManager.cs,True,Cascading Analysis
CopyFileNameWithExtension,566,ShareX-18.0.1/ShareX.HistoryLib/HistoryItemManager.cs,True,Cascading Analysis
CopyFolder,586,ShareX-18.0.1/ShareX.HistoryLib/HistoryItemManager.cs,True,Cascading Analysis
ToggleFavorite,606,ShareX-18.0.1/ShareX.HistoryLib/HistoryItemManager.cs,True,Cascading Analysis
PrepareArguments,497,ShareX-18.0.1/ShareX.UploadersLib/FileUploaders/SendSpace.cs,True,Cascading Analysis
CaptureRectangleNative,112,ShareX-18.0.1/ShareX.ScreenCaptureLib/Screenshot.cs,True,Cascading Analysis
Edit,67,ShareX-18.0.1/ShareX/Forms/QuickTaskMenuEditorForm.cs,True,Cascading + LLM (With Internal Calls)
SetEnumCheckedContextMenu,121,ShareX-18.0.1/ShareX/Controls/HotkeySelectionControl.cs,True,Cascading + LLM (With Internal Calls)
OAuth2Complete,851,ShareX-18.0.1/ShareX.UploadersLib/Forms/UploadersConfigFormHelper.cs,True,Cascading + LLM (With Internal Calls)
OAuth2Refresh,870,ShareX-18.0.1/ShareX.UploadersLib/Forms/UploadersConfigFormHelper.cs,True,Cascading + LLM (With Internal Calls)
CustomUploaderUpdateFolder,309,ShareX-18.0.1/ShareX.UploadersLib/Forms/CustomUploaderSettingsForm.cs,True,Cascading + LLM (With Internal Calls)
GetFileMetadataAsync,110,ShareX-18.0.1/ShareX/Tools/MetadataForm.cs,True,Cascading + LLM (With Internal Calls)
SplitImageAsync,80,ShareX-18.0.1/ShareX.MediaLib/Forms/ImageSplitterForm.cs,True,Cascading + LLM (With Internal Calls)
SetEnumCheckedContextMenu,598,ShareX-18.0.1/ShareX/Forms/TaskSettingsForm.cs,True,Cascading + LLM (With Internal Calls)
WriteElapsedMilliseconds,63,ShareX-18.0.1/ShareX.HelpersLib/DebugTimer.cs,True,Cascading + LLM (With Internal Calls)
WriteElapsedSeconds,68,ShareX-18.0.1/ShareX.HelpersLib/DebugTimer.cs,True,Cascading + LLM (With Internal Calls)
DrawInfoText,1123,ShareX-18.0.1/ShareX.ScreenCaptureLib/Forms/RegionCaptureForm.cs,True,Cascading + LLM (With Internal Calls)
DrawTail,220,ShareX-18.0.1/ShareX.ScreenCaptureLib/Shapes/Drawing/StepDrawingShape.cs,True,Cascading + LLM (With Internal Calls)
SelectSingle,151,ShareX-18.0.1/ShareX.HelpersLib/Controls/MyListView.cs,True,Cascading + LLM (With Internal Calls)
UseCommandLineArgs,46,ShareX-18.0.1/ShareX/ShareXCLIManager.cs,True,Cascading Analysis
Parse,45,ShareX-18.0.1/ShareX/UploadInfoParser.cs,False,Cascading Analysis
Capture,39,ShareX-18.0.1/ShareX/CaptureHelpers/CaptureBase.cs,False,Cascading Analysis
Capture,44,ShareX-18.0.1/ShareX/CaptureHelpers/CaptureBase.cs,False,Cascading Analysis
GetAlbums,189,ShareX-18.0.1/ShareX.UploadersLib/ImageUploaders/Imgur.cs,False,Cascading Analysis
GetAlbumsPage,215,ShareX-18.0.1/ShareX.UploadersLib/ImageUploaders/Imgur.cs,False,Cascading Analysis
GetAlbumImages,243,ShareX-18.0.1/ShareX.UploadersLib/ImageUploaders/Imgur.cs,False,Cascading Analysis
WorkThread,55,ShareX-18.0.1/ShareX.HelpersLib/ThreadWorker.cs,False,Cascading Analysis
OnCompleted,66,ShareX-18.0.1/ShareX.HelpersLib/ThreadWorker.cs,False,Cascading Analysis
AppendHistoryItem,71,ShareX-18.0.1/ShareX.HistoryLib/HistoryManager.cs,False,Cascading Analysis
AppendHistoryItems,76,ShareX-18.0.1/ShareX.HistoryLib/HistoryManager.cs,False,Cascading Analysis
FetchAPIKey,93,ShareX-18.0.1/ShareX.UploadersLib/FileUploaders/LobFile.cs,False,Cascading Analysis
ReadAllLines,67,ShareX-18.0.1/ShareX.HelpersLib/StringLineReader.cs,False,Cascading Analysis
SaveAsync,102,ShareX-18.0.1/ShareX.HelpersLib/Settings/SettingsBase.cs,False,Cascading Analysis
GetFiles,171,ShareX-18.0.1/ShareX.UploadersLib/FileUploaders/Box.cs,False,Cascading Analysis
GetFiles,176,ShareX-18.0.1/ShareX.UploadersLib/FileUploaders/Box.cs,False,Cascading Analysis
CreateSharedLink,195,ShareX-18.0.1/ShareX.UploadersLib/FileUploaders/Box.cs,False,Cascading Analysis
AddKeyDown,70,ShareX-18.0.1/ShareX.HelpersLib/Input/InputManager.cs,False,Cascading Analysis
AddKeyUp,75,ShareX-18.0.1/ShareX.HelpersLib/Input/InputManager.cs,False,Cascading Analysis
AddKeyPress,80,ShareX-18.0.1/ShareX.HelpersLib/Input/InputManager.cs,False,Cascading Analysis
AddKeyPressModifiers,86,ShareX-18.0.1/ShareX.HelpersLib/Input/InputManager.cs,False,Cascading Analysis
AddMouseDown,154,ShareX-18.0.1/ShareX.HelpersLib/Input/InputManager.cs,False,Cascading Analysis
AddMouseUp,159,ShareX-18.0.1/ShareX.HelpersLib/Input/InputManager.cs,False,Cascading Analysis
AddMouseClick,164,ShareX-18.0.1/ShareX.HelpersLib/Input/InputManager.cs,False,Cascading Analysis
AddMouseClick,170,ShareX-18.0.1/ShareX.HelpersLib/Input/InputManager.cs,False,Cascading Analysis
AddMouseClick,176,ShareX-18.0.1/ShareX.HelpersLib/Input/InputManager.cs,False,Cascading Analysis
AddMouseMove,193,ShareX-18.0.1/ShareX.HelpersLib/Input/InputManager.cs,False,Cascading Analysis
IsMousePressed,64,ShareX-18.0.1/ShareX.ScreenCaptureLib/Helpers/InputManager.cs,False,Cascading Analysis
IsMouseReleased,69,ShareX-18.0.1/ShareX.ScreenCaptureLib/Helpers/InputManager.cs,False,Cascading Analysis
AutoHandleFormState,66,ShareX-18.0.1/ShareX.HelpersLib/WindowState.cs,False,Cascading Analysis
BringToFront,192,ShareX-18.0.1/ShareX.HelpersLib/Native/WindowInfo.cs,False,Cascading Analysis
SetWindowPos,208,ShareX-18.0.1/ShareX.HelpersLib/Native/WindowInfo.cs,False,Cascading Analysis
SetWindowPos,213,ShareX-18.0.1/ShareX.HelpersLib/Native/WindowInfo.cs,False,Cascading Analysis
SetWindowPos,218,ShareX-18.0.1/ShareX.HelpersLib/Native/WindowInfo.cs,False,Cascading Analysis
GetParameter,158,ShareX-18.0.1/ShareX.HelpersLib/CLI/CLIManager.cs,False,Cascading Analysis
Draw,130,ShareX-18.0.1/ShareX.HelpersLib/Colors/GradientInfo.cs,False,Cascading Analysis
Draw,147,ShareX-18.0.1/ShareX.HelpersLib/Colors/GradientInfo.cs,False,Cascading Analysis
CreateGradientPreview,158,ShareX-18.0.1/ShareX.HelpersLib/Colors/GradientInfo.cs,False,Cascading Analysis
DrawCursor,124,ShareX-18.0.1/ShareX.HelpersLib/CursorData.cs,False,Cascading Analysis
DrawCursor,140,ShareX-18.0.1/ShareX.HelpersLib/CursorData.cs,False,Cascading Analysis
HandleKeyInput,150,ShareX-18.0.1/ShareX.HistoryLib/HistoryItemManager.cs,False,Cascading Analysis
Extract,47,ShareX-18.0.1/ShareX.HelpersLib/SevenZipManager.cs,False,Cascading Analysis
Extract,53,ShareX-18.0.1/ShareX.HelpersLib/SevenZipManager.cs,False,Cascading Analysis
Compress,60,ShareX-18.0.1/ShareX.HelpersLib/SevenZipManager.cs,False,Cascading Analysis
AuthLogin,322,ShareX-18.0.1/ShareX.UploadersLib/FileUploaders/SendSpace.cs,False,Cascading Analysis
AuthCheckSession,354,ShareX-18.0.1/ShareX.UploadersLib/FileUploaders/SendSpace.cs,False,Cascading Analysis
AuthLogout,386,ShareX-18.0.1/ShareX.UploadersLib/FileUploaders/SendSpace.cs,False,Cascading Analysis
Upload,502,ShareX-18.0.1/ShareX.UploadersLib/FileUploaders/SendSpace.cs,False,Cascading Analysis
UploadFile,32,ShareX-18.0.1/ShareX.UploadersLib/BaseUploaders/FileUploader.cs,False,Cascading Analysis
LoadGifPicture,55,ShareX-18.0.1/ShareX.HelpersLib/GIF/GifClass.cs,False,Cascading Analysis
OpenLink,52,ShareX-18.0.1/ShareX/Tools/OCR/ServiceLink.cs,False,Cascading Analysis
RunAsync,142,ShareX-18.0.1/ShareX.HelpersLib/ExternalProgram.cs,False,Cascading Analysis
CaptureFullscreen,53,ShareX-18.0.1/ShareX.ScreenCaptureLib/Screenshot.cs,False,Cascading Analysis
CaptureActiveWindow,98,ShareX-18.0.1/ShareX.ScreenCaptureLib/Screenshot.cs,False,Cascading Analysis
CaptureActiveMonitor,105,ShareX-18.0.1/ShareX.ScreenCaptureLib/Screenshot.cs,False,Cascading Analysis
CaptureActiveWindowTransparent,159,ShareX-18.0.1/ShareX.ScreenCaptureLib/Screenshot_Transparent.cs,False,Cascading Analysis
PushNote,154,ShareX-18.0.1/ShareX.UploadersLib/FileUploaders/Pushbullet.cs,False,Cascading Analysis
PushLink,159,ShareX-18.0.1/ShareX.UploadersLib/FileUploaders/Pushbullet.cs,False,Cascading Analysis
GetPreviewURL,307,ShareX-18.0.1/ShareX.UploadersLib/FileUploaders/AmazonS3.cs,False,Cascading Analysis
GetVisibleWindowsList,58,ShareX-18.0.1/ShareX.ScreenCaptureLib/Helpers/WindowsList.cs,False,Cascading Analysis
IsValidWindow,65,ShareX-18.0.1/ShareX.ScreenCaptureLib/Helpers/WindowsList.cs,False,Cascading Analysis
UploadImage,33,ShareX-18.0.1/ShareX.UploadersLib/BaseUploaders/ImageUploader.cs,False,Cascading Analysis
UploadTextFile,43,ShareX-18.0.1/ShareX.UploadersLib/BaseUploaders/TextUploader.cs,False,Cascading Analysis
SendRequest,99,ShareX-18.0.1/ShareX.UploadersLib/BaseUploaders/Uploader.cs,False,Cascading Analysis
SendRequest,104,ShareX-18.0.1/ShareX.UploadersLib/BaseUploaders/Uploader.cs,False,Cascading Analysis
SendRequest,113,ShareX-18.0.1/ShareX.UploadersLib/BaseUploaders/Uploader.cs,False,Cascading Analysis
SendRequestURLEncoded,126,ShareX-18.0.1/ShareX.UploadersLib/BaseUploaders/Uploader.cs,False,Cascading Analysis
SendRequestMultiPart,152,ShareX-18.0.1/ShareX.UploadersLib/BaseUploaders/Uploader.cs,False,Cascading Analysis
ProcessWebResponseText,512,ShareX-18.0.1/ShareX.UploadersLib/BaseUploaders/Uploader.cs,False,Cascading Analysis
GetAuthorizationURL,528,ShareX-18.0.1/ShareX.UploadersLib/BaseUploaders/Uploader.cs,False,Cascading Analysis
GetAccessToken,543,ShareX-18.0.1/ShareX.UploadersLib/BaseUploaders/Uploader.cs,False,Cascading Analysis
GetAccessTokenEx,548,ShareX-18.0.1/ShareX.UploadersLib/BaseUploaders/Uploader.cs,False,Cascading Analysis
GetFileName,129,ShareX-18.0.1/ShareX.UploadersLib/CustomUploader/CustomUploaderItem.cs,False,Cascading Analysis
GenerateStringToSign,139,ShareX-18.0.1/ShareX.UploadersLib/FileUploaders/AzureStorage.cs,False,Cascading Analysis
GetPreviewURL,210,ShareX-18.0.1/ShareX.UploadersLib/FileUploaders/AzureStorage.cs,False,Cascading Analysis
B2ApiAuthorize,263,ShareX-18.0.1/ShareX.UploadersLib/FileUploaders/BackblazeB2.cs,False,Cascading Analysis
B2ApiGetBucketId,289,ShareX-18.0.1/ShareX.UploadersLib/FileUploaders/BackblazeB2.cs,False,Cascading Analysis
B2ApiGetUploadUrl,350,ShareX-18.0.1/ShareX.UploadersLib/FileUploaders/BackblazeB2.cs,False,Cascading Analysis
B2ApiUploadFile,390,ShareX-18.0.1/ShareX.UploadersLib/FileUploaders/BackblazeB2.cs,False,Cascading Analysis
GetPublicURL,234,ShareX-18.0.1/ShareX.UploadersLib/FileUploaders/Copy.cs,False,Cascading Analysis
IsExists,269,ShareX-18.0.1/ShareX.UploadersLib/FileUploaders/Dropbox.cs,False,Cascading Analysis
Send,112,ShareX-18.0.1/ShareX.UploadersLib/FileUploaders/Email.cs,False,Cascading Analysis
GetPreviewURL,172,ShareX-18.0.1/ShareX.UploadersLib/FileUploaders/GoogleCloudStorage.cs,False,Cascading Analysis
EnsureSuccess,160,ShareX-18.0.1/ShareX.UploadersLib/FileUploaders/MediaFire.cs,False,Cascading Analysis
ShowMenu,38,ShareX-18.0.1/ShareX/QuickTaskMenu.cs,False,Cascading Analysis
CreateShareableLink,273,ShareX-18.0.1/ShareX.UploadersLib/FileUploaders/OneDrive.cs,False,Cascading Analysis
GetPathInfo,310,ShareX-18.0.1/ShareX.UploadersLib/FileUploaders/OneDrive.cs,False,Cascading Analysis
Login,78,ShareX-18.0.1/ShareX.UploadersLib/FileUploaders/Puush.cs,False,Cascading Analysis
SetBackColor,56,ShareX-18.0.1/ShareX/Tools/MonitorTestForm.cs,False,Cascading + LLM (With Internal Calls)
DrawBlackWhite,73,ShareX-18.0.1/ShareX/Tools/MonitorTestForm.cs,False,Cascading + LLM (With Internal Calls)
DrawRedGreenBlue,79,ShareX-18.0.1/ShareX/Tools/MonitorTestForm.cs,False,Cascading + LLM (With Internal Calls)
btnGradientColor1_ColorChanged,250,ShareX-18.0.1/ShareX/Tools/MonitorTestForm.cs,False,Cascading + LLM (With Internal Calls)
btnGradientColor2_ColorChanged,255,ShareX-18.0.1/ShareX/Tools/MonitorTestForm.cs,False,Cascading + LLM (With Internal Calls)
GetInvalidConfigResult,1044,ShareX-18.0.1/ShareX/WorkerTask.cs,False,Cascading + LLM (With Internal Calls)
ThreadCompleted,1132,ShareX-18.0.1/ShareX/WorkerTask.cs,False,Cascading + LLM (With Internal Calls)
AddEnumItems,475,ShareX-18.0.1/ShareX/Forms/MainForm.cs,False,Cascading + LLM (With Internal Calls)
RemoveTasks,1055,ShareX-18.0.1/ShareX/Forms/MainForm.cs,False,Cascading + LLM (With Internal Calls)
HandleHotkeysToggle,161,ShareX-18.0.1/ShareX/Forms/HotkeySettingsForm.cs,False,Cascading + LLM (With Internal Calls)
AddMultiEnumItemsContextMenu,52,ShareX-18.0.1/ShareX/Forms/QuickTaskInfoEditForm.cs,False,Cascading + LLM (With Internal Calls)
AddEnumItemsContextMenu,80,ShareX-18.0.1/ShareX/Controls/HotkeySelectionControl.cs,False,Cascading + LLM (With Internal Calls)
ScanScreen,162,ShareX-18.0.1/ShareX/Forms/QRCodeForm.cs,False,Cascading + LLM (With Internal Calls)
ScanRegion,185,ShareX-18.0.1/ShareX/Forms/QRCodeForm.cs,False,Cascading + LLM (With Internal Calls)
ScanFromImageFile,210,ShareX-18.0.1/ShareX/Forms/QRCodeForm.cs,False,Cascading + LLM (With Internal Calls)
LoadSettings,151,ShareX-18.0.1/ShareX.UploadersLib/Forms/UploadersConfigForm.cs,False,Cascading + LLM (With Internal Calls)
oauthFlickr_OpenButtonClicked,868,ShareX-18.0.1/ShareX.UploadersLib/Forms/UploadersConfigForm.cs,False,Cascading + LLM (With Internal Calls)
oauthFlickr_CompleteButtonClicked,873,ShareX-18.0.1/ShareX.UploadersLib/Forms/UploadersConfigForm.cs,False,Cascading + LLM (With Internal Calls)
eiFTP_ExportRequested,1428,ShareX-18.0.1/ShareX.UploadersLib/Forms/UploadersConfigForm.cs,False,Cascading + LLM (With Internal Calls)
eiFTP_ImportRequested,1433,ShareX-18.0.1/ShareX.UploadersLib/Forms/UploadersConfigForm.cs,False,Cascading + LLM (With Internal Calls)
FTPLoadSelectedAccount,497,ShareX-18.0.1/ShareX.UploadersLib/Forms/UploadersConfigFormHelper.cs,False,Cascading + LLM (With Internal Calls)
FTPClearFields,554,ShareX-18.0.1/ShareX.UploadersLib/Forms/UploadersConfigFormHelper.cs,False,Cascading + LLM (With Internal Calls)
CustomUploaderNew,137,ShareX-18.0.1/ShareX.UploadersLib/Forms/CustomUploaderSettingsForm.cs,False,Cascading + LLM (With Internal Calls)
CustomUploaderLoadSelected,152,ShareX-18.0.1/ShareX.UploadersLib/Forms/CustomUploaderSettingsForm.cs,False,Cascading + LLM (With Internal Calls)
CustomUploaderClearFields,274,ShareX-18.0.1/ShareX.UploadersLib/Forms/CustomUploaderSettingsForm.cs,False,Cascading + LLM (With Internal Calls)
eiCustomUploaders_ImportRequested,884,ShareX-18.0.1/ShareX.UploadersLib/Forms/CustomUploaderSettingsForm.cs,False,Cascading + LLM (With Internal Calls)
UpdateCursor,36,ShareX-18.0.1/ShareX.ScreenCaptureLib/Shapes/Drawing/CursorDrawingShape.cs,False,Cascading + LLM (With Internal Calls)
TimerCallback,76,ShareX-18.0.1/ShareX.HelpersLib/UpdateChecker/GitHubUpdateManager.cs,False,Cascading + LLM (With Internal Calls)
ImportImageEffectFile,126,ShareX-18.0.1/ShareX.ImageEffectsLib/Forms/ImageEffectsForm.cs,False,Cascading + LLM (With Internal Calls)
AddAllEffectsToContextMenu,148,ShareX-18.0.1/ShareX.ImageEffectsLib/Forms/ImageEffectsForm.cs,False,Cascading + LLM (With Internal Calls)
GetSelectedPreset,241,ShareX-18.0.1/ShareX.ImageEffectsLib/Forms/ImageEffectsForm.cs,False,Cascading + LLM (With Internal Calls)
AddPreset,260,ShareX-18.0.1/ShareX.ImageEffectsLib/Forms/ImageEffectsForm.cs,False,Cascading + LLM (With Internal Calls)
lvEffects_ItemMoved,676,ShareX-18.0.1/ShareX.ImageEffectsLib/Forms/ImageEffectsForm.cs,False,Cascading + LLM (With Internal Calls)
FillTreeView,131,ShareX-18.0.1/ShareX.HelpersLib/Controls/TabToTreeView.cs,False,Cascading + LLM (With Internal Calls)
AddFrame,69,ShareX-18.0.1/ShareX.HelpersLib/GIF/AnimatedGifCreator.cs,False,Cascading + LLM (With Internal Calls)
GetSelectedGradientStop,534,ShareX-18.0.1/ShareX.HelpersLib/Forms/GradientPickerForm.cs,False,Cascading + LLM (With Internal Calls)
SelectGradientStop,565,ShareX-18.0.1/ShareX.HelpersLib/Forms/GradientPickerForm.cs,False,Cascading + LLM (With Internal Calls)
cbtnCurrentColor_ColorChanged,628,ShareX-18.0.1/ShareX.HelpersLib/Forms/GradientPickerForm.cs,False,Cascading + LLM (With Internal Calls)
logger_MessageAdded,79,ShareX-18.0.1/ShareX.HelpersLib/Forms/DebugForm.cs,False,Cascading + LLM (With Internal Calls)
FileDownloader_FileSizeReceived,241,ShareX-18.0.1/ShareX.HelpersLib/UpdateChecker/DownloaderForm.cs,False,Cascading + LLM (With Internal Calls)
OnImportRequested,174,ShareX-18.0.1/ShareX.HelpersLib/Controls/ExportImportControl.cs,False,Cascading + LLM (With Internal Calls)
ImportJson,195,ShareX-18.0.1/ShareX.HelpersLib/Controls/ExportImportControl.cs,False,Cascading + LLM (With Internal Calls)
ImportFile,210,ShareX-18.0.1/ShareX.HelpersLib/Controls/ExportImportControl.cs,False,Cascading + LLM (With Internal Calls)
AddEnumItemsContextMenu,557,ShareX-18.0.1/ShareX/Forms/TaskSettingsForm.cs,False,Cascading + LLM (With Internal Calls)
AddMultiEnumItemsContextMenu,628,ShareX-18.0.1/ShareX/Forms/TaskSettingsForm.cs,False,Cascading + LLM (With Internal Calls)
AddEnumItems,671,ShareX-18.0.1/ShareX/Forms/TaskSettingsForm.cs,False,Cascading + LLM (With Internal Calls)
IsExist,66,ShareX-18.0.1/ShareX/WatchFolderManager.cs,False,Cascading + LLM (With Internal Calls)
UpdateWatchFolderState,122,ShareX-18.0.1/ShareX/WatchFolderManager.cs,False,Cascading + LLM (With Internal Calls)
MigrateFromJSON,212,ShareX-18.0.1/ShareX.HistoryLib/HistoryManagerSQLite.cs,False,Cascading + LLM (With Internal Calls)
ConcatenateVideos,277,ShareX-18.0.1/ShareX.MediaLib/FFmpegCLIManager.cs,False,Cascading + LLM (With Internal Calls)
btnShadowColor_ColorChanged,328,ShareX-18.0.1/ShareX.MediaLib/Forms/ImageBeautifierForm.cs,False,Cascading + LLM (With Internal Calls)
AddShape,1133,ShareX-18.0.1/ShareX.ScreenCaptureLib/Shapes/ShapeManager.cs,False,Cascading + LLM (With Internal Calls)
RenderOutputImage,1383,ShareX-18.0.1/ShareX.ScreenCaptureLib/Shapes/ShapeManager.cs,False,Cascading + LLM (With Internal Calls)
DeleteIntersectShape,1495,ShareX-18.0.1/ShareX.ScreenCaptureLib/Shapes/ShapeManager.cs,False,Cascading + LLM (With Internal Calls)
IsShapeIntersect,1557,ShareX-18.0.1/ShareX.ScreenCaptureLib/Shapes/ShapeManager.cs,False,Cascading + LLM (With Internal Calls)
MoveAll,1678,ShareX-18.0.1/ShareX.ScreenCaptureLib/Shapes/ShapeManager.cs,False,Cascading + LLM (With Internal Calls)
CreateMultiDirectory,197,ShareX-18.0.1/ShareX.UploadersLib/FileUploaders/SFTP.cs,False,Cascading + LLM (With Internal Calls)
DrawInfoText,1113,ShareX-18.0.1/ShareX.ScreenCaptureLib/Forms/RegionCaptureForm.cs,False,Cascading + LLM (With Internal Calls)
CreateCanvasMemento,72,ShareX-18.0.1/ShareX.ScreenCaptureLib/Helpers/ImageEditorHistory.cs,False,Cascading + LLM (With Internal Calls)
IsScrollReachedBottom,218,ShareX-18.0.1/ShareX.ScreenCaptureLib/ScrollingCaptureManager.cs,False,Cascading + LLM (With Internal Calls)
CombineImagesAsync,242,ShareX-18.0.1/ShareX.ScreenCaptureLib/ScrollingCaptureManager.cs,False,Cascading + LLM (With Internal Calls)
UpdateNodeShape,142,ShareX-18.0.1/ShareX.ScreenCaptureLib/Shapes/BaseShape.cs,False,Cascading + LLM (With Internal Calls)
Move,183,ShareX-18.0.1/ShareX.ScreenCaptureLib/Shapes/BaseShape.cs,False,Cascading + LLM (With Internal Calls)
MoveAbsolute,199,ShareX-18.0.1/ShareX.ScreenCaptureLib/Shapes/BaseShape.cs,False,Cascading + LLM (With Internal Calls)
UpdateSummaryAsync,79,ShareX-18.0.1/ShareX.UploadersLib/Forms/JiraUpload.cs,False,Cascading + LLM (With Internal Calls)
DrawText,81,ShareX-18.0.1/ShareX.ScreenCaptureLib/Shapes/Drawing/TextDrawingShape.cs,False,Cascading + LLM (With Internal Calls)
UpdateColor,208,ShareX-18.0.1/ShareX.HelpersLib/Forms/ColorPickerForm.cs,False,Cascading + LLM (With Internal Calls)
FillLastColumn,130,ShareX-18.0.1/ShareX.HelpersLib/Controls/MyListView.cs,False,Cascading + LLM (With Internal Calls)
UploadData,229,ShareX-18.0.1/ShareX.UploadersLib/FileUploaders/FTP.cs,False,Cascading + LLM (With Internal Calls)
UploadData,265,ShareX-18.0.1/ShareX.UploadersLib/FileUploaders/FTP.cs,False,Cascading + LLM (With Internal Calls)
UploadFile,273,ShareX-18.0.1/ShareX.UploadersLib/FileUploaders/FTP.cs,False,Cascading + LLM (With Internal Calls)
UploadImage,281,ShareX-18.0.1/ShareX.UploadersLib/FileUploaders/FTP.cs,False,Cascading + LLM (With Internal Calls)
UploadText,290,ShareX-18.0.1/ShareX.UploadersLib/FileUploaders/FTP.cs,False,Cascading + LLM (With Internal Calls)
UploadFiles,298,ShareX-18.0.1/ShareX.UploadersLib/FileUploaders/FTP.cs,False,Cascading + LLM (With Internal Calls)
DownloadFile,335,ShareX-18.0.1/ShareX.UploadersLib/FileUploaders/FTP.cs,False,Cascading + LLM (With Internal Calls)
DownloadFiles,343,ShareX-18.0.1/ShareX.UploadersLib/FileUploaders/FTP.cs,False,Cascading + LLM (With Internal Calls)
CreateMultiDirectory,403,ShareX-18.0.1/ShareX.UploadersLib/FileUploaders/FTP.cs,False,Cascading + LLM (With Internal Calls)
DeleteFiles,434,ShareX-18.0.1/ShareX.UploadersLib/FileUploaders/FTP.cs,False,Cascading + LLM (With Internal Calls)
TryLogin,85,ShareX-18.0.1/ShareX.UploadersLib/FileUploaders/Mega.cs,False,Cascading + LLM (With Internal Calls)
EiTheme_ImportRequested,554,ShareX-18.0.1/ShareX/Forms/ApplicationSettingsForm.cs,False,Cascading + LLM (With Internal Calls)
